match_type,wikidata_name,apify_name,wikidata_qid,wikidata_city,wikidata_country,apify_city,apify_country,apify_rating,distance_meters,wikidata_id,apify_id
location_only,"1 avenue Paul-Doumer","Benjamin Franklin Statue",Q113314795,"Paris","France","Paris","France",4.7,40,765d6ba6-ad5a-4913-af00-359e5438a741,26009be3-cc99-4b5f-9f6a-270fdc7762f7
exact_name,"1 Police Plaza","1 Police Plaza",Q4596012,"New York","United States","New York","United States",,80,5fb219cb-1f61-440a-bb01-64ec6787ec73,47509fcb-4490-4c2e-b29d-272dc367763c
similar_name,"10 Downing Street","10 Downing St",Q169101,"City of Westminster","United Kingdom","London","United Kingdom",,21,8ecb1fd0-1a65-4b5a-9c06-1b1531d47df2,d2263af1-7b09-4bb8-9964-55407a4b7f6c
location_only,"116 John Street","Wolf forest cafe",Q22329563,"New York","United States","New York","United States",4.7,40,0206bf07-07f2-4c31-9e42-8febbda604c4,3a606973-d98d-4623-85c1-7c96c8067b26
location_only,"1211 Avenue of the Americas","1221 6th Ave",Q2943880,"New York","United States","New York","United States",,125,33158400-8760-4d82-8b3a-95de8beeb6c2,3c63d34c-7342-41b2-9966-c50957c7a199
location_only,"122 East 23rd Street","Mishkin Gallery",Q40151610,"New York","United States","New York","United States",4.6,72,b8f38cf8-ca50-4590-a916-cabadbca1bf7,91eda3d9-d4a0-4269-b362-0ef8d03484e6
location_only,"122 Leadenhall Street","The Willis Building",Q2742547,"London","United Kingdom","London","United Kingdom",,131,d54107ab-e301-4bcf-bd88-20b9272cbb7b,56eb73dd-21bc-408b-b69f-8cbfb6af04d6
location_only,"1221 Avenue of the Americas","1221 6th Ave",Q172811,"New York","United States","New York","United States",,43,add3bccd-4082-4abe-8314-27146cbe1640,3c63d34c-7342-41b2-9966-c50957c7a199
location_only,"1270 Avenue of the Americas","Top of The Rock",Q101084958,"New York","United States","New York","United States",4.7,111,fb8e1da4-6a41-44a2-b6d2-01e1e8f6e8ee,10fac980-15be-4265-80cd-fca3238c23a0
location_only,"1717 East Ninth Building","Residences At 1717",Q4552487,"Cleveland","United States","Cleveland","United States",4.4,18,67207487-f8b5-438c-8966-103abbb98af1,93aee207-2ae5-45bd-990a-05b257ea717e
similar_name,"191 Peachtree Tower","Peachtree Tower",Q2746067,"Atlanta","United States","Atlanta","United States",,69,9ac334b5-1df6-4f47-8987-d72c45551e55,c5f70123-3c45-4a86-9199-aef3ad261bc8
similar_name,"2 World Trade Center","World Trade Center",Q1127212,"New York","United States","New York","United States",4.8,98,a5057d99-e806-4571-935b-20a62b02a89d,c2cff9c0-5eb4-4d48-a4a6-319c639d2ad6
location_only,"27 Wałowa Street in Gdańsk","Wałowa 27",Q112721886,"Gdańsk","Poland","Gdansk","Poland",,38,807f82af-38a1-4955-8b80-bf0edcf1e361,72a7e451-4b6a-49e2-a65c-5594ca5da784
location_only,"270 Park Avenue","JPMorgan Chase & Co.",Q1676687,"New York","United States","New York","United States",2.3,5,873ac5d0-0e72-454e-9fb2-9dc8f8e35db5,aaf65533-39fb-4611-b710-ec11e68ea73e
location_only,"3 Mickiewicza Street in Katowice","Adama Mickiewicza 7",Q9268837,"Katowice","Poland","Katowice","Poland",,92,a0f8b91a-c313-4f5d-84fb-a712ccdf0daf,cea93f9c-e2e5-481a-96b8-9c81d4127c0f
location_only,"3 World Trade Center","Lady M Cake Boutique - NY",Q941908,"New York","United States","New York","United States",3.9,81,7baa5a21-1c71-4ad6-a61f-dcc50f03b145,de7df0de-4214-4764-b926-ea07ee68b404
location_only,"30 Hudson Yards","Edge Observatory",Q15264266,"New York City","United States","New York","United States",4.6,63,f5d81337-0cf5-479b-b5fd-a72a2900efec,fe3360ab-c1a9-4abf-9a89-57eba90a194c
location_only,"30 Rockefeller Plaza","Top of The Rock",Q680614,"New York","United States","New York","United States",4.7,42,060fdd45-7e2f-4d7c-a6fe-9860f8166b2b,10fac980-15be-4265-80cd-fca3238c23a0
location_only,"333 South Wabash","333 S Wabash Ave",Q961346,"Chicago","United States","Chicago","United States",,35,62898e97-8339-48e6-b8ee-57234b865802,02682ff3-2ec7-4839-a6bb-8d8d89bc8b3b
similar_name,"4 Grafheuvels","Grafheuvels",Q17454797,"Wageningen","Netherlands","Wageningen","Netherlands",5,40,4d726b3a-13f9-4e04-ad4f-d46c782988ed,cb8e11be-db3a-40d5-8ba2-4436d43338e6
location_only,"4 World Trade Center","Lady M Cake Boutique - NY",Q2593897,"New York City","United States","New York","United States",3.9,53,ff967061-001f-4d14-81cd-3bfab243f918,de7df0de-4214-4764-b926-ea07ee68b404
location_only,"4 World Trade Center","Lady M Cake Boutique - NY",Q1351208,"New York","United States","New York","United States",3.9,20,d0a15f7a-df1d-49a0-89a8-0b892bc81a08,de7df0de-4214-4764-b926-ea07ee68b404
location_only,"40 Wall Street","SkyCafe on Wall Street",Q218305,"New York","United States","New York","United States",5,48,c5a452aa-51d6-4ff9-b11a-321fdf4e95a9,ebffa1f7-85bc-4941-aee3-58726c200dd9
location_only,"425 Park Avenue","BONSAII Tapas & Wine Bar",Q2631826,"New York","United States","New York","United States",4.8,102,0c6a553d-4b6d-4357-a1b6-bb3ae82e4f2a,cfb5b9ea-67bf-4698-97ad-7effeebf7324
similar_name,"432 Park Avenue","432 Park Avenue Condominiums",Q233940,"New York","United States","New York","United States",3.4,11,70f94da4-1d7a-41b7-9e67-328f309768a1,c45f2c03-4946-4d1b-b5e0-916061ca4c0b
location_only,"48 Wall Street","Conwell Coffee & Cocktail Hall",Q630074,"New York","United States","New York","United States",4.4,106,3e463b19-3e68-4e9e-a002-241d278f4f59,2f8df853-877d-4049-ae9d-a2a9f9a885bd
similar_name,"51 Astor Place","51 Astor Pl",Q29469890,"","United States","New York","United States",,29,7dc03878-fa9c-49a2-ac7c-293e56fae896,5e3c003e-4693-4810-98f0-4b9aa13456ff
location_only,"53W53","The Museum of Modern Art",Q2446907,"New York","United States","New York","United States",4.6,83,6227c6d4-dbbe-4fdb-8a99-3481313110d9,7613fe6f-9bb5-4308-bc2a-f55b0e82ef76
similar_name,"550 Madison Avenue","550 Madison Ave",Q1477826,"New York","United States","New York","United States",,15,63e5e7c6-da10-4632-9996-5d6f28485416,3be85763-f5f9-437e-885f-1d14c536c336
location_only,"56 Leonard Street","Frenchette Bakery",Q244358,"New York","United States","New York","United States",4.5,105,ff531b40-7c73-4d32-9528-f08551f567e5,93bcd652-7e04-4100-8a34-2858857bee01
similar_name,"580 California Street","580 California St",Q2817725,"San Francisco","United States","San Francisco","United States",,68,7328d5fd-213f-410f-8ad3-7b9a20cca134,bf5e4b9a-c800-4037-85f9-f68a0176c7cb
location_only,"60 Wall Street","Blue Park Kitchen Lower Manhattan",Q247887,"New York","United States","New York","United States",4.6,74,a2cfb720-2c8e-43b4-b3ba-1054237eb2b5,53d4070b-f9dd-4765-9c0d-22fcf40520e0
exact_name,"7 World Trade Center","7 World Trade Center",Q270066,"","","New York","United States",,47,a8d96a61-ae25-489d-a34d-25b8b352ca29,67e43046-c283-4fcb-ab65-b0771d4553eb
location_only,"70 Pine Street","Blue Park Kitchen Lower Manhattan",Q262041,"","","New York","United States",4.6,38,beee848a-884e-4f13-a840-bd246a4d14d0,53d4070b-f9dd-4765-9c0d-22fcf40520e0
location_only,"70 St Mary Axe","30 St Mary Axe",Q80201655,"London","United Kingdom","London","United Kingdom",,139,01d16429-5c67-4ba3-ab1a-aa745fe16adb,c24b259a-553e-4b8b-9892-1fd058aab043
location_only,"A. E. Larson Building","A.E. Larson Building",Q14713581,"Yakima","United States","Yakima","United States",4.7,82,7d57290a-03f3-4990-ad09-dccb3ab6aadb,f92c33c6-5355-4387-97f7-4ad4d15b4564
location_only,"A.M.V.J. building","Q-Park Byzantium",Q21707612,"Amsterdam","Netherlands","Amsterdam","Netherlands",2.9,113,c925343d-e01a-4a7a-aeee-5a130389c797,6933102e-1527-4f7d-a8d3-1a94502f3f51
similar_name,"Achiet-le-Grand Communal Cemetery","Achiet-le-Grand Communal Cemetery Extension",Q2168563,"Achiet-le-Grand","France","Achiet-le-Grand","France",,94,cef39c9e-4dfd-4a9a-9c8d-07682f64c1fd,da2c6b44-b411-4ccb-b0be-f63a919df3d9
location_only,"Achiet-le-Petit Communal Cemetery","Achiet Le Petit German Cemetery",Q2289520,"Achiet-le-Petit","France","Achiet-le-Petit","France",5,84,163a8995-262f-4c69-8545-385dd5097664,7b7ba95c-e581-400c-9168-e1f28a28fdac
location_only,"Ada Arts and Heritage Center","Ada Arts & Heritage Center",Q346270,"Ada","United States","Ada","United States",4.6,28,735ea64f-da25-4524-a650-553884c999ea,561694c7-8f03-4daf-b06c-66609804819f
location_only,"Adina Mosque","Adina Masjid",Q357320,"West Bengal","India","Pandua","India",4.3,13,74226f6f-f0c7-47ce-aa6c-7155ff117694,e403d75f-3b5a-4eac-b922-f3ad05b47331
location_only,"Administration Building, Treasure Island","Treasure Island Administration Building",Q4683413,"San Francisco","United States","San Francisco","United States",4.4,110,cf88e4e3-e4af-4116-a261-8c98cdc8cd11,34ecadb8-e07e-417a-ad9b-f09f3295f07e
similar_name,"Admiralty building in Saint Petersburg","Admiralty",Q359185,"Second Admiral Island","Russia","St Petersburg","Russia",4.8,14,d8f6bde1-6ab4-40ff-8d02-9cfa55c72671,31d387c6-a3b0-43d8-9711-cc03a7715477
location_only,"Adolfo Alsina town hall","Municipalidad de Adolfo Alsina",Q58864279,"Adolfo Alsina Partido","Argentina","Carhué","Argentina",4.6,10,846ffa23-aca4-4ecf-a53e-3ef33138a058,ac732764-982f-424c-8284-0e1df0b63e9c
location_only,"Adolfo Gonzales Chaves town hall","Municipalida de Adolfo Gonzales Chaves",Q58864200,"Adolfo Gonzales Chaves Partido","Argentina","Adolfo Gonzales Chaves","Argentina",4.2,23,290fb788-0be5-4756-83f3-f27e448f45ba,fb73e6b2-cbe8-475b-9704-f278950abe74
similar_name,"African Cemetery No. 2","African Cemetery No. 2, aka The Cemetery of the Union Benevolent Society No. 2",Q180624,"Lexington","United States","Lexington","United States",5,18,ca924a9f-b424-4d66-adba-496f44a094ce,0b5fe44a-480e-4665-a6e0-609b3ab92710
location_only,"Agape Centro Ecumenico","Agape International Ecumenical Center",Q3606344,"Prali","Italy","Prali","Italy",4.7,41,27172917-7ac9-4c98-94ad-8140f3b691b9,6ac93460-a75d-41e5-b168-349a79a0f5db
location_only,"Agenville Churchyard","Cimetière",Q2029134,"Agenville","France","Agenville","France",,24,319b77ff-ecb5-4390-b339-c26a091d89b4,e2a4a821-5681-486c-b3e2-cafc78099f60
location_only,"Agnez-les-Duisans Communal Cemetery","commonwealth war graves ww2 (agnez les duisans)",Q1913158,"Agnez-lès-Duisans","France","Agnez-lès-Duisans","France",,34,effa7604-3fd0-4052-ad26-c1547106d9cf,9bce2842-f0c3-41aa-bb94-7df931e00469
exact_name,"Ahavas Chesed Cemetery","Ahavas Chesed Cemetery",Q4695021,"Alabama","United States","Mobile","United States",,51,965a6787-f766-4d4c-a0a0-56705d75c3f0,7394f51f-4eac-4749-be4c-216d42393e4d
location_only,"Ahwahnee Hotel","The Ahwahnee",Q4696448,"Yosemite Village","United States","Yosemite Valley","United States",4.3,48,c38b55f3-d041-4783-bd08-25726ef69fea,3a515c8d-be77-45d0-ae27-f419468c8556
exact_name,"Ainola","Ainola",Q151782,"Järvenpää","Finland","Järvenpää","Finland",4.4,69,977e2f4e-7cdb-43e2-afbb-750bd364f2a0,af9e7ccc-8711-40d8-ae20-58117713d4ac
similar_name,"Akhisar Stadium","Spor Toto Akhisar Stadium",Q17508044,"Akhisar","Turkey","Akhisar","Turkey",4.6,11,e81776d2-0817-480c-90b9-cb3d188aaf6c,0e90e112-0193-4499-9998-f1ca1eccc11c
similar_name,"Al Bahr Towers","Al Hilal Bank, Al Bahr Towers",Q15707433,"Abu Dhabi","United Arab Emirates","Abu Dhabi","United Arab Emirates",4.6,58,db3ed3b2-62e0-481e-817a-8ca5e9e11582,80d7bb69-58a8-49ad-8e36-799ee8d4e373
location_only,"Al Faisaliah Centre","Al Faisaliah Tower",Q2303314,"Riyadh","Saudi Arabia","Riyadh","Saudi Arabia",4.6,18,dfe0ac44-a41c-43af-8b16-b559511c14c1,4248207a-9a82-43c8-b5c0-94817c80ea25
exact_name,"Al Hamra Tower","Al Hamra Tower",Q557933,"","","Kuwait City","Kuwait",,75,c05b5dec-737c-43df-adec-0436d86a0b49,a0fd6c2f-dc44-4804-be49-a9fc8c25a74e
location_only,"Al-Akbar Mosque","al-Akbar National Mosque Surabaya",Q13094984,"Surabaya","Indonesia","Surabaya","Indonesia",4.9,23,b2a0cdcc-06b3-485a-a2ac-a45e6aa1a610,a5d952d7-f94b-4985-9765-2e8fc950bd7f
location_only,"Al-Baqi'","Al Baqi Cemetery",Q154204,"Medina","Saudi Arabia","Madinah","Saudi Arabia",4.8,103,148ab088-9d64-4f6d-8a57-d06a90339897,a42f38a8-45af-4dc2-9caa-508d461ec50e
exact_name,"Alabama State Capitol","Alabama State Capitol",Q473393,"Alabama","United States","Montgomery","United States",4.6,54,2e542fb9-7193-492b-80d1-fb2b9f9d2d0e,820025c1-ae7f-446a-b46f-ed64056d36e5
exact_name,"Albanifriedhof","Albanifriedhof",Q2637231,"Göttingen","Germany","Göttingen","Germany",5,46,98f7280b-e3e4-4a25-82ad-c34127fe4745,0c23b884-dc11-4c36-a50a-d63bd5d58155
location_only,"Ale's Stones","Ales stenar",Q686510,"Ystad Municipality","Sweden","Löderup","Sweden",4.6,47,d773deaf-49fc-48eb-9e36-3eebdd8b39f0,8febeddc-cce8-476b-896f-f81d413e4ca0
similar_name,"Alexa","ALEXA Berlin",Q322847,"Bezirk Mitte","Germany","Berlin","Germany",4.3,129,f3619b21-2dd1-4c0f-80eb-6f6ffb8c5c27,bf88e87e-bbe9-4fc6-b496-db9b167573da
location_only,"Alexander K. McClure School","Alexander K. McClure Elementary School",Q4719270,"Philadelphia","United States","Philadelphia","United States",,30,98f1bbaa-f715-4758-9a5e-0d5fb8cff38d,b2e221a8-021c-4ed8-8f30-e878026ec015
exact_name,"Alexander Nevsky Cathedral","Alexander Nevsky Cathedral",Q568214,"","","Tallinn","Estonia",4.6,39,c592db0f-eab1-41ba-af71-42438163dabd,866e3b8d-8fc3-40ff-9718-1e378d2d1527
location_only,"Alexander Nevsky Cathedral, Paris","Cathedrale Saint Alexandre Nevsky",Q1493222,"Paris","France","Paris","France",4.7,12,eb917aee-dd41-4eb0-bad3-926aaa8bbc4c,6c687378-13a4-4058-bc7d-eb2b24a49f2b
location_only,"Alfonse M. D'Amato United States Courthouse","Alfonse M. D'Amato U.S. Courthouse",Q4721975,"Central Islip","United States","Central Islip","United States",4.4,43,4b0a91e5-56c7-4a3b-9f1d-45cc5c727dac,d7dc8e79-42e5-4a7f-b46c-6f3cd454dcdb
similar_name,"Alfred H. and Sarah Frahm House","Frahm House",Q64877757,"Fort Calhoun","United States","Fort Calhoun","United States",5,4,a4635048-f5e1-4714-996e-66dd2b6afd93,83bb7ea1-b9ce-4cd0-b765-bb2df0b781b5
similar_name,"Algemene Begraafplaats Meppelerstraatweg","Begraafplaats Meppelerstraatweg",Q2013113,"Zwolle","Netherlands","Zwolle","Netherlands",4.7,102,34a03184-2b1d-461f-85ec-b1033e1487e2,0070d436-e252-4285-be03-21c0f14031a2
similar_name,"Allerheiligenkirche, Graz","Allerheiligenkirche",Q2648545,"Graz","Austria","Graz","Austria",4.8,9,5fed0b87-27ed-4bd2-adb7-f8fec8438a1c,85d7cb81-5eea-450e-94d2-cb3ca959fc9a
location_only,"Allonville Communal Cemetery","commonwealth war graves ww1",Q2666049,"Allonville","France","Allonville","France",5,37,e2f06cd2-4ae2-41df-af33-96be44547154,8a0c8d85-ed93-44b4-8f85-9b3a101195e8
location_only,"Almudena Cathedral","Catedral de Santa María la Real de la Almudena",Q849711,"","","Madrid","Spain",4.6,16,affcac73-7902-4396-8ae5-682dcd59ec30,aaeabc23-5db0-4a6d-832c-dd7167a9e75d
location_only,"Altare della Patria","Monument to Victor Emmanuel II",Q506234,"Rome","Italy","Rome","Italy",4.8,16,d710bb3f-4bce-401f-ba80-f0dab91c486e,96bf794c-db2a-4313-a22c-462640e4667d
location_only,"Alte Synagoge","Holocaust Memorial (Shadow of former Synagogue)",Q436316,"Wiesbaden","Germany","Wiesbaden","Germany",4.4,7,19b3e973-11a9-4514-bede-bcaabb8c7cb3,a8fe4710-729f-4fc9-b49e-df1a358d8d27
location_only,"Alte Synagoge","ehemalige Synagoge Heilbronn",Q436308,"Heilbronn","Germany","Heilbronn","Germany",4,34,99497fbc-6e81-4814-9ade-09110760d7b3,08fdaf49-dbbf-4405-a306-d54bb4e6da92
exact_name,"Alter Annenfriedhof, Dresden","Alter Annenfriedhof, Dresden",Q437721,"Dresden","Germany","Dresden","Germany",4.2,84,9aed9afa-9f05-40c1-8746-457b7d114cce,5552ac36-a63e-4ecb-836f-bfd7a07f95e5
similar_name,"Alter Friedhof (Baiertal)","Alter Friedhof",Q437864,"Wiesloch","Germany","Wiesloch","Germany",,6,8008987a-7b67-4f1f-8bd8-5d86c4d80ac4,5fc821ed-2a8c-4cb0-8c67-e3b138cb07d2
similar_name,"Alter Friedhof (Dirmstein)","Alter Friedhof",Q437870,"Dirmstein","Germany","Dirmstein","Germany",2.5,29,2c3b6e20-aede-493d-a94c-3fc81327390f,bf4a3b8f-775e-4d91-87bc-64c1c272c36c
similar_name,"Alter Friedhof Herford","Alter Friedhof",Q437910,"Herford","Germany","Herford","Germany",5,23,af41795f-c461-4243-b9d0-f59321a2e9d8,8143f3a2-d5ae-4d65-b79f-bc0678d686eb
location_only,"Alter Friedhof Oberursel","Cemetery Oberursel (Old)",Q437916,"Oberursel (Taunus)","Germany","Oberursel","Germany",4.5,88,b66fa83b-3666-447d-b369-5a5195dd0771,2ac56f87-893e-4101-a389-97545ba4b97e
similar_name,"Alter Friedhof Segeroth","Friedhof Segeroth",Q437922,"Essen","Germany","Essen","Germany",4.6,51,f51f3632-5877-4822-8291-08c2d46cb62b,f06d16dd-b9e0-4876-9094-cb5539a837fd
location_only,"Alter Garnisonfriedhof Berlin","Yummy Vintage Boutique - Vintage Store",Q437929,"Bezirk Mitte","Germany","Berlin","Germany",4.9,130,42525cd2-0c89-400e-bf2d-339c10eddcb6,2eaef47e-ff0c-4032-aa2c-0c5dea8d976b
exact_name,"Alter Hammer Friedhof","Alter Hammer Friedhof",Q437953,"Hamburg-Mitte","Germany","Hamburg","Germany",4.6,42,e0c13c15-0e8d-4832-825c-4ad20ebaba75,5a630676-bbf1-469b-9e48-578c29aee2d5
location_only,"Alter Jüdischer Friedhof Eisenstadt","Eisenstadt Jewish Cemetery",Q437987,"Eisenstadt","Austria","Eisenstadt","Austria",5,22,01946811-416e-46a9-afba-a6255ad33400,94df648d-74ce-459b-afeb-c0b013fb06e9
similar_name,"Alter Katholischer Friedhof","Alter Katholischer Friedhof (Dresden)",Q317663,"Dresden","Germany","Dresden","Germany",4.8,73,cf1d3fec-8735-4dc6-bce5-8a9614131e46,9dd0c1f7-25f8-4171-8f3b-ceac61d9ef95
similar_name,"Alter St.-Matthäus-Kirchhof Berlin","Alter St.-Matthäus-Kirchhof",Q438183,"Tempelhof-Schöneberg","Germany","Berlin","Germany",4.6,53,7b9e6ab6-9074-423a-855e-94bf0b7203bd,1efc80c9-f43d-482a-af24-06044eefdb69
location_only,"Altmannsdorfer Friedhof","Altmannsdorf Cemetery",Q442555,"Meidling","Austria","Vienna","Austria",4.3,11,5c0c0fe7-782a-405d-acbe-e9587113e4d6,2ab1bc94-8086-4e53-8a5d-a52eaabf5a18
location_only,"Alto de São João Cemetery","Cemitério do Alto de São João",Q1053349,"Penha de França","Portugal","Lisbon","Portugal",4.5,134,aa5d89cc-01d9-4d8e-a01c-24eafd6d2c01,e50a3fa9-1a7f-405a-ac51-794061dea40e
exact_name,"Altria Theater","Altria Theater",Q6484803,"Richmond","United States","Richmond","United States",4.6,56,8080a2ee-0d45-4f0d-8956-dc827efbaa4e,cc3479d2-adc5-4502-afca-783372bc28bb
location_only,"Amalfi Cathedral","Cathedral of St Andrew Apostle",Q686306,"Amalfi","Italy","Amalfi","Italy",4.7,7,0e0512d2-7953-49d6-bd8a-17b81026cb3c,c4f68d7c-2536-4ffc-8caa-ec3367296d74
similar_name,"Amalienborg","Amalienborg Palace",Q211053,"Copenhagen Municipality","Denmark","Copenhagen","Denmark",4.5,35,37ff9f36-7f33-4741-afc6-2c8edcbed043,97548bb9-fb9b-4ddb-a580-bdc92613a59e
location_only,"Ambleteuse Communal Cemetery","Cimetière d'Ambleteuse",Q2190300,"Ambleteuse","France","Ambleteuse","France",,102,3e2d2c0d-71bd-414d-8577-babd2a37dcf2,f4d5c517-dc09-4f3d-b321-b5df436a361a
exact_name,"Amdavad ni Gufa","Amdavad Ni Gufa",Q1744232,"Ahmedabad","India","Ahmedabad","India",4.3,41,a0f9ed7f-590b-4d93-ba2a-e7e995babad9,a2b2d9c7-cfcf-44cf-b0e9-9cb07c521d21
similar_name,"Amherst West Cemetery","West Cemetery",Q4746056,"Amherst","United States","Amherst","United States",3.8,35,02fb87b6-799f-48db-aefd-369f78857446,59922c23-0b87-40b7-954a-ccd359b1907b
exact_name,"Amisos Hill","Amisos Hill",Q19610508,"Atakum district","Turkey","İlkadım","Turkey",4.3,73,67a43136-96a6-4545-b46a-add3fe41dfbc,f476738f-2a09-402e-9a9d-cc59ebb4c03e
location_only,"Amos G. Winter House","Hillholm Estate (former Inn on Winter's Hill)",Q25000246,"Kingfield","United States","Kingfield","United States",4.6,47,f6eca570-e0a1-4788-b040-dbaf7e8cf33b,ee2fd362-2c6b-4eac-858e-2ef139af8c71
location_only,"Amsterdam Central station","Amsterdam Centraal",Q50719,"Amsterdam","Netherlands","Amsterdam","Netherlands",4.4,23,0fe6797c-8e90-4cad-90ee-5f68fb7519f1,5f07e97d-a03b-42c5-811e-f654b180be8d
location_only,"ancien presbytère de Sainte-Monique-des-Saules","St. Monica's Church",Q134500872,"Quebec City","Canada","Québec City","Canada",4.5,37,4e658387-623d-4c02-841a-01b2e90dabab,4514165a-7e5b-4724-880a-c26736ee8574
exact_name,"Anderson–Frank House","Anderson–Frank House",Q4754011,"Tampa","United States","Tampa","United States",5,64,1e374fc1-d498-4391-8908-2770a427ef6c,c1cd59e8-31cf-448e-99ef-849fade1b0c7
exact_name,"Andersons Bay Cemetery","Andersons Bay Cemetery",Q4754247,"Dunedin City","New Zealand","Dunedin","New Zealand",4.1,43,c654888b-c713-4e64-ad2c-1a15613696d3,e51cb193-82e4-4da4-9dde-a00c1c006dff
location_only,"Ando Conference Pavilion","Vitra Conference Pavilion",Q54989344,"Weil am Rhein","Germany","Weil am Rhein","Germany",4.6,11,bebf2249-37e6-4220-9872-1ed5c25c6450,4f6ba849-7d27-42c6-82dc-7a701ab1b70b
exact_name,"Andrew Melville Hall","Andrew Melville Hall",Q4758008,"Fife","United Kingdom","Saint Andrews","United Kingdom",,64,97365fb1-22ba-480d-8a0b-e9c956404b7c,ef143205-a159-4b8d-be13-65dd1d68024c
similar_name,"Andrew Melville Hall, University of St Andrews, North Haugh","Andrew Melville Hall",Q17570697,"Fife","United Kingdom","Saint Andrews","United Kingdom",,58,809ae84a-c48b-4f7c-be9d-734bb790db84,ef143205-a159-4b8d-be13-65dd1d68024c
similar_name,"Andrieskerk, Amsterdam","Andrieskerk",Q20982460,"Amsterdam","Netherlands","Amsterdam","Netherlands",4.6,4,1eda9495-8ccb-45e4-a672-cbc33c824292,51711c52-b747-48da-88a3-4f2c42d287d2
location_only,"Anichkov Palace","Аничков лицей",Q187333,"Tsentralny District","Russia","St Petersburg","Russia",4.7,103,533082ca-7570-494d-8904-bd33221e720d,f8598255-68e3-4644-9000-3f67f2705f47
location_only,"Annappes Churchyard","Cimetière d'Annappes",Q2729226,"Annappes","France","Villeneuve-d'Ascq","France",4.1,29,6f6aab82-2734-42d0-9e3b-2de9e01d9cce,e49144fc-4b87-4de8-8135-6eaf916b7dc6
location_only,"Annœullin cemetery","Cimetiere d'Annœullin",Q2211805,"Annœullin","France","Annœullin","France",,25,923e400c-3576-421b-9f3d-fc5bec41453b,b53a40b2-6ca6-4842-a467-4d2491186963
location_only,"Anor Communal Cemetery","commonwealth war graves ww1",Q1944186,"Anor","France","Anor","France",,73,a53c1d12-e897-4397-826f-3e775c53d0d4,82229e8e-c35a-4dd5-a0fb-017575aaa302
location_only,"Anshei Sphard Beth El Emeth Congregation","Anshei Sphard - Beth El Emeth Congregation",Q4770669,"Tennessee","United States","Memphis","United States",5,23,c7e8588b-831b-45c4-ac3e-32dfb2c10584,076edf73-4b9e-44e6-9cc3-0e88b3ef37d5
exact_name,"Antakalnis Cemetery","Antakalnis Cemetery",Q1457300,"Vilnius City Municipality","Lithuania","Vilnius","Lithuania",5,121,7e8a8467-8caf-412c-bde7-547460eda1da,86088770-ee52-466a-a680-dd2cd4f91df1
similar_name,"Antic escorxador municipal","Antic escorxador municipal (Sant Feliu de Llobregat)",Q17587035,"Sant Feliu de Llobregat","Spain","Sant Feliu de Llobregat","Spain",4,5,bf9aecf2-6d1d-48c8-97dc-28563fa06b0b,fc51c6d6-32cf-4dd7-8ecb-f3dec0959f2e
location_only,"Antwerp-Central railway station","Antwerpen-Centraal station",Q800398,"Antwerp","Belgium","Antwerp","Belgium",4.6,103,96c5e8aa-22a0-4588-875b-595828193c0e,f1bcf985-ae78-44bd-bf9e-06fce2a295ff
location_only,"Anvin Churchyard","Église catholique Saint-Léger d'Anvin et son Cimetière",Q4461430,"Anvin","France","Anvin","France",5,29,f76e2264-9b24-49c0-ac05-de268ff169a6,2d539f75-d600-4057-b329-8c7e28860110
exact_name,"Anzeiger-Hochhaus","Anzeiger-Hochhaus",Q614321,"Mitte","Germany","Hanover","Germany",4.6,40,74d6f802-e653-4ebe-a7f9-104b357c7ee8,227c1f59-8ae4-4a7f-b32e-b7f28234d42e
location_only,"AON Hanoi Landmark Tower","Keangnam Landmark Tower 72",Q609140,"Mễ Trì","Vietnam","Hanoi","Vietnam",4.4,106,d8f3af00-c96e-40fb-b42d-5355f47d2cd6,cb3436eb-0b99-4025-8e84-cebbd45c013d
location_only,"Apartment house of Chirikov (Rostov-on-Don)","Apartment house Chirikov",Q16646137,"Budenovsky avenue in Rostov-on-Don","Russia","Rostov-on-Don","Russia",4.8,10,6877b375-d857-41f4-bf06-4495d7be8cbd,127dd88d-85c4-4c83-b116-8e87d820b4ba
location_only,"Apple Piazza Liberty","Apple Store Piazza Liberty",Q56328172,"Milan","Italy","Milan","Italy",4.4,10,e89fc14a-3597-49c9-abe2-3984ce348f17,2848197e-c3fc-47f9-9002-978efea552b2
similar_name,"Aqua","Aqua at Lakeshore East Apartments",Q622895,"Cook County","United States","Chicago","United States",4.7,9,62fcdfe3-ff8b-4f6a-9455-e5082cd8ab49,f521e925-d8c0-4448-9727-c2014f798358
location_only,"Archbasilica of St. John Lateran","Lateranense Palace",Q84090,"Rome","Italy","Rome","Italy",4.7,88,6ec8430e-68c1-491c-85d2-4dc6eea7d567,b98410be-70f1-4cbe-8f8d-7987cc701561
location_only,"Archcathedral Basilica of St. Stanislaus Kostka, Łódź","Bazylika Archikatedralna pw. św. Stanisława Kostki",Q1140861,"Katedralna","Poland","Łódź","Poland",4.7,13,6b2c3987-c0bb-4b3c-abd4-d1bffc5014db,ad8008e9-3012-4e57-ad4f-243025a51299
similar_name,"Ardennes American Cemetery and Memorial","Ardennes American Cemetery",Q638977,"Neupré","Belgium","Neupré","Belgium",4.9,7,a82953fe-686d-4145-810c-e05137c75aae,62306bf7-89b7-4547-8465-1406c1d8d983
location_only,"Arena Amazônia","Arena da Amazônia",Q641527,"","","Manaus","Brazil",4.7,23,2af3c215-8408-41b5-9527-c8a825944fc2,711df143-c013-4582-8c38-1dc8245d8261
location_only,"Arena AufSchalke","VELTINS-Arena",Q150961,"","","Gelsenkirchen","Germany",4.5,108,aeb49ed5-22fa-47a9-8fb8-20277f386516,68680d51-2713-475e-8990-f0f6802f6088
similar_name,"Arena Civica","Arena Civica Gianni Brera",Q1088761,"Milan","Italy","Milan","Italy",4.5,18,3244adc9-a2bf-4ada-be32-a63aca02180f,cb2c9042-69ce-481e-bde2-ec1dbdf18c12
exact_name,"Arena da Baixada","Arena da Baixada",Q606803,"","","Curitiba","Brazil",4.7,52,3538fc88-ad61-4bf4-a5d8-f6588ecc3819,bd701b31-7fcf-4aea-95d2-9bed228cbfad
exact_name,"Arena Lviv","Arena Lviv",Q215399,"","","Lviv","Ukraine",4.6,48,749fb81e-418d-4ad7-aa95-7e4f0378cd05,ea2b65b6-2d9d-4642-831b-70a8211cb185
location_only,"Argoules Communal Cemetery","commonwealth war grave ww2 (argoules)",Q2549487,"Argoules","France","Argoules","France",,42,5cf379a8-c69e-45d5-96fb-11606c48038c,ed619c1f-cf7b-44ba-8ec3-03e27b1e5ac2
location_only,"Arlington Town Hall","Robbins Memorial Town Hall",Q133154812,"Arlington","United States","Arlington","United States",3.8,4,ce1156c1-795b-466f-9dc9-cb054797fc92,655a5a0d-264f-41c5-aadc-941486d0327a
similar_name,"Armazéns Grandella","Antigos Armazéns Grandella",Q679969,"Santa Maria Maior","Portugal","Lisbon","Portugal",3.5,55,ba51300f-805b-4dda-ad9c-52e24c2fb1dd,05c6dd17-7200-48f4-93df-c2efba969383
similar_name,"Armenian cemetery in Hyderabad, India","Armenian cemetery",Q4793252,"Hyderabad","India","Hyderabad","India",4.5,20,1dc4a3d3-b557-4f57-9c54-3e0a1e13363e,7d1ad25f-f85a-4d8c-b545-dee21932db95
location_only,"Armenian Cemetery in Julfa","Armenian cemetary in Old Jugha",Q2471315,"Julfa","Azerbaijan","Babek","Azerbaijan",5,38,bc9ccb36-3425-43da-8aab-69c6b86a0a9b,c5cf3fd8-c036-4e30-904f-4d87f65a4d68
location_only,"Armenian Church of the Holy Nazareth","Armenian Church of Holy Nazareth",Q3585462,"Ward No. 45, Kolkata Municipal Corporation","India","Kolkata","India",4.2,77,3eebc575-08a7-49d5-bff9-6b0723bd03b9,1a731f2b-f7da-4b80-a9a1-17019aae3df3
location_only,"Arney's Mount Friends Meetinghouse and Burial Ground","Arneys Mount",Q4794742,"Springfield Township","United States","Springfield","United States",,101,eb0d09e0-e326-4f8c-8b36-5d0df50d5f1f,4e57f1c8-d72a-4af3-9604-fcfa503ee55b
location_only,"Arnold Burying Ground","Arnold Cemetery",Q4794987,"Rhode Island","United States","Newport","United States",4.5,5,bacf17f9-b02e-4763-aa2f-74582066af5f,94cabeab-4d03-4f71-aaf4-505450a0ec9d
location_only,"Arras Communal Cemetery","Cimetière d'Arras",Q2689827,"Arras","France","Saint-Sauveur-lez-Arras","France",4.2,34,3a7c06c8-5cc4-4be6-8474-5085e981c56e,06bbb885-583d-4026-82bf-83b41928c94b
location_only,"Arry Communal Cemetery","commonwealth war grave ww1",Q2216665,"Arry","France","Arry","France",,31,90ee4b4b-be09-45a1-a32d-d5dcc11f8af1,1755d249-a635-4fa6-8ab5-4e1c06f1d37f
location_only,"Arskoe cemetery","Арча зираты",Q4070070,"Waxitof City District","Russia","Kazan","Russia",4.3,73,53c6e385-7e40-4aba-9c88-b1573a25fbba,12582900-83a2-4c15-b4d4-cca17e4a5653
exact_name,"Arthur Street Cemetery","Arthur Street Cemetery",Q4800382,"Dunedin City","New Zealand","Dunedin City","New Zealand",,68,62860e64-8289-4faf-af1d-32d6bb6042fe,232c6e8c-fcec-4b8d-be46-f043ea6aefc6
location_only,"Artificial Mountain of Buen Retiro","Montaña Artificial",Q104248079,"Madrid","Spain","Madrid","Spain",4.1,17,c45d51c4-7b4f-4b50-9e3d-eb5967467aeb,1b752170-5728-432c-9c07-91dfeec5de4b
exact_name,"Ashmolean Museum","Ashmolean Museum",Q636400,"","","Oxford","United Kingdom",4.7,56,f7fa9684-5b1e-4cf0-900e-daa63b0ed843,a90478ff-c838-4bcf-8a49-f6d033f6a37f
location_only,"Asilo de Convalecientes, Madrid","Hijas De La Caridad",Q5708305,"Almagro","Spain","Madrid","Spain",4.6,22,415d2b02-0851-4baa-9fb8-7ab065729789,5dbabc0a-d811-4409-ab4c-f33c1009ec3a
location_only,"Aşiyan Asri Cemetery","Aşiyan Cemetery",Q4833524,"Beşiktaş","Turkey","Sarıyer","Turkey",4.6,49,264e8047-0ffc-4276-9897-87790a376756,da806b06-eaea-4e8d-b879-8b8659ffbe6b
similar_name,"Askold's Grave","St. Nicholas Church at Askold's grave",Q2994456,"Kyiv","Ukraine","Kyiv","Ukraine",4.7,15,930f7703-1809-4389-8a02-e754a386f384,d83f7f49-2a6d-4642-949f-afba6baa325a
exact_name,"AT&T Stadium","AT&T Stadium",Q838284,"","","Arlington","United States",4.7,69,0b077c85-4dd0-4f3a-b4c8-c52a7510aa59,342b61ba-697b-41d9-82b7-0f018d666201
location_only,"Ata-Beyit","Ata Beyit Memorial",Q20622014,"Süymönkul Çokmorov","Kyrgyzstan","Tash-Dobo","Kyrgyzstan",4.7,26,e0f1e292-48e9-4438-b813-948b7d2882b3,5291e1a3-b0fc-4f30-839d-2775ac46e428
similar_name,"Athenaeum","Athenaeum St",Q4813390,"Tennessee","United States","Columbia","United States",,70,526c7afb-6745-4ca1-a896-ead4b36796dc,0ec8e5a8-611d-4685-b232-e8fc9bb62b62
exact_name,"Atlantis House","Atlantis House",Q1589900,"Mitte","Germany","Bremen","Germany",3.7,38,c9aa7392-b752-424b-92ab-cf48c0a16e57,ccb7da4c-64f8-47f2-8477-7dc1e1360a8a
location_only,"Atocha-Cercanías","Madrid-Puerta de Atocha-Almudena Grandes",Q2842655,"Madrid","Spain","Madrid","Spain",4,117,f7560fdc-3095-44b1-b01a-aa241c56bae0,cf7e41fc-bca6-49b6-8572-1fc5cee2e72f
location_only,"Au-Friedhof","Aufriedhof Bad Säckingen",Q758357,"Bad Säckingen","Germany","Bad Säckingen","Germany",4.9,3,358f21cb-319b-43b7-b352-1a9357540dda,09da446e-04b1-41e1-9623-54f51a0841c0
exact_name,"Aubers Ridge British Cemetery","Aubers Ridge British Cemetery",Q658901,"Aubers","France","Aubers","France",5,46,bea51282-6a1b-42bc-8af5-9ff074fdea79,38392f9c-4e81-4186-85c4-f18bf02f6665
exact_name,"Aubigny-au-Bac Communal Cemetery","Aubigny-au-Bac Communal Cemetery",Q2219207,"Aubigny-au-Bac","France","Aubigny-au-Bac","France",,34,3610a10c-4a6d-4c07-b914-c9a5f25e9010,05bbbf5b-b9cb-410f-833b-4460b1ab8c1b
similar_name,"Auditorio de Tenerife","Auditorio de Tenerife Adán Martín",Q28964,"Santa Cruz de Tenerife","Spain","Santa Cruz de Tenerife","Spain",4.5,9,754b3f82-0da0-497e-aa41-64531220796d,372287c7-36b9-40ef-81bc-ce6f35c9e80a
similar_name,"Auditorium del Parco","Auditorium del Parco - Renzo Piano",Q3629510,"L'Aquila","Italy","L'Aquila","Italy",4.5,9,2670e037-d813-4d53-bc1e-1b4d36cb7c7e,b76ffba3-2bb5-4313-8ecf-149fab512f30
exact_name,"Auditorium Niccolò Paganini","Auditorium Niccolò Paganini",Q3629506,"Parma","Italy","Parma","Italy",4.6,48,90a580ec-cd88-4b1e-9941-eb9b0d77209f,2f4df023-4052-4c46-b43b-17c8217f0891
similar_name,"Audrey Jones Beck Building","Audrey Jones Beck Building at the Museum of Fine Arts, Houston",Q107317766,"Texas","United States","Houston","United States",4.8,33,fedbf189-7199-44d8-9093-c5187ab925df,00199ba2-164f-400f-8f44-17d53e98a8df
exact_name,"Auld Aisle Cemetery","Auld Aisle Cemetery",Q4821737,"East Dunbartonshire","United Kingdom","Glasgow","United Kingdom",4.5,77,ceaa91f8-bdf7-4de2-aafb-183c12b6649d,a0879bad-cf2f-491f-9255-a98b292d9f89
location_only,"Ausstellungsgebäude Sammlung Goetz","Goetz Collection",Q114496506,"","Germany","Munich","Germany",4.6,13,8012b8f0-31c5-4b15-ac12-58b02c09da6f,bb543b6b-0164-48a3-b459-f3337470c5c5
exact_name,"Austin City Hall","Austin City Hall",Q39070904,"Austin","United States","Austin","United States",3.9,34,0d1debd4-e0b6-4965-b80f-a6f34aabebf9,63afa807-7055-4b45-949c-13336fdd3010
exact_name,"Australian War Memorial","Australian War Memorial",Q782783,"Canberra","Australia","Campbell","Australia",4.8,47,06a3a680-0bab-4e74-8da1-9775e6a3584b,4618c4d1-c590-41db-bf2c-aefb35e1851e
similar_name,"Austrian Parliament Building","Austrian Parliament",Q702121,"Innere Stadt","Austria","Vienna","Austria",4.6,56,d926069b-95c0-4a2f-8cba-822eeab7578e,6cc63d66-7225-46be-b523-b1e21c1a4c70
location_only,"Austrian Postal Savings Bank","Österreichische Postsparkasse",Q877570,"Innere Stadt","Austria","Vienna","Austria",4.6,100,992c03f7-e922-4fdf-9349-fcf8f971774a,d9711227-a91a-4e76-ad07-a9c0b4edcfcf
exact_name,"Auteuil Cemetery","Auteuil Cemetery",Q2972508,"Paris","France","Paris","France",4.6,56,cee5223f-295d-4715-a3ab-ac17db33901b,d50cce7f-b08b-4012-a47e-4425de836b49
location_only,"Auto Posto Clube dos 500","Eletroposto Posto GRAAL 500",Q122751246,"Guaratinguetá","Brazil","Guaratinguetá","Brazil",4.1,138,7c97cb86-fac0-4d3d-a4e2-b69057588873,b19d3ada-66db-4777-9b06-aa7e33404386
location_only,"Avelin cemetery","Cimetière d'Avelin",Q1879063,"Avelin","France","Avelin","France",,36,c3892068-2969-4c90-abf3-b8d50a23b183,5b5e49c9-900a-42bb-a2ee-1071abdc5eca
exact_name,"Aviva Stadium","Aviva Stadium",Q244402,"","","Dublin 4","Ireland",4.6,41,a070151d-1de9-4faf-bd96-51a0a40c71ef,bacedf6a-5c2a-4ba7-8c48-12248e3ae82a
exact_name,"Awaji Yumebutai","Awaji Yumebutai",Q2960179,"Kobe","Japan","Awaji","Japan",4.1,80,4dc2916f-3d3d-4594-aa7e-fb07dc366ded,39a944d0-fb92-407a-8e99-75f971301a61
location_only,"Azabudai Hills Mori JP Tower","Sky Lobby",Q109703244,"Tokyo","Japan","Tokyo","Japan",3.8,33,eb440c41-3fd6-487b-a45c-8402f6622d6f,115523a7-1ebb-4f79-99ee-e2e44201660c
location_only,"Azerbaijan State Academic Opera and Ballet Theater","Azərbaycan Dövlət Akademik Opera və Balet Teatrı",Q48623,"Baku","Azerbaijan","Baku","Azerbaijan",4.6,13,a0b23fe0-92ef-47f2-ad89-cc60e64e3fcb,5e34d967-8fbc-415d-849f-d5378da0cfac
similar_name,"B'nai Israel Synagogue and Montefiore Cemetery","B'nai Israel Synagogue",Q4833617,"Grand Forks","United States","Grand Forks","United States",4.8,3,468b6c4a-9bc7-4309-8d33-523fcaacd543,3b063cb1-3fda-4d90-b6c5-d348c42a529d
location_only,"Bab al-Saghir Cemetery","Bab el Saghir Cemetery",Q96372940,"Damascus","Syria","Damascus","Syria",4.7,51,2c371870-c5a1-4a92-99a9-fb98e4062bc0,638be79f-e40b-4b0e-af54-2dd8fc947ac9
location_only,"Back Creek Presbyterian Church and Cemetery","Back Creek Presbyterian Church (PCA)",Q4839084,"North Carolina","United States","Mt Ulla","United States",4.9,17,309cd56e-3c1d-4777-aeea-2ba7ccab9b32,415242b1-3e10-45c1-a758-a9e98c272439
similar_name,"Bäckerbichl","Naturdenkmal Bäckerbichl",Q28732829,"Andechs","Germany","Andechs","Germany",4.5,43,fa365287-1962-4902-9a2a-282efffd6729,f5636283-d964-4ed9-9bf3-40350810005e
exact_name,"Bagsværd Church","Bagsværd Church",Q800141,"Gladsaxe Municipality","Denmark","Bagsværd","Denmark",4.4,52,566625d3-866e-499c-854d-796d2eb2adc0,d3d7ba44-320c-4cbc-8fa3-d13e316c7336
similar_name,"Bailly Cemetery","Indiana Dunes National Park Bailly Cemetery",Q4848474,"Indiana","United States","Porter","United States",4.8,97,e117992d-a685-46f1-a775-4049591b85d1,5ceeb494-139d-49c5-a8f6-db43eeccaafb
similar_name,"Bains-douches Castagnary","Bains-Douches",Q108783845,"Paris","France","Paris","France",4,8,bd368afa-4458-4600-ae12-9fecade950d5,13fcc985-e6fc-48fb-8d4e-1bcd499ae00f
exact_name,"Baitul Mukarram National Mosque","Baitul Mukarram National Mosque",Q804009,"Dhaka","Bangladesh","Dhaka","Bangladesh",4.7,60,83934a84-9270-4746-8a2e-ca6080cc2147,6fc76b7b-b89f-4c1c-8226-a68249af5d33
location_only,"Bajus Churchyard","commonwealth war grave ww1 (bajus)",Q4280809,"Bajus","France","Bajus","France",,5,0bf96f34-ed8e-4a89-961d-a98bb61ba178,8b299d14-b66c-46c3-9f85-b20140df41ba
similar_name,"Balham tube station","Balham",Q579345,"London Borough of Wandsworth","United Kingdom","London","United Kingdom",4.1,8,1c065f5f-d08a-4289-95df-71f63e0b6f84,553817cc-8a6c-4459-8764-d7b72de3ae79
exact_name,"Banchory Ternan East Church","Banchory Ternan East Church",Q4854062,"Banchory","United Kingdom","Banchory","United Kingdom",4.3,76,ef6e7808-a728-4f9a-8d06-1e5a1bd835f9,58bd77e1-d14b-4da5-8360-bbf9d6624b9f
exact_name,"Bancourt British Cemetery","Bancourt British Cemetery",Q2104852,"Bancourt","France","Bancourt","France",4.8,85,8f057ea9-7b23-4bb7-a532-fe6df5e57043,791e73a7-3ca5-4e50-aa03-2bd1381ba46f
location_only,"Bank Al Maghrib Building","Bank of Morocco",Q92067896,"Rabat","Morocco","Rabat","Morocco",4.4,63,47a2f392-bd56-4399-a360-98756927cb5c,6586567a-b8a4-453d-9a27-f33c6816a64e
location_only,"Bank of America Plaza","Bank of America Financial Center",Q806671,"California","United States","Los Angeles","United States",3.4,19,63dd1907-716b-4ce3-aadf-55800168c103,a7d0eb7b-9585-4767-9ed4-8ff7f88a0f7c
exact_name,"Bank of America Tower","Bank of America Tower",Q328505,"New York City","United States","New York","United States",,93,5e877d64-248c-49ab-a481-edf9d111ead5,ee012448-79e3-4d5f-8d8b-56b66ed2ff6f
similar_name,"Bank of Spain headquarters","Bank of Spain",Q4889526,"Cortes","Spain","Madrid","Spain",4.2,65,a7f15ddb-19fc-413d-9117-48a257d22d8a,f3c92a78-9b1a-44a7-b507-e0eae4e500eb
location_only,"Bankinter building","Bankinter, S.A. (domicilio social)",Q29016759,"Madrid","Spain","Madrid","Spain",1.8,44,6eb4f284-5170-4dea-8d47-f5a7c464a2b7,4c13a6d6-9be3-4a80-9804-ec8a64ba1785
similar_name,"Banski Dvor","Бански двор / Banski Dvor",Q2883493,"Banja Luka","Serbia","Banja Luka","Bosnia and Herzegovina",4.7,64,d12b58d7-4ff6-4c66-bbf6-399a2efe15c0,2e4db794-b515-4924-a585-4a17a2bfc793
location_only,"Baptistry San Giovanni","Battistero di San Giovanni",Q1278477,"Pisa","Italy","Pisa","Italy",4.6,9,504ed312-a640-4fa7-8dc0-25b3187bed60,e807f752-f4af-4a36-913a-e0293ae1789d
location_only,"Baranovskoe Central Cemetery","Baranovskoye Kladbishche",Q4504185,"Khostinsky City District","Russia","Bolshoy Sochi","Russia",3.7,136,b75f7cc3-84bb-4a22-9f60-f09efd88671e,1d5069a5-3806-4a6e-9d41-c7f2b749eb2c
exact_name,"Barbadoes Street Cemetery","Barbadoes Street Cemetery",Q4858585,"Christchurch City","New Zealand","Christchurch","New Zealand",4.4,127,7f6e105c-25b7-4319-9472-c2b2f1b493bd,7465a054-b5b6-4c0a-821a-b43f161239bc
location_only,"Barclay-Vesey Building","One World Observatory",Q1983213,"New York","United States","New York","United States",4.7,88,a299f49f-b176-4f7e-82c7-dbff20fd58b2,cf8a9bb7-81aa-49f0-a088-6c1ba1099396
location_only,"Bargello National Museum","Museo Nazionale del Bargello",Q388448,"","","Florence","Italy",4.7,0,93870f4a-9c88-42a3-9425-2ee6426d42e6,db6f86d5-41ba-40b9-b5fb-061e601f1dc4
exact_name,"Barnes Cemetery","Barnes Cemetery",Q4861515,"London Borough of Richmond upon Thames","United Kingdom","London","United Kingdom",4.6,44,b9ff32ac-72a8-4179-825b-d6929a83ee62,3724013f-f4ed-4220-a232-5b6d2c37bf91
similar_name,"Barnweill Church","Barnweill Church “Kirk in the Wood”",Q4862019,"South Ayrshire","United Kingdom","Kilmarnock","United Kingdom",,4,82d6cfbc-8ef0-428d-bcb1-a12175ec7466,3acfa568-6d98-46cc-a112-824401e909ae
location_only,"Barolo Palace","Palacio Barolo",Q571763,"Buenos Aires","Argentina","Buenos Aires","Argentina",4.6,4,59864445-4af8-4d80-a769-27fc7ffaf1d3,0e54836d-716d-4b58-8ed7-d291117a3c14
location_only,"Basilica and Expiatory Church of the Holy Family","Boulangerie - BO&MIE Barcelona",Q48435,"Sagrada Família","Spain","Barcelona","Spain",4.5,89,7d0c27d2-12ec-4d2e-8c53-7125a3dd128b,cc0bce5f-dbb1-4298-88aa-e15d1839066f
location_only,"Basílica Catedral Nuestra Señora de la Altagracia","Basilica Nuestra Señora De La Altagracia",Q4868422,"Higüey","Dominican Republic","Higuey","Dominican Republic",4.7,62,84873bf8-3ab4-4071-9d3c-a3c5c3de4866,98c5df3d-6468-4cc7-a7e4-79f7fb17c946
location_only,"Basilica di Santa Maria Maggiore","Papal Basilica of Saint Mary Major",Q186282,"Rome","Italy","Rome","Italy",4.8,25,e2079259-380c-4a95-b3f4-e8f1f10686dd,334d690b-d7d9-4ddb-9c2a-911b398225db
location_only,"Basilica in Eger","Cathedral Basilica of St. John the Apostle, Eger",Q735805,"Eger","Hungary","Eger","Hungary",4.8,57,d8259e6f-83a4-4e87-92c0-2783ccf5cc0a,d381e89d-fabb-4220-bf76-2af8933668be
location_only,"Basilica of Candelaria","Basilica of Our Lady of Candelaria",Q34485,"Candelaria","Spain","Candelaria","Spain",4.7,40,463f4cf5-21db-49f3-926f-0938e2d9d3aa,8da932a6-8c2b-432b-a525-7f31b4bd51fc
location_only,"Basilica of Jesus de Medinaceli","Basílica de Jesús de Medinaceli",Q4867355,"Madrid","Spain","Madrid","Spain",4.7,34,bb464e02-c7a8-46f1-86c5-b9097a374e1b,f3786ce2-872e-4b54-b545-c035258d8d9e
similar_name,"Basilica of Our Lady of Peace of Yamoussoukro","The Basilica of Our Lady of Peace of Yamoussoukro",Q815584,"","","Yamoussoukro","Ivory Coast",4.6,60,4636a8da-8c8e-4b4f-a5cf-b7d21af5ce73,29ee6c62-4e08-4c76-bf68-0f5aa89d5080
location_only,"Basilica of Saint-Denis","Basilique Cathédrale Saint-Denis",Q184407,"Saint-Denis","France","Saint-Denis","France",4.6,69,a16bc568-e41b-45ed-b26e-77f859508add,c4a36d0e-f84c-4017-80b2-329d45f4a8b6
location_only,"Basilica of Sainte-Anne-de-Beaupré","Sanctuaire Sainte-Anne-de-Beaupré",Q810148,"Sainte-Anne-de-Beaupré","Canada","Sainte-Anne-de-Beaupré","Canada",4.8,24,0ec676ff-322e-421f-baa9-53a471bc7fa9,73a96950-64e3-4ac2-9d22-099661d627f7
location_only,"Basilica of San Francesco d'Assisi","Papal Basilica and Sacred Convent of Saint Francis in Assisi",Q207486,"Assisi","Italy","Assisi","Italy",4.9,48,58ded7bb-e939-4f5e-8c4c-405c9526c27e,9a593761-59dc-4fee-868a-ac9582442d81
location_only,"Basilica of Sant'Eustorgio","sweetburger - Navigli",Q672082,"Milan","Italy","Milan","Italy",4.6,121,459ca0ce-47b8-4675-ab64-e246bf9ae9df,5a39b629-028a-4224-b676-875dd44eea0a
similar_name,"Basilica of Santa Croce","Basilica of Santa Croce in Florence",Q51177,"Florence","Italy","Florence","Italy",4.8,54,10bc1109-083a-42ff-b63f-3325f5e0da31,4c564391-1a04-4ac3-a24e-d365f94f2d04
exact_name,"Basilica of Santa Maria Novella","Basilica of Santa Maria Novella",Q51175,"Florence","Italy","Florence","Italy",4.7,37,37c31a1e-8e7d-46fa-93ef-fae730612a61,314044c7-9981-40d4-9512-a2a07faf5db5
exact_name,"Basilica of St. Pius X","Basilica of St. Pius X",Q810101,"Lourdes","France","Lourdes","France",4.8,104,5b650df4-9106-437c-bfa1-4b5f654b2ec3,f2349fb1-feed-4510-afc8-cf27bf1f96dd
location_only,"Basilica of St. Vincent de Paul","Galería Gaudí",Q16746780,"Madrid","Spain","Madrid","Spain",4.4,93,fa93469b-6847-4b02-a5ca-70671b8a8a6c,f954c308-1af0-45f9-b930-3a1281f25603
location_only,"Basilica of St. Vitus, Mönchengladbach","Mönchengladbach Münster St. Vitus",Q896842,"Mönchengladbach","Germany","M. Gladbach","Germany",4.6,15,a4f036c4-d7f5-47c5-b893-3116f6cf252f,87c08080-aa99-4d50-aeec-c8684f11e397
exact_name,"Basilica of Superga","Basilica of Superga",Q1145261,"Turin","Italy","Turin","Italy",4.7,40,0adb8624-7afe-40bc-af84-4f52d1c3392d,2c42c456-db15-479d-8ab1-d9a2cf90e823
location_only,"Basilica Palladiana","Palladian Basilica",Q284719,"Vicenza","Italy","Vicenza","Italy",4.7,37,8bbed6aa-63cc-42dc-b36d-9f4b26018002,1dab6c36-5861-4819-b3e5-7020875f1350
location_only,"Basilika of St. Ludmila","Bazilika sv. Ludmily",Q632057,"Prague 2","Czech Republic","Vinohrady","Czech Republic",4.8,49,c9088782-57ff-4081-aaba-52990ef01945,b276faad-aa80-43a9-9218-de49dc60b81a
exact_name,"Batalha Monastery","Batalha Monastery",Q174779,"Batalha","Portugal","Batalha","Portugal",4.7,63,d4c1b0e9-2357-43e7-aa18-c4a5fb0a0c3a,ae7ddde5-4413-44c0-9bd4-b12f1eb3109c
exact_name,"Bath National Cemetery","Bath National Cemetery",Q4868933,"Bath","United States","Bath","United States",4.9,68,a95af97d-313d-463c-9fab-c75b5fd97f85,8c2ac035-1362-415f-a43f-31e064738995
location_only,"Batignolles Cemetery","Cimetière des Batignolles",Q2655037,"Paris","France","Paris","France",4,33,53719090-9436-49a6-b4a9-2c5a5d03cdbf,65a18c06-b5a1-4ad9-a278-40338211139e
location_only,"Baumgartner Friedhof","Friedhof Baumgarten",Q811564,"Penzing","Austria","Vienna","Austria",4.5,73,18c2b3e3-3787-42fc-9a0b-733e67540ec2,142cd22f-a6a9-4015-891b-013e4424b0d9
location_only,"Bavelincourt Communal Cemetery","Bavelincourt Cimetière communal",Q2229644,"Bavelincourt","France","Bavelincourt","France",3,12,1f6b16a1-0b80-4f98-8bd9-9031e8560f94,276561ee-1c9f-437d-8ce7-3da33bc55956
location_only,"Bavinchove churchyard","Église Saint-Omer de Bavinchove",Q2003271,"Bavinchove","France","Bavinchove","France",4.2,66,f360443f-2bac-4d4c-b821-491fc7291eb6,19050fab-4d1f-4cc3-99e7-0de6a66a8d4f
location_only,"Bayenghem-lès-Seninghem churchyard","Église catholique Saint-Martin à Bayenghem-lès-Seninghem et son Cimetière",Q2034903,"Bayenghem-lès-Seninghem","France","Bayenghem-lès-Seninghem","France",,10,89156c73-eb7d-4264-a995-5ffa84ac4d40,29a4fc98-2a2f-43d3-b756-92598c8db0ab
location_only,"Bayside Acacia Cemetery, Queens","Bayside Cemetery",Q4874823,"New York","United States","Ozone Park","United States",4.3,131,faaa8ff6-751d-44ae-b5c5-cfb4037f309c,bef77400-1b54-413c-ab33-eda8b7cb16a6
location_only,"Bazinghen Churchyard","Cimetière de Bazinghen",Q1989707,"Bazinghen","France","Bazinghen","France",4.5,21,e0767b12-5e36-4776-927e-ddfe5f276c1c,b8cc1c6f-1d0f-4efa-a8e1-799c1e794136
exact_name,"Beechwood Cemetery","Beechwood Cemetery",Q4879684,"Durham","United States","Durham","United States",2.8,49,caab81f7-d460-4093-8fe6-7316c9f85e65,c6e1d827-cd56-4b58-8caf-db873327bc34
location_only,"Begraafplaats Buitenveldert","Roman-Catholic Cemetery Buitenveldert",Q1909508,"Amsterdam","Netherlands","Amsterdam","Netherlands",4.2,20,62a2d638-5264-486d-93c5-e1c41a10d902,ca51c4cc-c592-4ec2-9fc7-f4aaaecbaefc
location_only,"Begraafplaats Groenesteeg","Cemetery Groenesteeg",Q2031209,"Leiden","Netherlands","Leiden","Netherlands",4.8,13,07f01920-d193-4f97-9e3a-74ab8dd4bbdd,58414d75-04cc-4ccc-bbc6-b12a1fcf773b
location_only,"Begraafplaats Oostergaarde","Harderwijk General Cemetery",Q2259861,"Harderwijk","Netherlands","Harderwijk","Netherlands",4.9,23,43e6fbeb-a80e-452d-8041-04a5c9d09a49,d53a6943-977e-4e3d-8f97-f9084c0a8908
location_only,"Begraafplaats Sint Barbara Amsterdam","St Barbara Cemetery",Q2313026,"Amsterdam","Netherlands","Amsterdam","Netherlands",4.5,81,dd828763-1fc3-434c-9347-ef6947c498fe,5913fa1b-97bc-493d-bc0d-3a0b7bc5954c
similar_name,"Beijing National Stadium","National Stadium",Q133525,"Aoyuncun Subdistrict","China","Chaoyang","China",4.5,26,7f7f3a7a-ed6c-40ee-8590-3214e50af899,363b62ab-3b20-48ec-b4f7-7ae25b404a5a
exact_name,"Belgian Military Cemetery Keiem","Belgian Military Cemetery Keiem",Q1982052,"Diksmuide","Belgium","Diksmuide","Belgium",4.4,66,eff071b6-efa4-4813-8d0d-909ffa46f47d,ab28708a-330a-478c-8959-ab0adc805308
location_only,"Bell's Hill Burial Ground","Bells Hill Burial Ground",Q4883064,"London Borough of Barnet","United Kingdom","Barnet","United Kingdom",3.3,70,a785776d-c872-4efe-84df-5fd5fa58a4a7,e809c490-6d9b-4dc6-a20b-13f4818a587b
exact_name,"Belleville Cemetery","Belleville Cemetery",Q4883852,"Belleville","Canada","Belleville","Canada",2.9,89,ba68754f-772d-41a0-a557-3df83fba14b0,dc298ae2-db9b-49c3-b34d-60ca670a85bb
exact_name,"Bellevue Palace","Bellevue Palace",Q317091,"Bezirk Mitte","Germany","Berlin","Germany",4.5,61,29d0037b-40d7-43eb-a37b-e87a54dc01ec,a6d44280-ff64-4414-8bfc-10e62804b754
similar_name,"Belvedere","Belvedere-Schlossgarten",Q211818,"Landstraße","Austria","Vienna","Austria",4.7,98,9483d2a7-b39f-4696-9069-a06bcfc787f3,4573ca36-d135-4c03-a131-5de2d58482e2
location_only,"Belvedere on the Pfingstberg","Belvedere Castle on the Pfingstberg",Q454078,"Nördliche Vorstädte","Germany","Potsdam","Germany",4.6,28,e38b7c0b-67bc-44ee-aa92-8cc5e01d4695,a0d8313c-d08a-4122-b457-092166896758
similar_name,"Belview","Residentie Belview",Q113841280,"City of Brussels","Belgium","Brussels","Belgium",,5,21bdb06d-2e57-43c9-a4c7-b68173a8369f,6b0f3dc4-c90c-4533-96ea-8f29a2d96a70
similar_name,"Belweder","Belweder Palace",Q645474,"Śródmieście","Poland","Warsaw","Poland",4.6,18,b0d3d819-2a86-4bdf-bcaa-af1680fc8ca6,aa29497c-20f9-4359-b476-4803039bfd2c
exact_name,"Beneckeallee 32","Beneckeallee 32",Q101576170,"Nord","Germany","Hannover","Germany",,49,4993cd6f-a8c7-4da8-9efc-1d1ac1602e72,c838658d-c279-4632-b9fe-9144693643d5
similar_name,"Benesse House","Benesse House Museum",Q11337013,"Naoshima","Japan","Naoshima","Japan",4.3,25,7377d1e2-2e34-4606-99f2-6d219ea77e66,6caa2c65-ea13-46ca-879e-ea80d6b88852
location_only,"Beni Hasan","Tombs Of Beni Hassan",Q817286,"Minya Governorate","Egypt","Abu Qirqas","Egypt",4.4,42,e859cbfd-c6b1-4961-bbbc-e1cd54776f91,b1e2e952-00c7-4fe5-9eba-ca99ab2e9703
location_only,"Bennington Street Burying Ground","Bennington Street Cemetery",Q4889885,"Boston","United States","Boston","United States",,21,28899552-60c8-4640-8b9d-4f70a7d45d63,30a6b535-8cd3-4b21-9dc9-20946b853588
location_only,"Benrath Palace","Schloss Benrath",Q455965,"Benrath","Germany","Düsseldorf","Germany",4.5,2,a8343de1-ac20-497c-ae0e-bc554c2b27f8,a6d67b90-ffa7-428e-a9c8-3777d50c4e11
exact_name,"Bergen Crest Mausoleum","Bergen Crest Mausoleum",Q4891512,"New Jersey","United States","North Bergen","United States",3.1,46,d3443803-9d85-44b7-8308-7ecff2016de1,b9c2adb2-ddae-411a-bd8a-dce13057aba2
similar_name,"Berlin Humboldthain station","Humboldthain",Q481276,"Bezirk Mitte","Germany","Berlin","Germany",3.9,125,4b8c2848-a842-43cf-917e-0349839655c7,d59836cc-7706-4f2d-88e1-d5777942bacb
location_only,"Berlin Mosque","Berliner Moschee",Q238528,"Charlottenburg-Wilmersdorf","Germany","Berlin","Germany",4.3,12,db1d7f8e-bdf7-48f9-ae56-0fe123bc59ed,53742d53-5c72-4230-bb9d-d28c631076e6
similar_name,"Berlin Nordbahnhof","Nordbahnhof",Q673721,"Bezirk Mitte","Germany","Berlin","Germany",4,102,c14ba646-f0f5-49d3-a2f4-f7a4b48bec16,ddffcab4-67c9-4833-b9ba-a2285e4553b4
location_only,"Berlin-Tegel Russian Orthodox Cemetery","Russisch-Orthodoxer Friedhof",Q320354,"Reinickendorf","Germany","Berlin","Germany",4.9,6,ce054fb1-bce3-462c-b982-bb8af9b73da0,00df41a4-ec9c-4406-ab22-035d456b6184
similar_name,"Bertenacre Military Cemetery","Bertenacre Military Cemetery, Fletre",Q3492254,"Flêtre","France","Godewaersvelde","France",4.7,34,57da0b0f-d56c-47f4-afd5-42decd3ff513,af400cd5-23e9-4509-a044-4cddc5c5fa0b
exact_name,"Bertry Communal Cemetery","Bertry Communal Cemetery",Q5176742,"Bertry","France","Bertry","France",,44,b0b7214f-cc8a-486e-8ac0-35771e3d0319,e4574a5a-aa00-47d6-ad69-c72878cc13cc
location_only,"Berwald Hall","SR Berwaldhallen",Q829222,"Stockholm","Sweden","Stockholm","Sweden",4.6,39,9dad4254-7a4b-45a5-8b0c-19145bf20ff8,d290ed09-bdb8-4739-8a14-845eb1936d3e
location_only,"Besançon Cathedral","Cathédrale Saint-Jean de Besançon",Q1586486,"Besançon","France","Besançon","France",4.5,21,8fd8f63e-11c7-4f96-8314-29c44beab459,1bfddc6c-d37a-407d-bf0f-14fa260f2085
exact_name,"Bethencourt Communal Cemetery","Bethencourt Communal Cemetery",Q2232864,"Béthencourt","France","Béthencourt","France",4.7,44,e9a91553-b144-4d13-ab03-ee9a0eacb9f9,979a0d58-1376-46dd-9c3e-87a5927eaa0a
exact_name,"Beverly National Cemetery","Beverly National Cemetery",Q4899599,"Edgewater Park Township","United States","Beverly","United States",4.6,95,a1ab995f-6953-4324-a030-d507d0039770,21d2ea7b-3fdd-400f-8735-2eb53753a91b
location_only,"Beyeler Foundation","Fondation Beyeler",Q673833,"Riehen","Switzerland","Riehen","Switzerland",4.6,12,fd2abb3d-c889-407b-a04b-d4f5e69b7383,9a98994e-b112-4bf6-95b9-25b0d34810e9
location_only,"Biblioteca Joaquín Leguina building","Biblioteca Regional Joaquín Leguina",Q29917723,"Madrid","Spain","Madrid","Spain",3.4,70,3e5e7710-b859-4fef-9c1d-bec98607cc1d,67eeba4b-5408-403d-b068-094aa2dac907
location_only,"Biblioteca Municipal de Viana do Castelo","Municipal Library of Viana do Castelo",Q17318051,"Viana do Castelo","Portugal","Viana do Castelo","Portugal",4.7,2,6f71a293-2835-4401-9301-e72b0d57bc68,eccf19bb-0887-400d-baf6-d284e479816d
exact_name,"Bidezabal","Bidezabal",Q3497389,"Getxo","Spain","Getxo","Spain",4.1,71,0ab6c8d7-46a6-48e5-867a-46b47a62cf6f,54383717-2c48-4ee1-93c8-865ceacc03a0
location_only,"Bihucourt Communal Cemetery","cimetière de Bihucourt",Q2108561,"Bihucourt","France","Bihucourt","France",,10,7791af80-79ea-4cb5-a09b-fdc1f221e829,bcae228a-8174-4517-b458-ff36d21b4968
similar_name,"Bilbao British Cemetery","British Cemetery",Q4907602,"Bilbao","Spain","Loiu","Spain",4.1,70,d5a59ebe-4c6a-48c6-a0f7-47cc7ffc5f6b,676751b3-29ab-484b-a080-05c5be05de97
location_only,"Billy-Berclau Communal Cemetery","Begraafplaats van Berclau",Q2545185,"Billy-Berclau","France","Billy-Berclau","France",,81,98978588-0220-45d8-affe-50cac5602a51,7e6940b3-3298-4d0c-9d02-7c639f3a6dc8
location_only,"Binnenstad Cemetery","Begraafplaats 't Heike",Q2228095,"Tilburg","Netherlands","Tilburg","Netherlands",4.6,84,e261f927-1da9-4427-89e2-46e2bea6f2b3,7e93fab1-4502-4cb3-8e4e-9695a40bc26f
location_only,"Binoculars Building","Public Art ""Giant Binoculars""",Q194004,"Venice","United States","Venice","United States",4.5,15,e3e0179e-a468-435b-a833-041fb6d1a575,fe1182c5-3451-4481-98ab-2c0687d86728
exact_name,"Birmingham Central Library","Birmingham Central Library",Q3640335,"Birmingham","United Kingdom","Birmingham","United Kingdom",,86,e3076657-eab5-4526-873a-7cbfc6001ea9,f6cba990-70b6-4640-afed-249c6529d616
location_only,"Biscay Foral Delegation Palace","Bizkaiko Foru Aldundiaren jauregia",Q3750779,"Bilbao","Spain","Bilbao","Spain",4.4,24,1c7d6da5-d567-4919-b32e-7e1f1edfea35,bede4916-a67b-4e3b-8d4d-423d690217ab
location_only,"Blackwood-Harwood Plantations Cemetery","Blackwood-Harwood Plantation Cemetery",Q4923624,"Leon County","United States","Tallahassee","United States",3.8,57,4178374d-b46f-47c7-829c-79243ba74000,81fbabe1-1e83-405b-b27a-8d1d28a9572a
exact_name,"BMW Central Building","BMW Central Building",Q4836031,"Leipzig","Germany","Leipzig","Germany",4.5,43,1187aefc-04ba-47bc-957f-ca03bc694454,fff93e01-a57c-4275-b862-663fed984dbc
exact_name,"BMW Welt","BMW Welt",Q699614,"Milbertshofen-Am Hart","Germany","Munich","Germany",4.7,50,8063ee70-1515-4506-bdce-b0ba79766b6d,335b9ec2-2d04-4c24-a3db-143b83cdf3aa
location_only,"Bode Museum","Bode-Museum",Q157825,"Bezirk Mitte","Germany","Berlin","Germany",4.5,36,1ea243f6-2d3a-424d-9c54-2c362366ac3e,ed5b98b1-bb2c-4601-92d5-300047021d19
location_only,"Boëseghem churchyard","Kerkhof van Boezegem",Q3917309,"Boëseghem","France","Boëseghem","France",,10,e400bc34-c2e1-406f-b408-189212d8ff1f,91fa2c8b-0a05-48af-af37-9c5f9104cd0f
similar_name,"Boffles churchyard","Boffles",Q2310594,"Boffles","France","Boffles","France",,46,0b92b019-54ce-4c4b-b88e-8b9e37911cc9,61e390f2-8ce2-427d-a091-9811cdd35159
location_only,"Bogenhausener Friedhof","Friedhof Bogenhausen",Q890502,"Bogenhausen","Germany","Munich","Germany",5,26,f5ec2382-b379-4586-bca6-e5a8002ab5fe,af54e808-27c2-407c-8418-27d773b6d952
location_only,"Bohemian National Cemetery","Bohemian Cemetery",Q4938109,"Baltimore","United States","Baltimore","United States",,13,66ce5b18-dcc9-4102-b7a3-282d28c52622,7d07cd0d-10d5-4fdd-af99-2461f471523c
similar_name,"Böhmischer Gottesacker","Evangelischer Friedhof Böhmischer Gottesacker",Q1019769,"Neukölln","Germany","Berlin","Germany",4.4,42,3e8d57f0-e6ad-4570-860f-58eb5087dd4e,14aa0fe9-158f-4ad8-8ee8-cd736e16be7b
exact_name,"Bøler samfunnshus","Bøler samfunnshus",Q63965175,"Oslo Municipality","Norway","Oslo","Norway",5,105,feaa8cc7-8d3a-4141-a305-6894e54ca764,356112ca-14b4-4a0d-8d6e-747c44326f42
exact_name,"Bolwoningen","Bolwoningen",Q13441584,"'s-Hertogenbosch","Netherlands","'s-Hertogenbosch","Netherlands",4.4,36,f0e10163-847d-4320-b1e3-3756e3a04e4a,c37ba4a0-f9c6-492c-b5d0-97805b36600c
location_only,"Bonifacio cemetery","Cimiteriu Marinu di Bunifaziu",Q2972506,"Bonifacio","France","Bonifacio","France",4.7,30,53c0b27a-8016-4c8c-b4bf-fb62b086e7a8,70686dc4-51ff-44f2-be65-6fb0e433bfda
similar_name,"Bonjour Tristesse","Bonjour Tristesse (Wohnhaus Schlesisches Tor)",Q822311,"Friedrichshain-Kreuzberg","Germany","Berlin","Germany",3.9,11,ed022ab6-0521-4130-8751-6017b3ee6506,0932879c-dc74-42b6-bcb5-53698abade55
location_only,"Bonn Minster","Bonner Münster",Q686664,"Stadtbezirk Bonn","Germany","Bonn","Germany",4.6,47,7a999f28-94dd-4f22-805b-04fbfa0d842e,47a37cd8-2f92-4eaf-b899-cf78a7a520ad
location_only,"Bornova Anglican Cemetery","British Cemetery",Q4946148,"Bornova district","Turkey","Bornova","Turkey",4.1,32,9cb4212b-a3ef-485a-8770-276d1d38a2fb,8946543d-797b-4620-8090-eff1bad5b9af
similar_name,"Borobudur","Borobudur Temple",Q42798,"","","Magelang Regency","Indonesia",4.7,12,fd88d530-ce0b-4c0c-bd16-0ecee448462a,78a06a38-a2a0-4529-a826-1413ea5be07b
exact_name,"Boroondara General Cemetery","Boroondara General Cemetery",Q4946285,"Victoria","Australia","Kew","Australia",4.4,43,d391fc98-35ba-4dbc-ac59-228670b22e07,752ef626-5e45-4d3b-91d8-c1b7da6e0590
similar_name,"Borum Eshøj","Borum Eshøj Gravhøj",Q2695465,"Aarhus Municipality","Denmark","Sabro","Denmark",4.4,6,aa27c638-a3a9-4584-b6f4-24314b4f33c9,d61e84ee-aa9b-459c-a518-1a2ec356d251
location_only,"Boston Public Library, McKim Building","Boston Public Library - Central Library",Q4948040,"Boston","United States","Boston","United States",4.8,9,24479057-3ea9-4423-b194-636d0eb62999,7c6d36eb-2cbe-456d-8815-3426f40c215b
exact_name,"Bothell Pioneer Cemetery","Bothell Pioneer Cemetery",Q4948628,"King County","United States","Bothell","United States",5,73,84a03af0-fabb-4b3d-965a-149d56f648fe,3122610b-b53b-4a21-a481-f0a6e0f348e5
location_only,"Botin Centre","Centro Botín",Q5402606,"Santander","Spain","Santander","Spain",4.3,27,f96b3344-0c26-477e-80e8-8e8938dca467,7a30d8da-12ca-466e-b618-9c4e5f12e909
location_only,"Botkin Street Cemetery","Botkin Cemetery",Q2972445,"Tashkent","Uzbekistan","Tashkent","Uzbekistan",3.7,36,6ed78e16-c1f6-4847-a505-1c2727be84ad,194651be-5e83-418f-8b6d-b5e02398a3f8
location_only,"Bourecq Churchyard","Kerkhof van Bourecq",Q2212430,"Bourecq","France","Bourecq","France",,37,4293dfc6-2b77-4585-b287-03ad91cf9ac5,32f4d854-b6b3-40b4-91bc-b16d9d3c9a53
location_only,"Bourse Palace","Pl. de la Bourse",Q28485845,"City of Brussels","Belgium","Brussels","Belgium",,102,8e3c124d-2920-4b44-b752-413e5caadbd6,c3d50ea8-5619-45c5-a9d4-253f60f46e64
location_only,"Brasilia Digital TV Tower","Torre de TV Digital de Brasília",Q627859,"Lago Norte","Brazil","Brasília","Brazil",4.3,5,f0fbc2d7-454e-4e8b-ab06-fa3689821e73,c4b4cc7b-dd27-4750-83d3-7c0c395a0964
location_only,"Bratske cemetery, Kyiv","Brats'ke cemetery",Q4409882,"Kyiv","Ukraine","Kyiv","Ukraine",,39,1fdedca8-1c97-44da-b8a1-cc7b79896517,90bd7862-80cd-465d-b015-540f0136b30e
location_only,"Bratskoe kladbishche","Bratskoye",Q4095988,"Smolensk","Russia","Smolensk","Russia",5,80,e350963e-f5c5-4bd9-bed7-c2ecaaaeeb0b,aca16ed8-67eb-44c0-a4c6-434fc81b74b8
location_only,"Brattle Hall","The Brattle Theatre",Q4958106,"Cambridge","United States","Cambridge","United States",4.8,16,d57b69d7-bdce-481d-b456-ac8fafd7ebb5,1b7564a1-53fa-4da9-be03-760bc86c5d07
location_only,"Braunes Haus","NS-Dokumentationszentrum München",Q819575,"Maxvorstadt","Germany","Munich","Germany",4.7,26,787cda14-70ef-4fe8-93aa-7c2bae1aff21,bc33db67-96af-4f87-83ee-2b74b1a948c5
location_only,"Brazilian Military Cemetery of Pistoia","Monumento Militar Brasileiro",Q1248729,"Pistoia","Italy","Pistoia","Italy",4.8,54,28fefbf2-99f7-4bf9-a602-63c57bfb86fd,16b26e95-8e62-4868-b21d-6cb7023499c5
location_only,"Breda Tower","Torre Breda",Q3995141,"Milan","Italy","Milan","Italy",4.2,20,9324931a-63e1-4008-986f-e90d2c288e28,a9f89318-34c5-4855-99c3-ef508009caab
exact_name,"Breitenleer Friedhof","Breitenleer Friedhof",Q906385,"Vienna","Austria","Vienna","Austria",5,61,2cbfec6d-ae36-4f22-b62f-c857e7db368d,ff0443ba-06cf-4d92-9587-4d122883bd23
location_only,"Bremen Cathedral","St. Petri Dom Bremen",Q695038,"Mitte","Germany","Bremen","Germany",4.7,7,f5c25f17-9541-4ab9-895a-08f6960ead04,e3dc9ff0-c5c4-437f-9eb3-ec299b7be124
exact_name,"Bridge Road Cemetery","Bridge Road Cemetery",Q4966286,"Eastham","United States","Eastham","United States",5,61,9e4da74d-e892-4543-ab61-cef1ea7a346d,b46c5b35-3e6c-4dc2-b7f8-40aaadacc474
exact_name,"Bright Angel Lodge","Bright Angel Lodge",Q4967380,"Grand Canyon Village","United States","Grand Canyon Village","United States",4.4,39,f5109fad-baa7-4330-a2c9-82a89b7bb1e5,820da1a7-bea0-489a-afcc-753c2c7c2475
location_only,"Brighton Cemetery","Brighton General Cemetery",Q4967614,"Caulfield South","Australia","Caulfield South","Australia",4.6,68,9e082a91-f21a-493c-b2a0-e085cd71cab2,5a3699c9-1ee0-4f6b-9aae-8f542744c625
location_only,"Brighton Community Stadium","American Express Stadium",Q619409,"","","Brighton","United Kingdom",4.5,51,c233a6f6-6815-44d2-b2b6-4b42dede2fa6,9fd21607-88c2-4436-80b0-a2455ccd2f6c
location_only,"Brighton Evangelical Congregational Church","Brighton Allston Congregational Church, UCC",Q4967639,"Boston","United States","Brighton","United States",4.8,19,0d09bc00-8a5a-4755-a8b0-bbf69e2341ee,06c4e043-a218-4e29-8077-120d7825a900
exact_name,"Brillon cemetery","Brillon cemetery",Q2803142,"Brillon","France","Brillon","France",,41,b464aec1-8a26-466a-a5e9-bbbe79d81cbf,316b3af2-76ee-40e5-a5e9-87545f4e1853
similar_name,"Brin","Via Benedetto Brin",Q3644795,"Genoa","Italy","Genoa","Italy",,58,509e10a5-f836-4263-beea-b0ad2dfcfe36,f333fea1-b49b-41bc-88f8-1c17afe09bbe
location_only,"Brion tomb","Tomba Brion (Arch. Carlo Scarpa)",Q3992600,"Altivole","Italy","Altivole","Italy",4.7,46,4cd2aee1-794b-4e4f-8e8d-f40efa15ca3f,f6f31d17-8a5e-4052-afd4-bd4ccede239e
similar_name,"British Cemetery Montevideo","British Cemetery",Q2972500,"Montevideo Department","Uruguay","Montevideo","Uruguay",4.7,4,adbf1d2a-6d8c-47ef-aac1-0ae1ed85ebe1,d4b5f368-fe7d-4a50-8e1c-53f6151ca2c4
similar_name,"Brittany American Cemetery and Memorial","Brittany American Cemetery",Q2972653,"Montjoie-Saint-Martin","France","Montjoie-Saint-Martin","France",4.9,29,1ccda7ea-6d8e-473a-b54f-0a8b6f932339,62ed5a42-2c4c-430a-8df9-2409ed415557
exact_name,"Brno Central Cemetery","Brno Central cemetery",Q11088399,"Štýřice","Czech Republic","Brno-střed","Czech Republic",4.2,49,31ae111d-d6e1-4a8d-b668-8b3915308b9a,4db3db5c-611e-4b17-b2f4-e0692cd3b305
location_only,"Brno Ossuary","Kostnice u sv. Jakuba",Q4971773,"Brno-město","Czech Republic","Brno-střed","Czech Republic",4.5,21,b8e8c840-88c6-4cb7-b24f-8bfab8ea595f,0ffb5db4-4f00-46ba-aa24-8cafa3e10dc1
location_only,"Broad Contemporary Art Museum","Los Angeles County Museum of Art",Q162154,"Los Angeles","United States","Los Angeles","United States",4.6,77,5b823fab-44a6-46fe-899a-aac88e319ab4,850d5eb9-0ab2-4690-adcd-d90c8097a0d0
location_only,"Brockley and Ladywell Cemeteries","Brockley & Ladywell Cemeteries",Q4972839,"London Borough of Lewisham","United Kingdom","London","United Kingdom",4.2,77,ccd34851-94d4-4181-8062-c06be83d8145,b1400ea3-3ec0-47a1-97c4-3b9902528f6d
exact_name,"Bromley Cemetery","Bromley Cemetery",Q4973669,"Christchurch City","New Zealand","Christchurch","New Zealand",3.9,67,0fdbd8c5-bb29-4d66-8ade-198911620889,d32bd68c-76d7-428e-904e-6f891cebec0b
exact_name,"Brompton Cemetery","Brompton Cemetery",Q926913,"Royal Borough of Kensington and Chelsea","United Kingdom","London","United Kingdom",4.7,145,01084cc7-a496-4ce5-b79b-20f8a8ce5e06,21e9db72-fa4b-47d9-a03d-9666e29672f3
exact_name,"Brookfield Cemetery","Brookfield Cemetery",Q4974563,"Brookfield","United States","Brookfield","United States",5,84,174a0e7f-8c69-42cc-a474-c8a390cc36c5,8ca0bad6-5854-4a88-a108-67c1f8693ae5
similar_name,"Brooklyn Tower","The Brooklyn Tower",Q22329554,"New York","United States","Brooklyn","United States",3.8,18,6084647d-0dd3-4523-b9d3-9847da082953,83abff52-d194-4c24-90ec-39fc4b6776e7
location_only,"Brotherhood Cemetery","Bratskoye Kladbishche",Q1984750,"Sevastopol","Ukraine","Sevastopol","Russia",4.9,19,adfc13bb-4d9c-4222-8388-c2061dff0fdb,7bf9f5d8-9f77-46a6-83e0-7746771ecb9c
location_only,"Broxeele churchyard","Église catholique Saint-Quentin à Broxeele et son Cimetière",Q2535211,"Broxeele","France","Broxeele","France",5,20,54beff3e-a15b-4d52-af16-f815688a7f4b,5dcc3d61-3e1c-4e47-856c-2c9e1e1ba1e0
location_only,"Brühl Palace, Warsaw","Brühl Palace - Foundaments",Q996986,"Warsaw","Poland","Warsaw","Poland",3.7,64,9c8df26b-f760-4fd0-bb51-cab92fbf5305,f13f1d65-84c9-46fb-a63c-f208fd91c8ab
exact_name,"Brunswick Cathedral","Brunswick Cathedral",Q279402,"Brunswick","Germany","Braunschweig","Germany",4.6,70,731f82a5-c39e-48d5-997b-868fc90035d7,f5e5791c-5d71-4bcd-827c-b760876a89f4
location_only,"Brussels Cemetery","Communal cemetery Schaerbeek",Q579666,"Evere","Belgium","Evere","Belgium",4.3,76,ab2c8241-5e7c-4cf1-9b3c-287aa9530efb,8ab740de-ca2c-42c8-a1b9-c6c4a86d71b9
exact_name,"Brussels Town Hall","Brussels Town Hall",Q1255327,"City of Brussels","Belgium","Brussels","Belgium",4.7,43,3684d535-cd0c-4505-907c-758194c5bf2b,0352891f-e35c-4d55-a4cb-a36156fb906d
location_only,"Brussels-Luxembourg railway station","Brussel-Luxemburg",Q800583,"Ixelles","Belgium","Brussel","Belgium",4.2,73,e90fce7c-fcf1-4949-849a-0ef0304b8b76,6938cc5c-c73d-475f-9388-1d860cf904d4
location_only,"Bryce Canyon Lodge","The Lodge at Bryce Canyon",Q2927193,"Garfield County","United States","Bryce Canyon City","United States",4.4,8,45fbe30b-4bbb-4982-90d9-f1bf25cfa70f,956e6020-3ea0-4b76-aa6b-6a65c25f91d6
location_only,"Buckingham Building","333 S Wabash Ave",Q16985591,"Chicago","United States","Chicago","United States",,76,ebc96faa-6f84-4f93-b2ce-121205a0a92d,02682ff3-2ec7-4839-a6bb-8d8d89bc8b3b
exact_name,"Buckingham Palace","Buckingham Palace",Q42182,"City of Westminster","United Kingdom","London","United Kingdom",4.5,42,b0640956-2b1d-42da-a0cb-27be92444e21,3919ed7a-726c-4968-8a70-8838ba63720f
similar_name,"Bucquoy Communal Cemetery","Bucquoy Communal Cemetery Extension",Q1846354,"Bucquoy","France","Bucquoy","France",,94,fe31a7dd-399e-46e1-aa86-a86c1e40b70a,8f24a1c0-92c9-432d-b946-99d190ece20a
similar_name,"Budapest-Keleti railway station","Budapest-Keleti",Q841167,"Budapest","Hungary","Budapest","Hungary",3.8,44,0787cbf1-5735-4a21-9fcf-62284caa7200,b3d4c7a0-b04f-4e7d-910a-da0dee938c3d
similar_name,"Building A","Building A Radio Kootwijk",Q2116292,"Radio Kootwijk","Netherlands","Radio Kootwijk","Netherlands",4.4,12,87b5c023-fe19-4c33-a659-00a598aee2f8,597e2c3e-3224-44c7-b364-d6166c344988
location_only,"Building at 30–34 Station Street","ColorLab.",Q4986560,"Brookline","United States","Brookline","United States",5,7,ebfaecba-132f-486e-85e3-3d0ae93ba7a1,f94f0cd0-78a6-4d9b-a41d-7d3fc9b9ae91
location_only,"building of revenue house of K. A. Vorozhein","House of Masalitina",Q16645453,"Rostov-on-Don","Russia","Rostov-on-Don","Russia",5,3,18519ea6-b705-4156-a192-f97a4a5a1aa0,93a67631-2788-4dea-8c32-a425f7af1fa7
location_only,"Building of the Congress of Puebla","H. Congreso del Estado de Puebla",Q25905552,"Puebla","Mexico","Puebla","Mexico",4.6,38,a88924df-9ada-47d2-9523-6b28cb2ed16a,e75c83dd-a920-4cbf-9e4b-d4835db206a0
location_only,"Building of TVP Warsaw","TVP Telewizja Polska",Q109058191,"Mokotów","Poland","Warsaw","Poland",4.2,17,6ac5778e-69d3-44a6-8879-857cf53aa684,968ba977-63be-4ba4-9050-2ea611c8c10c
location_only,"Buildings at 1644-1666 Park Road NW","1644 Park Rd NW",Q4986639,"Washington, D.C.","United States","Washington","United States",,52,e0d59069-2497-47ac-a577-52cd9cd3ac42,f96ded0a-6271-4de7-8036-46625e59b695
location_only,"Bullring of Castro Urdiales","Castro-Urdiales Bullring",Q24023628,"Castro Urdiales","Spain","Castro Urdiales","Spain",3.6,5,2136bad7-7cf9-4f3a-9cef-2cd83de7bae8,c4327e60-f1e6-42b6-8b4f-765a92ff8b8f
location_only,"Bullring of Teruel","Teruel Bullring",Q24023791,"Teruel","Spain","Teruel","Spain",4.3,20,ced0a235-4449-44df-a893-933f1ff4859f,7dc8b4ab-cca9-4567-841a-8f52d87a79cd
similar_name,"Bully's Acre, Dublin","Bully's Acre",Q4997076,"Dublin","Ireland","Dublin","Ireland",4.6,8,581a7004-0840-4d15-81ce-320d6e20e87b,36a5b328-ef92-4a8a-ab18-9ff4fda53174
location_only,"Bümpliz Cemetery","Cemetry Bümpliz",Q1457311,"Bern","Switzerland","Bern","Switzerland",4.8,125,3139fbf2-200f-4503-a571-76d8719da5db,45f74a64-5150-43b1-8c57-a2b840722768
similar_name,"Bunyans Cemetery","Bunyans Cemetery, Tilloy-les-Mofflaines",Q2630097,"Tilloy-lès-Mofflaines","France","Tilloy-lès-Mofflaines","France",4.5,17,bb2e6663-c4ba-47b3-b24d-18a27ab47a34,93bf8d4b-c8d7-47f5-90e8-1d84581adaa9
exact_name,"Burgerweeshuis","Burgerweeshuis",Q2787387,"Amsterdam","Netherlands","Amsterdam","Netherlands",4.2,50,85298ea1-4749-4065-bf90-2da176b2cca9,13be34e5-a2f7-41ec-93b1-44f65122d0b8
location_only,"Burial mounts at De Dorschkamp","Grafheuvel",Q17454801,"Wageningen","Netherlands","Wageningen","Netherlands",3.3,59,de2f7328-387a-4f9f-b645-169d60933dce,f3bc9264-2ad4-4438-8d79-a84ae35a0594
location_only,"Burj al-Arab","Jumeirah Burj Al Arab",Q62939,"Dubai","United Arab Emirates","Dubai","United Arab Emirates",4.7,22,5ae2a4a9-8fe8-44ed-bfba-a1711fd1a468,c49e3f32-a942-4415-8381-24a1962700d0
location_only,"Burleigh County Courthouse","Burleigh County District Court",Q4999114,"Bismarck","United States","Bismarck","United States",3.2,31,f25a5eaa-fb76-42b1-a6eb-1f6b0c0e04e4,3dc00d6f-bc78-48bb-b800-29d0e1094e93
exact_name,"Burlington Arcade","Burlington Arcade",Q2928520,"City of Westminster","United Kingdom","London","United Kingdom",4.5,120,6ab4a72a-f599-4429-b068-3ef044e92856,759ed1af-ef70-4ceb-a267-11dbd0fe676c
location_only,"Bursa Green Mosque","Yeşil Cami",Q1549086,"Bursa","Turkey","Bursa","Turkey",,51,7b7923a5-9ba0-4ee0-9c59-79a1a8406b63,f2ce064f-2df3-4b5e-b44f-4535711be38b
exact_name,"Burton Morse House","Burton Morse House",Q85749610,"Twin Falls","United States","Twin Falls","United States",,107,1074e47d-48f9-4de8-9643-cad212cdfeff,cde8008d-aa58-4ddf-b84d-e03cbd5c100f
location_only,"Burtscheid cemetery","Heißbergfriedhof",Q1601546,"Aachen","Germany","Aachen","Germany",,14,d7c2a3c7-fc1c-4be7-93a5-47d4b67fa6af,379878f2-65a6-487d-bd52-b694bc211175
location_only,"Byakugō-ji Temple","Byakugo-ji",Q1018450,"Nara","Japan","Nara","Japan",4.2,20,19d2d5c1-a008-41a1-940f-92ceae4f2455,4871cf23-a647-497f-851e-787b36e57e3f
location_only,"Bykovo cemetery","Bykovsky cemetery",Q133513,"Zhukovsky","Russia","Zhukovskiy","Russia",4.1,30,2643dff0-775e-4018-994d-6e5bf741c3c5,306196d8-b447-4edb-9d9a-48aa0ec2551c
similar_name,"Byzantium","Q-Park Byzantium",Q21980990,"Amsterdam","Netherlands","Amsterdam","Netherlands",2.9,38,457c1ef8-10f6-4ee9-b2c7-eaab9fcd502e,6933102e-1527-4f7d-a8d3-1a94502f3f51
similar_name,"Ca la Pilar","Ca la Pilar - Moragues",Q98770247,"Viladecans","Spain","Viladecans","Spain",5,12,d63f45a0-1315-470e-becc-87ed8666ce5b,712d09f7-00e4-498f-b5be-790977945e7a
similar_name,"Cadillac Hotel","Cadillac Hotel & Beach Club, Autograph Collection",Q2928530,"Miami Beach","United States","Miami Beach","United States",3.9,30,94a635b1-9ddc-45db-bfd4-ccbb034b2cde,68cc4a9b-5414-4e5d-8ad4-7121e47c8c26
location_only,"Cagnicourt Communal Cemetery","Cagnicourt British Cemetery",Q2005951,"Cagnicourt","France","Cagnicourt","France",4.5,102,b43f28e0-ea44-4725-ad7d-40dd54bd6b0a,368ec1ff-106b-4066-9d39-4d901d9bfa45
location_only,"Calhoun County Courthouse","Calhoun County Family Court",Q5019765,"South Carolina","United States","St Matthews","United States",4.8,77,cfe34241-79a0-45fb-a1a1-b5b5656b1d79,3ba80752-0365-4f2d-8c81-f1493196cf9b
similar_name,"California Academy of Sciences building","California Academy of Sciences",Q134486471,"San Francisco","United States","San Francisco","United States",4.6,5,cbe6170a-6c1b-420e-b5b1-123c6b234067,d405abe8-70f8-4664-accc-6bb64f1d9cb7
location_only,"Califórnia Building (São Paulo)","Condomínio Edifício e Galeria Califórnia",Q10270276,"São Paulo","Brazil","São Paulo","Brazil",4.2,81,02f89a27-e1de-4c67-af57-ce04185ea5e7,c50d3195-d500-4bb4-ae3d-5b4a80eb0e7c
exact_name,"Caltrans District 7 Headquarters","Caltrans District 7 Headquarters",Q5024011,"Los Angeles","United States","Los Angeles","United States",3.9,124,2c6555f1-3680-4d31-a4bc-09231e07e2a1,146ceb8a-aa5f-40c1-941a-de0b5d33bb91
similar_name,"Camp Nou","Spotify Camp Nou",Q159848,"","","Barcelona","Spain",4.6,8,3ad125b8-0957-4f8e-8f01-7a9a9b21c46b,a68bf33f-9bfd-47c3-b55e-e0019242aa69
exact_name,"Camperdown Cemetery","Camperdown Cemetery",Q5028318,"Inner West","Australia","Newtown","Australia",4.7,90,3843de5b-da7f-4f77-85fe-c686a9ae6db3,18a3ad3e-20ed-4c41-987c-c061fe66aa42
location_only,"Campo Santo","Berlin Cathedral",Q1031432,"Bezirk Mitte","Germany","Berlin","Germany",4.6,96,e0392ca2-a88e-455f-a7d0-6e6f79135d91,858f269c-a849-47f0-83ba-646ea87dc85b
similar_name,"Campo Santo","Campo Santo cemetery Sint-Amandsberg",Q5395397,"Ghent","Belgium","Ghent","Belgium",4.5,142,7769c124-3033-4f9c-ac84-de2f49fa1395,935dd794-f290-49f9-ae6c-25b1eb4f6450
exact_name,"Campo Santo d'Orléans","Campo Santo d'Orléans",Q2935536,"Orléans","France","Orleans","France",,45,91799a33-d0b1-4566-9972-597b8dae2a89,b87ecb5c-0615-4261-bcb4-1ad911183bd2
location_only,"Campo Santo Teutonico","Teutonic Cemetery",Q27333,"Roma Capitale","Italy","Città del Vaticano","Italy",4.7,31,ddf65469-f855-40bf-b40b-134ad012325c,796ec3ba-c077-48dc-b6e1-4864d9108b02
location_only,"Campo Verano","Verano Monumental Cemetery",Q27426,"Roma Capitale","Italy","Rome","Italy",4.2,2,40f71fc1-3159-4c65-a6ed-44dbbce0be38,cac2d8c2-4e78-408b-8c02-ff495929d5bd
location_only,"Canadian Broadcasting Centre","Canadian Broadcasting Corporation",Q2935781,"Ontario","Canada","Toronto","Canada",4.4,75,d70c5dbf-b0e7-43f9-90c2-e0f23c5e1989,fc094eec-e941-4999-b467-ccd40eb203f5
exact_name,"Canadian Museum of History","Canadian Museum of History",Q1032269,"Gatineau","Canada","Gatineau","Canada",4.6,70,d418fc82-8eca-4cdd-b091-2de7461e708c,78ddd6e4-be13-4205-8c52-e53feb4f1f48
location_only,"Cannon County Courthouse","County Court Clerk",Q5032755,"Tennessee","United States","Woodbury","United States",3.4,29,82effc63-ad54-4ca8-94a4-9f418a12bffb,34e8d0fc-c953-46d2-8217-d8779a501d6f
location_only,"Cape Town Stadium","DHL Stadium",Q173559,"","","Cape Town","South Africa",4.6,2,65cfacd9-0826-4c11-b96d-470d670ee65f,719f6ed7-cb62-433d-b214-1bc2be73520d
location_only,"Capital Club Building","Raleigh Founded - Capital Club",Q5035528,"Raleigh","United States","Raleigh","United States",4.2,64,2a89cb55-a470-4610-9c5a-277cc021de21,36011118-246a-483b-b768-e58c45e533ef
exact_name,"Capitol Records Building","Capitol Records Building",Q2937482,"Los Angeles","United States","Los Angeles","United States",4.6,47,aa10415b-d5c7-4737-aa78-8a1de448c5f8,4264de07-d88e-4ae8-81df-d76f6844b318
location_only,"Cappella Colleoni","Colleoni Chapel",Q1034843,"Bergamo","Italy","Bergamo","Italy",4.7,9,61e452bb-6e17-4020-b7fc-6a393d349a8c,1f3f8534-0bc5-4314-ab70-9ea25b5efb94
location_only,"Cappella Paolina","Sistine Chapel",Q1034868,"Vatican City","Vatican City","Vatican City","Vatican City",4.7,46,0f91927b-5581-432c-97cb-5d2fe4fbc264,d21ac98d-07bd-47bc-a2d8-6b9bd01ba41f
location_only,"Cappelle-en-Pévèle cemetery","Cimetière de Cappelle-en-Pévèle",Q2140985,"Cappelle-en-Pévèle","France","Cappelle-en-Pévèle","France",,14,6b4267c0-4bb0-4fa4-b68b-eb3a683049b9,a3d37614-9fea-47e7-81ef-3d626baab18e
location_only,"Capt. John Jeffries Burial Marker","Palestine Cemetery",Q5036442,"New Jersey","United States","Egg Harbor Township","United States",3,2,0f34a27d-3143-443a-8250-5fa4e2d55a0a,54994892-372b-4865-8c60-af188a552651
similar_name,"Carew Tower","Carew Tower Observation Deck",Q152129,"Cincinnati","United States","Cincinnati","United States",4.6,9,29e94306-d038-4880-9a1c-fd7defec50de,b51b576d-5408-4f65-9d3a-46230cfd4433
location_only,"Carleton Crematorium and Cemetery","Carleton Cemetery & Crematorium",Q5041212,"England","United Kingdom","Poulton-le-Fylde","United Kingdom",4.5,30,6970fa8f-c020-4bb8-9b01-55af9c35ced3,caf9ff42-1667-464d-aedb-2b90350aa2c6
location_only,"Carlton Hotel, Amsterdam","Door 74",Q4026256,"Amsterdam","Netherlands","Amsterdam","Netherlands",4.5,86,82ca985e-e9db-42af-9d30-262e1ca0e95f,04006104-97cb-4f7e-9b78-86cc598ef129
similar_name,"Carlton Tel Aviv","Carlton",Q9184754,"Tel Aviv","Israel","Tel Aviv-Yafo","Israel",4.5,2,7d967bc7-4ced-4872-bcaf-3be21b2e71d5,63caff96-98a1-4aa7-9187-1f8dde162952
similar_name,"Carmelite Church","Carmelite Church, Warsaw",Q4569133,"Warsaw","Poland","Warsaw","Poland",4.7,17,d104b313-0e21-4fd2-a478-82e119d99cbb,d9cc5fbe-e27d-4367-b7b0-1a7b046ddec1
similar_name,"Carolina Inn","The Carolina Inn, a Destination by Hyatt Hotel",Q5044845,"Chapel Hill","United States","Chapel Hill","United States",4.6,81,e7d336f7-9ec6-4e46-ae3b-0cf2541709af,733b2274-f184-490b-8ae5-107aeb20bd72
location_only,"Caroline Brevard Grammar School","Bloxham Building",Q5044990,"Florida","United States","Tallahassee","United States",,19,0c49871b-26ae-4319-9c29-50802e3d1dd9,28b8b107-0ef1-4b43-adba-eabd76aec034
location_only,"Caroline Church and Cemetery","Caroline Episcopal Churchyard and Cemetery",Q5045018,"Brookhaven","United States","Setauket- East Setauket","United States",,47,c0506a76-dda3-48f2-adb7-b4ee8d7c8a23,0234946d-544b-4619-a489-ac7ea477dfd9
location_only,"Carrousel du Louvre","Louis XIV sous les traits de Marcus Curtius (copie)",Q2940350,"Paris","France","Paris","France",4.6,33,c03088ee-ba25-487d-b80d-63a772a8b835,c5fc70ab-577d-4d5d-a565-40a025dae84d
exact_name,"Carvin German military cemetery","Carvin German military cemetery",Q2972638,"Carvin","France","Carvin","France",5,47,2894fd36-3000-496c-9551-93579c67db4c,da6d10ac-8549-4232-858d-24d1952a0e48
similar_name,"Casa Boleda","Centre d'Ocupació Discapacitats Físics. Centre Casa Boleda",Q17593594,"L'Hospitalet de Llobregat","Spain","L'Hospitalet de Llobregat","Spain",5,9,66d08129-730c-463b-af15-3bb17b188e01,d61738fd-2fbb-4430-843d-16a7a367fbeb
similar_name,"Casa das Canoas","Casa das Canoas | Fundação Oscar Niemeyer",Q6816788,"Rio de Janeiro","Brazil","Rio de Janeiro","Brazil",3.7,36,da82a2e9-6513-4297-b608-9afa21540112,3c94929f-426c-4c32-9d27-0f828fe5fb02
exact_name,"Casa de las Bolas","Casa de las Bolas",Q29167249,"Madrid","Spain","Madrid","Spain",4.5,68,6bd73283-6e72-4697-a8e2-f4d19f353bee,bbb33122-4814-42e8-bbd9-66108d954176
similar_name,"Casa Vicens","Casa Vicens Gaudí",Q746333,"Vila de Gràcia","Spain","Barcelona","Spain",4.6,1,d39676a0-8cc0-4465-ae03-7efe24cb1ea6,8865e03b-dcee-42c0-adfb-1a2ffb051bae
similar_name,"Casablanca Finance City Tower","Casablanca Finance City",Q60851364,"Casablanca","Morocco","Casablanca","Morocco",4.7,70,740155fb-36c7-4ad9-9a4b-50e9a05da0c1,a6701267-817a-40fd-b4f6-6fbfff9c1871
similar_name,"Casamaures","La Casamaures (Villa Mauresque)",Q2940800,"Saint-Martin-le-Vinoux","France","Grenoble","France",4.6,78,3ebf3ffb-c8a9-4354-9928-afd85bbef6dd,f5071f61-fce3-49cc-9137-74234ed0a8b0
exact_name,"Casino da Madeira","Casino da Madeira",Q6586935,"Sé","Portugal","Funchal","Portugal",4.1,47,d29f290c-6f32-416f-98fb-876ace1f46b5,b071ff81-d972-43e1-bb57-98776b6593f9
similar_name,"Casino de Murcia","Real Casino de Murcia",Q8342036,"Murcia","Spain","Murcia","Spain",4.7,2,9f57f561-7f3f-436a-83dd-18dd580056b5,35fe6fda-c8c1-4087-a584-38fa46829b45
location_only,"Casino Kursaal Ostend","Kursaal Oostende",Q2516946,"Ostend","Belgium","Ostend","Belgium",4.3,70,85be27db-3331-499d-a967-2dfbd24eaeb0,e4236173-5fe4-474b-bda8-6accc6f1ed2b
similar_name,"Casino La Constància","Nou Casino la Constància",Q17595729,"Sant Feliu de Guíxols","Spain","Sant Feliu de Guíxols","Spain",2.7,108,ac0f7591-23ad-473c-a6b4-81eb36bf712d,cf575184-92e8-45fe-8e4d-50ca31a4436b
similar_name,"Casino Mauresque","Belvédère Casino Mauresque",Q2941080,"Arcachon","France","Arcachon","France",4.8,97,3910a729-fce5-4ed7-b4de-f8d7b4fa5582,b1711830-f993-465c-ba6f-9565c9e61073
location_only,"Casino Palm Beach","Palm Beach Cannes",Q104732316,"Cannes","France","Cannes","France",4.3,39,67fb7afa-7e7a-4ace-a2e6-40549e41c8e8,6d6f3300-5d2b-4168-8827-965d1ce7eb99
location_only,"Cassel Communal Cemetery Extension","Begraafplaats van Kassel",Q3174297,"Cassel","France","Cassel","France",4.7,48,b829206d-20df-472b-8ba9-2b6434ccc754,ea9ae2a4-55dc-4979-8b54-1a881875168d
location_only,"Castello Estense","Estense Castle",Q1048836,"Ferrara","Italy","Ferrara","Italy",4.6,24,6221509b-b762-45ae-8836-f05cb52b80b0,f5ccd57d-85e0-4dde-b2e6-3c9d89c3cb47
location_only,"Castle de Haar","De Haar Castle",Q1735318,"Utrecht","Netherlands","Utrecht","Netherlands",4.7,5,f4a0fec8-8e6b-4356-a0e6-eb90314cdb2b,92ef4854-b3f9-423f-825e-1e0756879895
location_only,"Catacomb of Callixtus","Catacombe di San Callisto",Q1027069,"Rome","Italy","Rome","Italy",4.6,40,29fa8131-18b3-441e-9e90-593723fc8b23,371cc8b4-756f-48e6-beab-946e730ce9be
similar_name,"Catacombe dei Cappuccini","Catacombe dei Cappuccini di Palermo",Q1728834,"Palermo","Italy","Palermo","Italy",4.3,18,f3065051-6b94-4690-8068-b90bd5d24136,e2232b24-b4ae-4754-a909-13bc4df84780
location_only,"Catacombs of Marcellinus and Peter","Mausoleum of Saint Helena at Tor Pignattara",Q1055805,"Rome","Italy","Rome","Italy",4.7,124,c61ff1f3-1ecc-4c65-9b17-d49c40c306f7,b090b3a6-7f14-4bf1-8c02-e4d2fd76b80a
location_only,"Catacombs of Saint Agnes","Catacombe di Santa Agnese",Q3663182,"Rome","Italy","Rome","Italy",4.6,38,82b4cdcd-1fa2-4daa-b47c-40d1b496a5ca,a26fbe31-fd13-4a89-ad12-3750d68752c6
exact_name,"Catacombs of San Gennaro","Catacombs of San Gennaro",Q3663206,"Naples","Italy","Naples","Italy",4.7,100,00bf01cb-c059-4474-9980-40c8df96d749,f6109eeb-12a2-4f67-b1bd-dd2dd3847795
location_only,"Catacombs of San Sebastiano","Catacombs of Saint Sebastian",Q546419,"Rome","Italy","Rome","Italy",4.6,73,c5c0c51a-148f-4fa1-9b24-bee68db78f7b,b496cfc3-a6eb-40ef-a138-581f069c8256
location_only,"Catania Cathedral","Basilica Cattedrale di Sant'Agata",Q1499188,"Catania","Italy","Catania","Italy",4.7,55,d0cdbe33-f2fd-4cb0-8de2-2a2d9e664a52,4ceaa440-eea6-4bbf-801e-d26f35c6296e
location_only,"Catete Palace","Museu da República (Palácio do Catete)",Q1142766,"Rio de Janeiro","Brazil","Rio de Janeiro","Brazil",4.8,29,3c77312f-e9d4-4143-9c46-bef15406ecb5,1a949b4f-571a-4bec-81af-94e239ea3fac
location_only,"Cathedral Basilica of St. Ann","Catedral Metropolitana de Santa Ana de Canarias",Q1385934,"Las Palmas de Gran Canaria","Spain","Las Palmas de Gran Canaria","Spain",4.5,37,54ecd03a-a2a6-4a43-9981-8663e7ba24bc,5fce9acf-fd52-4f5d-8509-cfb2ebd2445f
location_only,"Cathedral of Brasília","Catedral Metropolitana Nossa Senhora Aparecida",Q201720,"Brasília","Brazil","Brasília","Brazil",4.8,4,48b51a78-1aa9-4155-aa0f-72dbc0c8631c,e8ab8f86-46cf-4d3f-b0d5-01ea16e844b7
location_only,"Cathedral of Jesus' Heart","Sacred Heart Cathedral",Q1267112,"Stari Grad","Bosnia and Herzegovina","Sarajevo","Bosnia and Herzegovina",4.6,21,49720176-218b-428e-8491-04cff890ad92,9deb7c6a-37f0-4004-b380-cd9e3c027daf
location_only,"Cathedral of Our Lady of Strasbourg","Cathédrale Notre-Dame-de-Strasbourg",Q745460,"Strasbourg","France","Strasbourg","France",4.8,33,c8a536ed-19ec-422f-ba84-ac4e70082e1d,79a79028-8d58-4142-8968-19bb829245e4
exact_name,"Cathedral of Our Lady of the Angels","Cathedral of Our Lady of the Angels",Q1631067,"Los Angeles","United States","Los Angeles","United States",4.8,113,8f0a09b8-e4dd-4b42-9068-17a12920d46a,16136ad6-2c5c-433c-9ea6-c535ce9c7d1d
location_only,"Cathedral of Saint Bavo","Saint Bavo of Ghent Catholic Cathedral, Leidsevaart",Q962195,"Haarlem","Netherlands","Haarlem","Netherlands",4.6,29,2d693ab7-0c94-4ef3-80a5-01888f089b05,ffa3be30-5200-4607-a7bf-6305e74573be
location_only,"Cathedral of San Fernando","San Fernando Cathedral",Q4347159,"Texas","United States","San Antonio","United States",4.8,11,23529412-ef66-40fa-b8ac-6c67fc4dd719,f92eb314-90e6-4693-939a-5057ca27b79f
location_only,"Cathedral of Santa Maria d'Urgell","La Seu d'Urgell Cathedral",Q951104,"La Seu d'Urgell","Spain","La Seu d'Urgell","Spain",4.5,20,68af1eee-6588-4a0e-889d-7979de01162a,590a7883-69d6-486c-b504-fadddd40ff45
location_only,"Cathedral of the Holy Cross and Saint Eulalia","Church de Sant Sever",Q17155,"Gothic Quarter","Spain","Barcelona","Spain",4.4,91,cf91faba-b6e8-4135-a34a-3ebb906ac7d8,93bf30fc-0569-497d-a9e9-081e44d86a20
location_only,"Cathedral of the Holy Trinity","Holy Trinity Cathedral Anglican",Q93896,"Gibraltar","United Kingdom","Gibraltar","Gibraltar",4.3,20,c842e72b-0387-4955-ac8a-29e4e98969b4,c7d17a88-96a5-4442-b03f-252e4f346da7
location_only,"Cathedral of the Sacred Heart of Jesus, Algiers","Sacred Heart Cathedral",Q2942908,"Algiers","Algeria","Algiers","Algeria",4.2,36,4a3b029a-2b26-4a88-92f6-8226e8a10381,091ece75-2284-4d1f-848a-d66e38ee4aa2
location_only,"Cathedral of Trier","Trier Cathedral",Q5920,"Trier","Germany","Trier","Germany",4.7,27,3050f429-bf59-456b-bd5a-8c66980b09ba,35c9b530-2fc5-4b50-bfcd-c5b77590eabd
location_only,"Cathedral of Urbino","Palazzo Ducale di Urbino",Q2754576,"Urbino","Italy","Urbino","Italy",4.7,73,355f21e5-952a-48bc-87be-3002513fc3a9,c5268e1c-183f-4fc0-986c-9e5fff215e7b
location_only,"Cathedral of Valladolid","Catedral de Nuestra Señora de la Asunción de Valladolid",Q2722123,"Valladolid","Spain","Valladolid","Spain",4.3,2,436ce9e4-b7f7-4045-ade7-b4621e695104,1017ba2e-7367-4be0-abe7-aeae09079470
exact_name,"Cayan Tower","Cayan Tower",Q391648,"Emirate of Dubai","United Arab Emirates","Dubai","United Arab Emirates",4.5,35,4273a54c-d926-4515-99e4-e639158e31bd,2450c328-4424-41ab-9d61-20c40cc4dd18
similar_name,"Cecilienhof","Cecilienhof Palace",Q321783,"Nördliche Vorstädte","Germany","Potsdam","Germany",4.6,26,cf79bf96-e879-4f6d-9f73-51057ec8796a,13f900d8-0f94-4fdd-9695-e2864cc11cf0
similar_name,"Cedar","ING Cedar",Q81854086,"Amsterdam","Netherlands","Amsterdam","Netherlands",4.4,28,088c37be-f58b-4c20-9586-847ec37e2299,72b67af2-b1d3-4344-880c-5f8a1ded5297
exact_name,"Cedar Grove Cemetery","Cedar Grove Cemetery",Q5056723,"Franklin Township","United States","Somerset","United States",4.5,63,f0b7e415-e586-4f87-80b5-7fdea36f67de,b9c65009-1199-4e3a-b042-b97f19dc9611
exact_name,"Celle Castle","Celle Castle",Q472403,"Celle","Germany","Celle","Germany",4.5,34,78f7e7e4-1459-491f-9763-bb9e89837881,7a0efcae-6975-402c-ae12-a583b481e73a
similar_name,"Celler Cooperatiu d'Espolla","Celler Cooperatiu D'Espolla S C C L",Q11913390,"Espolla","Spain","Espolla","Spain",4.6,36,0a8eda61-e1c7-40c8-9812-2b916e435e42,49b83504-7257-4a6d-9c58-96ef14910db9
location_only,"Cementerio Británico","Commonwealth War Graves Buenos Aires",Q2894649,"Buenos Aires","Argentina","CIQ","Argentina",4.7,94,311292fb-58ec-491d-bb6e-9a9eaf668efa,1d8f55a2-925f-414e-9469-7c683a4af175
exact_name,"Cemeteries in Coburg","Cemeteries in Coburg",Q1457457,"Coburg","Germany","Coburg","Germany",4.3,91,bdc9a2bb-cd7f-4d58-8f34-5e38b175607b,ecc987e7-e605-49dc-8891-fc73fd465298
location_only,"Cemetery Atzgersdorf","Atzgersdorf Cemetery",Q758337,"Liesing","Austria","Vienna","Austria",4.2,42,2b48911b-c9c2-41b3-844c-d065dcf22675,82eed936-fc61-4e0b-aa97-388a31c087d7
location_only,"Cemetery Bohnsdorf","Friedhof Bohnsdorf",Q1457303,"Berlin","Germany","Berlin","Germany",5,115,b0d17559-674b-4351-a477-c432108f49e9,417fdd01-41ac-4c3c-89b7-af0cebfb1c28
location_only,"Cemetery Daleu","Friedhof Daleu",Q1457312,"Canton of the Grisons","Switzerland","Chur","Switzerland",5,0,e0bd82bc-dc87-48f4-9d88-b90c2718ecd7,9758fa22-a04e-43c6-b974-b75f616867fd
location_only,"Cemetery Feldmoching","Friedhof Feldmoching",Q1457326,"Feldmoching-Hasenbergl","Germany","Munich","Germany",4.5,3,99755371-3496-4ba8-99d9-9ad19ed1b3b2,671face4-d2cb-4911-885d-4bf68ebad9fb
location_only,"Cemetery for Hebrew Confederate Soldiers","Hebrew Cemetery",Q5058717,"Virginia","United States","Richmond","United States",4.6,19,e8b34082-5e8f-49bb-be78-1c31ef618f05,1a8b2774-c816-4aeb-b172-e453dcc0d21a
location_only,"cemetery Graafseweg","Cemetery🪦",Q2611939,"Nijmegen","Netherlands","Nijmegen","Netherlands",4.8,51,5bf4988b-8b18-4408-8b32-06103ffb3f6a,ccb25719-7c94-47b0-a431-324e9576b4bc
similar_name,"cemetery Huis te Vraag","Huis Te Vraag",Q1883977,"Amsterdam","Netherlands","Amsterdam","Netherlands",4.7,48,f540500e-2aa3-478d-801d-82ff06e95a1d,e3ddab6c-a9e4-461c-a16c-0f5c9e916163
location_only,"Cemetery in Baiertal","Bergfriedhof Baiertal",Q819656,"Wiesloch","Germany","Wiesloch","Germany",5,17,3823ae2b-6363-4295-b4b7-0489450a390b,c0edd0db-c8c5-432d-b1aa-deac77908c0c
location_only,"Cemetery in Kluki","Pomnik Poległych w I W.Ś. i Cmentarz Ewangelicki Kluki / Klucken",Q4423845,"Kluki","Poland","Kluki","Poland",4.7,34,a2c630c8-0ea5-4e5a-86d4-3dcce4601437,bbdb0a6d-2814-4800-8a7e-9d183609d078
location_only,"Cemetery in Komarovo","Komarovsky cemetery",Q2972533,"Komarovo","Russia","St Petersburg","Russia",4.6,119,3844d3d8-dfb7-4ed7-af0b-15e37ff739ec,8a4c6b51-64bc-49f9-a594-ae22543932c3
location_only,"Cemetery of Agramonte","Cemitério de Agramonte",Q1053347,"Cedofeita, Santo Ildefonso, Sé, Miragaia, São Nicolau e Vitória","Portugal","Porto","Portugal",4.6,98,1af02b54-149e-4f81-ae71-105412e6160d,68b5412e-d3bf-4675-a25e-1b1dd47325ff
location_only,"cemetery of Baarlo","Begraafplaats van Baarlo",Q2051802,"Steenwijkerland","Netherlands","Baarlo","Netherlands",,1,1d5c0403-ef29-42b1-96d4-7394880280d7,ba488a8a-2cef-4a50-a0fa-b85916a542ee
location_only,"Cemetery of Bailleul","Cimetiére de Bailleul",Q2691004,"Bailleul","France","Bailleul","France",,106,b21aa563-ebb0-4377-951e-afb491b1d0d2,78f667db-d464-418c-986a-36f231b01dd6
location_only,"cemetery of Bozen","Bolzano Municipal Cemetery",Q1457380,"Bolzano","Italy","Bolzano","Italy",4.9,6,4a9a056d-23ed-47da-984a-4c8479b08c0a,66f44e67-55f2-4635-bb2e-c7845f3fb15b
location_only,"Cemetery of Kings","Cimetière des Rois (Cimetière de Plainpalais)",Q665815,"Geneva","Switzerland","Geneva","Switzerland",4.5,8,924d53be-c36a-4166-9306-448a7df79f2c,6604ecf7-e493-4bbb-b923-b0bf02bb3ae8
location_only,"Cemetery of Nanterre Mont-Valérien","Cimetière Parc du Mont Valérien de Nanterre",Q2972600,"Nanterre","France","Nanterre","France",3.4,85,1c295b6a-fa98-46af-8fd9-35bf4a1fcf5e,2d0b2a84-238d-40b2-b8d9-073a38733701
exact_name,"Cemetery of Punta Arenas","Cemetery of Punta Arenas",Q5058719,"Punta Arenas","Chile","Punta Arenas","Chile",4.6,80,4df70362-41eb-486b-83c7-0b7ad288c1ec,79ae0f62-1f3a-470d-a592-badcf5cdb8cc
location_only,"Cemetery of Saint-Denis","Cimetière de Saint-Denis",Q2972553,"Saint-Denis","France","Saint-Denis","France",4.8,95,4c38ad30-3e2b-4938-be29-407c09d11757,fd0b3627-2812-414a-8871-385207c6303f
location_only,"Cemetery of Saint-Fargeau","Cimetière de Saint-Fargeau",Q2972554,"Saint-Fargeau","France","Saint-Fargeau","France",5,24,85ff9d73-0e7b-45eb-9227-99198169f78c,22bbee27-356d-43cc-940b-d6ebc7b844d7
location_only,"Cemetery of Saint-Louis, Versailles","Cimetière Saint-Louis",Q2972470,"Versailles","France","Versailles","France",3,94,912bcf26-70ae-4c97-9c4f-fb3839692b4b,046f94a9-5c6d-4467-b8a1-a8280b1475a1
location_only,"cemetery of San Pietro in Vincoli","Cimitero di San Pietro in Vincoli",Q3676946,"Turin","Italy","Turin","Italy",5,67,b03ef3f4-7eac-43db-b8ae-43a90cfed91a,d8b93711-04bf-4cd8-a215-f2192971b9d4
location_only,"Cemetery of Soviet Prisoners of War in Naujoji Vilnia","II pasaulinio karo karių kapinės",Q2972599,"Vilnius","Lithuania","Vilnius","Lithuania",5,39,7fe06fd5-bc5f-44a9-b081-40bc9a078ae9,e2c8e350-de59-49bf-8f7b-54919561d9a2
location_only,"Cemetery of Steenvoorde","Cimetière",Q2663835,"Steenvoorde","France","Steenvoorde","France",4,7,2b491379-13eb-4f60-8784-4a0a1b7bbc9b,c9efd829-aff5-416d-9096-76663be1a13d
location_only,"Cemetery of the Victims of January 9","Cemetery memory of victims of January 9",Q4222824,"Saint Petersburg","Russia","St Petersburg","Russia",3.9,44,6c73eca6-4e09-4666-ba89-f6a8cc70893b,aa8cbad0-bf54-4fb5-85f6-693747a2cf5c
location_only,"cemetery of the victims of the Vajont","Cimitero Monumentale delle Vittime del Vajont",Q3676932,"Longarone","Italy","Fortogna","Italy",4.7,62,079a548b-d996-46c6-98b1-7a049db7505e,ce5f68a6-9249-4ef9-b4e1-17b938eb4e15
location_only,"cemetery of Ypres","Ypres Town Cemetery Extension",Q3895319,"Ypres","Belgium","Ypres","Belgium",4.5,92,a7e53deb-30f5-426b-9008-4e25d6e1cbce,3bb853da-e4e1-4585-8bfb-ee758ad34cf0
location_only,"Cemetery of Zhenghaijun","甲仙鎮海軍墓",Q5058723,"Xiaolin Village","Taiwan","Kaohsiung","Taiwan",5,3,50919113-b987-4414-a2b4-05b831f4f9f1,46823911-f735-46f1-ab7e-6645e25578ef
location_only,"Cemetery on Sienkiewicza Street in Katowice","Katowice Parish Cemetery of Saints Peter and Paul on Sienkiewicza Street",Q4222837,"Śródmieście","Poland","Katowice","Poland",3.9,65,812fab51-47f0-4f11-a3c5-06da5721f062,5193948a-f64e-4eeb-bc5f-689bed554371
location_only,"Cemetery Rodaun","Rodaun Cemetery",Q1457413,"Rodaun","Austria","Vienna","Austria",4.5,19,d638de32-0fa5-4ea3-bf63-eaccd540e15f,bdd13641-215d-4ce8-b7fa-e5055d93db44
location_only,"cemetery Saint-Lazare (Montpellier)","Cimetière Saint-Lazare de Montpellier",Q2972457,"Montpellier","France","Montpellier","France",3.7,57,e6bfdf7a-8b59-4baa-8c0b-0d4a55192e84,805064f1-988a-4bdb-8a5e-e6c050437f02
location_only,"Cemetery Sceaux","Cimetière de Sceaux",Q2972561,"Sceaux","France","Sceaux","France",4.5,10,ef43d3d1-b745-476b-b707-8e77054e0bca,348b86b2-1008-4d2c-94ae-d6a54a67b115
location_only,"Cemetery Sint Barbara","St Barbara Cemetery",Q2723000,"The Hague","Netherlands","The Hague","Netherlands",3.6,111,dccd3610-29ea-4a1c-ba9b-ad7cab670d5f,a5c6fa5f-bd2f-40a1-b4d7-7be14300c19a
location_only,"cemetery Willeskop","Bedelaars Kerkhof",Q2588024,"Oudewater","Netherlands","Oudewater","Netherlands",,6,7aa8d79e-9c82-47dc-a09d-41c934d51126,c241af73-4039-4bcb-82c6-190da91351cf
location_only,"Cemitério Municipal de Santana","Cemitério Santana Chora Menino",Q5058737,"São Paulo","Brazil","São Paulo","Brazil",4.4,87,9c188599-de56-4704-9281-64521ddc4025,c3bf5676-bde5-494d-b2d0-9c222672350a
similar_name,"Center for the Visual Arts","University of Toledo Art Dept. Center for the Visual Arts",Q118636751,"Toledo","United States","Toledo","United States",4.1,12,b6727fdd-2b2a-4814-adf1-b2c4ab4f26ad,b3ba37a2-f828-4b41-8130-57712bab0dc2
location_only,"Center of Innovation Anacleto Angelini","Centro de Innovación UC",Q88667534,"Macul","Chile","Santiago, Macul","Chile",4.7,12,7e9b292b-5cfe-4e2d-acab-38bd289e2664,105e4092-0141-469d-a155-f187c6f668dc
exact_name,"Center Street Cemetery","Center Street Cemetery",Q5059354,"Wallingford","United States","Wallingford","United States",4.7,145,f6a25b6d-f4f9-416f-a2a7-80ce0b425260,5f9e3acd-6498-4988-99af-ce3d4743d0cb
exact_name,"Centerville Pioneer Cemetery","Centerville Pioneer Cemetery",Q5060136,"California","United States","Fremont","United States",5,35,fbafb4f7-7033-41a6-af7d-c5ea02a9ec63,9ec427df-ae32-40a1-b55a-fdad8d352ddd
exact_name,"Central Cemetery in Szczecin","Central Cemetery in Szczecin",Q1589477,"Szczecin","Poland","Szczecin","Poland",4.7,42,9f5c1c46-0468-45aa-8eac-aeb070a6d4e7,bc7b4477-5989-422a-8005-a8f80b405072
location_only,"Central Cemetery of Bogotá","Cementerio Central",Q2972505,"Bogotá","Colombia","Bogotá","Colombia",4,42,2e470ba7-b9a6-42a5-b340-3203027837e4,7a68b935-a894-416a-b725-2a787d5a7969
exact_name,"Central Heating Plant","Central Heating Plant",Q5061162,"Washington, D.C.","United States","Washington","United States",4.3,49,5393912b-6d3d-45df-8493-25d871abb0ca,81dae49d-ff8c-4d76-95fe-0419b92a6c3a
location_only,"Central Library, Des Moines","Des Moines Public Library - Central Library",Q66042452,"Des Moines","United States","Des Moines","United States",4.4,11,51f4549c-07f7-48e4-812d-0b1c663569c9,1b9b0626-3421-4309-bb35-84f140892771
location_only,"Centre Georges Pompidou","The Centre Pompidou",Q178065,"Quartier Saint-Merri","France","Paris","France",4.4,0,7ba861aa-5b85-4dfa-89dd-86cc00f8987a,c4fd27e0-8738-44bb-a3e3-0ae24960488f
location_only,"Centre International de Congrès de Tours","Le Vinci | Tours Congress Center",Q2945812,"Tours","France","Tours","France",4.4,19,0868c7cc-7132-4448-9e6f-c72ef1bf29bb,89da84eb-e7ef-4e20-b592-657432468392
similar_name,"Centro Comercial Aragonia","Aragonia",Q5761063,"Zaragoza","Spain","Zaragoza","Spain",4,26,6f6fd5f0-59cb-48a9-b53d-5017be36f3ab,39be13f1-55e3-4ddc-b828-a576c686c857
location_only,"Centro Direzionale di Fontivegge","Centro Dirigenziale-Residenziale-Commerciale di Fontivegge",Q104902186,"Perugia","Italy","Perugia","Italy",3.2,34,c15faa6c-a095-47b6-bdec-26565a89070c,71f640a5-546b-45fb-ac73-ad1d9217e637
exact_name,"Centrum LIM","Centrum LIM",Q769503,"Śródmieście","Poland","Warsaw","Poland",,47,ffac9f4f-bdab-4e5d-aee2-3efc54d3fd3f,1881a19f-d364-49fb-8984-62a1dfec7ab6
location_only,"Ceramics Park Mino","Ceramic Park MINO",Q11314499,"Nagoya","Japan","Tajimi","Japan",4,62,6b73efd9-3aa6-4179-aaa5-9302b5a65e4e,6a8e7b09-9dfd-4132-93b2-27175fa513fd
exact_name,"Certosa di Bologna","Certosa di Bologna",Q3671680,"Bologna","Italy","Bologna","Italy",4.6,87,77706c4c-6416-40ed-a746-b6cdb4198ba7,7b0a4cbb-ee66-45c6-b7ca-8c2c64bea79f
exact_name,"Champeaux cemetery of Montmorency","Champeaux cemetery of Montmorency",Q24545,"Montmorency","France","Montmorency","France",5,40,7c1ed0b4-5a8c-47e6-8e2f-582bc93fab5b,50c9b1b2-9be3-4d2a-97df-0dccf20f61b5
similar_name,"Champmol","Chartreuse de Champmol",Q922303,"Dijon","France","Dijon","France",,80,d2d1c1d9-67ab-43be-922f-ddd8c926699a,eb4ae922-b98f-44c9-b885-16bec4f0fc25
location_only,"Champs Bruley cemetery","Champs-Bruley cemetery",Q2972586,"Besançon","France","Besançon","France",4,101,42851cb2-e292-4cae-91c1-37d054b00bf0,91717a83-ec15-40d0-b09d-1ae3bd22be41
location_only,"Chanin Building","Chrysler Building",Q2956104,"New York","United States","New York","United States",4.6,57,0729a13b-5a6b-4cf8-9107-909fff7cc9cf,3485ca53-d0ea-4398-9bd6-9fb151e90b3f
location_only,"Chapel of St. Mary and St. Nathalan","St. Mary & St. Nathalan Chapel",Q5073086,"Aberdeenshire","United Kingdom","Stonehaven","United Kingdom",4.6,4,1137caea-a213-422c-8852-0413f159ba0a,f968b894-26c9-43bd-aa96-710a61817427
location_only,"Chapel of Thanks-Giving","Thanks-Giving Square",Q124117919,"Dallas","United States","Dallas","United States",4.6,14,aab71503-4ac5-4f1d-afa8-a05a52c05c75,a89e6509-01a2-404c-b30c-716e224a7b14
similar_name,"Chapel of the Chimes","Chapel of the Chimes Oakland Funeral, Cemetery and Cremation Services",Q5073099,"Oakland","United States","Oakland","United States",4.7,46,76231c1a-23c1-4308-96cd-8e7ab9ff9f54,c8e49208-fa19-4c17-982f-57d7c1c3c985
similar_name,"Chapel of the Pines Crematory","Chapel of the Pines",Q5073118,"Los Angeles","United States","Los Angeles","United States",3.3,15,83b9709c-1a2c-4928-b92b-eb0a7d41808a,ce0b4f86-df63-42b6-ac30-6c54a44a2936
exact_name,"Charles Bridge","Charles Bridge",Q204871,"Prague 1","Czech Republic","Prague 1","Czech Republic",4.8,57,740b714e-f1ff-4261-abd2-e3230b83f1f8,3ecaa238-40b7-4556-b5f7-11aca20d47ad
similar_name,"Charleston Baptist Temple","Baptist Temple",Q5084105,"West Virginia","United States","Charleston","United States",4.6,71,6cbc3c30-5abc-44ab-93c0-102f2fd80fa2,867c51de-734e-4d3f-b0bc-c5a799fe5e72
exact_name,"Charlottenhof Palace","Charlottenhof Palace",Q674963,"Potsdam","Germany","Potsdam","Germany",4.5,40,60fa83e4-51fb-43e8-8a3d-d4399f7bc7c9,179e64c9-a995-40ad-a11d-65afc179b7f9
exact_name,"Château de Chambord","Château de Chambord",Q205367,"Tour-en-Sologne","France","Chambord","France",4.6,48,690b65fa-9c86-4153-85ff-70c2aa997179,2579a3fb-cf4b-40da-ae4e-6c3eaf4a6511
similar_name,"Chelsea Garden Cemetery","Garden Cemetery",Q5090077,"London","United States","Chelsea","United States",4.2,51,9c2cc81b-b195-40ea-8de6-f8583768f4f3,b7133be2-2f88-4fbc-9f45-651a3b14156a
exact_name,"Chester Cathedral","Chester Cathedral",Q2559480,"Chester","United Kingdom","Chester","United Kingdom",4.7,58,89d8b654-8d69-4b3e-a58e-c89fbddad8f9,8ed4b0b6-f7d2-4737-b6ad-5f7b7770c862
exact_name,"Chicago Board of Trade Building","Chicago Board of Trade Building",Q2224700,"Chicago","United States","Chicago","United States",4.6,87,6d73f132-cfb0-4ddf-a368-e3194fdbed22,1e78e5b1-470e-4af2-b264-1beee4349463
exact_name,"Chief Wapello's Memorial Park","Chief Wapello's Memorial Park",Q5096952,"Wapello County","United States","Agency","United States",4.4,73,794e735f-b467-478d-9267-2af7125d15bc,5f472555-c2b8-431d-b8f8-de3259603a74
location_only,"Christ Church Tashua","Christ Episcopal Church",Q5108900,"Connecticut","United States","Trumbull","United States",4.6,72,687b14d6-cc41-4901-a1a8-ec643799bee7,49a338ff-6752-411b-9b24-72fa52932d0c
exact_name,"Christchurch Town Hall","Christchurch Town Hall",Q5109102,"Christchurch City","New Zealand","Christchurch","New Zealand",4.7,77,9feddb1f-36e2-4974-87cd-ac44e4088c94,61606e91-de5e-4488-a5df-0269b097843b
location_only,"Christian Dior Building","DIOR Tokyo Omotesando",Q125393713,"Tokyo","Japan","Shibuya","Japan",4,9,72236ff6-bb0b-4748-bcda-721e8b789447,87cdaaf5-c788-49c9-a47a-34abfd5e7353
location_only,"Chungkai War Cemetery","Chong Kai Allied War Cemetery",Q2301176,"Tha Makham","Thailand","Mueang Kanchanaburi District","Thailand",4.4,107,78bb506a-9d8f-4abc-a243-15c98f612784,a799bcb1-41a3-4f7f-b85d-3e98770e3185
location_only,"Church of Colònia Güell","Cripta de la Colònia Güell",Q2160663,"Colònia Güell","Spain","La Colònia Güell","Spain",4.5,12,9c5c5c43-9c86-42ca-8c1e-1fc084aa04b9,93a0df4b-62f4-4a4e-aeb0-fd35f648983f
location_only,"Church of Notre-Dame-de-Bonsecours","Our Lady of Bonsecours Church of Nancy",Q3580202,"Nancy","France","Nancy","France",4.4,6,94905226-5e1a-4666-bc50-8f0cdf908ec2,7d93a5e4-e65b-4259-9d65-07f5b89e207e
location_only,"Church of Our Lady","Frauenkirche Dresden",Q157229,"Dresden","Germany","Dresden","Germany",4.8,18,89d73c1a-9fb4-4193-8139-5c0489626ed3,18f05236-7939-4c42-bbd5-ef6e1fd56c36
location_only,"Church of Saint Roch","Scuola Grande di San Rocco",Q5418235,"Venice","Italy","Venice","Italy",4.8,42,251cb2de-a021-45c6-ac05-23394f1a3a8c,8a831d66-6925-49ce-a936-492f48ea477f
location_only,"Church of San Fermín de los Navarros","Parish Church of San Fermin of the Navarros",Q5117094,"Chamberí","Spain","Madrid","Spain",4.5,14,8d395f8f-6126-4eb6-bbfa-116f148afdec,c4a13a30-b185-46eb-91bf-4092982bac8d
location_only,"church of Santa Cristina","Parish of St Christina",Q5911546,"Madrid","Spain","Madrid","Spain",4.6,11,68e43bb3-3386-410d-95fa-a1b1aee4c343,97c86f43-ad17-4616-ab1b-4d93b6873fc8
location_only,"Church of Santa Cruz","Church of Holy Cross",Q5912532,"Madrid","Spain","Madrid","Spain",4.6,12,5c7e3092-00c1-494a-bad6-61e767564b6c,c1ef94c7-aeff-43ee-bc89-2b9ebaafc2ed
location_only,"Church of St. Augustine","Saint Augustin church",Q3581005,"Forest","Belgium","Forest","Belgium",4.2,20,90a00054-2503-4768-aabb-6e6d3f8f3c80,e54f1c19-0bfe-42c9-8d24-d647029c4264
location_only,"Church of St. Elisabeth","The Blue Church - Church of St. Elizabeth",Q579043,"Bratislava","Slovakia","Bratislava","Slovakia",4.6,2,774f6746-f5fa-493c-a1ad-e1f90749bfbc,a79e54bd-9a47-48eb-8e2b-5a852e197567
location_only,"Church of the Transfiguration in Tarnogród","Parafia rzymskokatolicka Przemienienia Pańskiego",Q11745759,"Tarnogród","Poland","Tarnogród","Poland",4.5,40,63985521-adf3-419b-b8f7-b8e1ba94fd75,40c9e571-8c17-4efb-a852-4fe94bfe02ca
location_only,"Church of Virgen de la Paloma and San Pedro el Real","Iglesia Virgen de la Paloma",Q5912503,"Palacio","Spain","Madrid","Spain",4.7,32,68727388-9fcc-40a3-a955-52548d23d344,9629e106-f50c-4f06-ad84-21d3c84bf5c9
location_only,"Cimetière attenant à l'église Saint-Vivien de Romagne","Cimetière - Eglise Saint-Vivien de Romagne 33760",Q2972495,"Romagne","France","Romagne","France",,2,8c54011d-526c-45c5-a483-cf3742fb2cf5,1eaadfda-1f3c-4ca2-8748-25b334648733
exact_name,"Cimetière de Bosc","Cimetière de Bosc",Q2972507,"Saint-Prix","France","Saint-Prix","France",4.8,41,8621d292-7145-4c19-b59c-233ca1157833,591d8a98-55c0-4f54-9139-ff347d0c2b21
similar_name,"Cimetière de Neuilly","Cimetière",Q2972541,"Valravillon","France","Valravillon","France",,23,913869d2-78c9-49a8-a2eb-147245a42370,4b664544-7347-40c1-b3fb-aac80c38867d
similar_name,"Cimetière des Arabes de Nessadiou","Cimetière des Arabes",Q2972584,"Bourail","France","Nessadiou","New Caledonia",5,13,6e7024dd-90af-4094-b06e-d9b5e9639cfc,471fa1fc-2850-491b-990f-f6439d5ecd4f
location_only,"Cimetière des Carmes","Carmes Cemetery",Q2972588,"Clermont-Ferrand","France","Clermont-Ferrand","France",4.5,126,8d18eaf5-2fee-45dc-8881-88e5d5a749df,4bc3bcc0-ba22-42e4-8dfe-9323840ad5f9
location_only,"Cimetière juif de Saint-Rémy-de-Provence","Cimetière Des Juifs",Q2972619,"Saint-Rémy-de-Provence","France","Saint-Rémy-de-Provence","France",4,19,7a1ac763-0b61-4210-9daa-9ea6299d564a,9da55276-9692-45bb-ba4c-263674d4ce1d
location_only,"Cimetière Marin, Sète","Cimetière Marin Paul Valéry de Sète",Q2972633,"Sète","France","Sète","France",4.6,20,86cff296-e626-4f81-982b-b5c53c4857bb,99b5fc16-67b3-4a3a-bd80-1def39a219ee
location_only,"cimetière militaire belge d'Eppegem","Belgische Oorlogsgraven Eppegem WO-I",Q740027,"Zemst","Belgium","Zemst","Belgium",5,50,a5c19836-a85f-4d46-88d8-631c61c05fcc,dff38564-ab91-4317-8b27-c603afd55f43
exact_name,"Cimetière Saint-Louis de la Robertsau","Cimetière Saint-Louis de la Robertsau",Q2972464,"Strasbourg","France","Strasbourg","France",2.3,74,9884a71f-386a-4612-afe3-9f0b6c01e0f1,95589679-4a99-4bcb-8aad-2f47d27a4696
location_only,"Cimetière Sainte-Hélène de Strasbourg","Cemetery",Q2972478,"Strasbourg","France","Strasbourg","France",2.9,30,82f180a5-e509-4485-866f-df3bd21045bf,67b4727f-e793-4054-97e2-eb7e023e5822
location_only,"Cimetière Sainte-Marguerite","Church of St. Margaret",Q2972484,"Paris","France","Paris","France",4.6,27,7c0e197a-4638-4b90-a576-d7ecc636ea94,669b6c23-27b3-42d5-b058-4d71b0c2ead5
location_only,"Cimetière Sud de Saint-Mandé","Cemetery Sud de Saint-Mandé",Q2972482,"Paris","France","Paris","France",3.6,48,5bbafbca-f183-4e09-a854-bfebde41fa9f,00d8bfaa-189b-4d37-a838-ca44fae36545
location_only,"cimitero dei Cappuccini (Palermo)","Catacombe dei Cappuccini di Palermo",Q3676915,"Palermo","Italy","Palermo","Italy",4.3,90,a1fd3818-6e73-4066-ac4d-a7fb8c046f6a,e2232b24-b4ae-4754-a909-13bc4df84780
exact_name,"Cimitero della Purificazione","Cimitero della Purificazione",Q3676923,"Livorno","Italy","Livorno","Italy",3.3,77,b16d05a8-78ce-4f15-93e3-aad8e293a03f,95e96206-649a-4b1a-a942-a0940743dda4
location_only,"Cimitero Flaminio","Prima Porta cemetery",Q3676869,"Rome","Italy","Rome","Italy",2.1,14,12ef6f18-cc4c-4327-a76e-059bfd9cc1aa,c5bc44fa-bbd7-4921-bf8f-3b9a9d1a4587
location_only,"Cimitero Monumentale della Misericordia, Antella","Cimitero Monumentale Misericordia di Antella",Q3676888,"Bagno a Ripoli","Italy","Antella","Italy",3.8,34,8fdd9f63-57b1-4185-9a29-47cd0425d07c,bbeb8dc0-a5ca-454e-9543-b555dba6516b
location_only,"Cimitero monumentale di Caltagirone","Monumental Cemetery of Caltagirone",Q3676890,"Caltagirone","Italy","Caltagirone","Italy",4.7,35,7b61194d-49b3-4e7a-bc61-13d599881842,9c133eee-b5d7-481f-88f9-8a38a78e1ffe
exact_name,"Cirencester Amphitheatre","Cirencester Amphitheatre",Q5121861,"Cirencester","United Kingdom","Cirencester","United Kingdom",4.1,80,801c04a7-733f-4dc8-9ff1-bccc76d3b164,b9a1d2f2-9e70-40df-903e-c7552c9efcb3
location_only,"Citigroup Center","Central Synagogue",Q391243,"New York City","United States","New York","United States",4.8,104,45e50ef4-314e-42f6-b635-77b2f106f366,51fb9da5-6f3a-4a1c-856b-c62e7761e018
exact_name,"City Green Court","City Green Court",Q53757296,"Prague 4","Czech Republic","Prague 4-Nusle","Czech Republic",3.9,50,a4486ad0-9803-4e79-bb2f-24c337cdef77,9f021d88-38dd-460c-b183-7a517e359f3e
location_only,"City hall of Texel","Municipality Texel",Q113563932,"Texel","Netherlands","Den Burg","Netherlands",3.8,25,5d77460a-08a0-4aa0-9788-1357eababd1d,88055449-57a8-4b47-92dd-c8e5f50d9483
location_only,"City Tower","City Green Court",Q3489939,"Nusle","Czech Republic","Prague 4-Nusle","Czech Republic",3.9,73,4a188519-9710-498b-b5b3-630723720845,9f021d88-38dd-460c-b183-7a517e359f3e
location_only,"Clairmarais Churchyard","Cimetière de Clairmarais",Q2024077,"Clairmarais","France","Clairmarais","France",5,46,94aa7fd9-3a33-4d68-9ac8-4dcbed691a55,5506d1e4-da42-46c9-9c30-5167dae2b149
exact_name,"Clay Street Cemetery","Clay Street Cemetery",Q5129988,"Alaska","United States","Fairbanks","United States",4.5,83,acd70e54-c70c-4282-9fbe-55bdbd9f1e79,8b78b73c-4abf-462b-85d8-3ec581a43333
location_only,"Clore Gallery","Tate Britain",Q98929280,"City of Westminster","United Kingdom","London","United Kingdom",4.7,71,39cf8377-cbd9-487e-908c-e174577ea129,e2d15b11-a552-469b-96da-426a8bb2b39e
location_only,"Cmentarz Żołnierzy Radzieckich w Piotrkowie Trybunalskim","Cemetery of Soviet Soldiers",Q976237,"Piotrków Trybunalski","Poland","Piotrków Trybunalski","Poland",4.3,21,65744c59-fd61-4485-a4e9-ec6859b4b2b4,5cb9a994-f724-41cb-94a8-5f4ff10fe0ba
similar_name,"Cohasset Central Cemetery","Central Cemetery",Q5141308,"Cohasset","United States","Cohasset","United States",,2,865addad-8076-4684-b1b2-ef65140b85f9,1873c01a-1d04-4a6d-8e59-4f807c86ac36
location_only,"Colegio La Salle-La Paloma","Iglesia Virgen de la Paloma",Q54157589,"Palacio","Spain","Madrid","Spain",4.7,39,0e21a397-5b51-464c-92cd-43f659cea6b3,9629e106-f50c-4f06-ad84-21d3c84bf5c9
location_only,"Colegio mixto La Salle-San Rafael","La Salle College - San Rafael",Q27031547,"Gaztambide","Spain","Madrid","Spain",,24,82d05536-f9b3-47f2-8e1e-4abce51baed5,a803a363-888a-42ed-8602-d0296464475f
location_only,"Collegium Stomatologicum w Poznaniu","Uniwersyteckie Centrum Stomatologii i Medycyny Specjalistycznej Spółka z o.o.",Q9195464,"Poznań","Poland","Poznań","Poland",3.4,18,8bf003b9-f5c1-46be-a9a1-8c25f0ab0c6a,8d505fd8-f06a-4483-ba53-9b185edf42a0
similar_name,"Concertgebouw","The Concertgebouw",Q849957,"Amsterdam","Netherlands","Amsterdam","Netherlands",4.8,6,7fa44f25-5e16-40e6-b1ab-d3738a54106f,b84f4aaf-a3ac-4341-b696-b276dbeea92e
exact_name,"Concord Free Public Library","Concord Free Public Library",Q5158795,"Concord","United States","Concord","United States",4.8,105,a95aa848-1254-4338-aa1a-d890dafcb505,b6406250-945e-445f-90ab-94180f373f82
exact_name,"Conde-sur-L'Escaut Communal Cemetery","Conde-sur-l'Escaut Communal Cemetery",Q2842436,"Condé-sur-l'Escaut","France","Condé-sur-l'Escaut","France",4,97,97c549f6-018c-4689-ac55-e97b9cc03a00,cc95777d-cabb-4fd3-adcd-a598ac638fb7
similar_name,"Contrabands and Freedmen Cemetery","Contrabands and Freedmen Cemetery Memorial",Q5165631,"Virginia","United States","Alexandria","United States",5,16,774a9c75-0fd4-4064-9fa9-0b54881c633e,b835f630-6543-42cf-a102-96b1e6d8ac72
location_only,"Crematorium, Csömör","Csömöri sírkert és hamvasztóüzem",Q876327,"Csömör","Hungary","Csömör","Hungary",3.6,41,6ea658b3-2c3d-4158-9f7d-6be0e57e2521,76613367-043b-4c43-89d5-a8438a78df46
location_only,"Cross Bones","Crossbones Graveyard & Garden of Remembrance",Q5188236,"London Borough of Southwark","United Kingdom","London","United Kingdom",4.6,58,60df4153-08fe-47f8-84d2-9dc2092dfbea,ae0e6329-77cc-48c3-9498-7a873d1d9318
exact_name,"Crosstown Concourse","Crosstown Concourse",Q55150,"Memphis","United States","Memphis","United States",4.7,105,8a8d87f7-32bf-4a1b-87ea-13e395a96c22,fc27e627-7b40-4a06-8587-ce7cb392a5b0
similar_name,"Crowne Plaza Copenhagen Towers","Crowne Plaza Copenhagen Towers by IHG",Q5189539,"Copenhagen Municipality","Denmark","Copenhagen","Denmark",4.3,30,781a28f3-cace-4316-abd8-7cd3646ed9bd,6ffa2306-28e0-4a33-8a0c-53fee44ab91b
location_only,"Cuvilliés Theatre","Cuvilliéstheater",Q532191,"Altstadt-Lehel","Germany","Munich","Germany",4.6,102,8b227868-5007-4a3c-8da5-9a6b29e5faf2,a08957d8-230d-4da6-8725-d7bf1b70a510
exact_name,"Cypress Hills Cemetery","Cypress Hills Cemetery",Q2972519,"New York","United States","Brooklyn","United States",4.2,127,771f42db-7d7f-4c74-9fb2-d48ddc317219,a29d1f7b-a3b7-4460-a1c4-0050f86cfdd3
exact_name,"Damariscotta Baptist Church","Damariscotta Baptist Church",Q5212000,"Maine","United States","Damariscotta","United States",4.6,59,6ef8fe3a-80a9-43e3-aef7-a01e035a6cfa,21da62d7-aa5a-4ee4-96a8-1b566f62b22d
location_only,"Dancing House","Golden Angel",Q244816,"New Town","Czech Republic","Prague","Czech Republic",,0,4cd07c91-8774-46c4-9984-35f51339bc01,07b916de-b6a5-472e-b82f-b08631b2e61e
location_only,"Dänische Botschaft","駐日デンマーク王国大使館",Q125398396,"Tokyo","Japan","Shibuya","Japan",3.9,11,a4a32551-4b23-4faf-9d69-cb903b69ca9c,ac7625e1-5ff2-4767-9ec2-d59208c6081b
exact_name,"De Nieuwe Noorder","De Nieuwe Noorder",Q2118448,"Amsterdam","Netherlands","Amsterdam","Netherlands",4.2,84,af54ea2b-2094-4d9b-8453-2a2a64bf3d3d,9b7010db-291e-447f-8b84-0a2a6e35004e
similar_name,"Defence Forces Cemetery of Tallinn","Defence Forces Cemetery",Q5251189,"Tallinn City","Estonia","Tallinn","Estonia",4.3,49,8aff3038-ba58-4e90-b4dc-f846f8f31834,98e83f28-900c-4996-84d4-5c5985c5fce9
location_only,"Delano Hotel","Kimpton Surfcomber Hotel",Q5253151,"Miami Beach","United States","Miami Beach","United States",4,106,be2a5950-6242-4c8c-8082-adf44bfc8db6,8132d3ab-0765-4dbf-8f86-46c029f888fc
location_only,"Delettes Communal Cemetery","Cimetière",Q2287833,"Delettes","France","Delettes","France",,7,9db67e60-0186-4c25-a3ad-e7dd7e2fec04,880cb2ab-617f-453d-b45b-d8bbab55a403
similar_name,"Delsaux Farm Cemetery","DELSAUX FARM CEMETERY, BEUGNY",Q4891370,"Beugny","France","Beugny","France",,34,5fd9438d-5f50-4878-8dac-f7d69d7aec49,0093de04-029a-4a8f-8104-13fb489637d2
location_only,"Dickson County War Memorial Building","War Memorial Building LLC",Q39050676,"Dickson","United States","Dickson","United States",,35,5ec0361c-ea8e-4d37-90f0-cb590fdc100a,3b6a950b-691f-4281-ae9a-25c7b3e0efe5
location_only,"Diözesanmuseum Paderborn","Paderborner Dom",Q1363869,"Paderborn","Germany","Paderborn","Germany",4.7,92,437c142b-3eac-4aaf-a943-d30227035127,564957e2-3599-4d40-b31c-c162e994ec80
location_only,"Doge's Palace","Saint Mark's Basilica",Q189883,"Venice","Italy","Venice","Italy",4.7,126,dc416798-3f26-4307-85cb-8eee710872e9,2b31e163-358a-45fc-b523-6c1312ebb379
location_only,"Dom- und St. Magnifriedhof","Magnifriedhof cemetery",Q1236500,"Brunswick","Germany","Braunschweig","Germany",5,42,9d461c33-f7a7-4946-b054-1f67a055d06b,23d0edd4-137c-4bd5-b96e-6bf39297fbe6
location_only,"Dormition Cathedral","The Moscow Kremlin",Q748910,"","","Moscow","Russia",4.8,58,deb30227-ae7a-4757-8e01-6cfa547e4acc,59e068bf-3d4d-4ce2-ac70-c9ac292709ed
location_only,"Dornbacher Cemetery","Dornbach Cemetery",Q1245599,"Vienna","Austria","Vienna","Austria",4.3,36,7a4c11ce-807f-4fa5-8a43-c4bfb459c558,d8df54ef-564f-4ad5-ab3f-22c5c7b3d7e2
exact_name,"Drottningholm Palace","Drottningholm Palace",Q208559,"","","Drottningholm","Sweden",4.5,50,66144b83-869a-4028-8283-4a58c3c3cd47,8865d1d7-7b83-4346-a061-907d266f3c8e
location_only,"Drujba Sanatorium, Kurpaty","Kurpaty, Korpus Druzhba",Q107332945,"Kurpaty","Ukraine","Kurpaty","Russia",4.2,4,7566645f-7eae-417e-ae85-fd3e90649f30,1fada4cf-54a1-4baa-a3c5-2cfb5c6d2259
exact_name,"Dulaney Valley Memorial Gardens","Dulaney Valley Memorial Gardens",Q5313294,"Baltimore County","United States","Timonium","United States",4.2,56,755657a1-7528-476f-8322-78b597316ce2,9b0f0a10-ef2b-487f-8274-189c7bc41f57
similar_name,"Dunfermline Abbey","Dunfermline Abbey and Palace",Q2044924,"Fife","United Kingdom","Dunfermline","United Kingdom",4.7,33,6c10b3b2-9509-4b90-84ce-34aa886db526,2945ae60-df5b-4267-8538-7423aef08976
location_only,"DZ Bank building","Pariser Platz",Q1156269,"Bezirk Mitte","Germany","Berlin","Germany",4.6,92,c06155ad-07df-490a-bfcb-5376c6e6c01d,1be41b45-f45e-47ce-92b1-423fa6b4e58f
location_only,"East cemetery in Essen","Ostfriedhof",Q2035474,"Essen","Germany","Essen","Germany",4.8,63,8126be6d-1104-496d-8b80-b7645b79b080,8d7abae5-7908-44a2-85df-da220754f093
exact_name,"Eden Cemetery","Eden Cemetery",Q5336824,"Collingdale","United States","Collingdale","United States",3.9,124,a296a616-9157-4b1c-b549-52a070453558,06e72e7e-d40c-4bd2-804e-cbd273041f63
exact_name,"Édifice Marie-Guyart","Édifice Marie-Guyart",Q273781,"Quebec City","Canada","Québec City","Canada",4.4,69,5ed7f301-278c-49d7-a47e-71333eaa3e1a,d2acb72b-cab3-4a84-a509-b10d6174148e
location_only,"Edifici Colon","Parròquia de Sant Josep i Santa Mònica",Q5338045,"El Raval","Spain","Barcelona","Spain",4.6,121,0dcda549-3ea0-4ab5-b5c1-e256f084672c,edd77156-f178-481a-b92a-14ee4ebbe772
location_only,"Edifici Gas Natural","Tower Marenostrum",Q5338037,"La Barceloneta","Spain","Barcelona","Spain",4.3,29,0f8ada4d-8882-43a8-9642-ba8228626da0,b5678dba-a921-44f0-97ab-6354db49d670
location_only,"Edifici Illa Diagonal","Chocolat Factory",Q47166175,"Les Corts","Spain","Barcelona","Spain",4.5,25,90a8e8dd-d63f-45eb-8176-24ed527d0fa9,83b61473-d68f-47e2-9bee-7298ef611a8a
similar_name,"Ehrenfriedhof","Ehrenfriedhof Wilhelmshaven",Q1300082,"Wilhelmshaven","Germany","Wilhelmshaven","Germany",4.6,94,98957a7f-32b1-4eac-8bb5-7fb9c15a8689,df0c0728-9220-4d14-9431-c3405ed6c907
exact_name,"Ehrenfriedhof Elberfeld","Ehrenfriedhof Elberfeld",Q1300090,"Wuppertal","Germany","Wuppertal","Germany",5,43,8a46beae-60e5-4461-9397-f95e503ca9ba,95adc013-23ab-47fe-a202-d3db7b5096f7
exact_name,"Ehrenfriedhof Heidelberg","Ehrenfriedhof Heidelberg",Q1300095,"Heidelberg","Germany","Heidelberg","Germany",4.8,80,88b5ee05-ece8-451e-bcec-d65f18a8a23f,8c3c7cd8-7211-49e4-8113-abb395e5ce15
similar_name,"Ehrenfriedhof Kastel","Ehrenfriedhof",Q120256,"Kastel-Staadt","Germany","Kastel-Staadt","Germany",4.8,87,62347eef-e16e-47cf-9a8d-a26d07e0d92b,3ee4a1d8-eeca-44ca-881b-4f211def709f
exact_name,"Ekenäs Castle","Ekenäs castle",Q2240877,"Linköping Municipality","Sweden","Linköping","Sweden",4.3,42,97ec5fff-1a4f-4660-be08-dcbe1fccb4f4,c064cfdd-2a30-424c-ae70-63a7f59d89c2
location_only,"El Capitolio","National Capitol of Cuba",Q1352908,"Havana","Cuba","Havana","Cuba",4.6,37,b14261cf-6a68-4053-abf4-5354b6d87df2,b593832d-1030-4dc8-b985-9e070026f25b
similar_name,"El San Juan Hotel","Fairmont El San Juan Hotel",Q114267693,"Carolina","United States","Carolina","Puerto Rico",4.6,50,a3fd3dd2-6f58-443e-9eea-f01e9fa4f2e1,fe407666-8a3f-4880-bc74-9cc627009935
similar_name,"Elbphilharmonie","Elbphilharmonie Hamburg",Q673223,"Hamburg-Mitte","Germany","Hamburg","Germany",4.6,31,a5303a80-078a-47d8-84cc-47df16bce327,9ad7ec59-34d8-41de-ac98-d137c96eb392
exact_name,"Eliot Burying Ground","Eliot Burying Ground",Q5361218,"Boston","United States","Roxbury","United States",3.3,83,6423e33e-b2a4-4bb5-a083-5820d8548810,628bc137-c705-4499-964a-849a780c8140
exact_name,"Elm Ridge Cemetery","Elm Ridge Cemetery",Q5366309,"North Brunswick","United States","North Brunswick Township","United States",,104,84fba0a0-d6c2-4f2b-8f3c-11abae79b0cd,ac600a5e-e789-4f87-9623-b2f30e9b91af
exact_name,"Elmsford Reformed Church and Cemetery","Elmsford Reformed Church and Cemetery",Q5366909,"New York","United States","Elmsford","United States",1.5,47,7113e6a2-345b-4bb1-88fd-5bc6d54e1c2b,1e9e1253-e489-4999-b0d1-15b175945480
location_only,"Els Quatre Gats","Mahalo Vintage Comtal",Q1333395,"Gothic Quarter","Spain","Barcelona","Spain",4.7,103,c0031f70-82d0-499c-ae01-9cc2ebd47d41,130956d0-9d59-4632-b9db-36b67973ce68
similar_name,"Emery School","Emery School Apartments",Q5370999,"Maine","United States","Biddeford","United States",3,55,a842fc66-3859-4eba-92ae-d8b3fefa318e,42ade17a-c1cb-4e18-ae4f-2908f4329f61
location_only,"Engine Company 16-Truck Company 3","DCFD Engine 16 and Tower 3",Q5377677,"Washington, D.C.","United States","Washington","United States",4.8,34,96bef4c5-582c-477f-9729-2b2f9f1fb778,f6aaa01b-597a-4efb-957f-51aa9eb642de
location_only,"Enzenbühl cemetery","Friedhof Enzenbühl",Q1457321,"Canton of Zürich","Switzerland","Zürich","Switzerland",4.6,101,a2799819-d7ee-4e5a-ab43-4697ec75461c,8ef165de-e2c8-41b9-b15d-ebbb02b690a7
exact_name,"Epinal American Cemetery","Epinal American Cemetery",Q2190686,"Dinozé","France","Dinozé","France",4.8,98,a41d7ac4-1426-4e4f-a4bd-7c5bfdbf1379,49c79512-8d7b-468a-8cf1-367e862988ed
location_only,"Equitable Building","Trinity Place",Q1347892,"New York","United States","New York","United States",4.4,125,f5fac131-fb76-43ab-91d7-f7faba20284e,9f8da492-7961-4396-ade7-e2daf14ef0b5
location_only,"Erandio","Altzaga",Q3034969,"Erandio","Spain","Erandio","Spain",,44,5fc51c47-fc28-4dcb-8831-ac4853bca245,392863f5-3438-4c01-a586-98dabcd44fbf
similar_name,"Erlacherhof","Erlacherhof - Stadtkanzlei Bern",Q1355223,"Bern","Switzerland","Bern","Switzerland",4.5,16,b094ada4-6fea-4149-be2d-494824404016,911d15af-8a10-4f60-bccd-060d4db1e277
location_only,"Ernst & Young Building","EY Netherlands",Q24200092,"Rotterdam","Netherlands","Rotterdam","Netherlands",4.5,8,6a2dcfd4-dad7-4303-9561-b6861f263a7f,316f63c8-4bcd-441e-8f2f-e4d939ae34bb
location_only,"Ernst-Happel-Stadion","Ernst Happel Stadium",Q185741,"","","Vienna","Austria",4.4,17,9b79eae8-1b00-450a-b38e-a3c4891bb477,8e518df8-e679-4f38-a730-48bbb199a12f
location_only,"Esplanada dos Ministérios, Bloco N","Esplanada dos Ministérios Bloco O - Plano Piloto",Q127605462,"Brasília","Brazil","Brasília","Brazil",,97,c19d28e9-9c4c-4276-89fd-290a515739d3,699f1c97-0ce6-4b71-bf55-866352c94b5c
location_only,"Esplanada dos Ministérios, Bloco P","Esplanada dos Ministérios Bloco O - Plano Piloto",Q127605464,"Brasília","Brazil","Brasília","Brazil",,93,2bb04d26-cab4-4cad-90ff-6ae3fa3a9aae,699f1c97-0ce6-4b71-bf55-866352c94b5c
location_only,"Estadio Centenario","Centenario Stadium",Q498245,"","","Montevideo","Uruguay",4.5,85,9146daa9-f124-4f25-aa2e-b32458fc107d,d2cbacc2-3671-454f-bb27-cf33333c8f8f
location_only,"Estádio Nacional de Brasília","Arena BRB Mané Garrincha",Q336088,"","","Brasília","Brazil",4.4,11,93e46812-99be-47af-b543-26678b579298,8ff09bce-3206-48d7-bec2-1b5f2a088198
exact_name,"Estádio Serra Dourada","Estádio Serra Dourada",Q924172,"Goiânia","Brazil","Goiânia","Brazil",4.2,35,61e35921-98f5-4490-ad0f-7d41e5955e3a,6c2d55a6-1909-4c5b-9061-307854ee5080
location_only,"Ethnographic Museum of Zagreb","Ethnography Museum",Q502157,"Donji grad","Croatia","Zagreb","Croatia",4.5,13,ae37d543-e2e0-41b5-b633-145ad6b71fb7,705ada5d-c228-47da-98f4-07877b28f2b4
location_only,"Evangelical Cemetery of the Augsburg Confession in Warsaw","Protestant Cemetery - Augsburg",Q1379798,"Warsaw","Poland","Warsaw","Poland",4.9,64,a9692fd9-7582-4499-bec3-5594ce8f889c,9961919b-bf3a-4354-b5eb-b6a9600eb696
location_only,"Experimental Theater","Experimental Theatre",Q15217115,"Mumbai","India","Mumbai","India",4.7,47,60f64ebc-16ab-4606-b358-c3c700d42829,04d719b1-eb1f-4341-83ea-704e00678e3c
location_only,"Exxon Building","1221 6th Ave",Q173498,"New York","United States","New York","United States",,85,e5c73953-da81-4867-82e9-670c1c30059a,3c63d34c-7342-41b2-9966-c50957c7a199
exact_name,"Fairmont Senior High School","Fairmont Senior High School",Q5430605,"Fairmont","United States","Fairmont","United States",,38,89ab0809-caee-4db1-a191-deb94ff10e6b,75810003-5f53-4bb8-ba26-f0df3750fef2
location_only,"Fairmont Singapore","Swissôtel The Stamford Singapore",Q5430604,"Downtown Core","Singapore","Singapore","Singapore",4.5,86,bbe13a69-74e0-42d5-86da-e2ed3a780671,d05fbb22-2c5a-428e-ab73-289c8f013782
exact_name,"Fairview Cemetery","Fairview Cemetery",Q5430798,"Santa Fe","United States","Santa Fe","United States",4,34,7427e0a3-9782-47b8-a81a-faf9889f493f,b220abf0-4a32-4164-a8b1-3eab9a6064a3
exact_name,"Favreuil British Cemetery","Favreuil British Cemetery",Q2746932,"Favreuil","France","Favreuil","France",4,44,765eb7ab-75f7-4a30-95cb-1fc85ee11156,f35574cf-5584-4eaf-aea9-02559567ce53
location_only,"FCG Building","FCG Bldg.",Q10954019,"Tokyo","Japan","Minato City","Japan",4,57,ad87e772-79d3-4d06-8d1a-451ed99be130,f6a5bd2f-d46c-4fc3-bb17-968f3ca7ad0b
location_only,"Feriköy Protestant Cemetery","Feriköy Protestan Mezarlığı",Q5444318,"Şişli","Turkey","Şişli","Turkey",3.9,10,8a32902c-d226-4432-95f1-c977f37b3fd5,8a62cd2d-46cd-4950-984f-522f98fe9078
location_only,"Festubert Communal Cemetery","Begraafplaats van Festubert",Q2003083,"Festubert","France","Festubert","France",,2,809fb132-5a44-4bb3-addd-08dfa53a0732,8437a809-180a-4cb5-a434-b0106e658475
location_only,"First Congregational Church","Waltham Public Library",Q5452826,"Waltham","United States","Waltham","United States",4.7,111,b3957a0f-28c1-4f58-8ec3-b604eb2f5815,fbf09d16-d80a-4c60-a6eb-2b87dff57f66
similar_name,"first Goetheanum","Goetheanum",Q71727917,"Dornach","Switzerland","Dornach","Switzerland",4.6,78,a92b2477-4caf-4586-b4eb-7779c95c1101,216fa33b-d8fd-432d-8bf6-6ca6cecc1e3a
location_only,"First Presbyterian Church Cemetery","Knoxville First Presbyterian Church",Q5453657,"Knoxville","United States","Knoxville","United States",4.5,7,6474a585-0111-45db-a828-261f39c36ecc,afc3ed97-7b9b-420c-87a4-1af1e2beb0d5
location_only,"Fisherman's Bastion","The Church of Our Lady of Buda Castle",Q493117,"Budapest District I","Hungary","Budapest","Hungary",4.8,69,41486221-184f-4cf1-bef8-83932b883e2a,94278085-53c6-413b-8eaa-14834acc023c
similar_name,"Flanders Field American Cemetery and Memorial","Flanders Field American Cemetery",Q2216737,"Waregem","Belgium","Waregem","Belgium",4.7,26,a16f7005-13f2-4089-b814-8b00f61947d1,70daa688-da46-42c7-8eb2-91c07335e125
similar_name,"Fondation suisse","Fondation Suisse / Pavillon Le Corbusier",Q646264,"Paris","France","Paris","France",4.4,3,741f413b-0903-44a7-8cd7-7b27b31af742,98c7a0b3-c3cb-4577-9a08-8375409bcb99
location_only,"Forest-l'Abbaye Churchyard","Cimetière de Forest-l'Abbaye",Q2757433,"Forest-l'Abbaye","France","Forest-l'Abbaye","France",,34,5fb63e34-adc3-4238-b5cd-f3eeee279731,a1cb8fba-c2ab-400d-9f26-bbab096b37a1
location_only,"Former Mitsui & Co. Moji branch","〒801-0852 Fukuoka, Kitakyushu, Moji Ward, Minatomachi, ７−7−1 北九州市旧門司三井倶楽部",Q11510897,"Kitakyushu","Japan","Kitakyushu","Japan",,76,69a1e111-214d-4e5d-ac60-b65d95386b6a,71b88396-540f-4002-ae01-db3ab9e09d39
location_only,"Former Muto Villa, Kobe","Former Sanji Muto House",Q11511082,"Kobe","Japan","Kobe","Japan",4,22,a8c8ad8e-1999-48b5-a24f-91b2be781151,05c9029d-4da5-4d1a-9cfe-b9f42fc75827
similar_name,"former Poznań Town Hall","Town Hall",Q53211,"Poznań","Poland","Poznań","Poland",4.8,24,71686351-6c3a-4f9e-a929-19fc5c756167,05a33bb3-0198-4812-9e17-4c513c6dcc63
location_only,"Former Sharp's House","Moegi House",Q515026,"Kobe","Japan","Kobe","Japan",4.1,2,84697a85-d0da-4480-9530-af5023b9a1a3,6e0dc04d-5262-4dab-b287-faec9baf082f
similar_name,"Fouquieres Churchyard","Fouquieres Churchyard Extension",Q2687892,"Fouquières-lès-Béthune","France","Fouquières-lès-Béthune","France",4.8,88,7430ca26-079f-4e1f-97b6-c136418ff7f0,6af92d2b-af05-4336-a10d-11d8b652b8bd
location_only,"Four Seasons Hotel New York","432 Park Avenue Condominiums",Q992616,"New York","United States","New York","United States",3.4,92,bd366ed9-5b97-4a79-8ff0-a410b1a5ea71,c45f2c03-4946-4d1b-b5e0-916061ca4c0b
location_only,"Francis Buttrick Library","Waltham Public Library",Q5480388,"Waltham","United States","Waltham","United States",4.7,27,8087325e-d72f-46de-989f-237d98bf98ba,fbf09d16-d80a-4c60-a6eb-2b87dff57f66
location_only,"Franciscan Church, Salzburg","Franziskanerkirche",Q1450274,"Salzburg","Austria","Salzburg","Austria",4.6,39,7ae1d7d5-0a6c-409b-9a2d-3e65f85c5d15,e440f172-65aa-40f8-98bc-b5334bfa3010
location_only,"Franklin County Courthouse","Franklin County Court House",Q48791897,"Preston","United States","Preston","United States",4,101,7aaaaeaa-a8da-4145-9e80-4b1b03a25df0,915dc0ac-d82f-4d90-ab5b-61ccb7604cdc
similar_name,"Franvillers Communal Cemetery","Franvillers Communal Cemetery Extension",Q2122239,"Franvillers","France","Franvillers","France",4,44,83fbffc3-26e6-4a1c-957e-f51ead749180,5db510d4-16f6-42a7-a67c-aabb0923ea33
exact_name,"Frauenkirche","Frauenkirche",Q167193,"","","Munich","Germany",4.6,68,6d2ac1bd-d29a-40c4-9f65-6dc53bb5fea7,da479bb4-a197-45d8-b162-0b41b3f3cb53
location_only,"Frauenkirchhof","Frauenkirche Dresden",Q1451779,"Dresden","Germany","Dresden","Germany",4.8,13,75f8293b-d324-4202-8e13-252a4057dd54,18f05236-7939-4c42-bbd5-ef6e1fd56c36
location_only,"French Embassy building","Pariser Platz",Q134893215,"Berlin-Mitte","Germany","Berlin","Germany",4.6,62,5946c7ac-5ba2-4d59-a1b6-291fecb71e4f,1be41b45-f45e-47ce-92b1-423fa6b4e58f
exact_name,"Fricourt German war cemetery","Fricourt German war cemetery",Q2972646,"Fricourt","France","Fricourt","France",4.7,92,8d2d9cb0-5c13-4b41-b1d0-8b909eaff474,7043c346-30db-4918-84e7-ce693994b9dc
exact_name,"Friedhof der Märzgefallenen","Friedhof der Märzgefallenen",Q1457472,"Friedrichshain-Kreuzberg","Germany","Berlin","Germany",4.6,39,894d2884-fc99-4912-8397-a5a3eca84283,24d1590b-dc30-40f0-a515-e4692c5f022e
location_only,"Friedhof Frankfurt-Unterliederbach","Friedhof Unterliederbach",Q1457432,"Frankfurt","Germany","Frankfurt am Main","Germany",4.6,25,b1488d4b-0d30-4a4e-a190-aa6cf564b964,c0078283-14c3-4da8-ae22-77721af307b4
similar_name,"Friedhof Jammertal","Gedenkstätte Friedhof Jammertal",Q1457357,"Salzgitter","Germany","Salzgitter","Germany",3,75,9efd186c-324f-415b-b5f8-83f7056db89f,474667fb-af1d-42df-9ed1-4e5a7c59c728
exact_name,"Friedhof Pankow VII","Friedhof Pankow VII",Q1457392,"Pankow","Germany","Berlin","Germany",4.4,56,9aa52d01-6da6-4430-b408-1b2b9f2bd9c8,c2a47c91-436b-40ab-b44a-30fa850d81da
location_only,"Friedhof Perlach","Alter Perlacher Friedhof",Q1457399,"Munich","Germany","Munich","Germany",4.6,34,8ffa3727-d3e2-425a-bc74-dc41617bade3,657e5b2f-ecc3-45df-8e0c-a992333640c3
location_only,"Friedhof Solln","Cemetery Solln",Q1457425,"Munich","Germany","Munich","Germany",4.5,38,64a29be5-1557-4652-bcee-02bb3ad9a470,01ff5c61-1310-4404-bb1a-bcdd6974442e
exact_name,"Friedhof Wannsee, Lindenstraße","Friedhof Wannsee, Lindenstraße",Q1457440,"Steglitz-Zehlendorf","Germany","Berlin","Germany",3.4,36,8bb9997a-a442-4a8e-afca-a81989c7b525,0255b558-21f6-4606-a1f6-77466e663c4e
exact_name,"Friedhof Zehlendorf","Friedhof Zehlendorf",Q1457449,"Steglitz-Zehlendorf","Germany","Berlin","Germany",4.4,89,86371db1-7590-4a4d-95e6-0e680fc8dc8b,6d4a0615-a583-4a5b-aa82-cf470caccf9d
similar_name,"Fukushima Daiichi Nuclear Power Plant","Unit 3 of Fukushima Daiichi Nuclear Power Plant",Q114295,"","","Okuma Machi","Japan",,38,848a69bd-7f09-411f-a4df-92ab2a066f56,ff99b119-fb44-4fc0-a40e-d84afcbc95c2
location_only,"Fundación Instituto San José","San Jose Institute Foundation",Q29436698,"Cuatro Vientos","Spain","Madrid","Spain",4.1,66,6c5d79a5-7d6c-4423-bf78-807f065be2d4,8756c4e7-9e9b-47e4-888f-436dff66fcbd
exact_name,"Fürstengrabhügel Sonnenbühl","Fürstengrabhügel Sonnenbühl",Q1483252,"Uitikon","Switzerland","Zurich","Switzerland",4.7,61,afc93938-a30d-4195-bc7f-00ab3ef4cbb5,de3ae1a6-665c-4653-ba92-19f9ff03d5b7
exact_name,"Galitska Synagogue","Galitska Synagogue",Q117232,"Kyiv","Ukraine","Kyiv","Ukraine",5,45,91633d50-1c2b-4cd4-a102-c9faefe0fab0,b82c6d41-941b-4850-9ada-c23d2ea88325
location_only,"Gallatin County Courthouse","Gallatin County Court House",Q65121529,"Bozeman","United States","Bozeman","United States",3.7,80,79dc1c78-c279-49de-a7a6-20de9a8fbe72,743d7631-02a0-4117-9b51-9f4093bde730
exact_name,"Garden of Fine Arts Kyoto","Garden of Fine Arts Kyoto",Q11375286,"Kyoto","Japan","Kyoto","Japan",4.3,53,98a58afa-34e3-4e66-a5bd-fa2555a7725d,ca03bc9e-a671-487a-95a5-b3d719be4ae3
location_only,"Gare de Paris-Est","Gare de l'Est",Q757180,"","","Paris","France",4,15,84c26fc7-49e8-4ee4-a6d1-4e8aa5a08438,f48dd073-8915-481b-8d27-db6c46cb89fd
location_only,"Gare de Paris-Nord","Gare du Nord",Q745942,"","","Paris","France",3.4,97,89fc9680-6bac-4d7b-beb9-8546bfed279a,7c8ce8fe-2156-4913-a3e9-cafcd8476835
location_only,"Gare Saint-Lazare","Paris Saint-Lazare",Q747506,"","","Paris","France",4,111,6a5c7e08-2380-411f-88a5-c4041e9b93dc,ab743e29-0b2c-4754-91ab-58d88ff5495a
location_only,"Gate of Europe","Torre Realia",Q1141262,"Tetuán","Spain","Madrid","Spain",4.4,97,6deb6422-7f94-4b25-b005-fcaf208c9dd2,73a699f2-0086-41bf-a35a-d0ef5b9f40e3
location_only,"Gemäldegalerie Alte Meister","Dresden Zwinger",Q4890,"","","Dresden","Germany",4.7,92,47e2b9af-f787-4281-83f7-b282f5565d74,1125467a-35fe-4912-9d52-91703b91b197
location_only,"Gemeentehuis van Vlezenbeek","Gemeente Sint-Pieters-Leeuw",Q121327749,"Sint-Pieters-Leeuw","Belgium","Sint-Pieters-Leeuw","Belgium",,102,994653e1-3869-4300-b317-715a3a9759ed,1592ac61-ee7d-4b9b-9e77-a4c22063da11
similar_name,"Genève-Eaux-Vives railway station","Genève-Eaux-Vives",Q3098155,"Eaux-Vives","Switzerland","Geneve","Switzerland",4.6,68,98393908-20fd-4cb6-b50b-7569e2219eb6,40e12967-d2c4-4175-9f79-205a31773964
location_only,"Gent-Sint-Pieters railway station","Gent Sint Pieters station",Q800814,"Ghent","Belgium","Ghent","Belgium",4,92,96c4120d-af5e-46ac-ac00-70319f4105b4,e49ae0b8-3cd2-487d-9804-bdb33e8ba4b4
location_only,"Gerling Ring-Karree","[P] Parkhaus Gerling Ringkarree",Q16080,"Cologne","Germany","Cologne","Germany",4.1,43,a52eaed6-cf79-4e5f-bddd-acdad42de433,851b8ed8-46c3-4b7d-af52-7244380c241b
similar_name,"Gesù Nuovo","Chiesa del Gesù Nuovo",Q718774,"Naples","Italy","Naples","Italy",4.7,30,69633c5e-e3a2-4314-9316-0b4f077911e8,2908f7d7-3abc-4e51-b4b8-1a1bc651a10f
location_only,"Ghiyasiyeh Madrasa","Khargerd Ghiasieh School",Q5854526,"Khaf County","Iran","Khargerd","Iran",4.7,4,b229ec83-a942-4d52-89a6-232c1f15ce53,a86f057f-8db3-4084-88da-9409fb118a87
similar_name,"Glass House","The Glass House Brick Guest House",Q1506237,"New Canaan","United States","Stamford","United States",4.9,66,0e27bdac-e699-41b2-99db-f8b9cb9ccc01,40a43843-8c9a-441e-a9ee-602967c84e99
exact_name,"Glenwood Cemetery","Glenwood Cemetery",Q2751751,"Houston","United States","Houston","United States",4.9,62,ac7ed3fd-9599-4695-b080-fcc6ebca84ef,108f7264-643e-411d-84d3-5e11a561a58d
exact_name,"Glyptothek","Glyptothek",Q162077,"Munich","Germany","Munich","Germany",4.7,34,95c55524-75a9-4c7d-ae1a-2649f17a84dd,01fd57f0-0369-474f-93ee-1534f631dca6
exact_name,"Goetheanum","Goetheanum",Q659654,"Dornach","Switzerland","Dornach","Switzerland",4.6,61,af357b92-719c-4acc-ae9a-80c2413d5847,216fa33b-d8fd-432d-8bf6-6ca6cecc1e3a
similar_name,"Gokstad Mound","The Gokstad Mound",Q11972326,"Sandefjord","Norway","Sandefjord","Norway",4.3,8,973d94ce-da53-455d-9fe2-c35c8d9ede3a,74238aa5-91eb-4bff-b439-da5b2097877d
location_only,"Governorate's Palace","Palace of the Governorate",Q917387,"Vatican City","Vatican City","Vatican City","Vatican City",4.6,20,773e5512-89f9-4a1a-baf5-0ed3e14d458a,5f3ec526-f591-4fcb-9607-60698785ce43
location_only,"Grace Hopkinson Eliot Hall","Bertram Hall",Q12057051,"Cambridge","United States","Boston","United States",,70,8e3d2e98-dc33-46f5-b674-84f581245b56,ee03d9f8-73e5-45df-986d-6bb610690785
similar_name,"Grafheuvel Monnikenbosch","Monnikenbos",Q17454529,"Soest","Netherlands","Soest","Netherlands",4.6,79,804dcdc3-f55a-4ff2-b526-c5feda828e80,9ee7c16e-a003-4af9-b59a-a4d0d347660d
location_only,"Gran Teatre del Liceu","Memorial atemptat a les Rambles 17/08/2017",Q1130050,"El Raval","Spain","Barcelona","Spain",4.5,88,574f725f-d827-4a3a-9bf9-1ded6b926701,518acb26-71e8-4787-ab87-f64b45219577
location_only,"Grand Hyatt Hotel und Bürogebäude","Manifesto Market",Q117255504,"Berlin","Germany","Berlin","Germany",4.1,133,1df1de36-6a8c-4a17-b6c5-c8653be9cabe,51f9e56e-456c-4393-b951-bf3cdea435e8
location_only,"Grand Mosque of Paris","Grande Mosquée de Paris",Q392564,"Paris","France","Paris","France",4.5,22,a35ecaa6-3fc8-4236-957e-d8a782666177,7e4c01c3-26dd-411c-93b5-5dc628ec2c44
exact_name,"Grand Prince Hotel Akasaka","Grand Prince Hotel Akasaka",Q555225,"Tokyo","Japan","Chiyoda City","Japan",5,60,937ecd66-dcfb-4105-8ff2-1b26067f36af,1657b264-c9d6-4a0f-be4d-36dc8e04e21c
similar_name,"Grande Arche","Grande Arche de la Défense",Q216357,"","","Puteaux","France",4.4,38,8b327c2b-6eac-4bac-a914-995073fc90c5,81727fc8-fa49-4f0a-8845-9cb4dcd312f8
location_only,"Great Synagogue","Adama Mickiewicza 7",Q471463,"Katowice","Poland","Katowice","Poland",,124,9bf94537-74bb-44d9-a9a4-c10d524091ef,cea93f9c-e2e5-481a-96b8-9c81d4127c0f
location_only,"Grieg Hall","Grieghallen",Q1341892,"Bergen Municipality","Norway","Bergen","Norway",4.6,3,b06e074e-6c72-4924-af66-ef706181b48d,3c7a2a3a-9587-4bef-a3bc-77a679b619a4
similar_name,"Haarlem railway station","Haarlem",Q800863,"Haarlem","Netherlands","Haarlem","Netherlands",4.6,33,606344d2-a7cc-4f76-91dd-22606763897e,e7a85934-8638-41f3-837a-d0cf2ae208f6
exact_name,"Haji Ali Dargah","Haji Ali Dargah",Q542756,"Mumbai","India","Mumbai","India",4.4,39,a1a7b014-2688-4587-80d2-083b7af8ec1f,963edfd9-d366-4a42-a0ce-cf0fea0fb608
location_only,"Hallett Flats–Rawson & Co. Apartment Building","Hallett Apartments",Q5642920,"Iowa","United States","Des Moines","United States",5,27,7c7c4a21-cd92-4020-b918-7f5268d56dac,258fed06-a924-450b-b6c6-d14da49ca5f0
location_only,"Hancock Whitney Center","Hancock Whitney Bank",Q28868,"New Orleans","United States","New Orleans","United States",3.4,28,6c75cef5-0053-404e-899c-9b0bf1774690,398b8d15-d419-4371-a584-646d1605714b
exact_name,"Hans Otto Theater","Hans Otto Theater",Q113714891,"Nördliche Vorstädte","Germany","Potsdam","Germany",4.6,37,70b85a58-f65c-49f4-a884-73e52343aad7,1f284c76-4197-44b1-8044-cfccd7c0f05b
location_only,"Hardenberg Protestant Cemetery","Kerkhof Nijenstede",Q1925500,"Hardenberg","Netherlands","Hardenberg","Netherlands",5,7,8ac375e5-77c9-45b4-8c0a-1862a8cb6684,f1aa0423-9f83-49b3-bcce-8fc4f3fbbd4d
location_only,"Hasnon churchyard","Cimetière HASNON",Q2059142,"Hasnon","France","Hasnon","France",,75,8a5c1334-549a-4d43-998d-64ff60bb3238,c91ef55a-7176-4ed6-9aab-aa5550d9a11f
location_only,"Hauptsitz Möbelfirma Vitra - Vitra-Center","Vitra Center",Q118636577,"Birsfelden","Switzerland","Muttenz","Switzerland",5,43,92ad8845-b764-4003-8397-d17689fada82,3b246839-9d9f-4985-a47a-4b120d65a7ea
location_only,"Headquarters Administration Building","Park Headquarters",Q43371273,"Santa Cruz County","United States","Boulder Creek","United States",4.9,0,6aed913a-8d29-4cc0-8a68-aa244a779940,f36255b3-3bde-4237-ac9d-a9e51d9a7508
location_only,"Headquarters of the United Nations","United Nations Secretariat Building",Q11297,"New York","United States","New York","United States",,52,e155358e-c516-4564-98f1-7d11ed721a2a,c0ed742e-0391-43fd-93ed-191b02080899
similar_name,"Heath Wood barrow cemetery","Heath Wood",Q2002979,"Ingleby","United Kingdom","Derby","United Kingdom",4.2,30,83d8e7a1-b3a5-4ef3-940b-78747c005dc2,dc5a608d-1d82-4105-99b6-934b7ba126eb
location_only,"Helsinki Central Railway Station","Helsingin päärautatieasema",Q1044613,"Kluuvi","Finland","Helsinki","Finland",4.2,92,ae7a16a4-276d-48f1-a6c2-8e4e36e2a0c8,ffa5e905-886e-4f9c-bfaa-a121113872ac
location_only,"Het Nieuwe Huis","Buurthuis Lydia",Q1616099,"Amsterdam","Netherlands","Amsterdam","Netherlands",4.5,88,d482a9ec-0d88-4769-aa68-20d97639cf88,d59402c6-7305-4f05-95d9-8eea39e9782f
location_only,"HHStyle","The Little BAKERY Tokyo",Q125393987,"Tokyo","Japan","Tokyo","Japan",3.8,72,e63fb5cb-e60a-4bd6-9fcc-78c94b185f69,b6335303-c788-49b1-8c67-c04cee9b9ba7
similar_name,"Hillside Memorial Park","Hillside Memorial Park and Mortuary",Q5763964,"Los Angeles County","United States","Los Angeles","United States",4.6,108,6b584549-067d-4512-b44a-caa6bc7bd588,578a31be-f512-4e85-a689-cd6f3626e177
location_only,"Hilton Cincinnati Netherland Plaza","Carew Tower Observation Deck",Q16641845,"Cincinnati","United States","Cincinnati","United States",4.6,98,f08eee1f-01ae-422c-b301-31b8adac7626,b51b576d-5408-4f65-9d3a-46230cfd4433
similar_name,"Hofburg Palace","Hofburg",Q46242,"Innere Stadt","Austria","Vienna","Austria",4.7,98,95fc978c-6585-43a7-81fd-a5263c83af9c,e61c2f8b-e79c-4b25-9376-bf3c04028095
location_only,"Hohenstein power station","Wasserkraftwerk Hohenstein",Q2551134,"Witten","Germany","Witten","Germany",5,50,633e3524-edf3-4472-8b96-97bf62873bbe,54d5d16c-57f7-4bc6-a02e-1927eb6d083e
exact_name,"Hollywood Forever Cemetery","Hollywood Forever Cemetery",Q1624932,"Los Angeles","United States","Los Angeles","United States",4.6,42,74f2d55f-2854-438a-beb2-23125e213f7e,8d75d47c-98e1-45db-b902-25262e1a8147
exact_name,"Hornaing Communal Cemetery","Hornaing Communal Cemetery",Q2160739,"Hornaing","France","Hornaing","France",5,50,824b4616-22bf-46ab-a96b-21749a0e4cde,41661844-fea5-46d6-a530-af2d74a415c8
location_only,"Hospital de San Pedro de los Naturales","Rover Art Gallery",Q64442988,"Arapiles","Spain","Madrid","Spain",5,98,f9e41186-e822-4915-bdef-1db01bd08073,ae67f52f-4610-41ae-87d9-1e35cf52ff57
similar_name,"Hotel Arts","Hotel Arts Barcelona",Q1425790,"La Barceloneta","Spain","Barcelona","Spain",4.5,55,9ce9eee5-953b-406f-8436-ec80aa6178c9,6b6e4261-a9d3-49e6-882c-a824a781b76b
location_only,"Hôtel de Marsilly","Chantelivre",Q22924531,"Paris","France","Paris","France",4.7,96,aa64b4c1-dd4b-48d4-a588-f80a9724ca46,472effae-ae3c-43c3-a959-a0380092082b
similar_name,"Hôtel de Ville, Paris","Hôtel de Ville",Q640968,"","","Paris","France",4.5,24,771bcc08-3bfe-49b5-975f-166e289ed490,54cbed25-40f2-47ef-a025-0040c532e4cf
similar_name,"Hôtel du Lac","Hôtel du Lac, Tunis",Q27670825,"Tunis","Tunisia","Tunis","Tunisia",4.3,11,96c02af6-cb48-41ff-a0c0-8fdb82674aec,f3304802-bc7d-4e80-9be1-1a05152b0a6a
location_only,"Hôtel George-V","Four Seasons Hotel George V, Paris",Q217708,"Paris","France","Paris","France",4.8,14,88947ef3-ac71-4086-b93c-af6892b29e0c,91e394dd-d0b2-46e3-a81f-d046f352380d
location_only,"Hotel Horsa Nacional","Hotel Nacional Rio de Janeiro",Q5911578,"São Conrado","Brazil","Rio de Janeiro","Brazil",4.5,34,827f86aa-abf1-4b63-b6ff-ab763f14ae84,565ed5fe-6010-476a-b9fd-98be618da8a3
location_only,"Hôtel Loews Le Concorde","Hôtel Le Concorde Québec",Q3221699,"Quebec City","Canada","Québec City","Canada",3.6,23,60f4fc85-5c8d-4114-8de5-2825eeb4bbd2,81e76f30-9e19-4072-a01a-76945768f067
similar_name,"Hotel Metropol","Hotel Metropol Moscow",Q2034313,"Tverskoy District","Russia","Moscow","Russia",4.6,65,99ba8b48-5ce4-487b-ae2a-f2f00990c3ff,2816e2a8-6f06-46f6-9109-2e96394567fa
location_only,"Hotel National","National Hotel",Q4314782,"Tverskoy District","Russia","Moscow","Russia",4.6,67,66e9a687-5f44-4bb5-bb9a-f29910e5ffcb,5c1d8e9c-ed53-42f0-b094-376145d46f3b
location_only,"Hôtel Paris Bastille Boutet","Nomade",Q28041305,"Paris","France","Paris","France",4.7,110,343e80d9-6dae-4eaa-a438-2560128e2824,886cd4c0-7e2a-48f5-a473-1ac0b573d4b4
location_only,"Hotel Pez Espada","Pez Espada by MedPlaya",Q5911850,"Torremolinos","Spain","Torremolinos","Spain",4.3,28,5e2cd2be-86aa-45ad-afeb-8000a2743e79,2b9320be-e18b-4f33-8915-982612fb5d4f
location_only,"Hôtel Prince de Galles","Four Seasons Hotel George V, Paris",Q3145636,"Paris","France","Paris","France",4.8,43,bac8d042-ac2e-4cff-8241-d52efdb49dd6,91e394dd-d0b2-46e3-a81f-d046f352380d
location_only,"Hôtel Ritz Paris","Square Vendôme",Q656054,"","","Paris","France",4.7,98,74d6abbf-2531-4ed6-b644-12a4606f6f01,ed776988-a558-46ec-8695-af74446dbd98
location_only,"Hotel Saljut","Salute Hotel",Q4406243,"Kyiv","Ukraine","Kyiv","Ukraine",4,9,60b72211-2840-4dbd-9650-6f26f30fa894,947d9b11-131d-48da-a107-4e95d73133f2
location_only,"House of Culture and Library","A Művelődés Háza és Könyvtára",Q93081326,"Sárospatak","Hungary","Sárospatak","Hungary",4.6,0,7a2cd588-c0ea-46af-aacc-45d0d5ee71ec,2c629727-d3e0-434c-8659-276ceeaf1cba
location_only,"House of the Black Madonna","The House at the Black Madonna",Q2717859,"Prague 1","Czech Republic","Old Town","Czech Republic",4.4,5,94af95d1-7951-46de-871e-acb5301394af,93926122-02f7-4988-b962-bd3fac34a244
location_only,"House with Chimaeras","Gorodetsky House",Q1440653,"Kyiv","Ukraine","Kyiv","Ukraine",4.8,9,afcca1f0-0ed7-4e62-89b5-c8b5f21a2d4c,c79f10cd-4bb1-4e0f-b504-293e5b9f7446
location_only,"Huize Lydia","Buurthuis Lydia",Q1636190,"Amsterdam","Netherlands","Amsterdam","Netherlands",4.5,73,60dc4712-9933-46ea-8d45-1de3281fddc2,d59402c6-7305-4f05-95d9-8eea39e9782f
location_only,"Hundertwasserhaus","Hundertwasser House",Q493126,"Vienna","Austria","Vienna","Austria",4.5,47,ab165e51-1843-4224-8b91-e6750cec5068,6c28e2c6-3cd8-482c-8871-3baf25edc0bb
location_only,"Hütteldorfer Friedhof","Friedhof Hütteldorf",Q1652549,"Hütteldorf","Austria","Vienna","Austria",4.3,117,a879b78c-715f-4f2b-8870-2b38cf5c8534,c41c966d-9583-4f50-b31d-f2714b324a9c
location_only,"Hypo Alpe-Adria-Center","Alpen-Adria-Zentrum",Q119214319,"Sentpeter","Austria","Klagenfurt am Wörthersee","Austria",4.2,46,9010e182-30c3-465a-b50a-b6742dd2ea14,1d8b54fa-db10-4b23-90a4-f3aef16e4b1f
location_only,"Ilmenau Cemetery","Ilmenauer Friedhof",Q1515627,"Ilmenau","Germany","Ilmenau","Germany",4.8,22,62cb1524-5901-4035-ac15-12fb2e3d829e,8f3ed979-ce9c-417a-832a-cef2ea000143
similar_name,"Individual monuments of cemetery Alter Johannisfriedhof, Leipzig","Alter Johannisfriedhof",Q437979,"Leipzig","Germany","Leipzig","Germany",4.6,108,af16ca4a-65e2-43c7-a0c3-a95a20687131,9d9ede81-a016-4889-9c8a-cb7080cc68e1
location_only,"Information, Communications and Media Centre Cottbus","IKMZ - BTU Cottbus-Senftenberg",Q1662515,"Cottbus","Germany","Cottbus","Germany",4.7,17,6586d544-50d0-435e-b034-c9d01220f09d,d76281b6-6d97-4749-adc9-e6572322fb2b
exact_name,"Inland Steel Building","Inland Steel Building",Q3151358,"Chicago","United States","Chicago","United States",4.2,58,962aaea0-ffa3-4bbc-9189-facf58e91b55,4b4e87bc-704c-487b-a937-a93976eccb65
location_only,"Insurance Company of North America Building","Sift Cakes and Cookies",Q5818141,"New York","United States","New York","United States",5,103,70c75d27-d9e6-44f2-afa0-c8d5151b8c1c,f26de6fe-9273-422c-bc31-a752dfd019ea
location_only,"International Museum of Horology","Musée international d'horlogerie",Q683489,"La Chaux-de-Fonds","Switzerland","La Chaux-de-Fonds","Switzerland",4.6,116,733c4e90-45bc-4cb2-911f-e271dc307a43,734722e5-2d75-4ffc-950e-68bfbad204a4
location_only,"International Museum of the Baroque","Museo Internacional del Barroco",Q22981426,"Puebla","Mexico","Puebla","Mexico",4.7,60,6d236477-f133-45f6-965e-74b670382ab1,51d7f1ad-3f45-4c0b-b827-62af17ffd3ce
location_only,"Invalids' Cemetery","Invalidenfriedhof",Q643891,"Bezirk Mitte","Germany","Berlin","Germany",4.3,24,913de10c-cfd0-4f92-9804-e9fc23b0d787,10e63188-03b9-49bc-a61c-3280424d6d0d
location_only,"Isaac M. Wise Temple","Cincinnati and Suburban Telephone Company Building",Q1100476,"Cincinnati","United States","Cincinnati","United States",4.8,121,feeebe53-b802-453b-924d-155b7fd6c89a,ac2f9fc2-7457-4042-9b1b-136425c11808
similar_name,"Islamic Center of Greater Toledo","Islamic Center of Greater Toledo (ICGT)",Q113555543,"Perrysburg","United States","Perrysburg","United States",4.2,70,8fcc26dd-6327-4650-b237-fd6bde9841cd,af328be4-2141-40c1-99d4-7e40937a7e9e
similar_name,"Israel Museum","The Israel Museum, Jerusalem",Q46815,"","","Jerusalem","Israel",4.7,43,76cf74b0-b565-43b7-9359-47ceebdd581c,c1a11ead-2df3-4e32-95e3-d207ef404fd4
exact_name,"Istiqlal Mosque","Istiqlal Mosque",Q475379,"Pasar Baru","Indonesia","Central Jakarta City","Indonesia",4.8,80,b218f582-b8cb-41a0-8925-5e0834c41ab8,1140e048-0cd7-4262-8094-e64f1a364d28
location_only,"Italian Military Cemetery of Bligny","Cimetière milita ire italien",Q2972661,"Bligny","France","Chambrecy","France",4.7,21,7d74f867-9314-4e80-8d2f-b796717846e2,b3e85c05-df9e-4f78-81fd-bb4266077b18
location_only,"J. Edgar Hoover Building","Federal Bureau of Investigation Headquarters",Q167479,"Washington, D.C.","United States","Washington","United States",4.4,40,a7f36853-b681-406b-b597-6f61577116a5,685fe389-46e1-4628-92a5-9e769e7c6c0a
location_only,"J. Marvin Jones Federal Building and United States Courthouse","JM Jones Federal Building",Q6106481,"Amarillo","United States","Amarillo","United States",3.7,61,66adfd2e-f370-4f81-a48b-5f15a6a1f840,db765089-bd4e-48c5-8b57-36687d5aae60
location_only,"James Simon Gallery","Neues Museum",Q664484,"Bezirk Mitte","Germany","Berlin","Germany",4.5,72,39e9ea8a-3838-4462-9887-242d497077ef,05899217-8005-4c79-9456-d36e10523f76
location_only,"Janet Gray Hayes Rotunda","San Jose City Hall",Q133834591,"San Jose","United States","San Jose","United States",4.2,60,bb264751-0b11-4a11-b2db-d353650e1df5,b03ea622-4ebb-4ea5-bc7d-01a9819dcb9e
location_only,"Jewish cemeteries in Pápa","Papa Old Jewish Cemetery",Q587310,"Pápa","Hungary","Pápa","Hungary",,29,714db124-2b9e-4c3f-b926-e330400d462e,6212f0b0-112e-4b41-a91e-53ce67b8ae58
similar_name,"Jewish cemetery in Mszczonów","Jewish Cemetery",Q3915816,"Mszczonów","Poland","Mszczonów","Poland",3,67,5d70dfcc-7b7a-48e5-81bd-ffd8f993265c,75ab2d83-c6d1-4174-8f82-8634c11e79e0
location_only,"Jewish cemetery in Währing","Jüdischer Friedhof Währing",Q872769,"Vienna","Austria","Vienna","Austria",4.5,100,8d95e7ff-36c7-450b-9061-3c4717bb0695,d9ae2562-1e36-4ba5-bf9e-be3f270a67ae
location_only,"Joel W. Solomon Federal Building and United States Courthouse","US Probation Office",Q6214078,"Tennessee","United States","Chattanooga","United States",3.2,24,61a439a4-55f3-4960-9f1c-01d694b9907a,c68bdacf-acf6-4c25-839a-312076eb869f
location_only,"Jonathan Bourne Public Library","Jonathan Bourne Library",Q16892922,"Bourne","United States","Bourne","United States",4.8,10,6834ccb7-3819-4852-94e6-bac58b4915c6,ed87fc11-b8b6-48cf-b89f-cf59704f5460
similar_name,"K4","K4 - 1",Q29415302,"Vienna","Austria","Vienna","Austria",5,10,6e3abce0-1fcc-4836-9bed-710204e8375b,2dbdc9b8-de31-49e3-bef1-cc3f5cd8ebab
location_only,"Kagraner Friedhof","Kagran Cemetery",Q1241475,"Vienna","Austria","Vienna","Austria",4.1,21,7b813b8e-875b-4b04-9440-39465322bad9,8ba81d07-5761-40e2-8cc7-2bf2d89786be
exact_name,"Kalitnikovskoye Cemetery","Kalitnikovskoye cemetery",Q4209997,"Tagansky District","Russia","Moscow","Russia",4.5,41,95d9ccac-50bd-4772-9f55-9c445a66064f,f976b606-cc02-4859-8160-e2fbc40c2608
similar_name,"Kammertheater Stuttgart","Kammertheater",Q28498697,"Stuttgart","Germany","Stuttgart","Germany",4.6,20,a86eac66-0798-43e0-b036-fc0e735e1dac,3cb435e4-7d00-498f-b870-80edc2fc3a76
similar_name,"Katowice railway station","Katowice",Q800992,"Śródmieście","Poland","Katowice","Poland",4.3,92,8e213a56-5110-4cfa-8133-dc98b4f65673,ebe6e596-a23b-4be0-bb45-26f7cac80b2c
location_only,"Kaufhaus Jonaß","Soho House",Q1504641,"Pankow","Germany","Berlin","Germany",4.3,15,a042e91f-aa47-497e-8267-16c2c1050a1a,de07d977-8a11-4080-9f84-2524c6113b66
location_only,"Kazanskoe cemetery (Pushkin)","Kazan cemetery",Q4207852,"Pushkin","Russia","St Petersburg","Russia",4.4,30,79c77358-47c7-4da7-9e44-a45c15e945a3,1a5f0811-b239-4f1d-8708-7d9571aa9e41
location_only,"Ken Iwata Mother and Child Museum, Imabari City","Imabari City Ken Iwata Mother and Child Museum",Q11377194,"Imabari","Japan","Imabari","Japan",3.7,33,7c692a60-d93b-4fa8-98fd-bbf49a39c822,0ab8ccd9-df75-4c88-8465-1ba7b40939d0
location_only,"King Edward Hotel","King Edwards Apartments",Q6411467,"Jackson","United States","Jackson","United States",4.3,93,98a5f391-e375-4f2d-8e28-602712b06d1b,ce878bf8-c690-4777-ba26-890c72c7873f
similar_name,"King Power Mahanakhon","MahaNakhon",Q1640197,"Bangkok","Thailand","Bangkok","Thailand",,60,9dd5634b-0dfd-49ba-859b-bb3ff34b1a17,fc1b862b-ea60-4db6-916d-faa147bc7e06
location_only,"Kinsky Palace","Goltz-Kinský Palace",Q27017,"Prague 1","Czech Republic","Old Town","Czech Republic",4.6,20,7746d615-636a-4e88-a6b1-04f601806ad5,45c02b73-83a4-4170-95a6-0478e93c004d
location_only,"Kirche in Sagritz","Pfarrkirche Sagritz",Q2082938,"Großkirchheim","Austria","Sagritz","Austria",5,10,9f5fd3d7-b5c8-4bdc-bf62-208029bd5e9a,e6b2d28e-a6e4-402d-a05e-1ad7474c218c
location_only,"Kirche Rangersdorf","Pfarre Rangersdorf",Q2082908,"Rangersdorf","Austria","Rangersdorf","Austria",,33,ae1d098c-4c69-4bfe-9439-aac6c8108e99,18e4873c-5dfa-43cf-9240-b132210a7f44
location_only,"Kirche Sankt Jakob bei Straßburg","Pfarrkirche St. Jakob ob Gurk",Q2083050,"Strassburg","Austria","Straßburg","Austria",5,62,63f977b0-e4e5-40ce-b6fd-28bd21b92e7f,90c91364-a7a0-4a56-a25c-0fad9fb1e34a
exact_name,"Kleinhans Music Hall","Kleinhans Music Hall",Q6420299,"Buffalo","United States","Buffalo","United States",4.7,49,9c88c58d-8cbf-4f50-8db2-8e283516b5b0,eaebc168-9d40-4fc8-9f72-095831b7eed6
location_only,"Knights of Columbus Building","Knights of Columbus Supreme Council",Q6422443,"New Haven","United States","New Haven","United States",3.7,24,61f4b17d-961d-4029-9028-e8f884162fd4,f436bc76-0b96-40eb-a1bd-46b342c77a86
location_only,"Koga Park Café","Koga Park Cafe, SANAA",Q117348221,"Koga","Japan","Koga","Japan",3.3,4,73ac6c9a-da37-4777-8f0d-32e54b955782,b2a9187f-e397-492f-bb97-29b272c43af2
exact_name,"Komunariv Cemetery","Komunariv Cemetery",Q4222825,"Sevastopol","Ukraine","Sevastopol","Russia",5,119,80a70d50-e149-4bb3-82d7-e2f48d3d8b62,121e0e4f-4339-4e1c-8d20-30a35516c935
exact_name,"Königsgrab von Seddin","Königsgrab von Seddin",Q1446501,"Groß Pankow","Germany","Groß Pankow (Prignitz)","Germany",4.7,74,9b5fffe8-84b6-434e-97ad-284bba892c5c,a7f76cff-c340-4a11-9c68-99f674698dee
similar_name,"Kozel Castle","Kozel",Q370663,"Šťáhlavy","Czech Republic","Stahlavy","Czech Republic",4.6,26,5ee0991b-5213-4a65-99ed-76bc225555f0,aa3ef444-7442-40fc-91fa-1169d0ece285
location_only,"Krasny Bor Forest, Karelia","Krasnyy Bor",Q4239674,"Derevyannoye","Russia","Prionezhskiy Rayon","Russia",4.6,85,7572695e-5725-4edb-bcec-22f432df9351,72d8a455-9f36-4446-a466-0658f0d209ea
similar_name,"Kremlin","The Moscow Kremlin",Q133274,"","","Moscow","Russia",4.8,82,68c2cddb-7a16-4673-952f-97759eb35e2e,59e068bf-3d4d-4ce2-ac70-c9ac292709ed
location_only,"Kremlin Wall Necropolis","Мавзолей В.И. Ленина на Красной площади",Q1130019,"Tverskoy District","Russia","Moscow","Russia",4.4,64,8c8b167d-2e2c-49ce-a0f5-31dd4ba53f15,ccc90e29-ec1f-42a6-87f6-ffa569f8bb38
location_only,"Kulturpalast Dresden","Palace of Culture",Q1791798,"Dresden","Germany","Dresden","Germany",4.6,63,65d7e82b-ceb3-4f38-8dd1-d497a98f5e14,171b030c-c2c7-4395-9e8a-1acc88b3f886
similar_name,"Kunsthal","Kunsthal Rotterdam",Q1668856,"Rotterdam","Netherlands","Rotterdam","Netherlands",4.4,28,8ce5674d-3944-4906-b7be-d9635684b629,1609d1a3-975a-4d7d-8d8b-2d0a81f46d3d
similar_name,"Kunstlinie Almere Flevoland","Kunstlinie",Q2131209,"Almere","Netherlands","Almere","Netherlands",4.3,58,b0e0379f-2d7a-4dbf-a44c-28063f39bcf0,0cd52e72-bfd8-4253-a329-f4617b2fadae
location_only,"Kuwait National Assembly Building","National Assembly of Kuwait",Q15156679,"Kuwait City","Kuwait","Kuwait City","Kuwait",4.2,85,a41b833e-a3c4-4ee1-9d4f-9042ac877c85,ee9f6ac2-7360-4e33-8643-8ad36358eb13
location_only,"Kvecių pilkapynas","Kvecių kapinynas",Q16457671,"Kretinga Municipality","Lithuania","Kveciai","Lithuania",,56,a34a1368-3a85-4635-bf34-58d2541fef9e,273c144a-019b-464b-913d-013ecb003f33
exact_name,"L'Auditori","L'Auditori",Q2713088,"Fort Pienc","Spain","Barcelona","Spain",4.6,75,af674fec-e376-43c1-85d7-61ba84540798,16ee8591-d17b-4df5-94c1-97976d6d8253
location_only,"La Bombonera","Estadio Alberto J Armando",Q499855,"","","Buenos Aires","Argentina",4.7,13,a63232e8-4a6c-45c2-9f5b-73fee2b33073,3d1acd3f-de08-4dde-a32e-44e9bd2e033f
location_only,"La Chapelle d'Armentières Communal Cemetery","commonwealth war graves ww1 (la chapelle d'armentières)",Q2752646,"La Chapelle-d'Armentières","France","La Chapelle-d'Armentières","France",,21,7d3faf0d-2ce3-4c4e-9c0b-7df4a4aca156,2c111d53-ac7a-4106-90e9-d2b20993b57f
similar_name,"La Concha Resort","La Concha Resort, Puerto Rico, Autograph Collection",Q6461934,"San Juan","United States","San Juan","Puerto Rico",4.4,76,9abe78bf-deba-41c9-ab02-34614591d12e,5a403048-abd9-46ff-993d-0736b18047bc
location_only,"La Florida Cemetery, Madrid","Cementerio de la Florida",Q5391794,"Madrid","Spain","Madrid","Spain",4.2,49,79c3e6ab-458b-47fe-8a8b-01ade5fadafe,27e91b17-1c70-44f5-872a-6f1baea4bab5
location_only,"La Loma Cemetery","Cremation Services and Funeral Service",Q6463476,"Caloocan","Philippines","Caloocan","Philippines",4.5,40,a61a72b3-2652-4c82-b295-145c608c4880,d040a21f-562d-4ecf-8248-61206afe16ef
location_only,"La Pyramide Inversée","Louis XIV sous les traits de Marcus Curtius (copie)",Q3177458,"Paris","France","Paris","France",4.6,105,68a23f88-0f9d-4ea3-8b6d-8cfab8987468,c5fc70ab-577d-4d5d-a565-40a025dae84d
location_only,"La Treille cemetery","Cimetière La Treille - Marseille 11",Q2972582,"Marseille","France","Marseille","France",,14,ae82a69e-2a28-4b49-90e1-137b24f4f458,114e4d5d-7fd6-44a3-aa5a-66f17016d428
location_only,"La Vela","BBVA Head Office",Q19788708,"Madrid","Spain","Madrid","Spain",4.2,103,8d3cdb11-3f70-40c4-a9c9-52b0bdf728da,7fdf2418-38fe-4f89-bb5d-2d173965540d
similar_name,"Laboe Naval Memorial","Naval Memorial",Q538382,"Laboe","Germany","Laboe","Germany",4.7,12,9be1a68a-3e15-4361-bd48-3a4da8ce8fff,dfce0da9-fd1c-40f0-858e-04c5e9d981ec
location_only,"Lafayette Anticipations – Galeries Lafayette Corporate Foundation","Bombance",Q17353174,"Paris","France","Paris","France",4.8,70,35c74ba8-6f19-45c5-a63a-722b215a61ec,f8a3c3eb-48c4-4fff-bb8f-f6bd1edb28f9
similar_name,"Lafayette Escadrille Memorial","Lafayette Escadrille Memorial Cemetery",Q3333144,"Marnes-la-Coquette","France","Marnes-la-Coquette","France",4.5,39,b126a924-5024-40be-91e2-266f04ccda11,b86d4462-282f-47ec-beb6-023a80b460cb
location_only,"Laires Churchyard","Église catholique Saint-Martin à Laires et son Cimetière",Q2085403,"Laires","France","Laires","France",4.7,28,8d031e6b-bcc1-48fe-bd4a-8f4873a8443b,6c5159e6-bc34-41a9-bd5e-64384d9965bc
location_only,"Lake Hotel","Lake Yellowstone Hotel & Cabins",Q2069466,"Teton County","United States","Yellowstone National Park","United States",3.9,20,76bd3a48-a14a-4c05-915e-b4b7d8bd7ec1,a7479065-d151-446d-9944-2dced396e324
similar_name,"Lamel Hill (Anglo-Saxon tumulus)","Lamel Hill",Q6481692,"City of York","United Kingdom","York","United Kingdom",4.3,39,9bae2f8d-d54a-43b4-9e2e-80e7e5b66578,20a63c0b-dae3-47a8-b578-505b1a349074
location_only,"Landtag of North Rhine-Westphalia","State Parliament of North Rhine-Westphalia",Q1803999,"Düsseldorf","Germany","Düsseldorf","Germany",3.9,9,ae4b1968-753f-490e-b068-f24a2c832102,26c1b0ee-ac7c-4606-b00c-c0c9da3ba4e5
location_only,"Lapido Building","Edificio Lapido",Q1133967,"Montevideo","Uruguay","Montevideo","Uruguay",,19,62fc0517-ebb5-4c95-a433-0b6f0b9b3278,6d3a7037-9bb7-4c3a-b065-30b336f8e9eb
location_only,"Lateran Palace","Laterano Caffè",Q848394,"","","Rome","Italy",4.5,82,a8b1eeef-cce5-435b-ac81-f176c773cbd0,569d3e48-ac19-4d78-af4f-32920340e233
similar_name,"Lausanne railway station","Lausanne",Q669678,"Lausanne","Switzerland","Lausanne","Switzerland",4,34,894e744e-22ab-478c-bdb8-d41c47a5160a,1938c092-8e28-4aa0-9f82-42f3c09117fc
location_only,"Laventie Communal Cemetery","Laventie cemetery",Q2045656,"Laventie","France","Laventie","France",1,49,6d516719-b988-41a7-bd78-36f4d4a3fbef,3fd06b0d-552a-4d18-91e2-21704805acb0
location_only,"Lazarevskoe (Saint-Lazar) cemetery in Ryazan","Lazarevskiy Nekropol'",Q2972460,"Ryazan","Russia","Ryazan","Russia",4.3,66,735b89da-9fe4-4af8-b65b-c5ecd5d62249,678131d6-4b2d-489b-afc4-d293ba45f0e7
location_only,"Le Crotoy Communal Cemetery","Cimetière du Crotoy",Q2298276,"Le Crotoy","France","Le Crotoy","France",,30,810fb12f-5ff7-4eb8-9bbb-f735e7306507,8603d232-b96c-4d96-8eee-ade9900d990e
location_only,"Le Falstaff","Pl. de la Bourse",Q3516289,"City of Brussels","Belgium","Brussels","Belgium",,106,ca40affb-72ab-4dc7-8bba-f894be16efc2,c3d50ea8-5619-45c5-a9d4-253f60f46e64
location_only,"Le Nemausus","Nemausus 1",Q3337995,"Nîmes","France","Nîmes","France",3.9,59,7fc5ff9d-3595-4255-a136-8604ee0a2d04,fae46a53-c0db-4b05-b64f-d8e53b95b976
similar_name,"Le Volcan","Le Volcan, Scène nationale du Havre",Q3228210,"Le Havre","France","Le Havre","France",4.5,12,8c7a09b8-982a-4bb5-8b0d-49ab3f037742,2eaa5e99-4f04-4308-93fc-02aebee654c9
location_only,"Ledringhem churchyard","Église Saint-Omer de Ledringhem",Q2134190,"Ledringhem","France","Ledringhem","France",4.6,44,81ea1194-ba84-474e-8630-b82eea6fd6f6,6be3eac5-ae96-4278-aa04-97f433a6036b
location_only,"Lenin's Mausoleum","Мавзолей В.И. Ленина на Красной площади",Q191414,"","","Moscow","Russia",4.4,21,7b8181dc-1aaa-4e6c-9eb5-135fa986f437,ccc90e29-ec1f-42a6-87f6-ffa569f8bb38
location_only,"Lensic Theater","Lensic Performing Arts Center",Q6523247,"Santa Fe","United States","Santa Fe","United States",4.8,9,5ebe266b-95ff-4020-9377-ef12a2fc9122,b50a226b-3f01-4e59-92b1-12354da43ebb
similar_name,"Leopoldstädter Tempel","Mahnmal mit vier weißen Säulen am Gelände des zerstörten Leopoldstädter Tempel",Q695454,"Leopoldstadt","Austria","Vienna","Austria",4.9,8,77c6be57-d677-462a-89fd-6c29dc41ebe6,129f76ef-a606-4510-9863-c3707a4d09e5
location_only,"Leubingen tumulus","Leubinger Fürstengrab",Q1483247,"Sömmerda","Germany","Sömmerda","Germany",4.5,26,64942044-19b9-43c8-9bdf-957a6d3120cf,167c793c-7514-48dd-8f77-b95356730d32
location_only,"Levallois-Perret Cemetery","Cimetière Levallois-Perret",Q2972531,"Levallois-Perret","France","Levallois-Perret","France",4,116,a8f062e5-84d5-49ad-ba23-1db2d802e79d,5267dfe9-d3da-41ca-9e43-d32eb8e8a02b
location_only,"Library building","Jyväskylä University Library",Q28529650,"Jyväskylä","Finland","Jyväskylä","Finland",4.6,10,a40d5bfb-2db0-44bd-bbc9-0870f620c249,376dee57-9027-48c3-8fc9-ccb497ea4c53
location_only,"Lichtenstein Castle","Schloss Lichtenstein",Q155693,"","","Lichtenstein","Germany",4.6,49,81e6f163-774a-4ce0-a933-ae50ea39086e,f00b3548-6669-473e-bbc9-21cf97c6bc8e
location_only,"Lifshyts synagogue, Vinnytsia","Lifshitz Synagogue",Q9349134,"Vinnytsia","Ukraine","Vinnytsia","Ukraine",4.2,2,7c2dc51d-f8ba-43c8-8627-e455569210cb,1c1b2b23-9b55-48a4-9c61-1cd12194b1eb
location_only,"Lillers Communal Cemetery","Ancien cimetière de Lillers",Q3240895,"Lillers","France","Lillers","France",5,9,7ab603a7-2198-4931-9d02-54e3a9d4fb53,01179674-a65f-4044-9309-4bb02397dd79
exact_name,"Lincoln Financial Field","Lincoln Financial Field",Q1052370,"","","Philadelphia","United States",4.6,61,70d1cf75-af4d-41f0-99f3-6896fede6f74,b3bd4aea-c9bc-4f8b-be3f-b2cbc51aad87
location_only,"Lisht","Al List",Q287779,"Markaz al ‘Ayyāţ","Egypt","Giza","Egypt",,79,7d3b7d2e-9319-417d-8e27-8f9d578857e6,9ded0c8f-aef6-4156-a1db-7da36a997b85
location_only,"Litomyšl Chateau","Litomyšl Castle",Q2164885,"Záhradí","Czech Republic","Litomysl","Czech Republic",4.7,33,9127ed76-5fce-4703-9691-b7d8dd52deaf,fa3e4669-e801-415f-8a77-08a1067b8d57
location_only,"Lloret de Mar Cemetery","Modernist Cemetery",Q1457368,"Lloret de Mar","Spain","Lloret de Mar","Spain",4.6,12,add56f59-68f9-4f45-adfa-1c96ae56711f,3dccb903-6097-4557-af4f-81810124e3c2
exact_name,"Lodha World One","Lodha World One",Q507939,"Mumbai","India","Mumbai","India",4.4,39,a463b589-3606-41bb-b83c-ead5e3afa492,7a1298d8-a0bd-452a-a298-3522f2e38ab1
location_only,"London King's Cross railway station","King’s Cross",Q219867,"","","London","United Kingdom",4.4,76,7bbe8fd7-4de4-44ce-a567-0a82ce56315d,bcce28f9-692c-4cd3-86ca-3fe1e9a738b5
location_only,"Los Angeles Central Library","US Bank Tower",Q27676389,"Los Angeles County","United States","Los Angeles","United States",4.6,127,d4d2217a-0a47-44c6-8300-e34e9a3dcacb,7242a627-65a0-474e-950a-a147aa1a6146
location_only,"Louvre Museum","Louis XIV sous les traits de Marcus Curtius (copie)",Q19675,"Saint-Germain-l'Auxerrois","France","Paris","France",4.6,94,3e1fa7b0-94c0-47c6-ad0a-12c6bcdcf36f,c5fc70ab-577d-4d5d-a565-40a025dae84d
location_only,"Louvre Palace","Louis XIV sous les traits de Marcus Curtius (copie)",Q1075988,"Paris","France","Paris","France",4.6,100,60caee06-d347-4521-a423-6763ebcecec0,c5fc70ab-577d-4d5d-a565-40a025dae84d
similar_name,"Löwenhaus","Innsbruck Löwenhaus/ORF (Rennweg)",Q116619717,"Innsbruck","Austria","Innsbruck","Austria",4,52,a711a23c-722c-489c-b13f-4243febe209f,ab20439f-fc31-4968-8de5-4c56ccda5fac
location_only,"Loyola Law School [Loyola Marymount University]","Loyola Law School, Los Angeles",Q118637632,"Los Angeles","United States","Los Angeles","United States",4.3,80,70b08b61-7340-4a89-9ac8-e9b71e23e4cc,8168a6b3-7b51-4834-8560-8efec6c43441
similar_name,"Lumber","Lumbers Hög",Q10570673,"Vara Municipality","Sweden","Kvänum","Sweden",,2,7e5c6cbf-d7c6-43f4-834f-0e90b522f55e,2ed1991b-5c4f-42fb-8c3c-5da9ff87f0b1
exact_name,"Lusail Stadium","Lusail Stadium",Q1186333,"","","Lusail","Qatar",4.7,43,946fcb2c-bcf5-4890-9a5b-e85bc86248c5,e00d7550-1a3c-405f-92de-7a5778ef63fb
location_only,"Madonna delle Lacrime Sanctuary","Basilica Santuario Madonna delle Lacrime",Q2223786,"Syracuse","Italy","Syracuse","Italy",4.5,29,6018bd94-ba91-4723-a57c-5f54beb26183,5d40a733-6116-4fbf-8f71-c6573d577152
similar_name,"main building of the University of Tartu","University of Tartu",Q11896548,"Tartu City","Estonia","Tartu","Estonia",4.7,15,6c18c559-4b14-4029-83f9-75e000246be9,567487d0-3182-4e61-9660-33894500e19f
exact_name,"Main Library","Main Library",Q18153985,"Urbana","United States","Champaign","United States",4.8,56,a9dbf213-8c3a-466c-bfe4-a5ac2576b19c,234d704a-7e5a-49a1-a300-4a632933dd39
location_only,"Maison de l'ordre des avocats","Maison des Avocats",Q50532135,"Paris","France","Paris","France",4.5,58,8b67f26c-545a-4c68-b05e-4ed9f8f50a95,25e3ba35-e3dd-45a4-ad7e-07d0d91ec973
similar_name,"Maison Hermès","Maison Hermès Le Forum",Q12286421,"Tokyo","Japan","Chuo City","Japan",4.5,13,9b71b655-935a-497e-83bd-7674520c3763,205e1f22-3d71-4c4d-ba04-ae098e56895d
location_only,"Máj Národní","Máj - House of Fun",Q2008713,"Prague 1","Czech Republic","New Town","Czech Republic",4.3,24,6a4c9cde-01de-4bbb-bc36-62ca3e443b07,c9e0f2ba-4fe7-45dc-a92c-a3eb271f2cee
location_only,"major cemetery of Milan","Cimitero Maggiore",Q3676872,"Milan","Italy","Milan","Italy",3.9,7,c4cb0434-6ebd-45a8-aad0-05ee24c8ad26,638b4a7a-8ff8-48de-9e46-7222135daa3a
similar_name,"Manhattan House","Manhattan House by Gordon Bunshaft, architect SOM",Q18619402,"New York","United States","New York","United States",4.3,34,d00c2dd1-598c-41e0-baac-7a78776da025,55aab574-311d-4d97-8725-0c345b650da4
location_only,"mansion of Margarita Chernova","Osobnyak Margarity Chernovoy",Q16645450,"Rostov-on-Don","Russia","Rostov-on-Don","Russia",4.6,7,881538ed-b069-4d43-af53-ff7421002a2f,40b5aac8-f919-44cc-9a2e-cf46b612c497
similar_name,"Many Glacier Campground Camptender's Cabin","Many Glacier Campground",Q6753338,"Glacier County","United States","Browning","United States",4.7,43,b1f9a357-e207-4872-a3e4-a8495b69e833,3be71df7-b1f6-4c5d-b532-b50805ac449c
exact_name,"Marchovelette Cemetery and Memorial","Marchovelette Cemetery and Memorial",Q2972652,"Namur","Belgium","Namur","Belgium",,43,a4a39151-07d6-4d40-8493-728745177282,6caf09c2-17f6-49fc-a4ec-0377da442166
location_only,"Mare de Deu de Gràcia","Convent de Santa Maria de Gràcia",Q18007597,"L'Escala","Spain","L'Escala","Spain",4.8,45,89ee49b0-1d12-47d2-892b-19229c55607a,b4e5d6f1-898e-4ff6-8ce4-262f89f0b3fd
location_only,"Marnix Ⅰ","ING Marnix",Q109947786,"City of Brussels","Belgium","Brussels","Belgium",2.2,21,8f9cc7fc-68ed-422f-bfa2-54226d7420b0,b565a57f-e8a4-4bf8-8b23-37fe22d68d94
location_only,"Marqués de Riscal Hotel","Hotel Marqués de Riscal, a Luxury Collection Hotel, Elciego",Q1630957,"Elciego","Spain","Elciego","Spain",4.5,45,7270ad65-aa90-4841-9e65-a7008979789c,21fd2329-bd26-4cd6-8ff9-d6dcb684cf3a
location_only,"Martinskirche","Church of St. Martin",Q1905704,"Linz","Austria","Linz","Austria",4.5,53,73cd0fd9-9b6c-4459-b7a2-b255a1909dbe,161050bd-809c-4419-a486-651bb563781d
location_only,"Mas de l'antic Jardí Botànic","Pou del Jardí Botànic Històric",Q96099652,"Montjuïc","Spain","Barcelona","Spain",4.6,36,abfee17b-cfb0-409b-97fc-fbae5dd5376b,7ae22295-a466-46ef-9f3c-76382b9cadae
location_only,"Matsumoto Performing Arts Centre","まつもと市民芸術館",Q11278411,"Nagano","Japan","Matsumoto","Japan",4.2,109,9564bc8c-0525-4308-a62d-6a18397dd20a,5ceb0b5d-7f91-4c83-9e13-59db8a1e09f7
location_only,"Matthias Church","The Church of Our Lady of Buda Castle",Q493133,"Budapest District I","Hungary","Budapest","Hungary",4.8,1,957a472f-a9c9-48c7-82ff-55969fd99fbb,94278085-53c6-413b-8eaa-14834acc023c
location_only,"Maximilianstraße 2, Loggia","77 Diamonds Munich",Q2047197,"Munich","Germany","Munich","Germany",4.7,19,9d70ed3e-2367-4d7a-b58d-2ec752ecc121,f36e36d2-e704-427e-aecf-60a743402491
location_only,"Mayagüez Municipal Cemetery","Cementerio Viejo de Mayagüez",Q5058664,"Mayagüez","United States","Mayagüez","Puerto Rico",3.3,64,9fe623a7-5675-46ba-af07-b909d3ccf444,7944f4b6-4f22-4140-bc14-2ce96c2f4740
exact_name,"Mayfield Cemetery","Mayfield Cemetery",Q24964734,"Cleveland Heights","United States","Cleveland Heights","United States",4.8,43,978875b4-4e76-4682-84eb-8f82501af61e,eb88e60d-0652-4c1a-b2c0-c798a782ac27
location_only,"McFarlin Memorial Auditorium","McFarlin Auditorium",Q6801161,"Dallas County","United States","Dallas","United States",4.5,9,8ea39cde-b060-4af7-a502-e11e7a571e99,53081560-c736-4ff8-869f-b23127ae25e3
location_only,"Meier building","Museu d’Art Contemporani de Barcelona",Q115154947,"El Raval","Spain","Barcelona","Spain",4.3,15,6e39b093-97dd-4c38-8e17-f86e0737cd8e,dd910985-1f9c-4f91-b6f8-ba5b62b467bf
location_only,"Melnikov House","State Museum of Konstantin and Viktor Melnikov",Q4165336,"Krivoarbatsky Lane","Russia","Moscow","Russia",4.7,2,afe091d5-ca80-46fe-bb2c-f8eb0ff198f2,1be69f37-898a-4fcf-95b2-897a70fa59e8
exact_name,"Melrose Abbey","Melrose Abbey",Q1919732,"Scottish Borders","United Kingdom","Melrose","United Kingdom",4.5,67,7c8d5fe9-15ae-470b-989e-71a5ff1003e9,cd6d822b-c65a-4772-8676-5c8abc5416e8
location_only,"Memorial Necropole Ecumenica","Cemitério Memorial Necrópole Ecumênica",Q1615173,"Santos","Brazil","Santos","Brazil",4.4,25,a732d408-1528-431e-bea0-b4f1ff25cada,4936c781-0849-414a-bba0-fb53ba312feb
location_only,"Mennonite cemetery in Hamburg-Altona","Mennonitenfriedhof",Q1664659,"Altona","Germany","Hamburg","Germany",4.8,27,930a4cd5-055c-4ca2-a7a9-05f542a7f54f,537c36e7-91d9-4a53-aaa6-3b7109a3ef36
location_only,"Mercure Yokosuka","Yokosuka Arts Theatre",Q11344051,"Tokyo","Japan","Yokosuka","Japan",4.1,33,f3568e67-b4c2-430c-bd23-e2b8d642ef1d,dbf3d86e-c53d-454b-853b-03d4413bc48f
location_only,"Meret Oppenheim Hochhaus","MOH Meret Oppenheim High-rise",Q31838381,"Basel-Gundeldingen","Switzerland","Basel","Switzerland",4.1,45,80953333-4773-495b-831b-00c672ac8381,397c8e37-c531-48e4-801a-3e98ff45e23f
similar_name,"Merville Communal Cemetery","Merville communal cemetery extension",Q2150819,"Merville","France","Merville","France",5,135,8484b7f8-e7f5-435b-9c7d-a5db35e00649,c3601986-3fea-409d-8c19-a377c2594a27
exact_name,"Metallurgical Cemetery","Metallurgical Cemetery",Q913155,"Gliwice","Poland","Gliwice","Poland",4.8,127,b06e0e2e-266d-4de5-a777-b279937a7a01,6a42dbcf-752f-456c-9ee2-51a73487b49a
location_only,"MetLife Building","Whispering Gallery in Grand Central Terminal",Q464482,"New York","United States","New York","United States",4.8,117,eb45aade-2f32-47dd-a42a-d3b618d6e877,75aad676-a346-417e-abf5-a8a1f7c0ebb3
location_only,"Metropolitan Cathedral of Athens","Holy Metropolitan Church of the Annunciation to the Virgin Mary",Q981372,"Athens Municipality","Greece","Athens","Greece",4.7,20,6d79dc27-852c-4481-9342-7179fae7fc2d,655d3f5a-c942-4d96-a9c3-61224eb6f4c2
location_only,"Metropolitan Life North Building","Holocaust Memorial",Q1925855,"New York","United States","New York","United States",4.8,61,0331feec-2db0-46de-b7fe-e3c42f231919,abf977d6-263a-4151-814d-82a8fee5ec07
similar_name,"Mikimoto Ginza 2","MIKIMOTO Ginza 2-chome Store",Q125398479,"Tokyo","Japan","Chuo City","Japan",4.2,8,600313e6-bd2d-4998-870c-a2a355b4cc3c,b1a4304a-c1d0-494e-96f3-b1f7320122fe
location_only,"Milan Cathedral","Square del Duomo",Q18068,"Milan","Italy","Milan","Italy",4.8,101,188d29d1-c076-48a6-b94e-dd1c2d26d429,a5475c19-12e4-446f-9968-fd05b1064595
location_only,"military shrine of Reschenpass","Reschenpass military cemetery",Q3944613,"Mals","Italy","Mals","Italy",4.5,3,884c5afd-3f6e-4647-a3de-633c143e1b1a,4cad01d6-20c0-4a2f-9c7b-a6ad69ae93d4
location_only,"Millennium UN Plaza","Millennium Hilton New York One UN Plaza",Q6858964,"New York","United States","New York","United States",4,3,a841ac20-2263-4f49-9d52-b0675c0abe77,a93a475c-ece5-491a-9465-f59426b8ee08
location_only,"Minerva Pavilion","Apollolaan 166",Q66686079,"Amsterdam","Netherlands","Amsterdam","Netherlands",,48,62a72d84-5ee3-4bd1-add2-476e5c2c3b06,a561dd5b-806e-47b0-a870-386a07a684b8
similar_name,"Minnesota Building","The Historic Minnesota Building",Q6868177,"Saint Paul","United States","St Paul","United States",3.7,9,acee578a-9363-4fac-ae72-a468d480b5af,f7997b4e-c3e7-4264-980c-663197f4f14c
location_only,"Minsk Cathedral Mosque","Мячэць Мусульманскага рэлігійнага аб’яднання ў Рэспубліцы Беларусь",Q83944615,"Minsk","Belarus","Minsk","Belarus",4.7,13,9a2cff86-f67a-42d0-ae98-1a200aa252c7,df239d4b-c6fc-44ce-9010-710ca389cd75
location_only,"Mira-Nila House","Bahay Mira-Nila",Q63958800,"Bagong Lipunan ng Crame","Philippines","Manila","Philippines",,41,814716ab-2b1f-4300-9a6b-c14bf1f506df,651f1820-9481-47dd-82c3-a52d9370e48d
location_only,"Mode Gakuen Cocoon Tower","Book 1st Shinjuku",Q1030463,"Tokyo","Japan","Tokyo","Japan",4.2,0,c0b995aa-07b8-4ed2-926b-c066bdeba92c,be47edea-5bb4-41b4-aaf9-986652e0e2ca
location_only,"Montjuïc Cemetery","Cementiri de Montjuïc",Q126453,"Barcelona","Spain","Barcelona","Spain",4.5,47,47662775-e356-40b2-8a62-b50d66b57b29,cb0d9158-ee88-4087-9572-862341c085d7
location_only,"Montparnasse Tower","Paris Montparnasse – Top of the city",Q323767,"Quartier Necker","France","Paris","France",4.5,3,552f9a93-aa0a-4a74-98db-151bf4c27afe,04f9ac89-b300-4778-a24a-4ad7ebf383e2
location_only,"Montreal Biosphère","The Biosphere, Environment Museum",Q864789,"Montreal","Canada","Montreal","Canada",4.3,24,93ac6eab-b8c6-441a-b216-c147c4ace6fb,5464fb22-b862-4ec2-93e7-bddab702924d
location_only,"monumental cemetery of Brescia","Cimitero Monumentale Vantiniano",Q3676930,"Brescia","Italy","Brescia","Italy",4.7,9,8bf844b7-9680-440f-aa44-9d5d8ea0cc4e,cf504c36-c54e-4b6a-b65e-98a629d6b157
location_only,"monumental cemetery of Busto Arsizio","Main cemetery of Busto Arsizio",Q3676889,"Busto Arsizio","Italy","Busto Arsizio","Italy",4.4,53,8dc99e48-7644-4890-afd8-066eede2c1c0,48c78bf2-70e1-4481-ab53-b2aca8f00997
location_only,"Monumental cemetery of Trento","Cimitero Monumentale di Trento",Q3676896,"Trento","Italy","Trento","Italy",4.5,49,ab900614-bcbf-44a9-bdc9-a82e787edf19,6f3e5c69-c095-4ce7-9165-ac238798590c
similar_name,"Morden tube station","Morden",Q1947443,"London Borough of Merton","United Kingdom","Morden","United Kingdom",3.8,33,a601ff7c-5b06-4c2e-9614-76a0b5931135,9646cd7c-2b1a-473f-aa10-05a7299376dd
location_only,"Morton H. Meyerson Symphony Center","Dallas Symphony Orchestra at Meyerson Symphony Center",Q670323,"Dallas","United States","Dallas","United States",4.8,11,90112d73-25f2-4efe-b24b-a096c21dea73,b253e3bc-88a7-41cf-8b88-3e1a8f7dfada
exact_name,"Mount Auburn Cemetery","Mount Auburn Cemetery",Q8509201,"Baltimore","United States","Baltimore","United States",2.4,74,604f04bc-908c-4c36-872a-587b6a417966,ec9387e3-31a9-499e-bc6b-ce48cb06d304
exact_name,"Mount Baker Theatre","Mount Baker Theatre",Q6919594,"Bellingham","United States","Bellingham","United States",4.7,106,835b9b4e-43d1-4c87-b3d9-cf2db4ebddb7,43410222-d563-4889-ace5-8150ece4e88c
exact_name,"Mount Hope Cemetery","Mount Hope Cemetery",Q4460506,"Rochester","United States","Rochester","United States",4.6,89,6d012727-a419-48b5-bac1-957e30da39fa,5446ac76-da0c-40c7-9a9c-3497b6e08ca2
location_only,"Muir Woods National Monument Administration-Concession Building","Muir Woods Visitor Center",Q99522743,"Marin County","United States","Mill Valley","United States",4.7,71,8925b9aa-a6db-42e8-9817-58fabfa1b747,21233541-dfc5-42c1-847a-467d68166245
location_only,"Münster Central Cemetery","Zentralfriedhof Münster",Q190488,"Münster","Germany","Münster","Germany",4.5,74,a74059e1-4128-4edd-b431-32d99875c382,f742d4ce-5160-47b8-b46f-07c2888d2c64
location_only,"Munttoren","Hildo Krop Vrouwe Fortuna",Q1429748,"Amsterdam","Netherlands","Amsterdam","Netherlands",4.5,68,4b786f7e-528b-4a00-9285-fef70bb020c6,ab7f527b-4de6-49f2-8284-b3a5b0fb9930
location_only,"Musée Picasso","Museum National Picasso-Paris",Q743206,"","","Paris","France",4.4,24,24b236fb-3a08-413a-8b17-f4e1af655111,32676dd4-e48f-48c8-8453-b18702f01443
location_only,"Museo Civico di Storia Naturale di Milano","Monumento ad Antonio Stoppani",Q1533416,"Milan","Italy","Milan","Italy",4.3,81,04e31ed1-2309-4e9d-86cf-ca1d7dee290d,ae026e95-2af9-4eda-aac6-c285f48c6b0f
location_only,"Museo de Artes y Costumbres Populares de Sevilla","Museum of Popular Arts and Customs of Seville",Q28962357,"Seville","Spain","Seville","Spain",4.4,17,81d76861-c7d5-463a-a07c-79163edbb195,25b47bc8-b87e-4d5f-a2bf-28c7c1a17c57
location_only,"Museo del Prado","Museum Nacional del Prado",Q160112,"","","Madrid","Spain",4.7,16,3fcc6a4d-b1fe-4958-bf2c-e098f5af2742,9ddee380-34be-496c-8014-2d428caa00de
location_only,"Museu Casa Kubitschek","Kubitschek House Museum",Q40357761,"Belo Horizonte","Brazil","Belo Horizonte","Brazil",4.7,23,6e45b8f4-7c5c-4883-8629-ed77a5ef3000,bbc7fa27-d510-4887-9818-ae5de7167fe5
location_only,"Museu de Arte Contemporânea (Fundação de Serralves)","Serralves Museum of Contemporary Art",Q1954380,"Lordelo do Ouro e Massarelos","Portugal","Porto","Portugal",4.4,77,527ab213-1b54-491a-816a-3b43b6648621,29aab5ac-dd87-4060-8869-106b0fac0bb9
similar_name,"Musikverein","Musikverein Wien",Q686720,"Innere Stadt","Austria","Vienna","Austria",4.7,43,9b0a91c0-364a-47b1-97fb-89452ff8a634,abba5ebc-4aa8-4cf5-9120-2a42571188d7
location_only,"Muslim military cemetery of Barcia","Cementerio de los mouros",Q624272,"Valdés","Spain","Barcia","Spain",3.6,98,71384878-f3b6-4c5a-977e-3764a3f54e9a,3cc76286-4f4a-4ab3-bc54-62d7f67bde8d
location_only,"Nagoya Dome","Vantelin Dome Nagoya",Q929524,"Nagoya","Japan","Nagoya","Japan",4.1,10,b1de1cea-6712-4cca-94d9-812e244c17ef,2f3622ba-5011-44e8-8872-3e34f28a0e74
similar_name,"Nakheel Tower","Nakheel Tower Construction Site",Q317871,"Dubai","United Arab Emirates","Dubai","United Arab Emirates",,53,915188d1-cda6-4157-b85c-ea763f63fc27,27c6799c-9b26-4802-92ab-f1c6be1473cd
similar_name,"Napoli Afragola railway station","Napoli Afragola",Q3970269,"Afragola","Italy","Afragola","Italy",3.9,50,71a32207-9fc5-4bb3-ac92-364d9f1b44f3,a7bddc94-a390-40d9-a0a3-24157326a4b6
location_only,"National Art Museum of Azerbaijan","Baku State Philharmonic Hall",Q2559128,"","","Baku","Azerbaijan",4.8,110,7c9bfb21-cfe5-4874-80a6-a4b5e1654e6b,ce200100-80e4-4a8c-9f53-a3b4274d8144
exact_name,"National Building Museum","National Building Museum",Q624008,"Washington, D.C.","United States","Washington","United States",4.4,56,867742ba-cd7f-4e14-917e-70edc1290f70,b2f41f2c-cd01-4131-a99e-a88ab8798a79
similar_name,"National Cemetery in Martin","National Cemetery",Q1968397,"Martin","Slovakia","Martin","Slovakia",4.8,31,62ccd0e5-b6f9-4b69-9be6-1ac1174b930e,df119600-b155-49e3-bec3-81da087f5811
location_only,"National Centre for the Performing Arts","Experimental Theatre",Q17057162,"Mumbai City district","India","Mumbai","India",4.7,77,62586f35-86c2-4c4f-99aa-83cf02134c3e,04d719b1-eb1f-4341-83ea-704e00678e3c
location_only,"National Congress Palace","Congresso Nacional",Q4155889,"Brasília","Brazil","Brasília","Brazil",4.3,1,84fa8e45-bf18-4c28-bace-fda9f706f6cd,fc0b2a5c-87ab-42f9-95e7-6d43abc84182
location_only,"National Gallery","National Portrait Gallery",Q180788,"","","London","United Kingdom",4.7,64,a40b9cce-9eb6-44d8-b803-c9fa1c3733e0,fb6204c8-212e-43d1-9e5e-dfaa98e53ce7
similar_name,"National Palace of Culture","National Palace of Culture (NDK)",Q3269914,"Triaditsa District","Bulgaria","Sofia","Bulgaria",4.5,54,a63d5804-daa8-4114-b618-b08f077b5aca,a207c55a-5990-402a-b491-7c32a25085e8
similar_name,"National Park Service Southwest Regional Office","National Park Service",Q6974747,"Santa Fe","United States","Santa Fe","United States",5,34,85c46fef-d7d2-416a-9c73-cf0821fadb9d,593c3011-d5e1-423f-8429-a74bd49665af
location_only,"National Theatre Munich","77 Diamonds Munich",Q707679,"Munich","Germany","Munich","Germany",4.7,83,ebe9b005-dd52-4220-a8de-f0bdd13c314a,f36e36d2-e704-427e-aecf-60a743402491
location_only,"Naumburg Cathedral","Naumburger Dom",Q5938,"Naumburg","Germany","Naumburg","Germany",4.6,13,7e06ac7d-99bb-411e-b6cb-bdd4b471bdf0,d669e0bc-2527-4745-912a-079250f60955
location_only,"Navenne military cemetery","Cimetière de Navenne",Q2972658,"Vesoul","France","Navenne","France",4.5,61,667a3a3c-565d-414b-9822-470429e08a9e,dc6e551d-eda1-41a5-94a7-ef2a44ac3080
similar_name,"Navje","Navje Memorial Park",Q11184115,"Ljubljana City Municipality","Slovenia","Ljubljana","Slovenia",4.6,50,763eff82-74c1-4f70-b0d8-95c75cceb8e6,0418126b-38cc-4fc4-bcc6-517731e76dce
exact_name,"Nebotičnik","Nebotičnik",Q4178650,"Center","Slovenia","Ljubljana","Slovenia",,71,a834079f-1089-4fb9-b5d6-bddc7d69d582,553b3f07-bb0f-4021-8ddb-15a31a2dd68c
similar_name,"necropolis of Kerkouane","Punic Necropolis of Kerkouane",Q6985710,"Nabeul Governorate","Tunisia","Kerkouane","Tunisia",4.5,58,9d5496a9-d2c2-434f-8e94-79edab10ddfc,3dffed2c-d54d-4166-a754-6aa207edc3b3
exact_name,"Nelson Mandela Bay Stadium","Nelson Mandela Bay Stadium",Q181445,"","","Gqeberha","South Africa",4.5,40,ab215fa4-0ac5-4dae-8fd9-2bdf2d9ca149,b7e4435e-c4aa-49ea-9b35-09f87082cbf2
location_only,"Neptunus","De Drie Graefjes American Bakery - Vestiging Dam",Q107096166,"Amsterdam","Netherlands","Amsterdam","Netherlands",4.3,144,abe2429b-3d66-457f-9f27-2b2d4dd801a0,26c63e70-8ee3-4beb-9841-c57cdc960ea2
location_only,"Nesvizh Castle","Nesvizh Radziwiłł Castle",Q719422,"Niasviž","Belarus","Нясвiж","Belarus",4.8,87,78ddde36-0fb4-4dc3-b288-dcb69de1541c,e4de60ab-7899-43da-b1d0-ad85e21e65ce
location_only,"Neue Staatsgalerie","Kammertheater",Q316242,"Stuttgart-Mitte","Germany","Stuttgart","Germany",4.6,122,d250a65b-a99f-4918-9dc2-fad02b76ec98,3cb435e4-7d00-498f-b870-80edc2fc3a76
exact_name,"Neue Wache","Neue Wache",Q152341,"Bezirk Mitte","Germany","Berlin","Germany",4.5,43,b2458517-7542-429c-8834-803c335ab668,ed9cbcb2-bd7f-4e04-b715-5d7973d93284
similar_name,"Neuer Jüdischer Friedhof Eisenstadt","Neuer Jüdischer Friedhof",Q779004,"Eisenstadt","Austria","Eisenstadt","Austria",,31,aaf34f3e-f8af-411e-affb-3193e195d605,3d183733-9ed7-4d73-a732-ffb4422a807c
exact_name,"Neuer Katholischer Friedhof","Neuer Katholischer Friedhof",Q1980178,"Dresden","Germany","Dresden","Germany",4.4,79,6cedfbaf-0311-46ff-888f-f67675612590,1456973e-bd5b-44de-acc4-9539bdae3baf
location_only,"Neuer St. Nikolai Friedhof (Hannover)","New St. Nikolai Friedhof",Q1980225,"Nord","Germany","Hanover","Germany",4.2,79,adf6c1f4-525e-453b-a0ad-23f72b5a2939,83725ef4-d15e-4308-8131-47a033ad014c
exact_name,"Neustädter Friedhof","Neustädter Friedhof",Q1981765,"Mitte","Germany","Hanover","Germany",4.7,74,860eac3d-fe9e-4379-9069-a369c849721e,4d71f76b-e50f-442d-abf5-f0fbe1671a89
location_only,"Nevzorovo Cemetery","Nevzorovskoye Kladbishche",Q4315757,"Pushkinsky Urban District","Russia","Pushkinskiy Rayon","Russia",4.3,86,a5a58845-7f3e-4190-acf0-f6b391a87a41,2c63d4dd-e623-428d-a3f7-0cdcdd32b69c
location_only,"New Amsterdam Theatre","Madame Tussauds New York",Q2004827,"New York","United States","New York","United States",4.5,79,2171a0bc-a073-433d-8bee-c8e244a4b06c,a49b659f-511d-477b-ab78-192e90ad1745
location_only,"New Michael Palace","Novo-Mikhailovsky Palace",Q3361196,"Saint Petersburg","Russia","St Petersburg","Russia",4.9,7,7fa13132-7d3c-4c57-9c47-706b1a15115b,fae30250-1d9a-41fc-ad7e-a3356ebc9476
location_only,"New Museum","BUNGEE Coffee",Q1156823,"New York City","United States","New York","United States",4.7,64,c773d51b-d2ca-41bb-92fa-604c56341fd5,00a11b75-79f3-4109-ba2d-f139ac2a601f
location_only,"New Synagogue Brunswick","Jüdische Gemeinde Braunschweig",Q1979790,"Brunswick","Germany","Braunschweig","Germany",4.4,25,9cd99371-130d-4083-967f-c234fb831e8e,35209b07-84ce-45c1-8cec-9af73cebf125
exact_name,"New York Life Building","New York Life Building",Q1499859,"New York","United States","New York","United States",5,75,70fa77bd-feff-45f5-8802-dd26e546640d,27c3cbeb-65d4-4ef0-92d8-a349768d0c0c
location_only,"Newark Broad Street Station","Broad St.",Q7016633,"Newark","United States","New York","United States",4.2,41,a6921439-3334-4ee7-8e9e-a76b20ec852e,6b99a2b9-3456-4788-851f-d479a854437d
similar_name,"Newton City Hall and War Memorial","Newton City Hall",Q16895835,"Newton","United States","Newton Centre","United States",3.8,7,6f0371e6-bda0-46f2-bebc-47878933ebae,ba888280-0337-4796-b259-73e13a27e07a
location_only,"Newton County Courthouse","Newton County District Court",Q23302850,"Arkansas","United States","Jasper","United States",4.5,4,af733332-9baa-4f05-818e-d51f82f8b6fe,0e6eb4ad-1daf-4da9-9cc1-6461e8f5946f
similar_name,"Nieuwe Algemene Begraafplaats De Stuivenberg","Algemene Begraafplaats",Q2020674,"Montfoort","Netherlands","Montfoort","Netherlands",5,33,e0fbc984-eefa-4560-af8c-871605145b76,4e19a668-2339-4ac5-9627-2e5b2900ea2c
similar_name,"Nieuwe Zandweg Cemetery","Cemetery",Q2226843,"Montfoort","Netherlands","Linschoten","Netherlands",,56,8d5ea53d-bf2d-44ad-8e2c-824dd8466199,d6191612-a7a5-44c7-afa2-b7eb2c4bb604
location_only,"Nikolaikirchhof Görlitz","Nikolaifriedhof",Q1991139,"Görlitz","Germany","Görlitz","Germany",5,10,85fd5703-5c30-435d-bae0-36fea8e8548b,8153cd46-acbf-4205-942b-a3ed29ac1fdd
location_only,"Niterói Contemporary Art Museum","Museu de Arte Contemporânea de Niterói",Q1573239,"Niterói","Brazil","Niterói","Brazil",4.6,28,87cf8f6d-23b7-4b5f-ae4b-db8e4e502f44,c5f64c69-f702-4656-90fd-ea0f30721d28
location_only,"No 1 Poultry","No. 1 Poultry Building",Q1994490,"London","United Kingdom","London","United Kingdom",4.8,31,61e39e7c-7ed0-47f5-838e-0d8efe3f1f98,005b479b-08e0-46a9-90fb-4482c7ea25c8
location_only,"Nollendorfplatz metro station","Nickelmann Fountain",Q571039,"Tempelhof-Schöneberg","Germany","Berlin","Germany",3.4,112,8d29afe3-de53-4112-85be-4160be751185,3ef71651-4138-4cb6-aee0-f35a37f3776a
similar_name,"Nordfriedhof","Nordfriedhof (Oswald Spengler's tomb)",Q1030655,"Munich","Germany","Munich","Germany",4.5,19,6bbdded1-ac22-4171-8431-da63c8e824b1,a8bdef41-b03d-40d1-8c2d-b2d784a8f8aa
exact_name,"North Front Cemetery","North Front Cemetery",Q3631300,"Gibraltar","United Kingdom","Gibraltar","Gibraltar",4.3,93,adf6821b-bf5e-4352-878d-57aea078f740,a5171de1-4d88-43f2-8ced-3fec334f9f70
location_only,"Nová správní budova Spolchemie","SPOLCHEMIE (Spolek pro chemickou a hutní výrobu, a.s.)",Q38234864,"Ústí nad Labem-centrum","Czech Republic","Ústí nad Labem-město","Czech Republic",3.8,77,71ab23fd-f357-4b7f-bbf9-9fad03676a43,1547855b-94d7-4101-90b2-9d395b9a75c5
location_only,"Novozapadnoe Cemetery, Penza","Novozapadnoye Kladbishche",Q4323999,"Penza","Russia","Penza","Russia",3.7,126,64f7895d-7a3e-4715-9105-9055a9b6308b,c0e372e7-5095-4a6e-9ef7-f2c76a52ae1b
location_only,"Noyelles-Godault Communal Cemetery","Cimetière de Noyelles-Godault",Q1930176,"Noyelles-Godault","France","Noyelles-Godault","France",5,90,b2665cd4-7282-4ee6-9596-d0cc89c0342e,acc45f1c-a703-4760-9549-d5158a556366
location_only,"NTT Docomo Yoyogi Building","yakiniku futago Yoyogi Annex（bbq japanese）",Q2090752,"Tokyo","Japan","Tokyo","Japan",4.9,125,70e86991-d4da-452f-8a1b-b9b3d1482dd2,d475cffc-2541-44ca-9c28-5a129fc8c695
location_only,"obdachlosen lager","Emirates Stadium",Q163995,"","","London","United Kingdom",4.6,12,420688da-cdcf-440f-92ce-3139489ce055,594077bf-b0e9-4984-a96b-21e6b6097ac7
location_only,"OCBC Centre","Pickering Operations Complex",Q2790093,"Downtown Core","Singapore","Downtown Core","Singapore",,104,311981d4-8367-4919-a4b4-c3fefdd6c440,91fabc6b-8ce6-4652-842b-ec5c5eb06c86
location_only,"Ochancourt Churchyard","Eglise Saint-Ouen - Cimetière de OCHANCOURT",Q3978596,"Ochancourt","France","Ochancourt","France",3.7,32,7029532f-864c-4d9a-b31f-715cd6383804,836b76c8-b35c-4e19-8c8b-32245ef5b089
location_only,"Odd Fellows Mansion","Odd Fellow Palæet",Q3432545,"Copenhagen Municipality","Denmark","Indre By","Denmark",4.5,21,60c047d6-726b-4a85-8eae-6c218e699a5a,80e4a345-dcb8-4cae-88cf-1af7dd483b11
location_only,"Okanoyama Museum of Art Nishiwaki","Okanoyama Art Museum",Q11471937,"Nishiwaki","Japan","Nishiwaki","Japan",3.9,5,8b2e9d4b-2f5e-4f88-bba7-cfa42c84b2ec,814756d4-f388-4e97-a55a-b83e709f17a6
location_only,"Old Dallas Central Library","Dallas Statler Hilton",Q7083825,"Dallas Downtown Historic District","United States","Dallas","United States",,59,6db92f5b-3668-44a9-b1e9-02c25f03de56,e9362765-5a06-4a68-8bb6-851dd6406b75
similar_name,"Old Jewish Cemetery, Prague","Old Jewish Cemetery",Q438026,"Prague","Czech Republic","Josefov","Czech Republic",4.2,36,96eeb9f4-1aee-4df7-88ae-974b64ed97d2,be1db620-1c6a-4567-86b3-b8fe1fbfb5df
location_only,"Old Niendorf Cemetery","Alter Friedhof Niendorf",Q438118,"Eimsbüttel","Germany","Hamburg","Germany",5,19,60b2c3c0-c75f-4e31-9d72-c77e006b29aa,d3440e9c-8e3d-49da-a68d-742ea2fddd6c
location_only,"Old Synagogue, Aachen","Jüdische Gemeinde Aachen",Q22694128,"Aachen-Mitte","Germany","Aachen","Germany",4.4,36,693ff1f7-fc52-4615-a58b-030e68059004,2334b99f-ce01-490a-b208-d6dc5bd20e0f
similar_name,"Olympiaschool (Amsterdam)","Olympiaschool",Q17292199,"Amsterdam","Netherlands","Amsterdam","Netherlands",,45,93b59ff7-6477-4058-855a-68839499d175,9df8bac6-a47b-430b-9f59-94ae9aaaebaf
exact_name,"One Atlantic Center","One Atlantic Center",Q2023960,"Atlanta","United States","Atlanta","United States",4.4,60,7bc9360b-dbde-46e7-9f18-565babe7399e,8113073b-68c5-4b4b-83ce-8e8a449e2319
location_only,"One Madison","Pen and Brush",Q7092848,"New York","United States","New York","United States",4.9,61,78a7cecf-8b46-4db9-94f3-a691a1b96857,d2f21067-1140-4b19-8127-b4bd52f95061
location_only,"One Marina Boulevard","Heavenly Wang",Q7092886,"Downtown Core","Singapore","Singapore","Singapore",4.2,59,78ee6160-283a-4869-bbff-4350cb057d67,ccce6a09-3258-48a8-af58-5d352e2c24e6
similar_name,"One Vanderbilt","SUMMIT One Vanderbilt",Q18398409,"Midtown Manhattan","United States","New York","United States",4.7,35,b5195c29-3f6a-44fb-99e9-3999a6083335,debcf1b8-9c22-42d1-a605-8578e310d838
location_only,"One World Trade Center","One World Observatory",Q11245,"New York","United States","New York","United States",4.7,36,463b227b-b363-43e3-ab36-7514ff5d2a49,cf8a9bb7-81aa-49f0-a088-6c1ba1099396
location_only,"One57","Carnegie Hall",Q2023928,"New York","United States","New York","United States",4.7,81,6dcbe904-91aa-4d52-ac9d-b03bc7c1d375,8bf4b669-e645-4876-8bbe-199d48697ed3
location_only,"ONIKURU","〒567-0888 Osaka, Ibaraki, Ekimae, 3-chōme−9−45 おにクル",Q124710195,"Osaka","Japan","Ibaraki","Japan",,50,afa508fe-bb77-4cfa-9e70-bea24bbbc5a8,a9e8d3c6-fbd9-463c-b5db-41ce3562187f
location_only,"Oost-Cappel Churchyard","Cimetière de Oost-Cappel",Q2513181,"Oost-Cappel","France","Oost-Cappel","France",,42,9194a736-8239-47cc-8902-f5f53f017f11,6b30b40a-bc96-470e-9072-c3a180a2c801
similar_name,"Opa-locka station","Opa-locka",Q7095502,"Opa-locka","United States","Miami","United States",4.2,76,70a14936-cfb2-48b5-9d3e-2907496f763f,9abaf609-3f5c-4cd7-9730-6be325777766
location_only,"Operations and Checkout Building","Neil Armstrong Operations & Checkout (O&C) Building",Q7097807,"Brevard County","United States","Merritt Island","United States",5,53,a7f9db3e-4207-4766-9020-1c79d6ad4474,207466b9-9a21-441c-a78d-42b3decdf0ba
exact_name,"Oradour-sur-Glane cemetery","Oradour-sur-Glane cemetery",Q1092102,"Oradour-sur-Glane","France","Oradour-sur-Glane","France",4.7,52,69cb8e6c-51bd-4c12-b1f7-30308750234a,58dc0784-1013-416b-8126-7c004a1e6a35
location_only,"Orpheum Theatre","The Orpheum Theater",Q7103966,"Madison","United States","Madison","United States",4.5,21,60cb1fc0-6868-4a25-b407-6d62a49d12a9,01bf1b81-218a-4227-8e69-62f9192aec36
exact_name,"Osaka Culturarium at Tempozan","Osaka Culturarium at Tempozan",Q11249107,"Kobe","Japan","Osaka","Japan",4,51,9bcace9c-be84-4321-adaa-7a6af3249496,5d5db991-8c77-436a-9f69-54af9e1e31ef
location_only,"Østerport Station","Østerport St.",Q635929,"Copenhagen Municipality","Denmark","København Ø","Denmark",4.1,41,65ceb119-2756-4a6d-a0d2-9a4c018db0f7,e8f8c84f-1906-41a8-a6de-6ed36b17a392
location_only,"Othée Tumulus","Tumulus van Othée",Q1913292,"Awans","Belgium","Awans","Belgium",,9,7b2bb190-14fe-43b4-8626-2db34dc7193f,9ff6791a-c6e9-458d-9c18-01d49cfc4303
similar_name,"Ottawa station","Ottawa",Q3095844,"Ottawa","Canada","Ottawa","Canada",3.8,4,7f7d62ee-c273-408e-b491-229c04704c17,7d4bc8a0-ad62-44a1-a311-1c80e46d3f54
similar_name,"Oud Eik en Duinen","Cemetery Oud Eik en Duinen",Q2697186,"The Hague","Netherlands","The Hague","Netherlands",4.4,111,878ad6e0-5261-4fb3-a3a0-da1ee7e29d38,f10a9b84-8237-42df-bf4e-068197fbd99c
location_only,"Oudezeele churchyard","Cimetière",Q2583728,"Oudezeele","France","Oudezeele","France",,29,adf0b336-d2f2-42ac-9b2a-106f72359d86,5d5bbd3c-f21e-4b62-8644-7a2c5478cc7a
location_only,"Ōura Church","Ōura Cathedral",Q430626,"Nagasaki","Japan","Nagasaki","Japan",4,16,a8651e6b-211b-4713-af7f-d5ab1e66f7bc,4d245643-82f3-490a-a766-d3e024a7e365
location_only,"Övedskloster Castle","Övedsklosters gods",Q1418074,"Sjöbo Municipality","Sweden","Sjöbo","Sweden",4.4,11,a23486b9-0511-40e6-ba41-d41e060ef2f4,2dacfa86-a91e-4f6c-87f6-49d00ac8cf72
location_only,"Paard van Troje","Prinsegracht 12",Q1704368,"The Hague","Netherlands","The Hague","Netherlands",,19,18af23fa-be05-44ce-b9ed-1e1fb44ab008,9283f80d-3913-472a-85e9-d4b8458b4359
location_only,"Paderborn Cathedral","Paderborner Dom",Q383958,"Paderborn","Germany","Paderborn","Germany",4.7,62,9e1aba63-8ce9-4747-8425-5668ed8b5c5d,564957e2-3599-4d40-b31c-c162e994ec80
similar_name,"Palace of Justice","Palace of Justice - Ministry of Justice",Q6958575,"Brasília","Brazil","Brasília","Brazil",4.5,31,68f5ad36-15ef-4624-950d-2d5348bb0d7f,f0d16171-b050-4607-8dbe-200fe6a7a76c
location_only,"Palace of Whitehall","Banqueting House",Q391620,"City of Westminster","United Kingdom","London","United Kingdom",4.4,52,48b1fba0-ef07-405f-8111-2070ac474d37,b44c144b-f4c7-4a45-9fee-e6bce7e88533
exact_name,"Palacio de Cibeles","Palacio de Cibeles",Q1849031,"Madrid","Spain","Madrid","Spain",,52,9546504d-3566-47f1-86ad-5f9f65e5d404,dca23d0e-3453-4f87-bd4f-6b7cc9506c42
location_only,"Palacio de Correos de Mexico","Palacio Postal",Q978161,"Mexico City","Mexico","Cuauhtémoc, Mexico City","Mexico",4.6,23,77baf0d3-88de-414f-b77b-fd27dade1241,0468667c-18f0-495d-8116-629c9e9d0ab4
similar_name,"Palais Bourbon","Assemblée nationale | Palais Bourbon",Q936633,"Paris","France","Paris","France",4.5,19,a68f08e4-6f3e-4a66-a4f4-9984c89a2cb8,0cd466fb-ecea-46f1-ac07-7233be60f0c6
location_only,"Palais de Chaillot","Library of Contemporary Architecture (City of the Architecture and the Heritage)",Q13360213,"Paris","France","Paris","France",3.3,64,e21d7271-0624-4654-ac19-ef87b86c341e,b3d371ff-b341-4dcc-83f0-589f1055439a
similar_name,"Palais Montcalm","Palais Montcalm – Maison de la musique",Q3360900,"La Cité-Limoilou","Canada","Québec City","Canada",4.8,6,8edafffd-6d21-4ca0-b8a1-68fe569ed6ba,6f46856d-40a5-4e7c-a626-2766943675a7
location_only,"Palais-Royal","Square Colette",Q329948,"Quartier du Palais-Royal","France","Paris","France",4.7,68,f106e358-8194-434d-b6c4-5be50579029f,76c9780a-3967-4dc1-8534-8da92ba0ee6f
location_only,"Palau de la Generalitat","Church de Sant Sever",Q599118,"Gothic Quarter","Spain","Barcelona","Spain",4.4,137,a8fe756d-649e-48ba-83b0-9eea6d968b52,93bf30fc-0569-497d-a9e9-081e44d86a20
similar_name,"Palazzo Braschi","Museo di Roma - Palazzo Braschi",Q1090910,"Rome","Italy","Rome","Italy",4.5,43,8a2dbdc3-dd73-42f0-8c0d-3a64d9bb2ae0,981bc282-9231-4d47-804d-0286c4103b55
location_only,"Palazzo dei Conservatori","Square del Campidoglio",Q64103,"Rome","Italy","Rome","Italy",4.7,40,49777a7c-0f9c-4e6b-8be5-f897b9cc67c0,901ae692-894d-4523-8158-ce28c2f1f795
location_only,"Palazzo del Te","Te Palace",Q1261544,"Mantua","Italy","Mantua","Italy",4.7,65,9765f2b8-053c-4ee4-878a-91ad679d0ba0,e160935a-db1c-4d0e-b81a-f9e4bcb1d998
location_only,"Palazzo della Cancelleria","Humana Vintage Roma 2",Q2031943,"Rome","Italy","Rome","Italy",4.4,75,f3a5fc6b-bb0f-43a3-a734-aa707768c101,c5260464-9525-4ca1-9857-a92d73ea4e57
similar_name,"Palazzo Ducale","Palazzo Ducale di Urbino",Q1267721,"Urbino","Italy","Urbino","Italy",4.7,55,8f530318-5358-4500-abe3-eddd15dde396,c5268e1c-183f-4fc0-986c-9e5fff215e7b
location_only,"Palazzo Grassi","Grassi Palace",Q907964,"Venice","Italy","Venice","Italy",4.5,1,8801bd76-aa2c-4ab7-881e-a72890f39a8b,7d33a82f-302d-4876-984b-cf98acec128c
location_only,"Palazzo Grimani di San Luca","Palazzo Grimani (San Luca)",Q922371,"Venice","Italy","Venice","Italy",4.7,42,7f605813-020e-43fd-9568-6aba991a647b,9b92a68b-1508-4ba9-a2e1-24cb0f674b17
location_only,"Palazzo Rucellai","Rucellai Palace",Q923702,"Florence","Italy","Florence","Italy",4.5,9,8e690c5e-2fc3-45e0-9dc1-9c326a1f52fd,b1b4baae-6597-451f-8b10-2565af9f1b98
location_only,"Palazzo Senatorio","Square del Campidoglio",Q927092,"Municipio I","Italy","Rome","Italy",4.7,92,3328121b-bda2-4227-a01d-bcfa705c4691,901ae692-894d-4523-8158-ce28c2f1f795
location_only,"Paleis of Justice in Antwerp","Gerechtsgebouw Antwerpen",Q1842648,"Antwerp","Belgium","Antwerp","Belgium",3.7,5,a12ad3e7-c5f5-4a13-ac40-860f768d3beb,c2740665-fd5f-4859-8966-d37eed6ee93a
location_only,"Panthéon","Library Sainte-Geneviève",Q188856,"Paris","France","Paris","France",4,100,245edbb1-b007-4ef1-a7e0-e4196bf28cc3,331230f2-c7f3-46ec-9662-3734bd24bb1e
similar_name,"Paramount Theatre","Paramount Theatre Oakland",Q14683611,"Oakland","United States","Oakland","United States",4.6,41,9a278801-44ef-4ec6-b3bb-749fe24041e9,0504ceb3-f3e1-4f82-a832-521891db94b4
location_only,"Parc Olympique Lyonnais","Groupama Stadium",Q8507,"","","Décines-Charpieu","France",4.5,11,a46ef92f-6a2b-4dec-87fe-db16e24df43e,81a05a54-66a5-4295-9d53-1830c430240a
location_only,"Parc1","Parc.1",Q1774820,"Yeongdeungpo District","South Korea","Yeongdeungpo District","South Korea",4.3,90,9ef4f2ae-ba88-40b8-8e3f-f0adec2c45b0,a9454614-2a10-47b8-a7f1-26622121f97e
location_only,"Paris Tribunal","Maison des Avocats",Q2974817,"Paris","France","Paris","France",4.5,105,1f74439e-f86a-4de7-b686-deca4bde39dc,25e3ba35-e3dd-45a4-ad7e-07d0d91ec973
location_only,"Parish Church of Our Lady of Pilar and Saint Lucy","Igreja Nossa Senhora do Pilar e Santa Luzia",Q55454982,"Salvador","Brazil","Salvador","Brazil",4.7,16,5fdb8a3c-26d7-4fad-9750-2f3d90c01550,a09ce1b5-5701-4416-812d-4c490a8b3229
location_only,"Parish Church of Sipbachzell","Pfarrkirche Sipbachzell",Q2082972,"Sipbachzell","Austria","Sipbachzell","Austria",4.4,4,81650b4f-7245-4ff2-8efe-c02387e86214,c329095e-3e24-4e14-b6f2-ab63199f0189
location_only,"Park Inn Pulkovskaya","Cosmos Saint-Petersburg Pulkovskaya Hotel, a member of Radisson Individuals",Q4383599,"Saint Petersburg","Russia","St Petersburg","Russia",4.3,41,7224fd3c-95b9-46b6-82d4-f2b48eff082e,303eec82-6033-4595-bad6-f342e07f7449
location_only,"Parkview","City Green Court",Q62616170,"Nusle","Czech Republic","Prague 4-Nusle","Czech Republic",3.9,92,c1090984-b25b-402d-a3ad-4878c9f2a928,9f021d88-38dd-460c-b183-7a517e359f3e
location_only,"Parma Cathedral","Baptistery of Parma",Q1287889,"Parma","Italy","Parma","Italy",4.5,61,f5efc0a9-d40a-4d5f-9dd7-bb423da31bc5,8cbed4ef-7435-4a58-b081-2691938755e4
location_only,"Parthenon","Erechtheion",Q10288,"","","Athens","Greece",4.8,75,0d7f7eaa-2ce8-4db3-9eaf-878b7bc3b836,fa1a43ab-4058-4d85-b5da-1a4976972697
similar_name,"Parthenon","The Parthenon",Q1467467,"Nashville","United States","Nashville","United States",4.6,19,690aed3d-11ea-469c-b0b6-957cd2e53148,ae942262-4ebd-427c-b27f-e8a3ca091daf
location_only,"Partisan cemetery in Mostar","Partisan Memorial Cemetery",Q85181,"City of Mostar","Bosnia and Herzegovina","Mostar","Bosnia and Herzegovina",4.4,52,94c4d711-1de9-4715-8c09-3a6dab4a18e3,be27774a-2e00-495c-a8b2-8c71a0c6c9e9
location_only,"Paula Modersohn-Becker Museum","Atlantis House",Q318983,"Mitte","Germany","Bremen","Germany",3.7,100,4d721a3c-473a-4b33-9c1c-aec2ae7a7a57,ccb7da4c-64f8-47f2-8477-7dc1e1360a8a
location_only,"Pendé churchyard","cimetière de l'église de Pendé",Q4039877,"Pendé","France","Pendé","France",5,30,8d95c5e0-4712-4c33-8e19-db5cead38d0c,fabccd2b-99c8-4ca8-99c1-d29376275349
location_only,"Père Lachaise Cemetery","Cemetery du Père-Lachaise",Q311,"Paris","France","Paris","France",4.6,87,f6e0ecc7-4cea-4913-98bd-956d3406b898,2a8e71ab-4b92-4a84-b3aa-804f80e714e2
location_only,"Perry Carnegie Library Building","Carnegie Library Museum",Q7169732,"Iowa","United States","Perry","United States",4.5,50,a8390e0f-51a5-46af-be85-b8a4106a7078,6a73bbba-36fc-4794-bf10-23f244e59a50
location_only,"Pestana Casino Park","Casino da Madeira",Q10348902,"Sé","Portugal","Funchal","Portugal",4.1,98,c8255959-98f3-4d10-8c74-86abe8e850a1,b071ff81-d972-43e1-bb57-98776b6593f9
similar_name,"Petersfriedhof","Friedhof St. Peter (Petersfriedhof)",Q873904,"Salzburg","Austria","Salzburg","Austria",4.5,29,72a8aeba-6392-4261-acf6-f58cc39ae99e,5d578b65-04f7-42f9-96c1-81b9efff63e2
location_only,"Peterskirche (Rankweil)","St. Peter-Kirche",Q1557918,"Rankweil","Austria","Rankweil","Austria",4.7,5,acc818ef-99ab-46a7-8761-98cccaaa172b,b42fdda8-c657-48a6-a0a2-31a0dcd1e0ec
location_only,"Pfarrheim","Pfarramt St. Albert",Q104190885,"Saarbrücken","Germany","Saarbrücken","Germany",4.1,11,eda35921-01bd-42e9-8d66-53f490c2f677,269f1468-b42b-4abc-98c2-d99f6f63d463
location_only,"Pfarrkirche hl. Florian, Gunzenberg","Pfarrkirche Gunzenberg (Hl. Florian)",Q1657861,"Mölbling","Austria","Molbling","Austria",5,23,a4befd6e-ec76-434d-8526-e6aa98f01cc1,0d9fa0f5-fa9b-4649-af17-73d3eaa3f551
location_only,"Pfarrkirche St Martin in Klagenfurt","Pfarrkirche St. Martin",Q2083111,"Klagenfurt am Wörthersee","Austria","Klagenfurt am Wörthersee","Austria",4.4,40,9c21dcf4-3f7b-4763-8881-b8275fefebc4,f4ce29bb-c6ad-41f3-b9a9-38e1660ccce0
similar_name,"Pfarrkirche Zeltschach","Pfarrkirche Zeltschach (Hl. Andreas)",Q1490558,"Friesach","Austria","Friesach","Austria",4.6,8,69ef1431-1ccc-4603-bb32-e39786454535,6e4114fb-c7cc-4dc7-bd1e-cda44cd894f9
similar_name,"Pfarrkirche Zienitzen","Pfarrkirche Zienitzen (Hl. Georg)",Q1646447,"Friesach","Austria","Friesach","Austria",5,58,99cd0818-14c6-406b-80bb-53e99127a1a7,38e3a23e-08d7-4539-aaa7-ffcf4c7726e8
exact_name,"Philharmonie Luxembourg","Philharmonie Luxembourg",Q976457,"Luxembourg","Luxembourg","Luxembourg","Luxembourg",4.8,44,77ccd857-2bc7-4898-8439-41d1a3b7a60d,e6655e2c-f6ce-419c-83e3-1ea9a2fb67ae
similar_name,"pierresvives","Domaine départemental de Pierresvives",Q24150797,"Montpellier","France","Montpellier","France",4.4,61,62bac401-72ef-4490-bda5-93455e977ee0,91c66c11-8ed7-46a3-8efe-73878a5d76ee
location_only,"Pinacoteca Giovanni e Marella Agnelli","Pinacoteca Giovanni and Marella Agnelli",Q975240,"Turin","Italy","Turin","Italy",4.5,68,955305d1-480f-4c5e-9590-42b05af8fd7f,044d7b6b-dc53-4077-abce-c9ade1fcd162
location_only,"Piratini palace","Palácio Piratini",Q732922,"Porto Alegre","Brazil","Porto Alegre","Brazil",4.6,24,9edf6f95-1196-4fda-ae87-68a0b21b8ae9,824c9252-c08c-421d-84f8-be6a8d574f69
location_only,"Plaza de toros de las Arenas","Viewpoint",Q548566,"La Nova Esquerra de l'Eixample","Spain","Barcelona","Spain",4.5,41,870427b7-655c-4df0-af13-4d8e45e9d9be,93d72a39-55e4-4d73-8983-3522123f2a7c
location_only,"Plummer-Motz School","Plummer-Motz Elementary School",Q23035423,"Falmouth","United States","Falmouth","United States",,57,60450070-f20f-4471-b40a-118f8ddabf94,17086505-9a9f-45b5-afa2-ad642c18fa36
location_only,"Poblenou Cemetery","Cementiri del Poblenou",Q5668717,"Barcelona","Spain","Barcelona","Spain",4.5,74,e53e1e5d-6e2e-433d-ac96-dcc8f34fc6df,b891ce07-1734-459f-a08a-55883da886eb
location_only,"Pont Neuf","Jacques De Molay (Knight Templar) Memorial",Q335277,"","","Paris","France",4.3,102,34d35a25-34b6-482d-8a14-34ae127b781a,82514ef6-48e4-45e9-9bfc-e311c7bfedbe
location_only,"Pont-Noyelle Communal Cemetery","Cimetière de Pont-Noyelles",Q2522470,"Pont-Noyelles","France","Pont-Noyelles","France",,10,8064a62c-9be4-48cf-8171-923a2023ac30,a0197c41-8ad1-472a-aa33-1a831ea24629
location_only,"Portcullis House","Big Ben",Q1757027,"City of Westminster","United Kingdom","London","United Kingdom",4.6,70,4610126a-6b25-4665-97f2-538c7ae35d85,e49021f8-c647-4bcd-8a9a-4c8d4e56bdf2
location_only,"Portuguese-Israelic graveyard, The Hague","Jewish Cemetery",Q2579155,"The Hague","Netherlands","The Hague","Netherlands",4.1,88,7409135d-ab52-4d10-935d-8f2961ee30dc,b8ed909a-86ff-4488-a5cd-27e6dcc9a41a
location_only,"Postgebäude Residenzstraße 24","Postbank Filiale",Q106676773,"Berlin","Germany","Berlin","Germany",3.7,7,704a0ebf-cafc-42c2-9aec-8d11452181f0,7f8bc9d6-6a5e-42d5-a751-14b5273da283
location_only,"Prédio na Avenida António Augusto de Aguiar, 100","Apartment",Q98962548,"Avenidas Novas","Portugal","Lisbon","Portugal",,35,6463a57b-b0de-4654-8cfc-b9d4edf88400,76df421f-8af3-47fc-b70b-7ade76c5662f
location_only,"Presbítero Matias Maestro","Cementerio Memorial Park Presbítero Matías Maestro",Q3776989,"Lima","Peru","Lima","Peru",4.4,138,6697dc5a-94e8-42c9-b292-c16eb4c09d8e,6ea44980-c4b9-47ce-99e5-53f56c48dddc
location_only,"Presidential Mansion","Presidential Palace",Q2629065,"Athens Municipality","Greece","Athens","Greece",,65,a0e74299-658b-42a8-8135-5f7bb5ad8627,1b8c8f27-3ee5-455c-84e7-749166edc289
location_only,"Presidential Palace","Carmelite Church, Warsaw",Q608932,"Warsaw","Poland","Warsaw","Poland",4.7,76,98ae29a4-515b-4fc5-a3ac-5256232f5c9d,d9cc5fbe-e27d-4367-b7b0-1a7b046ddec1
location_only,"Primate's Palace","Primacial Palace",Q938516,"Bratislava","Slovakia","Bratislava","Slovakia",4.5,26,7a9421a2-3eb0-4381-86e4-f06351bb933a,d0209bdc-041e-44c2-bfb5-32de31d34c78
location_only,"Prince Eugens Waldemarsudde","Prins Eugens Waldemarsudde",Q537,"Stockholm","Sweden","Stockholm","Sweden",4.5,69,887ac7a1-0484-4997-bf6c-5a43e5c7581f,79c556b2-6bc9-49e7-b530-f595a12e7d36
location_only,"Prince George Hotel","Museum of Sex",Q11700542,"New York","United States","New York","United States",4.4,101,860c7351-4b54-47f1-9f98-244368b3ef58,5e50e7a6-5112-4292-8c94-46ff98ebbb31
location_only,"Procuradoria Geral da República","Prosecution General of the Republic",Q10369343,"Federal District","Brazil","Brasília","Brazil",4.3,50,6471d888-492b-455c-af62-c8f0b31a84d5,e359af98-b932-4b31-b7fc-0d6db627a277
location_only,"Prospect Hill School","Prospect Hill Apartments LP",Q15378626,"Westfield","United States","Westfield","United States",3,86,72be9fc9-96df-4b9d-a3d8-4d41b360bb01,50c7c6e5-5f55-43ae-ad51-aee0352c7470
location_only,"Protestant Cemetery, Rome","Non-Catholic Cemetery",Q1187723,"Rome","Italy","Rome","Italy",4.6,51,9050e4c7-29b7-4ec9-bc6f-8cd64f35ca14,66281d01-222d-409e-99aa-1166c09488d0
location_only,"Protestant Great Church of Debrecen","Reformed Great Church of Debrecen",Q897459,"Debrecen","Hungary","Debrecen","Hungary",4.7,48,a1979cda-e620-4491-aa11-ed15972a4f4c,bc774614-e5a2-4290-9364-49573ba6c852
similar_name,"Q1 Tower","Q1",Q125846,"","","Gold Coast","Australia",,32,672e6633-d055-422b-8079-83e10dc2bf2a,a8f124a1-8a7e-41ed-b8c5-6148d51ee87b
location_only,"Radio City Music Hall","Top of The Rock",Q753437,"New York","United States","New York","United States",4.7,49,b5894020-4a35-4887-bfe4-972e528e589a,10fac980-15be-4265-80cd-fca3238c23a0
location_only,"Raffles City","Swissôtel The Stamford Singapore",Q5359041,"Downtown Core","Singapore","Singapore","Singapore",4.5,38,8d75201d-848f-481d-82e2-239602d1601f,d05fbb22-2c5a-428e-ab73-289c8f013782
exact_name,"Rahumäe Cemetery","Rahumäe cemetery",Q3771645,"Tallinn City","Estonia","Tallinn","Estonia",4.3,63,91637037-8ced-40d9-b03d-afcc43bcb061,abe53853-8559-4eec-a7bb-e36efe75b717
location_only,"Raismes cemetery","Cimetière de Raismes centre",Q2753789,"Raismes","France","Raismes","France",1.5,99,8ca4404b-c2a7-4dd7-a590-835612f47719,a04fdf05-4056-4b8b-8672-7bc1701fc5ec
location_only,"Raleigh Hotel","Kimpton Surfcomber Hotel",Q16900941,"Miami Beach","United States","Miami Beach","United States",4,105,0692e4c3-b340-462c-bacd-528900e3f49e,8132d3ab-0765-4dbf-8f86-46c029f888fc
similar_name,"Ramath Orah","Congregation Ramath Orah",Q7289108,"New York","United States","New York","United States",4.5,7,8220fe66-4e57-4e17-9a3c-8d1e87828f04,2409a6da-a399-48c6-a958-2b15952de312
location_only,"Ransom County Courthouse","Ransom County Court Clerk",Q7293478,"Lisbon","United States","Lisbon","United States",4,44,76393bfc-7dc4-4e0f-8e44-6c1b33f72570,393f9fe1-b12a-4154-8dc2-2792498b330a
exact_name,"Rashtrapati Bhavan","Rashtrapati Bhavan",Q677555,"New Delhi district","India","New Delhi","India",4.7,42,8d9fefc0-05a7-439a-85a3-405a6996f9df,549968c1-e588-4ba7-b4a9-628e77bcc878
exact_name,"Rasos Cemetery","Rasos Cemetery",Q340065,"Vilnius","Lithuania","Vilnius","Lithuania",4.9,55,e2bb389a-4d0a-44b0-b7bb-073af882e865,8a3ee3fe-d8d2-44a4-a965-81bc94cdd552
similar_name,"Rathaus Bensberg","Rathaus Bensberg (Technisches Rathaus)",Q61896510,"Bergisch Gladbach","Germany","Bergisch Gladbach","Germany",4.3,25,5f7e2a2d-9a42-4ab5-b571-bdc731471867,7d89f4d0-59b1-4000-8aea-a3b447ae2382
location_only,"Rayevskoye cementry","Rayevskoye Kladbishche",Q4388168,"Babushkinsky District","Russia","Moscow","Russia",4.3,11,6eb4518b-e99b-4966-baba-165eac73e2f0,ebe61c5a-e043-4681-bf4c-037852ac779a
location_only,"Redipuglia war memorial","Military Memorial Redipuglia",Q498934,"Fogliano Redipuglia","Italy","Fogliano Redipuglia","Italy",4.7,43,adeb0799-a81b-4258-ad58-6db9af9767f6,72a8a223-f577-47ee-9ce8-69bafec8e521
similar_name,"Reichstag","Reichstag Building",Q151897,"Bezirk Mitte","Germany","Berlin","Germany",4.7,9,8845c69b-d00a-4f9e-b2d1-166f7691aade,be6ea9e5-8443-4cf8-b2fb-9b80d07c92bb
location_only,"Reumont Churchyard","Reumont Commonwealth War Graves",Q1969039,"Reumont","France","Reumont","France",4,55,8b32633c-512c-4876-9b5c-782a600962b4,6f08ad7f-2e9b-4157-9668-bc9af756a074
location_only,"Revolutionary Martyrs’ Cemetery","대성산혁명렬사릉",Q910631,"Pyongyang","North Korea","Pyongyang","North Korea",,14,7ab14b4d-eed5-4142-aee6-4fb3a7d64641,9d3db9aa-df31-466b-afbd-cc6e03582e11
location_only,"Rexpoëde cemetery","Cimetière de Rexpoëde",Q1978786,"Rexpoëde","France","Rexpoëde","France",,73,945bc8e4-0ea0-4f53-b7ab-45796417e611,d73cb95e-0883-41e6-b42c-bbbbcf3f63ce
similar_name,"Reynolds Building","The Residences at the R.J. Reynolds Building",Q7319632,"Winston-Salem","United States","Winston-Salem","United States",3.7,76,9eb67cd3-bb6a-482c-b28a-63097e3b6f88,558b60a2-5fd9-4966-85db-4c458b1bd165
location_only,"RheinEnergie Stadion","RheinEnergieSTADION",Q151893,"","","Cologne","Germany",4.6,24,88eb6733-fa00-40a8-a276-e3a3e1ef1e53,cc4bdcd1-784c-4963-a07c-ffc0708bf2f7
location_only,"Rialto Bridge","Palazzo dei Camerlenghi",Q52505,"","","Venice","Italy",4.6,40,1064a50a-cb6d-4e60-8b38-663357d76017,2cf512bc-a7a8-4322-bc23-0d3368058eca
location_only,"Ritz Plaza Hotel","Kimpton Surfcomber Hotel",Q7336919,"Miami Beach","United States","Miami Beach","United States",4,90,c35e028e-25f4-4bdf-8786-660add173cf3,8132d3ab-0765-4dbf-8f86-46c029f888fc
location_only,"Rock and Roll Hall of Fame","Rock & Roll Hall of Fame",Q179191,"Cleveland","United States","Cleveland","United States",4.6,22,8f48a81c-c68b-4714-9021-11ed96c3a7ed,c44ce611-9c10-4dc7-965b-1071376db82a
location_only,"Rockefeller Center","Top of The Rock",Q11277,"New York","United States","New York","United States",4.7,85,cf9e4875-357c-47f2-b482-3a4f6078ba52,10fac980-15be-4265-80cd-fca3238c23a0
location_only,"Rodez Cathedral","Cathédrale Notre-Dame de l'Assomption de Rodez",Q2942292,"Rodez","France","Rodez","France",4.6,31,9df309cd-5e6f-4d6b-9a64-5c86c43949c0,09345581-8910-4446-b7e9-37b699882fa8
location_only,"Roger Gaudry Building","Pavillon Roger-Gaudry",Q69895960,"Côte-des-Neiges–Notre-Dame-de-Grâce","Canada","Montreal","Canada",,110,8f557852-72a1-45be-a63e-5aaa6c43ca17,28702cdd-5f4d-47b8-ae00-991df19c0d32
exact_name,"Rogers Centre","Rogers Centre",Q76318,"Toronto","Canada","Toronto","Canada",4.5,36,66521729-f78f-4f37-a3b8-2b8d404d1212,31591559-4ecb-4af0-9521-89f28a18318b
location_only,"Röm.-kath. Pfarrkirche zum Heiligen Nikolaus in Westendorf, Tyrol","St. Nikolaus",Q2083291,"Westendorf","Austria","Westendorf","Austria",5,14,8d5fe55f-059d-49ca-9a03-0ba524cb0861,8b8e92ab-9862-4c71-9fc6-f39427825367
similar_name,"Roma Termini railway station","Roma Termini",Q754485,"Rome","Italy","Rome","Italy",3.8,74,aa96e0b3-00d9-4550-8aa0-8d1dfd3baf33,e1b51f75-9437-4ce2-a25b-022ca8f319f1
location_only,"Roman Catholic cemetery Oudewater","Begraafplaats Oudewater",Q2024975,"Oudewater","Netherlands","Oudewater","Netherlands",5,49,77da9c47-cd5b-4ef5-827c-fe117dfdf95d,6c61e561-d562-484c-b489-e6a10e7db560
location_only,"Roncq cemetery","Cimetière de Roncq",Q2707859,"Roncq","France","Roncq","France",2.5,111,8adb4ea2-92dc-4f2b-b84b-f9838df09972,9a9770ec-fafc-49b1-a5db-9b215444a17f
exact_name,"Rosenbad","Rosenbad",Q744615,"Stockholm","Sweden","Stockholm","Sweden",,105,6014eb1f-bac0-4c5b-9d70-ac3f73565ed2,5d336c0f-bbb3-4914-bb58-497e9317c199
location_only,"Rosignano Marittimo cemetery","Cimitero di Rosignano",Q3676937,"Rosignano Marittimo","Italy","Rosignano Marittimo","Italy",3,56,a0970325-e7c0-4d38-8c6f-47301e91da61,6779215e-36e3-4521-8cda-deb21b243dfd
location_only,"Rotes Rathaus","Red City Hall",Q155210,"","","Berlin","Germany",4.5,51,a8c85e84-4f3b-47a6-adb5-919b3eb2a0ed,6f346de8-7943-44c7-8c34-5e08d7e9868f
location_only,"Royal Burial Ground","The Royal Mausoleum",Q6677705,"Berkshire","United Kingdom","Windsor","United Kingdom",4.1,32,5d65108e-9797-4477-89e0-c6436f16e0f7,7d50a2b9-ddee-4c11-b4af-31076a9503d4
exact_name,"Royal Chapel of Granada","Royal Chapel of Granada",Q429192,"Granada","Spain","Granada","Spain",4.6,64,b072320b-70e4-4516-a5d3-bb5cdeaeb285,cfbfdca6-f1ef-4c55-8b62-e9bdee76df47
location_only,"Royal Étrier belge","Royal Etrier Belge",Q21882757,"City of Brussels","Belgium","Brussels","Belgium",4.1,27,a242146a-62d3-44d4-9cde-82abc63fb111,4f3df514-9ec0-4bcc-aa47-3bab040fe7c3
location_only,"Royal Exchange","Hispania",Q1241240,"London","United Kingdom","London","United Kingdom",4.5,87,b8f69394-ebb0-4c33-a883-7a757c81a8d1,0f166c65-2794-4522-b04e-91243f112258
location_only,"Royal Palace of Amsterdam","KANKUL",Q1056152,"","","Amsterdam","Netherlands",5,102,33bfd4d0-7ede-4712-b8fb-f8699f9d4844,82cff8c3-5501-4870-b3d6-fd6dd0baeac0
exact_name,"Royal Palace of Brussels","Royal Palace of Brussels",Q635307,"City of Brussels","Belgium","Brussels","Belgium",4.5,40,7dd6e4ea-1586-42e5-83bb-f1e1ea342c9b,feaa12d5-041d-4a2b-abf5-5e9c754d93fc
location_only,"Royal Palace of Milan","Palazzo Reale di Milano",Q51105,"Milan","Italy","Milan","Italy",4.6,9,6295efba-88fb-4f73-9e88-ad747e931804,77962f32-43fb-4474-9f1f-57d626698575
location_only,"Royal Palace, Oslo","The Royal Palace",Q863932,"Oslo Municipality","Norway","Oslo","Norway",4.5,26,80577f0f-afe7-40c6-aa28-7b913c6e0b6f,b2d66fe5-3806-4dbf-bd03-876bd0069a67
similar_name,"Royal Swedish Academy of Sciences","Royal Swedish Academy",Q191583,"","","Stockholm","Sweden",4.4,22,5f107b7a-4313-4132-b2a0-85c65a59e1d2,7d483852-7072-49e6-ba5e-9fd5f66b2626
location_only,"Royal Theatre of La Monnaie","Belga Queen",Q551479,"City of Brussels","Belgium","Brussels","Belgium",4.2,96,35129532-e0ab-415f-9b9b-5b40ce2a98e1,ae5283cc-a991-45f7-a7c8-2c8f3e15a6a9
location_only,"Royal Tombs of the Joseon Dynasty","Jangneung (Tomb of King Danjong)",Q495276,"Gyeonggi Province","South Korea","Yeongwol-gun","South Korea",4.4,28,8e80c880-dfe1-4ea0-91c4-efaa4e7a85f7,533cae1a-123d-4de2-97e6-bb499aa31208
exact_name,"Rubenshuis","Rubenshuis",Q775644,"Antwerp","Belgium","Antwerp","Belgium",4.4,72,8185a1a9-245a-4ad8-a8bf-3a2741789794,d3615d60-77b1-4806-a96a-b12e20e33e29
location_only,"Rubrouck churchyard","Kerkhof van Rubroek",Q3278876,"Rubrouck","France","Rubrouck","France",5,1,aaae6904-c388-4708-ba7c-f6763fa6a656,df9abda8-e4e5-498a-a5e8-16aba14cae3c
exact_name,"Rüngsdorf Cemetery","Rüngsdorf Cemetery",Q1296360,"Bad Godesberg","Germany","Bonn","Germany",4.5,46,6d74a32d-fca1-4510-be49-c4852e433f33,f7ed888c-c76f-42bd-bbfe-fdfa78e02dbc
similar_name,"Russian Museum","The State Russian Museum, Mikhailovsky Palace",Q211043,"","","St Petersburg","Russia",4.8,7,7e9c5b30-bd89-49a9-8b0d-7fb71399a075,fd7e0995-a243-4eb3-9378-c792b09abbee
location_only,"Russischer Friedhof auf dem Neroberg","Russian Cemetery Wiesbaden",Q2972680,"Wiesbaden","Germany","Wiesbaden","Germany",4.3,20,94cb0633-13ff-4cce-9d2f-be4cb7f93d34,869da011-4de0-4e5a-92ed-287315fe7b96
location_only,"S.A.I. Catedral Metropolitana de la Encarnación","Royal Chapel of Granada",Q5419362,"Granada","Spain","Granada","Spain",4.6,64,dbc213e0-edd8-416e-b78e-accdcd01b746,cfbfdca6-f1ef-4c55-8b62-e9bdee76df47
location_only,"Sacré-Cœur","Overlook of Paris",Q28785,"","","Paris","France",4.6,115,f068f768-bb47-4411-aa42-be75e8f4f8e5,58884e03-f503-41e1-849b-1ac4cb241316
location_only,"Saint Germain-en-Laye Old Communal Cemetery","Cimetière ancien de Saint Germain en Laye",Q2972488,"Saint-Germain-en-Laye","France","Saint-Germain-en-Laye","France",4,57,64696a22-b49b-477c-8cc0-ab0d881e91aa,7d98cdbe-d118-47fa-8275-e161cb4b7887
location_only,"Saint Joseph and Our Lady of Lourdes Church","Parrocchia di San Giuseppe e Madonna di Lourdes",Q16540235,"Naples","Italy","Naples","Italy",4.6,9,738a807a-fdff-4958-8ee5-35ab9a091ce8,8fa5d101-3253-4201-9f84-8f08222746c3
location_only,"Saint Petersburg Mosque","Sankt-Peterburgskaya Sobornaya Mechet'",Q281900,"Petrogradsky District","Russia","St Petersburg","Russia",4.7,9,64fe7c7a-fe86-4da2-8cf1-e32ee000fc52,6509439d-f295-4eae-9cef-a92e3ece99e3
location_only,"Saint Virgilius in Rattenberg","Pfarrkirche hl. Virgil",Q1703634,"Rattenberg","Austria","Rattenberg","Austria",4.8,7,b07cc309-b603-4f43-b547-3425432a6913,0c896bd7-f20c-4470-a25c-4a092cd9df40
location_only,"Saint-Malo Cathedral","Saint-Vincent Cathedral of Saint-Malo",Q2385003,"Saint-Malo","France","Saint-Malo","France",4.5,41,852efff9-73e6-4262-8af2-3caafd3f22eb,307f418e-b308-43f8-87cb-3c9633d12c9d
location_only,"Saint-Sylvestre-Cappel cemetery","Cimetière de Saint-Sylvestre-Cappel",Q2296542,"Saint-Sylvestre-Cappel","France","Saint-Sylvestre-Cappel","France",,10,a6783c6e-48dc-4a71-9b16-8e9521a0ab5a,d177ae27-121c-41c8-afcc-dc8078aff0a6
location_only,"Sainte-Clotilde Church","Gallery ""In Camera""",Q1514062,"Paris","France","Paris","France",4.3,109,b85b8e9f-af3c-4730-bb03-f00b3c32427e,aeee4b21-91d8-4215-acfd-3f992a2283a2
location_only,"Saints Innocents Cemetery","Invader PA_720",Q1092104,"Paris","France","Paris","France",5,49,4f8c9395-400d-4a91-8e2c-4a870c42e6d1,f2d40157-20de-4346-9e30-6f5e880a16ae
exact_name,"Salisbury Cathedral","Salisbury Cathedral",Q390150,"Salisbury","United Kingdom","Salisbury","United Kingdom",4.7,37,73558e86-2877-4f5f-804e-d1e7b13f0501,714c83c9-520d-4c23-9e49-3c434c30f892
exact_name,"Salzburg Cathedral","Salzburg Cathedral",Q258908,"","","Salzburg","Austria",4.7,37,56dc93c1-b627-441f-a7d1-dbd84d55c025,aa821843-9244-49e0-822f-ba6b4e2105ef
location_only,"Samara Choral Synagogue","Синагога",Q4406390,"Samara","Russia","Samara Urban Okrug","Russia",4.2,19,61fff27a-806c-492e-9f75-85b2f3c94017,8e6a0985-5375-486a-87c8-273b1b437eb9
location_only,"Saméon churchyard","Cimetière Communal de Saméon",Q2203311,"Saméon","France","Saméon","France",,121,a76d4227-10b0-4bc5-9b98-13d3ba9f9ac8,035b112f-8614-4e14-b8b5-e4ceeb3e967e
location_only,"San Crisogono","Osteria Sonnino",Q1631638,"Rome","Italy","Rome","Italy",4.5,67,b678c0b8-b245-46ae-99ff-32ccc4e455eb,7cbe3ae6-4e88-4d92-b673-d6409efc79dc
location_only,"San Giorgio alla Costa","St. George and Holy Spirit at Costa",Q3585340,"Florence","Italy","Florence","Italy",3.7,7,81e9e596-1b77-43d3-a1db-fd8a916ba652,d879b752-4046-42cb-8a5b-a4e34639dd20
location_only,"San Giovanni Battista, Highway A11","Chiesa di San Giovanni Battista",Q3668767,"Campi Bisenzio","Italy","Campi Bisenzio","Italy",4.6,28,5e88072c-7123-47a9-911a-539edb09ed22,ee20b74b-5039-4525-b290-0098ee6c4efb
location_only,"San Giovanni Grisostomo, Venice","Chiesa di San Giovanni Crisostomo",Q915746,"Venice","Italy","Venice","Italy",4.7,12,8bea3a5d-d910-440c-8e1c-fe47115ff6ee,7b41aeda-5eae-4d01-be41-dd13e686c499
location_only,"San José City Hall","San Jose City Hall",Q1109555,"San Jose","United States","San Jose","United States",4.2,75,449182ae-4202-4f70-8af4-6ab6944200ab,b03ea622-4ebb-4ea5-bc7d-01a9819dcb9e
location_only,"San José City Hall Tower","San Jose City Hall",Q133834599,"San Jose","United States","San Jose","United States",4.2,13,a9598417-8b54-45a2-96eb-8a2624824aa9,b03ea622-4ebb-4ea5-bc7d-01a9819dcb9e
similar_name,"San Maurizio al Monastero Maggiore","Chiesa di San Maurizio al Monastero Maggiore",Q1255890,"Milan","Italy","Milan","Italy",4.8,3,5d8023fd-66ce-4307-899c-3b481fede0ff,55b3884a-091f-453f-9264-18dc73f8629b
similar_name,"Sanctuary of Torreciudad","Torreciudad",Q1125177,"Secastilla","Spain","Secastilla","Spain",4.7,23,a0810f68-873f-4600-9535-1d1cc50d4891,53e07458-04cd-41d1-b9c3-1f3b5b660017
similar_name,"Sant Cristòfol","Parròquia de Sant Cristòfol",Q21604431,"Les Planes d'Hostoles","Spain","Les Planes d'Hostoles","Spain",4.1,10,9bf55398-7b63-4841-b15c-5b60cafd5183,9ce29cb6-70ae-489b-a0e2-d383d208b00f
similar_name,"Sant'Andrea della Valle","Basilica di Sant'Andrea della Valle",Q1631593,"Rome","Italy","Rome","Italy",4.8,61,3c552519-ee3f-4161-aa12-d7f14e6f1db8,7c9bc7ba-2274-4449-9d74-ffbc0c4b51aa
location_only,"Santa Maria dei Miracoli, Venice","Church of Saint Mary of Miracles",Q533680,"Venice","Italy","Venice","Italy",4.6,6,913ed944-f743-4123-bbfa-14eaebab8638,37207de1-2cc4-4e3d-90e0-c650fcec434e
location_only,"Santa Maria dell'Anima","Piazza Navona",Q2140145,"Rome","Italy","Rome","Italy",4.7,119,97348635-651e-4ac5-a52c-13555926b73f,a7d90adf-6502-4bd4-a0df-b0300cabb48a
location_only,"Santa Maria della Pace","Church of Santa Maria dell'Anima",Q1514683,"Rome","Italy","Rome","Italy",4.8,58,a4602eea-7cdd-4b6b-a439-ce3b767e6cd2,61d2f20f-3de4-451f-adc4-fc3850e3e5b6
location_only,"Santa Maria della Quercia, Rome","Chiesa di S. Maria della Quercia dei Macellai",Q3673906,"Rome","Italy","Rome","Italy",4.6,33,6e73b9b5-b956-40b2-865b-5f4204ec80fd,9c0b9bbc-e243-48f2-9080-757f2924fa29
similar_name,"Santa Maria delle Carceri","Santa Maria delle Carceri, Prato",Q1714149,"Prato","Italy","Prato","Italy",4.6,9,a693f8ba-15ae-4bd7-868b-533f30b9448c,78829ca1-5648-4f07-a892-03df5f265920
location_only,"Santa Maria in Trastevere","PDM Ristorante Roma",Q1137391,"Roma Capitale","Italy","Rome","Italy",4.8,135,2ff95c94-31a0-4a5a-a976-3c7598b71b74,442a3af0-dbeb-4273-9fe1-c1f8f63e725a
location_only,"Santa Maria presso San Celso Church","Santuario di Santa Maria dei Miracoli presso San Celso",Q734515,"Milan","Italy","Milan","Italy",4.7,30,78ab4c26-67ea-4161-ad86-ceb99de08b62,7ed4290f-b3c6-425c-865e-66e39a096caa
location_only,"Santa Maria presso San Satiro","Princi",Q589462,"Milan","Italy","Milan","Italy",4.2,43,5e871605-9f56-4996-b49d-2835808dfc4b,c5e02ded-1c57-48ff-b2e4-4d2c51ad2741
location_only,"São Paulo Cathedral","Sé Metropolitan Cathedral",Q1050668,"Sé District","Brazil","São Paulo","Brazil",4.7,5,7b828b32-ee9f-4e42-a464-dae48da07970,f04ba4c0-e9d7-48aa-bb67-212514aafb05
location_only,"Sava Centar","Sava Center",Q1278216,"New Belgrade","Serbia","Belgrade","Serbia",4.4,100,67bc61c6-a053-45a1-88d1-b662e5063b87,0df8dc7e-7e3b-4c8b-97e7-a25d7ead6f3a
location_only,"Saxon Palace","Brühl Palace - Foundaments",Q1393493,"Warsaw","Poland","Warsaw","Poland",3.7,81,91b77098-157e-4701-99aa-b5f11c3bb4f9,f13f1d65-84c9-46fb-a63c-f208fd91c8ab
similar_name,"Säynätsalo Town Hall","Säynätsalo Town Hall by Alvar Aalto",Q2456080,"Jyväskylä","Finland","Säynätsalo","Finland",4.6,22,5fcedac6-bb74-47fd-90ba-51274ac1644f,e8a73a1c-b1d2-499b-bf77-04b8b270cf75
location_only,"School of Arts and Crafts of Toledo","Toledo School of Art",Q5839056,"Toledo","Spain","Toledo","Spain",4.2,7,9800f907-02e0-4a0b-8bb3-0ffe1dc60964,d88d07e5-1c15-4579-9ed8-50e7fd70dea1
location_only,"Schoorl General Cemetery","Begraafplaats",Q1943940,"Bergen","Netherlands","Schoorl","Netherlands",4.7,48,5e083570-df92-4b89-bec0-bf3880c9124d,53493b86-66c4-47b8-b95a-5499e24156bb
exact_name,"Schosshalden cemetery","Schosshalden cemetery",Q2249115,"Bern","Switzerland","Bern","Switzerland",4.7,63,ab0e5ecd-318f-4254-b5c6-8f40e6d0901c,792f177f-110c-49c5-89a3-b2ce49b95e41
location_only,"Schubertpark (Währing)","Schubert Park",Q2595983,"Währing","Austria","Vienna","Austria",4.5,37,67783018-bca1-4441-87e0-e32156fb3be0,9982a6fd-bc6c-4d48-b348-f178374ba0c0
exact_name,"Seagram Building","Seagram Building",Q737484,"New York","United States","New York","United States",4.5,71,864728e9-131d-4bec-bd03-d27023ef8e0b,f8f5f560-77b1-45c7-92da-76180af9606f
location_only,"Seat of the European Central Bank","European Central Bank.",Q321040,"Frankfurt-Bornheim/Ostend","Germany","Frankfurt am Main","Germany",3.8,95,5c926fb8-9880-4b9c-bfa4-dc9bbfbc1bee,c558d415-c7f4-469c-9852-8c4110e9a122
location_only,"Sebourg Communal Cemetery","Cimetière",Q2505324,"Sebourg","France","Sebourg","France",4.5,104,6ddd1d14-055b-4ee6-8772-5dcbe656c674,deb92e86-ca03-44c5-91cd-be2afa4e0ae6
location_only,"Selfridges Building, Birmingham","The Selfridges Building",Q7448350,"Birmingham","United Kingdom","Birmingham","United Kingdom",4.4,16,91131c85-2fc2-46bf-9b7d-e7914a7c19d4,7317b4a3-38c4-4284-ac2e-9fdb302e4c39
location_only,"Seminary of Málaga","Seminario Conciliar Diocesano de San Sebastián y Santo Tomás de Aquino",Q9075927,"Málaga","Spain","Málaga","Spain",4.5,0,ad1a282f-1c96-4714-a098-bcb5ad08ed2f,708bb3f8-e611-4b74-9171-617b0aa8b3b6
similar_name,"Semperoper","Semperoper Dresden",Q127097,"","","Dresden","Germany",4.8,5,8815fa61-0885-47d2-95d8-835b439e402c,ae25cef2-bd5e-428f-bcda-247a8d465160
location_only,"Serbisch-orthodoxe Kirche St. Sava, Landstraße","Serbisch-orthodoxe Diözese Österreich-Schweiz",Q2272124,"Landstraße","Austria","Vienna","Austria",4.9,3,5e81b60e-c828-473d-aaa6-7ab5406769c7,2fb27c1a-28d6-46ba-9bee-80954459eb0c
similar_name,"Serpentine Gallery Pavilion 2011","Serpentine Gallery",Q117048872,"City of Westminster","United Kingdom","London","United Kingdom",4.5,21,ec2550b2-0e3e-43da-ae09-650172f0a539,e57ecda2-8bdb-405d-b903-846573c62ef2
location_only,"Settles Hotel","Hotel Settles",Q7456951,"Big Spring","United States","Big Spring","United States",4.5,18,747eb031-14c3-4f82-9bd9-cfc99d108a8c,a6d0364f-c130-4a70-9dcd-7cd512225681
location_only,"Shah Mosque","Jame Abbasi Mosque",Q643098,"","","Isfahan","Iran",4.8,50,82eb8f7c-256f-47b7-928e-1cdb6d9508ef,f713a0fe-f7ee-446d-9627-97159a514bb7
location_only,"Shikoku Mura Gallery","四国村ギャラリー",Q17211689,"Takamatsu","Japan","Takamatsu","Japan",4.3,14,756afae8-3db8-49ad-aa12-4bd9634797ac,a84aec9b-612a-4576-9c6a-78d2ba8fc66c
location_only,"Shitta-Bey Mosque","Shitta Bey Mosque",Q48791511,"Lagos State","Nigeria","Lagos","Nigeria",3.8,18,7119ef7a-43ca-45fe-8435-7f20495c99c9,765ef156-3857-4a50-ae6d-fb1d4b6e3452
exact_name,"Shrine Auditorium and Expo Hall","Shrine Auditorium and Expo Hall",Q731437,"Los Angeles","United States","Los Angeles","United States",4.4,47,8b2807bc-dc11-4f08-9642-8f0ab96db951,d4452a84-1bf6-4654-b135-90391a3ddc3f
location_only,"Shrine of the Virgin of the Rosary of Pompei","Santuario della Beata Vergine Maria del Santo Rosario di Pompei",Q980745,"Pompei","Italy","Pompei","Italy",4.8,20,83157303-2515-44f1-8afe-1d53431a5c8f,d521baa7-0b39-4b0c-907d-7f5cfe59e644
location_only,"Shuljavskiy Cemetery","Shulyavs'ke cemetery",Q4527646,"Solomianka Raion","Ukraine","Kyiv","Ukraine",3.9,100,6b0964c5-0f2b-401f-a582-de4879ff67c9,c8fa04b6-e0fe-4500-991d-9b64eddf74fc
location_only,"Sierraville School","William R. Rouse Rop",Q75336847,"Sierra County","United States","East Sierra","United States",,72,74c9d797-9582-4fdb-9ba0-c4f10968909d,bb7c91e8-c7da-4be3-9838-81a8142bb8a5
location_only,"Sieveringer Friedhof","Sievering Cemetery",Q2284576,"Döbling","Austria","Vienna","Austria",4.6,6,64e4f65a-ebab-4acb-9a24-0702702f35f4,ed954fa7-0561-479b-ab37-9f2bb7cab9a8
location_only,"six sépultures circulaires sous tertre tumulaire","Kernourz dolmen",Q22992078,"Le Bono","France","Le Bono","France",4.5,12,f1ecf408-0494-418f-b067-156d53ab7b8a,8b11e921-1b39-43eb-84f8-d3dbf432adba
location_only,"Sixth ENI Office Building","VI Palazzo Uffici Eni",Q77009188,"San Donato Milanese","Italy","Milan","Italy",4.5,99,912ef90b-aa36-45ed-998c-76efbd071881,84976d43-b40d-4a8b-8a2c-a70ca314383f
location_only,"Smolny Institute","SMOLNY Historical and Memorial Museum",Q728971,"Smolny Passage","Russia","St Petersburg","Russia",4.7,25,88271d62-f17a-4ea5-8a11-b56f569b598c,60abe677-3e6f-411b-9d19-9b389e798f4b
location_only,"Soccer City Stadium","FNB Stadium",Q163521,"","","Johannesburg","South Africa",4.4,31,60d74f19-03b0-41fe-a2c4-eec943e6fc8e,e3f44953-48d6-4fbc-913d-c9ba0af746f7
location_only,"Social Science Research Center Berlin","Social Science Center Berlin",Q104529940,"Bezirk Mitte","Germany","Berlin","Germany",4.8,22,86510fd8-d793-4001-8f01-2ed112f56c15,850dc3d1-d6d1-42cf-bb93-278fa613a15f
location_only,"Socx Churchyard","Kerkhof van Soks",Q1819538,"Socx","France","Socx","France",5,34,60714f30-953c-45a7-98e7-1f3023922117,290e2dd8-87e8-4fef-a439-e7bb152484ab
location_only,"Soldatenfriedhof Böddeken","Ehrenfriedhof Böddeken",Q2298577,"Büren","Germany","Büren","Germany",4.6,108,6fb1b23c-ff1e-47b0-afd6-8d03da64b762,e98e2d2b-d690-4e75-bf61-74250cbb8ebe
location_only,"Solitude Palace","Schloss Solitude",Q561962,"Stuttgart-West","Germany","Stuttgart","Germany",4.6,20,886942ad-2ac6-49d7-aa8e-ffa150e147d1,8c73f54c-a80a-4c09-a78c-9154444f4e37
location_only,"Solow Building","Footwear Show New York Expo | FSNYE",Q632019,"New York","United States","New York","United States",4.9,100,876ef844-eed1-48d4-96d2-698f4144a263,aad5f32e-84b0-42dc-9182-179185676a99
location_only,"Somerset House","The Courtauld Gallery",Q1344889,"City of Westminster","United Kingdom","London","United Kingdom",4.7,58,760699a4-ea03-43a3-b719-cb626e1e1f72,f82f7c56-1877-4bbb-9860-4d579a3c1eaf
location_only,"Sorvali Cemetery","Sorvalskoe Cemetery",Q4429000,"Vyborg","Russia","Vyborg","Russia",5,26,b1eb1a72-b9a6-4a24-b39d-bfc89c0a1ad7,f7ee3487-184f-48b5-90ce-3ee7f09a7d3e
similar_name,"South Wimbledon tube station","South Wimbledon",Q1974760,"London Borough of Merton","United Kingdom","London","United Kingdom",4.1,11,99428be3-4a15-47b3-a262-73e4f04a545c,58a5caff-16c5-4103-833b-ca0e3188212d
location_only,"Soviet Cemetery Weimar","Sowjetfriedhof im Ilmpark",Q2305043,"Weimar","Germany","Weimar","Germany",5,59,9d2454c0-0871-4363-8616-5348e0218148,eec811fc-079d-46ac-ab61-29916174f50d
location_only,"Soviet military cemetery in Bielsko-Biała","Cemetery of Soviet Soldiers",Q649359,"Bielsko-Biała","Poland","Bielsko-Biala","Poland",3.8,57,7987c2c6-e5db-422d-9417-07e6853754b9,6459947e-15d0-4d92-ab32-284565c7d905
similar_name,"Soviet military cemetery in Suwałki","Cemetery",Q891571,"Suwałki","Poland","Suwałki","Poland",4.9,35,6c639036-abd4-4e85-894b-c668ad71e496,b88269b4-32cf-4411-a1f9-870613ab3e7c
location_only,"Soviet prisoners of war and soldiers cemetery in Zambrów","Cmentarz Wojenny Jeńców Sowieckich",Q4222842,"Zambrów","Poland","Zambrów","Poland",4.6,67,9416ff1d-cdff-41a2-800c-4263182d5438,e5e12138-71d8-4dce-b64d-9bc2e0819d42
similar_name,"Soviet War Memorial","Soviet War Memorial Treptow",Q48441,"Berlin","Germany","Berlin","Germany",4.7,32,b8125fd0-3af1-4c62-967c-0f9b67839f8e,9dcb00a5-23e5-4cce-b09d-1158e621155c
location_only,"Sovske cemetery","Sovs'ke cemetery",Q4426634,"Kyiv","Ukraine","Kyiv","Ukraine",3.8,84,6f2301c8-24f0-4901-8495-9522246fdebf,d7344acf-0fab-48ce-aa27-8aeecd2f4126
exact_name,"Sowjetische Kriegsgräberstätte Simmerath-Rurberg","Sowjetische Kriegsgräberstätte Simmerath-Rurberg",Q2305024,"Simmerath","Germany","Simmerath","Germany",4.8,100,8dca7bfb-8193-4c7c-8569-4138472895ce,0b96aafc-da20-403c-a7b4-8b0373b276f0
location_only,"Sowjetischer Ehrenfriedhof Reitwein","Sowjetische Kriegsgräberstätte Reitwein",Q2305023,"Reitwein","Germany","Reitwein","Germany",5,37,8f3de000-379b-4e06-85ac-585ee01291cf,d8505258-e3e9-4cd8-9d2e-cdbe36f0f758
exact_name,"Sparks Hall","Sparks Hall",Q43371246,"Chadron","United States","Chadron","United States",,56,9b779890-a4e7-425d-bab6-31592d63e40e,864537ab-d117-4ecf-818c-44aabb233989
location_only,"Speyer Cathedral","Speyerer Dom",Q22720,"Speyer","Germany","Speyer","Germany",4.7,30,8d0ac5c1-1751-4b6d-8c8c-a2699cb4c015,02a7aa52-00d8-40cb-a1bc-6c8d624e5df5
location_only,"Spitalkirche Heilig Geist","Heilig-Geist-Spitalkirche",Q41217721,"Füssen","Germany","Füssen","Germany",4.7,7,b0a28471-d9d6-475a-8503-635b3cb17307,70a683c9-1313-4520-9558-93197a751b8e
similar_name,"Spring Grove Cemetery","Spring Grove",Q2313810,"Cincinnati","United States","Cincinnati","United States",4.7,58,9a8320d4-697b-4dc9-a5c6-4e0d712be452,b2ef861f-1a82-4007-b0d9-b26e8c7ca7b7
similar_name,"St Botolph Building","The St Botolph Building",Q20639499,"London","United Kingdom","London","United Kingdom",4.4,12,9257552b-ce45-409c-ac49-08349a9ca817,d781f9d0-fa9d-421f-ada8-48ec3b3eb70c
similar_name,"St Gabriel's Church, Blackburn","St Gabriel's Church",Q78596928,"Blackburn with Darwen","United Kingdom","Blackburn","United Kingdom",4,22,7dd11dc0-ef8d-4a7c-8720-fca618806753,54570da9-3b54-4719-8a7a-fe83ead1ca00
location_only,"St Mark's Campanile","Saint Mark's Basilica",Q754194,"Venice","Italy","Venice","Italy",4.7,96,d7735605-b311-4aae-97cd-d2a95ad0888e,2b31e163-358a-45fc-b523-6c1312ebb379
location_only,"St Mark's Clocktower","Saint Mark's Basilica",Q966625,"Venice","Italy","Venice","Italy",4.7,93,9458fc66-ab92-4fc0-8dd2-73b16a9977fd,2b31e163-358a-45fc-b523-6c1312ebb379
location_only,"St Martin-in-the-Fields","Café in the Crypt",Q1335201,"City of Westminster","United Kingdom","London","United Kingdom",4.2,36,2884999c-f70a-4577-935e-96124f2a6069,95420dcc-a086-438f-b2bb-b31285974a7e
similar_name,"St. Albert","Pfarramt St. Albert",Q2316901,"Saarbrücken","Germany","Saarbrücken","Germany",4.1,60,836c2669-1008-42f6-928e-2842a85e1e95,269f1468-b42b-4abc-98c2-d99f6f63d463
location_only,"St. Gertrud","santa gertrud: church + culture",Q2318650,"Neustadt-Nord","Germany","Cologne","Germany",4.5,14,600e4aa9-b4cc-4ab7-9c28-2e81b2c1a781,278d5b4f-66ed-41b4-bea7-900cf9833974
location_only,"St. Hallvard's Church and Monastery","St Hallvards Kirke",Q2596230,"Oslo Municipality","Norway","Oslo","Norway",4.7,43,96d4f1ab-db60-4747-a4dc-308bcf193143,b6e7d544-87e3-4be0-9413-7d6746cc9739
exact_name,"St. John Cemetery","St. John Cemetery",Q3945111,"New York","United States","Middle Village","United States",4,77,8bed9a80-e12c-4112-b76e-beec06703bfe,d641d547-d30c-468c-946a-f488f22b5886
location_only,"St. Maria im Kapitol","Basilica of St Mary in the Capitol",Q598352,"Altstadt-Süd","Germany","Cologne","Germany",4.6,14,954035f3-ea50-4bd8-80e5-0c140c90b088,103596d0-dd3f-4f1c-a325-19eb474a4823
similar_name,"St. Maria Königin (Düsseldorf)","St. Maria Königin",Q1523159,"Lichtenbroich","Germany","Düsseldorf","Germany",4.8,4,811fd502-5515-4898-a910-cc20bc228db9,f339f810-0dfb-4eaf-8260-a16e0ccce98b
location_only,"St. Martin-au-Laert Churchyard","Église catholique Saint-Martin à Saint-Martin-au-Laërt et son Cimetière",Q1882794,"Saint-Martin-lez-Tatinghem","France","Saint-Martin-lez-Tatinghem","France",4.4,62,ad1e805f-deea-404b-9b78-8721af962eee,dcf35999-67df-4c68-ab0c-786bd780fbff
location_only,"St. Mary's Royal Church","Saint Mary's Royal Church",Q3586107,"Schaerbeek","Belgium","Schaerbeek","Belgium",4.4,54,838af208-5eae-470f-89ba-ea1f3574ec21,dbab57dd-a049-4aee-a124-14f987b3d196
location_only,"St. Matthäus","Kath. Parish of St. Matthew",Q2321428,"Garath","Germany","Düsseldorf","Germany",4.8,29,6d44c25f-b8b3-47c2-8cc9-211187b560fb,016f9002-3386-42f8-a1d6-02e0be50c471
location_only,"St. Olav's Cathedral","St. Olav's Catholic Cathedral",Q1552134,"Oslo Municipality","Norway","Oslo","Norway",4.6,34,5d73c469-81a8-44ef-b896-f97e6c8420d1,ce377b4a-76e4-4e39-ab1b-45c721a91ccf
location_only,"St. Paul's Cathedral, Dunedin","St Paul's Cathedral",Q2972691,"Dunedin City","New Zealand","Dunedin","New Zealand",4.5,23,839e7c0f-690c-4f43-aae8-8442b135d5fb,2757efd7-c2d2-40ba-8a86-2641d2609464
location_only,"St. Peter's Basilica","Vatican Necropolis",Q12512,"Vatican City","Vatican City","Vatican City","Vatican City",4.7,85,fe71e605-8357-495f-99af-6c583f20d8ca,2cd2c288-2b7e-494d-a3ec-b120d0d63d66
location_only,"St. Pierre Cathedral","Cathédrale Saint-Pierre Genève",Q666516,"Geneva","Switzerland","Geneva","Switzerland",4.6,11,a55b3783-1860-4439-a57c-71a8ec6ed9a6,9ca013ab-d278-42b6-ab82-9fdf4c07bd8e
exact_name,"St. Pierre Cemetery","St. Pierre Cemetery",Q2735013,"Amiens","France","Amiens","France",5,57,9c69633d-22ef-4f8e-99be-24bf9d61272c,5458a6f0-756b-414c-8587-73e735d4f09e
exact_name,"St. Rochus Cemetery","St. Rochus Cemetery",Q1569173,"Nuremberg","Germany","Nuremberg","Germany",4.1,89,65c12cce-6170-4bce-9ee2-0f3e20cd86e9,338a7c1e-18f2-4bb6-8d54-68da665b7520
location_only,"St. Sebastian's Cemetery","St Sebastian's Cemetery",Q1635749,"Salzburg","Austria","Salzburg","Austria",4.8,27,969e2dce-efd9-408e-b78e-857179d8a605,3bd5c81d-de2a-40d9-912e-4f90103a3d07
location_only,"Stadio Friuli","Bluenergy Stadium",Q640031,"","","Udine","Italy",4.6,26,8100d26f-050b-4e66-9370-40b028ac5cb5,16552054-3a4d-43d4-8c76-1c4c56309c34
location_only,"Stadio Renato Dall'Ara","Renato Dall'Ara Stadium",Q757182,"","","Bologna","Italy",4.4,22,748844b8-eb8d-4d35-a33e-908075a060af,04896f10-8f7e-49e4-906f-b69060f509db
location_only,"Stadio Renzo Barbera","Renzo Barbera Stadium",Q28500,"","","Palermo","Italy",4.3,8,94f145c0-8f2f-46f3-a4dd-88146ffe3842,e37d329d-665b-4212-bec6-e9d31ae96a18
location_only,"Stadion Energa Gdańsk","Polsat Plus Arena Gdańsk",Q182385,"","","Gdańsk","Poland",4.7,7,7a183ae9-d76f-4a97-a7f2-bbde7861869f,3f782791-2601-4ab7-83cb-068e7af7e102
location_only,"Stadlauer Friedhof","Friedhof Wien Stadlau",Q1495770,"Donaustadt","Austria","Vienna","Austria",4.3,37,6f049ccd-98f4-4163-bb84-1864ba6024c7,75109837-f15d-454e-9198-de47ec9b2b59
similar_name,"State Kremlin Palace","The State Kremlin Palace",Q2033910,"Tverskoy District","Russia","Moscow","Russia",4.7,63,b1fa8b75-60ee-4614-b7b9-686043d2526c,682e43e9-b995-4008-94a8-0919a664a340
location_only,"Ste. Marie-Cappel Churchyard","Kerkhof van Sint-Mariakappel",Q2739022,"Sainte-Marie-Cappel","France","Sainte-Marie-Cappel","France",,1,5d454539-91ec-4eb1-9f6e-6ad4d8b80e84,01e51e3c-b400-4497-83e7-eb9256444484
location_only,"Stephanuskirche (Wolfsburg)","ev.-luth. Stephanusgemeinde",Q11722211,"Wolfsburg","Germany","Wolfsburg","Germany",4.7,22,aa87cc0d-76ba-4481-a5b2-c07cfce87a70,fac074cd-93a6-4e85-8c09-8a07c10f5bcb
location_only,"Stevens Building","Staacke Brothers Building",Q7615461,"Texas","United States","San Antonio","United States",5,35,a87a1814-a2ca-474d-9660-51276a1f573d,358cdce1-8d4c-42cb-a05b-1f80dc265c47
location_only,"Stockholm Mosque","Stockholm Central Mosque",Q1193675,"Stockholm","Sweden","Stockholm","Sweden",4.7,7,85900272-36f4-4f5e-86d5-fccf0b6dfeab,75a6969e-fa1c-4a97-9287-a76d9890a9ea
location_only,"Stockholm Palace","The Royal Palace",Q750444,"Stockholm","Sweden","Stockholm","Sweden",4.5,18,ac8442f8-4756-4500-a845-8911eb642ff6,1819759a-2efd-4c89-aa46-1e78d3e11a8d
location_only,"Stockholm Synagogue","Jewish Community of Stockholm",Q619484,"Stockholm","Sweden","Stockholm","Sweden",4.7,37,7746be17-c8e6-4c1a-b1d6-a233a524b99c,2f07ef91-bafe-407a-8040-20b0ee003b86
exact_name,"Stolzenfels Castle","Stolzenfels Castle",Q833779,"Koblenz","Germany","Koblenz","Germany",4.5,34,65110bd3-114a-46b0-8dce-8cc06e976b74,e3299e9e-90b2-42f2-acb8-43871e53e2ba
exact_name,"Strawberry Arena","Strawberry Arena",Q1138684,"","","Solna","Sweden",4.2,52,80836432-1ea5-40c1-b5eb-abf24a1da123,7b391ba0-54ac-4b9e-adb5-1633bd02ff21
exact_name,"Subotica Synagogue","Subotica Synagogue",Q1039834,"Subotica","Serbia","Subotica","Serbia",4.8,39,674e45ef-f4ca-4e41-aa34-795688df5a37,959fac80-30f6-4267-a741-e82b2753a319
location_only,"Suburban Station","THE PHOENIX APARTMENTS",Q1531481,"Philadelphia","United States","Philadelphia","United States",3.9,38,4386b47b-e629-4171-9574-144964d15f45,921b9b7a-e96b-48df-bef8-67f5235239cd
exact_name,"Südwestkirchhof Stahnsdorf","Südwestkirchhof Stahnsdorf",Q882748,"Stahnsdorf","Germany","Stahnsdorf","Germany",4.8,82,8d876e5a-48bf-441e-975c-790fc0f89c9a,ec85b2b6-93d2-44a6-ab56-a644ebda3094
exact_name,"Šukių piliakalnis","Šukių piliakalnis",Q12680155,"Šeimena Eldership","Lithuania","Šeimenos","Lithuania",4.3,43,aa9190f4-f8d3-4072-bb50-f4937c4fff58,dd460e3d-de32-466d-95c4-74fbef13bd9c
similar_name,"Superjednostka","Aparthotel Superjednostka WoMark Katowice Spodek",Q2367681,"Katowice","Poland","Katowice","Poland",5,53,6950dda2-69df-48ec-ac25-d90dcdc03ea6,69ca3db1-90ed-4698-a52a-e76d2061f9c4
similar_name,"Swissôtel The Stamford","Swissôtel The Stamford Singapore",Q1343055,"Downtown Core","Singapore","Singapore","Singapore",4.5,47,86d2c64e-8b64-49df-9d27-ace7083726ed,d05fbb22-2c5a-428e-ab73-289c8f013782
location_only,"Synagogue of Besançon","Besançon Synagogue",Q1141086,"Besançon","France","Besançon","France",4.4,10,8bfc7e97-31f7-417c-a800-bf8fa437fa0f,a7783bbb-686a-4940-beb9-f3990f9728e4
location_only,"T-Building","Jyväskylä University Library",Q28464278,"Jyväskylä","Finland","Jyväskylä","Finland",4.6,109,b134b531-50e8-41dc-9869-f791ea1f4834,376dee57-9027-48c3-8fc9-ccb497ea4c53
exact_name,"Taber Hill","Taber Hill",Q180100,"Toronto","Canada","Toronto","Canada",4.6,111,9713aaa0-a5cf-41b2-bd1a-ceb2dafabcc3,b49bba1f-a6b5-4c94-9be4-d47d4424bb86
location_only,"Taichung Metropolitan Opera House","National Taichung Theater",Q555338,"Taichung","Taiwan","Taichung","Taiwan",4.6,79,ae014bd0-a547-45fd-a05b-23b0b5eab90e,4db902b8-8bdc-4173-8032-1a5c06a38cd1
exact_name,"Taipei 101","Taipei 101",Q83101,"Xicun Village","Taiwan","Taipei","Taiwan",,45,789c541c-3d53-43a0-b73c-cbf564a3f831,2a82a583-560a-40de-9146-adef0466224a
location_only,"Taza Pir Mosque","Təzəpir məscidi",Q2096562,"Yasamal raion","Azerbaijan","Baku","Azerbaijan",4.6,5,8dfb9036-fcc2-4070-b998-0ce206fdf216,47b9a22f-4141-454e-9e16-37b17a5e6960
location_only,"Telfair County Courthouse and Jail","Telfair County superior Court Clerk's Office",Q17049968,"McRae-Helena","United States","McRae-Helena","United States",1.8,26,acd39c05-6d8e-4960-9d6a-bb53f95453ce,f9ca0e35-cadc-46d4-b2ae-14b6cb7a6eac
similar_name,"Tempietto","Tempietto del Bramante",Q12960184,"Rome","Italy","Rome","Italy",4.7,3,77dc7f79-70ef-4c0b-8669-73483d9ab7cc,2361b8ea-140a-4e56-b389-fa46e59db777
location_only,"Teruel Cathedral","Cathedral of Santa María de Mediavilla",Q513893,"Teruel","Spain","Teruel","Spain",4.5,42,a087fd7d-6693-4cd4-b33b-22620fcec1dd,b133ae79-1801-458f-84ea-22425c87b665
exact_name,"Teshima Art Museum","Teshima Art Museum",Q2379884,"Takamatsu","Japan","Tonosho","Japan",4.6,74,a612bd48-5d27-4eaf-90cb-02715fa5c596,b78dc456-23ef-4ef7-bab1-6662e940f7dc
similar_name,"The Bass Museum of Art","The Bass",Q4867942,"Miami Beach","United States","Miami Beach","United States",4.3,3,a87a5ffe-d3cd-4f78-94fd-3c6d5622d1f3,22318340-4a05-4d08-a5a6-125083a5973b
similar_name,"The Charles Hotel","The Charles Hotel, a Rocco Forte hotel",Q2410189,"Maxvorstadt","Germany","Munich","Germany",4.7,6,8756d77a-3db7-4963-ae4d-30a626e393f7,32dc358a-4c8a-46f4-99e0-cd70b6b56908
similar_name,"The Glasshouse","The Glasshouse International Centre for Music",Q2414046,"Newcastle upon Tyne","United Kingdom","Gateshead","United Kingdom",4.6,9,a4d3ce90-124a-4002-b385-c85fbbb4e550,b188138a-2c3d-43f1-9757-11eeda8bdcf9
location_only,"The Hacienda","Hearst Hacienda Lodge",Q7738608,"Monterey County","United States","Fort Hunter Liggett","United States",4.2,60,aada2d9d-4634-4949-b2f2-22f20caa3fbb,7a868839-ca4c-4a0e-a42a-eae178d2366d
location_only,"The King's Grave","Kiviksgraven",Q1540741,"Simrishamn Municipality","Sweden","Kivik","Sweden",3.9,15,a0e778d6-313f-4e36-89c2-6bd52bf64a1e,a09bc774-0dcc-4eb8-9133-d12dbe435aae
similar_name,"The Palazzo","The Palazzo at The Venetian Resort",Q1514587,"Paradise","United States","Las Vegas","United States",4.6,44,81a31ad4-0993-47b7-9343-6164d721f496,dd49f8e5-40bd-4c44-82e8-6efecd1dbdf5
location_only,"The Sackler Wing","East Pinetum",Q116981455,"New York City","United States","New York","United States",4.7,80,943c48a8-891e-44b3-acfd-f6b433b79700,5b2b0703-cc70-4323-a91c-425b18f5ca5a
location_only,"The Socialists' Memorial","Memorial of the Socialists",Q1497554,"Lichtenberg","Germany","Berlin","Germany",4.5,2,7c8e1522-4922-4565-83f8-6ba4acbb7fd2,b71c4d4e-81ee-4350-97e1-bff87540fc9a
location_only,"The Ware Center of Millersville University","Ware Center for the Arts",Q30634451,"Lancaster","United States","Lancaster","United States",4.7,4,a791e9ad-838e-49cf-87a3-9e11a5ee1d6a,232fc58b-5ce3-4027-9cc4-19ffc557326d
similar_name,"Theater St. Gallen","Konzert und Theater St. Gallen",Q2415961,"St. Gallen","Switzerland","St Gallen","Switzerland",4.6,4,945f6f84-2cbe-4c5f-89cc-7080c41414a4,45709ee8-29df-42b2-a491-cabab7dd40cb
similar_name,"Theme Building","The Theme Building",Q3523620,"California","United States","Los Angeles","United States",4.3,54,11db136f-c0d9-494d-9863-85c543a017e7,e50d0e5d-f68b-4b05-836c-7e4fec779f18
location_only,"Thiennes Churchyard","Kerkhof van Tienen",Q2224766,"Thiennes","France","Thiennes","France",,42,a8e2931e-5ca2-42cb-a5cb-10892a567a3e,9d98804c-9f6a-4f42-bbf6-8b19d5f145e8
location_only,"Thilloy Road Cemetery","thilloy road british cemetery",Q2098703,"Beaulencourt","France","Beaulencourt","France",,27,90d280cf-269a-45ba-a975-736ae92bd417,d509d2f2-7bd6-4981-98b8-c2af1db5da64
location_only,"Thivencelle Churchyard","Cimetière de Thivencelle",Q1887118,"Thivencelle","France","Thivencelle","France",,65,72813341-102b-410b-9c5e-11e57400ad95,da877781-d577-4cbf-86c1-1d126eda0e2a
exact_name,"Thomas Jefferson High School","Thomas Jefferson High School",Q7791264,"Richmond","United States","Richmond","United States",,49,a05056dc-8ad1-4e7c-97a3-5ad52d79ef91,8d5ac7ec-497b-4f50-8648-59ea21be6fc4
similar_name,"Thomas Mann House","Thomas Mann House (Not open to the Public)",Q27899343,"Pacific Palisades","United States","Pacific Palisades","United States",5,10,72c43ad6-63e7-409d-b5ef-6f554400e3d0,54da4735-4132-489e-a75e-da075199c1be
similar_name,"Thurston Hall (Cornell University)","Thurston Hall",Q114896051,"Ithaca","United States","Ithaca","United States",,6,6c228a37-1020-4298-ab61-a4d86770972c,400afd7f-810c-47e1-8f75-412ec8746e34
similar_name,"Timber Creek Campground Comfort Station No. 245","Timber Creek Campground",Q89033382,"Grand County","United States","Grand Lake","United States",4.6,84,fd3ff55f-633f-4f21-9e24-d5e41ef4d0c1,0d2cf2cd-28f9-426b-b540-fdc0e890ebeb
similar_name,"Timber Creek Campground Comfort Station No. 246","Timber Creek Campground",Q89033425,"Grand County","United States","Grand Lake","United States",4.6,67,70c4077f-d862-40bb-9385-8f0fdd4f0073,0d2cf2cd-28f9-426b-b540-fdc0e890ebeb
similar_name,"Timber Creek Campground Comfort Station No. 247","Timber Creek Campground",Q89033444,"Grand County","United States","Grand Lake","United States",4.6,109,378dfb5a-1163-42c1-a564-61e2526cfbac,0d2cf2cd-28f9-426b-b540-fdc0e890ebeb
location_only,"TIME'S I + II","Times",Q131389013,"Kyoto","Japan","Kyoto","Japan",4,5,6310b4bf-36ae-452a-af4f-c75d65eb0d1a,334656f1-11e8-4d32-bf22-b5f1270358f4
exact_name,"Toki Messe","Toki Messe",Q705614,"Niigata","Japan","Niigata","Japan",4,54,9946bec1-f12c-4b98-b538-9f2225ebfcc9,7e2d9f1b-5f1a-4a42-af48-2b81649b4c1b
location_only,"Tooting Bec","Saint Anselm's Catholic Church",Q1424421,"Wandsworth","United Kingdom","London","United Kingdom",4.7,64,5927b3ae-e938-4234-baa4-b0b1114e9785,17fb5a59-46ac-4715-a5b8-0471b1bac0a0
location_only,"Torre de Valencia, Madrid","Montaña Artificial",Q11704647,"Ibiza","Spain","Madrid","Spain",4.1,105,f6aafd93-31d0-46d4-bace-a2fb28806d02,1b752170-5728-432c-9c07-91dfeec5de4b
similar_name,"Torre Glòries","Viewpoint Torre Glòries",Q336246,"El Parc i la Llacuna del Poblenou","Spain","Barcelona","Spain",4.5,13,3b66b28c-3318-482e-a94b-fa73db82626f,ab87da28-4a2a-43e4-8859-c06bd6b7de20
location_only,"Torre Interbank","Interbank Headquarters",Q5818145,"Lima","Peru","La Victoria","Peru",4.6,21,af1d296c-df92-4a08-a8f0-4bb1ef7f15fb,09126586-6cb6-45a9-8555-9e753fd61e4e
similar_name,"Torre Moeve","Moeve",Q519568,"Madrid","Spain","Madrid","Spain",4.4,12,7b76631b-5a3e-4817-b018-0d1ac7d1f6cb,19f815fb-9ad7-40e3-a1e6-07c70e036ef1
location_only,"Torre Puig","Antonio Puig SA Barcelona Head Office",Q16641572,"L'Hospitalet de Llobregat","Spain","L'Hospitalet de Llobregat","Spain",4.3,16,9ccad0bd-2b57-4aba-8b7f-e6be4c75c8fd,c34e0ef2-2f5f-4481-834c-facfc631d1e6
location_only,"Torre Velasca","Velasca Tower",Q1156274,"Milan","Italy","Milan","Italy",4.1,13,37be42ac-d06b-41bb-bfcf-c14217833ec7,d428a55a-a3bb-4315-ad32-037f53aad135
location_only,"Tour CIBC","CIBC Tower",Q3533035,"Ville-Marie","Canada","Montreal","Canada",,0,76fa296d-163c-43de-8d52-90c2f2111eea,bbeba525-a290-44d9-bde0-39c4a8d432a4
location_only,"Tour Horizons","The Horizons Tower",Q2371224,"Boulogne-Billancourt","France","Paris","France",3.5,23,9cc26dbc-7741-4cf4-a7f7-1cf36368f8c4,ce9e5830-8f77-43db-9cfb-d2012e6e53eb
location_only,"Tower of Siza","Centre Céramique",Q115412393,"Maastricht","Netherlands","Maastricht","Netherlands",4.3,88,e7db0938-6eba-41a1-b9eb-72629c77aba3,1ecd5aaf-5027-4234-a7cc-24c10beaa140
location_only,"Tramway Gas Station","Palm Springs Visitor Center",Q7833251,"Palm Springs","United States","Palm Springs","United States",4.5,21,73799609-834e-4dbe-9a7d-b9363cbbdf36,c22a1c8e-aad2-433d-976f-a9e6c1e26699
location_only,"Trier Main Cemetery","Hauptfriedhof Trier",Q1589467,"Trier","Germany","Trier","Germany",3.8,81,7b82b70a-1473-43ae-a3e4-b59ae915b58c,75ceb353-4336-499e-8629-17c9464a69cc
location_only,"Trinità dei Monti","Spanish Steps",Q1229008,"Rome","Italy","Rome","Italy",4.6,94,1fecf6b8-0c30-4eaf-8177-f2ea8cf81778,1d5ddfd1-9da7-4f6d-80bb-5eee7edf34d1
location_only,"Trinity Church","Trinity Place",Q866896,"New York","United States","New York","United States",4.4,130,2138a78b-6de9-4de1-bfb5-190a96802d0a,9f8da492-7961-4396-ade7-e2daf14ef0b5
location_only,"Trump Tower","Louis Vuitton ""200 Trunks, 200 Visionaries: The Exhibition"" In New York",Q868772,"","","New York","United States",4.8,90,53244b11-351a-4137-bc93-f81424cd036a,bf643c17-ef5c-47c5-9b07-6d7e428ac97f
similar_name,"Tumulus de la Hogue","Maison d’hôtes Galerie Tumulus de la Hogue",Q1798858,"Fontenay-le-Marmion","France","Fontenay-le-Marmion","France",4.8,72,925c82fa-59cc-4828-a8df-2a57a2c692da,9c52693c-5f76-4293-827f-20655b87cd84
location_only,"Tumulus of Herstappe","Tumulus (Romeinse grafheuvel)",Q4641804,"Herstappe","Belgium","Tongeren","Belgium",4.6,26,9b057925-34eb-4da6-a57a-743b8abf8730,48f47001-c5f7-491c-8114-bf9fcad9078f
similar_name,"Tumulus of Hochtumsknopf","Hochtumsknopf",Q1820643,"Burg-Reuland","Belgium","Burg-Reuland","Belgium",3.8,55,6a60469e-9057-4577-a08f-67032a83cf27,2155c2e8-ed29-47e1-9f81-1774b010cd74
location_only,"Tumulus of Koninksem","Tumulus (Roman burial mound)",Q2447307,"Tongeren","Belgium","Tongeren-Borgloon","Belgium",4.8,3,7188eb5f-148f-4a3d-a676-948c88247dab,9a7882a3-637d-422a-a5d9-a28c52390c17
location_only,"Tumulus of Vaux","Tumulus Al Tombe",Q2085821,"Villers-le-Bouillet","Belgium","Villers-le-Bouillet","Belgium",,53,2e2895df-64f9-40c8-baf6-acb89a45cdb0,a2c5f203-f5d1-4aaa-97b9-32c98d006557
location_only,"Tumulus of Yernawe","Tumulus de Yernawe",Q5092917,"Saint-Georges-sur-Meuse","Belgium","Saint-Georges-sur-Meuse","Belgium",,94,61963a88-2384-4027-9a0e-64d274617129,2109a315-098f-4cf0-9a19-f8ff4b93cce8
location_only,"Tuntex Sky Tower","85 Sky Tower",Q337631,"","","Kaohsiung","Taiwan",4.1,15,8d591855-5442-43f0-b434-08a1d0b967fc,f8a2d5f9-5b78-4c52-8ab5-c378ffa7b9b0
location_only,"Turin Cathedral","Cathedral of Saint John the Baptist",Q958699,"Turin","Italy","Turin","Italy",4.6,24,a91f3bfc-39f7-4ae9-a330-e00f1ea7a949,17a9f30f-04e5-4652-83dc-44a760c250b9
similar_name,"Tyne Cot Cemetery","Tyne Cot Cemetery & Visitors Centre",Q2369533,"Zonnebeke","Belgium","Zonnebeke","Belgium",4.9,58,845d8858-d88c-4881-880c-714e3632f77b,f28d71d9-64f2-4ed6-b615-0565ec5a0be2
location_only,"U.S. Bank Tower","US Bank Tower",Q57900,"Los Angeles","United States","Los Angeles","United States",4.6,35,68d42518-acc3-4cfe-98db-798a3fbff0d6,7242a627-65a0-474e-950a-a147aa1a6146
similar_name,"UCLA Broad Art Center","Broad Art Center",Q105771067,"Westside","United States","Los Angeles","United States",,54,5da3a6b2-930a-476d-9fa0-a903507e45d0,04b4064a-4ec2-44a3-bb1c-5e14371d5a74
location_only,"Uelzen harbour tumulus","Bronzezeitliche Grabanlage Am Uelzener Hafen",Q1540799,"Uelzen","Germany","Uelzen","Germany",4.3,8,8600e37a-22f7-4e42-9a44-f16e145c3ef6,878e8d38-36b9-48c6-9b87-03e78b5c0f62
exact_name,"United Lutheran Church","United Lutheran Church",Q7888238,"Grand Forks","United States","Grand Forks","United States",4.9,62,603075ea-e248-4ca1-ae8f-a274fe1a4431,9745ccab-ef6c-4726-a0a8-c67d52356548
exact_name,"United Nations Secretariat Building","United Nations Secretariat Building",Q7888512,"New York","United States","New York","United States",,61,7a8edd28-3d22-4137-b54a-9e41ba66163a,c0ed742e-0391-43fd-93ed-191b02080899
location_only,"United States Post Office","United States Postal Service",Q7890947,"New York","United States","Brooklyn","United States",1.7,35,61e4c604-2393-447b-9ec5-3372ce4eeef4,f5c55ac7-e223-45c4-91d9-2bbae476f5e5
location_only,"United States Post Office Knickerbocker Station","The Little One",Q7891148,"New York","United States","New York","United States",4.5,99,b6b6c20b-0203-4e4d-b310-72e18bc831e6,f0c257a0-7925-4cb4-b327-ca9740d340b9
location_only,"United States Post Office–Lexington Main","United States Postal Service",Q7891153,"Lexington","United States","Lexington","United States",2.8,52,5dea2626-87b0-44ee-87c7-0149cbe340ac,bfe01eb2-647a-418d-9c68-fb9a367e4f1e
exact_name,"University Hall","University Hall",Q7894712,"Cambridge","United States","Cambridge","United States",5,111,7f931187-9556-4a15-9ce3-0c0c30d8caa9,ec9160ee-1a39-4f5f-a487-c5863fe00747
location_only,"University of Tartu Old Observatory","Tartu Tähetorn",Q2346055,"Tartu City","Estonia","Tartu","Estonia",4.6,5,65ce1060-43a1-4665-aaa9-6be2a0e4cf60,a1ecef1d-5e98-4cc7-85c2-2e8687324f6d
location_only,"Utrecht (Soestbergen) General Cemetery","Cemetery Soestbergen",Q1943852,"Utrecht","Netherlands","Utrecht","Netherlands",4.5,48,99ed7d56-d058-42bd-ae5a-b1f5ae2ee53d,f29a8fb7-58c0-444f-bcce-7db2cee35c5a
exact_name,"Valley of the Kings","Valley of the Kings",Q133423,"Luxor","Egypt","Luxor","Egypt",4.8,106,73537ea0-887b-40cc-8ef1-5dd6a4fe16e0,d195884d-fe22-45a3-ae03-7a8c09eeeb85
location_only,"Valmy Cemetery","Cimitero di Valmy",Q2972483,"Paris","France","Paris","France",3.8,49,ab525952-ab22-4f77-b95a-81332a3a6c3a,6240fedc-2a5a-49a8-8d9c-309acfd23b99
exact_name,"Van Gogh Museum","Van Gogh Museum",Q224124,"","","Amsterdam","Netherlands",4.6,40,92865c90-dad2-4901-85ad-4903bc069406,ad096cd8-d6a0-4017-97a5-cf0f0a5f3c34
location_only,"Varengeville-Sur-Mer Churchyard","Église catholique Saint-Valery et son Cimetière à Varengeville-sur-Mer",Q2972634,"Varengeville-sur-Mer","France","Varengeville-sur-Mer","France",4.7,41,aee6b23a-49ca-4557-8f60-c7e1f2c04548,386975a3-eaba-4a83-9985-b809291345f0
exact_name,"Varnum School","Varnum School",Q7916062,"Massachusetts","United States","Lowell","United States",5,54,67d64330-5e1f-4dd2-97ee-795ead75008e,8f97ad4f-5ded-41e2-ba14-ca17ea4d97b4
exact_name,"Vatican Necropolis","Vatican Necropolis",Q2119637,"Vatican City","Vatican City","Vatican City","Vatican City",4.7,100,92ff4c9e-a964-4e3e-9aef-354c1cb21c55,2cd2c288-2b7e-494d-a3ec-b120d0d63d66
location_only,"Victims of Totalitarianism Cemetery in Kharkiv","Memorial Zhertv Totalitaryzmu",Q1457486,"Kharkiv","Ukraine","Kharkiv","Ukraine",4.5,79,9aff4003-5808-481a-827e-55dd672a8eca,2cfaba79-3c8b-4cfe-8d51-de0fe4977456
location_only,"Viesly Communal Cemetery","Viesly Commonwealth War Graves",Q2111047,"Viesly","France","Viesly","France",4.5,69,a4d24e1d-88fc-45c1-95a5-d2a22e00b994,4dd218d8-1437-40f7-b06a-4a84e5e751e8
location_only,"Villa Almerico Capra (La Rotonda)","Villa la Rotonda",Q505574,"Vicenza","Italy","Vicenza","Italy",4.5,0,76c7ebe9-007d-46c0-81d7-fe38aed2e52c,5d4e235f-7365-4c37-a38f-ac1f28f23d75
location_only,"Vil·la Hispanoàrab","Vila hispanoàrab",Q113731933,"Sant Gervasi-la Bonanova","Spain","Barcelona","Spain",4.6,22,6e77eafa-d8ad-46be-884b-0dc95c23ab66,213bd0c6-884c-42ed-a439-3d582bdb8c58
similar_name,"Villa Mairea","Villa Mairea – designed by Aino and Alvar Aalto",Q2706241,"Pori","Finland","Noormarkku","Finland",4.5,8,5f3b06f4-6dbe-439a-8e2e-68321dc018b9,cd778155-253e-4ac0-8c21-d79356829a99
location_only,"Villers-Carbonnel Communal Cemetery","cimetière de villers carbonnel",Q2300103,"Villers-Carbonnel","France","Villers-Carbonnel","France",,15,7c73f8b1-0b24-49dd-b918-e51135d53d1a,09dfe209-8947-4b8b-bc4e-9667c41b5840
exact_name,"Vingshögarna","Vingshögarna",Q29372257,"Laholm Municipality","Sweden","Laholm Municipality","Sweden",5,53,f9d9e421-248f-4284-bcca-06d87c3bacdb,7f998fd4-0cc8-425f-be9f-2cee694eb9b7
exact_name,"Virginia Episcopal School","Virginia Episcopal School",Q7934263,"Lynchburg","United States","Lynchburg","United States",,73,9e59515b-eec7-42b3-a02a-bbe4f08b5b04,f8d57f44-66e1-4ad2-817d-e8ccd374288f
location_only,"Vladykino cemetery","Vladykinskoe cemetery",Q4113376,"Moscow","Russia","Moscow","Russia",4.8,77,9be1a8d8-5fe6-4ceb-9fff-b2fe72e79594,0fb7b9bd-bbd1-4993-8b2a-0629945148e4
location_only,"Volksbank-Center am Potsdamer Platz","Atrium Tower",Q130315060,"Berlin","Germany","Bezirk Mitte","Germany",,102,1b7cd3c4-0bd3-4d03-98d4-f5c10704626c,f53801a0-a68b-4b53-86d7-56047527026a
similar_name,"Vontz Center for Molecular Studies","Vontz Center",Q118636344,"Cincinnati","United States","Cincinnati","United States",3.3,23,8ed37093-2830-443d-a5b9-e49823965e24,1cfb76f9-db83-4389-93ff-b605f9ab9a51
similar_name,"Vorstengraf Oss","Vorstengraf",Q2207902,"Oss","Netherlands","Oss","Netherlands",4.3,3,f8144510-fcc6-4019-915a-235f18198a9e,3f51e40b-cfd1-4ee9-ac1d-c510f67df0f2
location_only,"Vsesvyatskoye cemetery, Krasnodar","Vsesvyatskoye Kladbishche",Q4127577,"Krasnodar","Russia","Krasnodar","Russia",3.4,91,8244027e-d474-47ea-9ce3-65ad723d45e5,32d4b6c7-13fc-4681-a715-b7378acd139d
similar_name,"W. R. Grace Building","Grace Building",Q685377,"New York","United States","New York","United States",4.4,40,af9eb40b-f19f-4187-b665-5bfe1d1a4c9f,72de3036-a8da-40a6-b6f9-5987e3689717
location_only,"Waldfriedhof Dahlem","Forest cemetery Dahlem",Q875626,"Steglitz-Zehlendorf","Germany","Berlin","Germany",4.7,106,88c5eba4-e66b-4941-b33c-d4ff5aa11a7e,f26c2a10-e98e-4bfc-8de0-d48c3f09b6b3
exact_name,"Waldfriedhof Weißer Hirsch","Waldfriedhof Weißer Hirsch",Q2541529,"Dresden","Germany","Dresden","Germany",5,103,827a6fc8-4f95-4533-a327-9d764b121c65,99113805-460f-44d1-b48d-3a679f092c61
location_only,"Walsh County Courthouse","Walsh County Clerk of Court",Q7963820,"North Dakota","United States","Grafton","United States",4,76,992a3e54-6312-4890-86d6-059e93d412b3,536d675c-55b2-49ce-a85f-f9a3ce3a0333
location_only,"Ward County Courthouse","Ward County District Ct Clerk",Q7968993,"North Dakota","United States","Minot","United States",,65,5f54cffe-646a-40a2-b17a-87de618409fe,79f21445-8908-4b59-8328-8ae408882dd1
location_only,"Watertower Noordwijk","Watertoren",Q4737456,"Noordwijk","Netherlands","Noordwijk","Netherlands",3.5,3,9ecd129e-440e-425f-8008-6c867012b26a,96120722-648d-4655-a25f-ef1d5da656ab
exact_name,"Weill Institute for Cell and Molecular Biology","Weill Institute for Cell and Molecular Biology",Q7980202,"Ithaca","United States","Ithaca","United States",,60,708b09c1-9d28-4b13-92cf-62e74b6bf1d5,5138dafa-5cb8-44d2-a99b-3256eaa7479c
exact_name,"Weisman Art Museum","Weisman Art Museum",Q1431431,"Minneapolis","United States","Minneapolis","United States",4.6,61,877ff372-a4ea-4adb-b161-c333db94945a,d3e8bb6a-0ae5-441a-92ff-02258f57f079
exact_name,"Weißensee Cemetery","Weißensee Cemetery",Q675174,"Pankow","Germany","Berlin","Germany",4.4,71,73b02fdf-872d-4945-aaab-94ec7b25d40b,b51d3312-c7f3-4d88-abd7-c36573a8c6ea
location_only,"Wells Fargo Center","Wells Fargo Private Bank",Q1631887,"Denver","United States","Denver","United States",3.3,36,97b9b5ad-dfee-4295-a3af-6f2dec0d5f80,1af8b484-43f7-4a6e-b17a-4979ac664eac
location_only,"Wennigser Friedhof","Friedhof Wennigsen",Q1471738,"Wennigsen","Germany","Wennigsen","Germany",5,74,6eb979f2-0ed7-49ae-84f2-6f699d2bde10,9b1b5374-05a3-4e18-abd9-a148166ac1db
location_only,"Westvleteren Belgian Military Cemetery","Belgische militaire begraafplaats Westvleteren",Q2185004,"Vleteren","Belgium","Vleteren","Belgium",4.6,8,6c94f1b2-2b2b-4ce0-8d5c-620c6f395054,31f4edb5-4050-4876-9ae6-529449a13155
location_only,"White Hart Lane","Tottenham Hotspur Stadium",Q186425,"","","London","United Kingdom",4.2,17,a2995076-2121-429b-99b1-d4783c97f2d3,bed54e09-f382-4eaa-a87b-94815e83f8e5
location_only,"White House","Russian Federation Government House",Q844124,"Presnensky District","Russia","Moscow","Russia",3.4,55,7e0cf489-e79c-4b76-ad65-e559c87c7fc9,c8a16d06-8427-4c45-85aa-dbdac1f5dceb
location_only,"Wielsbeke Communal Cemetery","Begraafplaats van Wielsbeke",Q2967806,"Wielsbeke","Belgium","Wielsbeke","Belgium",3,5,999fcdfd-ae9e-40eb-999f-64d863ef1dbb,ae22d503-c29e-4867-a703-15f023186abb
location_only,"Wilaya Building","Wilaya de Casablanca-Settat",Q93361271,"Casablanca","Morocco","Casablanca","Morocco",5,31,6cc29888-6dda-4752-9418-d8443143513c,384afc2b-1fde-4380-b674-ed92eafb09e9
location_only,"Wild Basin House","Wild Basin Trailhead",Q8000518,"Boulder County","United States","Allenspark","United States",4.9,115,7ea04ae1-21e6-4829-ae3f-d6cc68997faf,d1fab7b5-afee-4f04-9810-f218f83a660b
similar_name,"Willis Building","The Willis Building",Q3109593,"London","United Kingdom","London","United Kingdom",,11,a21f2fd3-b938-412d-85d2-b21813e73c9a,56eb73dd-21bc-408b-b69f-8cbfb6af04d6
exact_name,"Windsor Castle","Windsor Castle",Q42646,"Windsor and Maidenhead","United Kingdom","Windsor","United Kingdom",4.7,49,5eefdcea-2a33-49d1-b09e-bad6cc84a22d,9fd6835b-f4e5-4c8e-8b04-8313601e8752
exact_name,"Witte Huis","Witte Huis",Q2510082,"Rotterdam","Netherlands","Rotterdam","Netherlands",4.4,36,94be6d24-de38-4b61-b342-1f11d5665d24,b49b401b-a042-4b98-9565-20a1e0ef49c3
exact_name,"Wolvercote Cemetery","Wolvercote Cemetery",Q82162,"Oxford","United Kingdom","Oxford","United Kingdom",4.6,88,adb029be-cbe7-48b6-8499-a2725a76f706,78e52bc6-a132-4f53-9cbf-08e206fda932
location_only,"World War I Cemetery nr 1 in Ożenna","World War I Cemetery nr.2 Ożenna",Q2654384,"Ożenna","Poland","Krempna","Poland",4.8,105,63f0f975-2699-491e-af68-5e5a3bef946a,563241bf-d2f1-441b-b7b4-dc72cf1d935d
location_only,"World War I Cemetery nr 10 in Wola Cieklińska","World War I Cemetery no.10 Wola Cieklińska",Q4273870,"Wola Cieklińska","Poland","Debowiec","Poland",4.5,58,5e9e435b-c261-49dd-b393-33cf31d98b81,fbecf0e0-5d46-481b-a41d-9743af954545
location_only,"World War I Cemetery nr 15 in Harklowa","Cmentarz z I Wojny Światowej nr 15 Harklowa",Q4473317,"Harklowa, Podkarpackie Voivodeship","Poland","Harklowa","Poland",4.5,19,7d110e7d-37ac-4d5d-87c7-33c674f2d467,ed763051-0a5f-4a51-9026-88048ed7ab39
location_only,"World War I Cemetery nr 198 in Błonie","World War I Cemetery no.198 Błonie",Q136951,"Błonie, Lesser Poland Voivodeship","Poland","Błonie","Poland",4.7,27,722e6997-7d3c-49a8-b978-6e8d5a469e46,0b5fbc02-d4f1-4a88-a07f-9a432dabfb2f
location_only,"World War I Cemetery nr 60 in Przełęcz Małastowska","War Cemetery I no.60 Magura",Q3537530,"Pętna","Poland","Małastów","Poland",4.8,61,948056d0-9487-46f2-9eca-5d03695b28fd,c7451b61-b37a-4bc6-8d64-f5b86b35a1bb
location_only,"World War I Cemetery nr 8 in Nowy Żmigród","World War I Cemetery no.8 Nowy Żmigród",Q4122458,"Nowy Żmigród","Poland","Nowy Żmigród","Poland",4.7,102,8f65e5b0-61c0-4bd7-9c24-da7b5a5ad171,fb235238-4d1e-4dc0-aae2-0ac3e2e3bbb2
location_only,"World War I Cemetery nr 95 in Stróżówka","World War I Cemetery no. 95 Gorlice",Q5361625,"Stróżówka","Poland","Gorlice","Poland",4.4,30,5e87790a-fce4-4687-b631-4851e1cdb218,e435b4c4-59ae-4b30-9693-ab7275006c75
location_only,"Wrocław water tower","Wieża ciśnień Borek we Wrocławiu",Q1786037,"Wrocław","Poland","Wrocław","Poland",4.8,20,6239e5d1-f9ed-4b5c-b47f-fa384e2530c9,81790d0c-95ac-48f0-bf46-a51e3770a2fb
location_only,"Wynne Post Office","United States Postal Service",Q18706202,"Wynne","United States","Wynne","United States",3.2,13,8ed32142-437c-4e4a-ba7c-28f26f6a1edb,3f4ee97d-f514-477c-ac18-6a97d3e02da6
location_only,"Yamanashi Broadcasting and Press Centre","Yamanashi Culture Hall",Q11469632,"Yamanashi","Japan","Kofu","Japan",3.9,14,7d9476b0-5c94-4989-939c-0736c12c6db1,7adc43b6-6ea9-4025-80ab-ef7a99733247
location_only,"Yegoshikha Cemetery","Yegoshikhinskoye Kladbishche",Q2972580,"Sverdlovsky District","Russia","Perm","Russia",4.3,0,b225e8d7-1667-44d7-ae8a-37b9dd060391,e66ffbf8-abaa-4f52-83fb-6d82e1ed217e
similar_name,"Yenidze","Kuppelrestaurant in der Yenidze - Dresden",Q512953,"Dresden","Germany","Dresden","Germany",4.2,26,a4981236-1272-4928-b2ed-c338b9c48ba2,02e19d2c-46df-47d9-9054-24a977da1b80
exact_name,"Yokohama Museum of Art","Yokohama Museum of Art",Q861588,"Yokohama","Japan","Yokohama","Japan",4.2,42,9b02d992-a3a0-480e-a06e-52b2c23373ef,518ddc42-3d2b-489c-b6ac-9f626ad126dd
exact_name,"Yokosuka Arts Theatre","Yokosuka Arts Theatre",Q892352,"Tokyo","Japan","Yokosuka","Japan",4.1,47,7e0ec716-51e3-4351-8b43-5606ac597fa3,dbf3d86e-c53d-454b-853b-03d4413bc48f
location_only,"Yoyogi National Gymnasium","Yoyogi 1st National Gymnasium",Q1069457,"Tokyo","Japan","Shibuya","Japan",4.2,22,7121b391-b34f-46bc-b1ff-0131d3401cf3,52cc838a-e07c-4076-9595-d8220b07ba61
similar_name,"Zandkasteel","Zandkasteel Amsterdam | Offices, Meetings, Events, Work.Club",Q2559646,"Amsterdam","Netherlands","Amsterdam","Netherlands",4.5,7,64dd8bda-8cd4-40e2-b2be-b8d57bce4ce5,683f85a0-f07b-4200-b428-cabf980737aa
location_only,"Žatecká 10","Old Jewish Cemetery",Q69421453,"Prague 1","Czech Republic","Josefov","Czech Republic",4.2,113,e8d89dce-c390-46ec-af59-8b7b88d49f1f,be1db620-1c6a-4567-86b3-b8fe1fbfb5df
location_only,"Zemun Cemetery","Zemunsko Groblje",Q2972576,"Belgrade","Serbia","Belgrade","Serbia",,22,9e84b744-c732-462d-b9ce-b6027b4f987f,8ec237d6-9bdc-4537-aef0-3f17d2f1a77c
location_only,"Zentralfriedhof Friedrichsfelde","Memorial of the Socialists",Q190494,"Lichtenberg","Germany","Berlin","Germany",4.5,104,94640957-46bb-4581-b599-30b055621e49,b71c4d4e-81ee-4350-97e1-bff87540fc9a
location_only,"Zudausques Churchyard","Cimetière de Zudausques",Q2160139,"Zudausques","France","Zudausques","France",5,33,96e189b9-1e4a-430c-b849-1169e93a3d76,7a195250-9143-4d57-bc6a-179380e9a2c3
location_only,"Zuytpeene churchyard","Cimetière",Q2160194,"Zuytpeene","France","Zuytpeene","France",,35,8b0fcdff-ae63-46ff-a9c8-35d654e64705,ef8aa31e-db32-445a-9c64-fa2880e566fe
similar_name,"Zwinger","Dresden Zwinger",Q155107,"Dresden","Germany","Dresden","Germany",4.7,8,6c8bcace-4b05-46f8-9313-f21725bcd78e,1125467a-35fe-4912-9d52-91703b91b197
location_only,"Алтуфьевское кладбище","Altuf'yevskoye Kladbishche",Q4062997,"Moscow","Russia","Moscow","Russia",2.8,83,9116426a-d2f2-4255-ba95-97329df46846,2208c2e7-ab15-4832-b347-4b335236c40f
location_only,"Воронежская синагога","Sinagoga",Q111287126,"Voronezh","Russia","Voronezh","Russia",4.9,19,7a2f5b49-1492-430f-a8f8-8427a8547178,66bf7938-f5f5-4846-8776-c8f7fc708dab
location_only,"Здание Иркутского областного краеведческого музея","Irkutskiy Oblastnoy Krayevedcheskiy Muzey",Q123484611,"Irkutsk","Russia","Irkutsk","Russia",4.6,7,9012fdf7-d745-445c-ad51-131f6b8303eb,e8c9c688-2007-4ab2-ac21-78e9b2292cee
location_only,"Здание школы 345","School № 345",Q131933120,"Saint Petersburg","Russia","St Petersburg","Russia",3.7,8,b0bf55da-8720-441b-9712-57d67db84740,c5c94814-252f-4a05-b30e-4b05ed164f11
location_only,"Капотнинское кладбище","Kapotninskoye Cemetery",Q4213162,"Moscow","Russia","Moscow","Russia",5,62,805b26ca-18a3-4cda-9d6a-8434e9fccfa6,09d6c756-3940-429b-ae2c-0b760b110422
location_only,"Пуща-Водицкое кладбище","Pushcha-Vodytsia Cemetery",Q4384870,"Obolon Raion","Ukraine","Kyiv","Ukraine",4,81,921ef332-205a-48cc-8daf-d4dc27ddfbee,cd4e07c1-acae-4fe6-b160-c3a11d1bdb0f