wikidata_id,wikidata_name,wikidata_qid,wikidata_city,wikidata_country,apify_id,apify_name,apify_rating,apify_city,apify_country,apify_gpid,distance_meters
765d6ba6-ad5a-4913-af00-359e5438a741,"1 avenue Paul-Doumer",Q113314795,"Paris","France",26009be3-cc99-4b5f-9f6a-270fdc7762f7,"Benjamin Franklin Statue",4.7,"Paris","France",ChIJ8_aAj_xv5kcRvf7mec5lwYk,40
5fb219cb-1f61-440a-bb01-64ec6787ec73,"1 Police Plaza",Q4596012,"New York","United States",47509fcb-4490-4c2e-b29d-272dc367763c,"1 Police Plaza",,"New York","United States",ChIJtfkL6yNawokROaTqNx2GpC8,80
8ecb1fd0-1a65-4b5a-9c06-1b1531d47df2,"10 Downing Street",Q169101,"City of Westminster","United Kingdom",d2263af1-7b09-4bb8-9964-55407a4b7f6c,"10 Downing St",,"London","United Kingdom",ChIJx2E7b8UEdkgRtw6rLyLUl5w,21
0206bf07-07f2-4c31-9e42-8febbda604c4,"116 John Street",Q22329563,"New York","United States",3a606973-d98d-4623-85c1-7c96c8067b26,"Wolf forest cafe",4.7,"New York","United States",ChIJ_62bJz5bwokRO-Jh_xyhPNE,40
33158400-8760-4d82-8b3a-95de8beeb6c2,"1211 Avenue of the Americas",Q2943880,"New York","United States",3c63d34c-7342-41b2-9966-c50957c7a199,"1221 6th Ave",,"New York","United States",ChIJ_TxAx_hYwokRtkjhBwd2sCE,125
b8f38cf8-ca50-4590-a916-cabadbca1bf7,"122 East 23rd Street",Q40151610,"New York","United States",91eda3d9-d4a0-4269-b362-0ef8d03484e6,"Mishkin Gallery",4.6,"New York","United States",ChIJ_1EH8qBZwokRmuFboQW9Wnw,72
d54107ab-e301-4bcf-bd88-20b9272cbb7b,"122 Leadenhall Street",Q2742547,"London","United Kingdom",56eb73dd-21bc-408b-b69f-8cbfb6af04d6,"The Willis Building",,"London","United Kingdom",ChIJdXsJe00DdkgRF2pt74PKW7c,131
add3bccd-4082-4abe-8314-27146cbe1640,"1221 Avenue of the Americas",Q172811,"New York","United States",3c63d34c-7342-41b2-9966-c50957c7a199,"1221 6th Ave",,"New York","United States",ChIJ_TxAx_hYwokRtkjhBwd2sCE,43
fb8e1da4-6a41-44a2-b6d2-01e1e8f6e8ee,"1270 Avenue of the Americas",Q101084958,"New York","United States",10fac980-15be-4265-80cd-fca3238c23a0,"Top of The Rock",4.7,"New York","United States",ChIJe7vKMf9YwokRIMYfDz7iF9o,111
67207487-f8b5-438c-8966-103abbb98af1,"1717 East Ninth Building",Q4552487,"Cleveland","United States",93aee207-2ae5-45bd-990a-05b257ea717e,"Residences At 1717",4.4,"Cleveland","United States",ChIJpbXaWX76MIgRjqJbES_plHs,18
9ac334b5-1df6-4f47-8987-d72c45551e55,"191 Peachtree Tower",Q2746067,"Atlanta","United States",c5f70123-3c45-4a86-9199-aef3ad261bc8,"Peachtree Tower",,"Atlanta","United States",ChIJiUOTDXgE9YgRfVPUMk3eTwM,69
a5057d99-e806-4571-935b-20a62b02a89d,"2 World Trade Center",Q1127212,"New York","United States",c2cff9c0-5eb4-4d48-a4a6-319c639d2ad6,"World Trade Center",4.8,"New York","United States",ChIJfV5RORpawokRSWL6QFAZFI8,98
807f82af-38a1-4955-8b80-bf0edcf1e361,"27 Wałowa Street in Gdańsk",Q112721886,"Gdańsk","Poland",72a7e451-4b6a-49e2-a65c-5594ca5da784,"Wałowa 27",,"Gdansk","Poland",ChIJbydYo3Nz_UYRe3g_KalBDFc,38
873ac5d0-0e72-454e-9fb2-9dc8f8e35db5,"270 Park Avenue",Q1676687,"New York","United States",aaf65533-39fb-4611-b710-ec11e68ea73e,"JPMorgan Chase & Co.",2.3,"New York","United States",ChIJFb0euP1YwokRa5_OdxLwrdw,5
a0f8b91a-c313-4f5d-84fb-a712ccdf0daf,"3 Mickiewicza Street in Katowice",Q9268837,"Katowice","Poland",cea93f9c-e2e5-481a-96b8-9c81d4127c0f,"Adama Mickiewicza 7",,"Katowice","Poland",ChIJ--w6MTjOFkcRo9nK6ZUNwJE,92
7baa5a21-1c71-4ad6-a61f-dcc50f03b145,"3 World Trade Center",Q941908,"New York","United States",de7df0de-4214-4764-b926-ea07ee68b404,"Lady M Cake Boutique - NY",3.9,"New York","United States",ChIJB0ruVxdawokRxz0qOwwzK98,81
f5d81337-0cf5-479b-b5fd-a72a2900efec,"30 Hudson Yards",Q15264266,"New York City","United States",fe3360ab-c1a9-4abf-9a89-57eba90a194c,"Edge Observatory",4.6,"New York","United States",ChIJd6jRZgBZwokR7FNsH-DvnBA,63
060fdd45-7e2f-4d7c-a6fe-9860f8166b2b,"30 Rockefeller Plaza",Q680614,"New York","United States",10fac980-15be-4265-80cd-fca3238c23a0,"Top of The Rock",4.7,"New York","United States",ChIJe7vKMf9YwokRIMYfDz7iF9o,42
62898e97-8339-48e6-b8ee-57234b865802,"333 South Wabash",Q961346,"Chicago","United States",02682ff3-2ec7-4839-a6bb-8d8d89bc8b3b,"333 S Wabash Ave",,"Chicago","United States",ChIJ5xv4T6IsDogRaIrxELoKIYw,35
4d726b3a-13f9-4e04-ad4f-d46c782988ed,"4 Grafheuvels",Q17454797,"Wageningen","Netherlands",cb8e11be-db3a-40d5-8ba2-4436d43338e6,"Grafheuvels",5,"Wageningen","Netherlands",ChIJz5tYNwmrx0cR12q5rD-XfTs,40
ff967061-001f-4d14-81cd-3bfab243f918,"4 World Trade Center",Q2593897,"New York City","United States",de7df0de-4214-4764-b926-ea07ee68b404,"Lady M Cake Boutique - NY",3.9,"New York","United States",ChIJB0ruVxdawokRxz0qOwwzK98,53
d0a15f7a-df1d-49a0-89a8-0b892bc81a08,"4 World Trade Center",Q1351208,"New York","United States",de7df0de-4214-4764-b926-ea07ee68b404,"Lady M Cake Boutique - NY",3.9,"New York","United States",ChIJB0ruVxdawokRxz0qOwwzK98,20
c5a452aa-51d6-4ff9-b11a-321fdf4e95a9,"40 Wall Street",Q218305,"New York","United States",ebffa1f7-85bc-4941-aee3-58726c200dd9,"SkyCafe on Wall Street",5,"New York","United States",ChIJ87-XAhdawokRcu0_TOoZ08o,48
0c6a553d-4b6d-4357-a1b6-bb3ae82e4f2a,"425 Park Avenue",Q2631826,"New York","United States",cfb5b9ea-67bf-4698-97ad-7effeebf7324,"BONSAII Tapas & Wine Bar",4.8,"New York","United States",ChIJdflBaZVZwokRJx2EmWYW0lA,102
70f94da4-1d7a-41b7-9e67-328f309768a1,"432 Park Avenue",Q233940,"New York","United States",c45f2c03-4946-4d1b-b5e0-916061ca4c0b,"432 Park Avenue Condominiums",3.4,"New York","United States",ChIJcWLaDvBYwokR0jdNzD6Of5o,11
3e463b19-3e68-4e9e-a002-241d278f4f59,"48 Wall Street",Q630074,"New York","United States",2f8df853-877d-4049-ae9d-a2a9f9a885bd,"Conwell Coffee & Cocktail Hall",4.4,"New York","United States",ChIJgTMBOPtbwokR1Y0sSidhvqI,106
7dc03878-fa9c-49a2-ac7c-293e56fae896,"51 Astor Place",Q29469890,"","United States",5e3c003e-4693-4810-98f0-4b9aa13456ff,"51 Astor Pl",,"New York","United States",ChIJH1rQlJtZwokRmJyk5XfafEA,29
6227c6d4-dbbe-4fdb-8a99-3481313110d9,"53W53",Q2446907,"New York","United States",7613fe6f-9bb5-4308-bc2a-f55b0e82ef76,"The Museum of Modern Art",4.6,"New York","United States",ChIJKxDbe_lYwokRVf__s8CPn-o,83
63e5e7c6-da10-4632-9996-5d6f28485416,"550 Madison Avenue",Q1477826,"New York","United States",3be85763-f5f9-437e-885f-1d14c536c336,"550 Madison Ave",,"New York","United States",ChIJ0RNX-_pYwokRSwJeJLDCmJg,15
ff531b40-7c73-4d32-9528-f08551f567e5,"56 Leonard Street",Q244358,"New York","United States",93bcd652-7e04-4100-8a34-2858857bee01,"Frenchette Bakery",4.5,"New York","United States",ChIJQSuTOU9bwokRUZJTdOh1ec4,105
7328d5fd-213f-410f-8ad3-7b9a20cca134,"580 California Street",Q2817725,"San Francisco","United States",bf5e4b9a-c800-4037-85f9-f68a0176c7cb,"580 California St",,"San Francisco","United States",ChIJPTfpUoqAhYARQNQr3xz_LZw,68
a2cfb720-2c8e-43b4-b3ba-1054237eb2b5,"60 Wall Street",Q247887,"New York","United States",53d4070b-f9dd-4765-9c0d-22fcf40520e0,"Blue Park Kitchen Lower Manhattan",4.6,"New York","United States",ChIJY9gVhxBbwokRRJ6bN-pRhEk,74
a8d96a61-ae25-489d-a34d-25b8b352ca29,"7 World Trade Center",Q270066,"","",67e43046-c283-4fcb-ab65-b0771d4553eb,"7 World Trade Center",,"New York","United States",ChIJR7VRWhtawokRNnsA1QtvP60,47
beee848a-884e-4f13-a840-bd246a4d14d0,"70 Pine Street",Q262041,"","",53d4070b-f9dd-4765-9c0d-22fcf40520e0,"Blue Park Kitchen Lower Manhattan",4.6,"New York","United States",ChIJY9gVhxBbwokRRJ6bN-pRhEk,38
01d16429-5c67-4ba3-ab1a-aa745fe16adb,"70 St Mary Axe",Q80201655,"London","United Kingdom",c24b259a-553e-4b8b-9892-1fd058aab043,"30 St Mary Axe",,"London","United Kingdom",ChIJqR7TME0DdkgRxplj_CKMkG0,139
7d57290a-03f3-4990-ad09-dccb3ab6aadb,"A. E. Larson Building",Q14713581,"Yakima","United States",f92c33c6-5355-4387-97f7-4ad4d15b4564,"A.E. Larson Building",4.7,"Yakima","United States",ChIJgcpDoezXmVQR9pOg3aBowCk,82
c925343d-e01a-4a7a-aeee-5a130389c797,"A.M.V.J. building",Q21707612,"Amsterdam","Netherlands",6933102e-1527-4f7d-a8d3-1a94502f3f51,"Q-Park Byzantium",2.9,"Amsterdam","Netherlands",ChIJQ2ne_eUJxkcRoieaI5SUP1U,113
cef39c9e-4dfd-4a9a-9c8d-07682f64c1fd,"Achiet-le-Grand Communal Cemetery",Q2168563,"Achiet-le-Grand","France",da2c6b44-b411-4ccb-b0be-f63a919df3d9,"Achiet-le-Grand Communal Cemetery Extension",,"Achiet-le-Grand","France",ChIJk-EHCxFQ3UcRR62KspUvjUo,94
163a8995-262f-4c69-8545-385dd5097664,"Achiet-le-Petit Communal Cemetery",Q2289520,"Achiet-le-Petit","France",7b7ba95c-e581-400c-9168-e1f28a28fdac,"Achiet Le Petit German Cemetery",5,"Achiet-le-Petit","France",ChIJW-GXEgFb3UcR4SQv0wkhN8Q,84
735ea64f-da25-4524-a650-553884c999ea,"Ada Arts and Heritage Center",Q346270,"Ada","United States",561694c7-8f03-4daf-b06c-66609804819f,"Ada Arts & Heritage Center",4.6,"Ada","United States",ChIJuz8g4whss4cRcU0Ux0kccPQ,28
74226f6f-f0c7-47ce-aa6c-7155ff117694,"Adina Mosque",Q357320,"West Bengal","India",e403d75f-3b5a-4eac-b922-f3ad05b47331,"Adina Masjid",4.3,"Pandua","India",ChIJNeODv3Ti-jkRtO5_oBj9tFA,13
cf88e4e3-e4af-4116-a261-8c98cdc8cd11,"Administration Building, Treasure Island",Q4683413,"San Francisco","United States",34ecadb8-e07e-417a-ad9b-f09f3295f07e,"Treasure Island Administration Building",4.4,"San Francisco","United States",ChIJV65l7jCAhYARVXUUCkCMKYs,110
d8f6bde1-6ab4-40ff-8d02-9cfa55c72671,"Admiralty building in Saint Petersburg",Q359185,"Second Admiral Island","Russia",31d387c6-a3b0-43d8-9711-cc03a7715477,"Admiralty",4.8,"St Petersburg","Russia",ChIJZeVNyaUxlkYRi_0uzTN8-_A,14
846ffa23-aca4-4ecf-a53e-3ef33138a058,"Adolfo Alsina town hall",Q58864279,"Adolfo Alsina Partido","Argentina",ac732764-982f-424c-8284-0e1df0b63e9c,"Municipalidad de Adolfo Alsina",4.6,"Carhué","Argentina",ChIJw1mXu4sn6pUR_cEBjUQCK_M,10
290fb788-0be5-4756-83f3-f27e448f45ba,"Adolfo Gonzales Chaves town hall",Q58864200,"Adolfo Gonzales Chaves Partido","Argentina",fb73e6b2-cbe8-475b-9704-f278950abe74,"Municipalida de Adolfo Gonzales Chaves",4.2,"Adolfo Gonzales Chaves","Argentina",ChIJxY5FBr8wkpURfOrqJ1NisQw,23
ca924a9f-b424-4d66-adba-496f44a094ce,"African Cemetery No. 2",Q180624,"Lexington","United States",0b5fe44a-480e-4665-a6e0-609b3ab92710,"African Cemetery No. 2, aka The Cemetery of the Union Benevolent Society No. 2",5,"Lexington","United States",ChIJoRcN1AJFQogRMGT6fK1iqmk,18
27172917-7ac9-4c98-94ad-8140f3b691b9,"Agape Centro Ecumenico",Q3606344,"Prali","Italy",6ac93460-a75d-41e5-b168-349a79a0f5db,"Agape International Ecumenical Center",4.7,"Prali","Italy",ChIJoWELRcnTiUcRpARUmHDUhEI,41
319b77ff-ecb5-4390-b339-c26a091d89b4,"Agenville Churchyard",Q2029134,"Agenville","France",e2a4a821-5681-486c-b3e2-cafc78099f60,"Cimetière",,"Agenville","France",ChIJP2NixlSb3UcRQmI4sN_MGmk,24
effa7604-3fd0-4052-ad26-c1547106d9cf,"Agnez-les-Duisans Communal Cemetery",Q1913158,"Agnez-lès-Duisans","France",9bce2842-f0c3-41aa-bb94-7df931e00469,"commonwealth war graves ww2 (agnez les duisans)",,"Agnez-lès-Duisans","France",ChIJX3RBRQBB3UcR5_IR8LZB64Y,34
965a6787-f766-4d4c-a0a0-56705d75c3f0,"Ahavas Chesed Cemetery",Q4695021,"Alabama","United States",7394f51f-4eac-4749-be4c-216d42393e4d,"Ahavas Chesed Cemetery",,"Mobile","United States",ChIJAQAAUEZOmogR2cnAnGXjb48,51
c38b55f3-d041-4783-bd08-25726ef69fea,"Ahwahnee Hotel",Q4696448,"Yosemite Village","United States",3a515c8d-be77-45d0-ae27-f419468c8556,"The Ahwahnee",4.3,"Yosemite Valley","United States",ChIJx__NfiTyloARluoyVYUYiBU,48
977e2f4e-7cdb-43e2-afbb-750bd364f2a0,"Ainola",Q151782,"Järvenpää","Finland",af9e7ccc-8711-40d8-ae20-58117713d4ac,"Ainola",4.4,"Järvenpää","Finland",ChIJaexhrP__jUYRjCOaqyXUaaM,69
e81776d2-0817-480c-90b9-cb3d188aaf6c,"Akhisar Stadium",Q17508044,"Akhisar","Turkey",0e90e112-0193-4499-9998-f1ca1eccc11c,"Spor Toto Akhisar Stadium",4.6,"Akhisar","Turkey",ChIJt6ssx-HRuRQRqew8nuwowEw,11
db3ed3b2-62e0-481e-817a-8ca5e9e11582,"Al Bahr Towers",Q15707433,"Abu Dhabi","United Arab Emirates",80d7bb69-58a8-49ad-8e36-799ee8d4e373,"Al Hilal Bank, Al Bahr Towers",4.6,"Abu Dhabi","United Arab Emirates",ChIJbVO4UGVoXj4RRdGzQR4pO7Q,58
dfe0ac44-a41c-43af-8b16-b559511c14c1,"Al Faisaliah Centre",Q2303314,"Riyadh","Saudi Arabia",4248207a-9a82-43c8-b5c0-94817c80ea25,"Al Faisaliah Tower",4.6,"Riyadh","Saudi Arabia",ChIJu7NmXqoDLz4RXrYhuYUKl8o,18
c05b5dec-737c-43df-adec-0436d86a0b49,"Al Hamra Tower",Q557933,"","",a0fd6c2f-dc44-4804-be49-a9fc8c25a74e,"Al Hamra Tower",,"Kuwait City","Kuwait",ChIJ6QHUUJiEzz8RnJUWIxKxfnY,75
b2a0cdcc-06b3-485a-a2ac-a45e6aa1a610,"Al-Akbar Mosque",Q13094984,"Surabaya","Indonesia",a5d952d7-f94b-4985-9765-2e8fc950bd7f,"al-Akbar National Mosque Surabaya",4.9,"Surabaya","Indonesia",ChIJq9-2z6n71y0RBhIk7xBy_gY,23
148ab088-9d64-4f6d-8a57-d06a90339897,"Al-Baqi'",Q154204,"Medina","Saudi Arabia",a42f38a8-45af-4dc2-9caa-508d461ec50e,"Al Baqi Cemetery",4.8,"Madinah","Saudi Arabia",ChIJAUtLZ4K_vRURQtTcuxAVRCw,103
2e542fb9-7193-492b-80d1-fb2b9f9d2d0e,"Alabama State Capitol",Q473393,"Alabama","United States",820025c1-ae7f-446a-b46f-ed64056d36e5,"Alabama State Capitol",4.6,"Montgomery","United States",ChIJ0XCkhWeBjogR_ETH9dESUHk,54
98f7280b-e3e4-4a25-82ad-c34127fe4745,"Albanifriedhof",Q2637231,"Göttingen","Germany",0c23b884-dc11-4c36-a50a-d63bd5d58155,"Albanifriedhof",5,"Göttingen","Germany",ChIJVVVVGJTUpEcRUWrHnhEg5pg,46
d773deaf-49fc-48eb-9e36-3eebdd8b39f0,"Ale's Stones",Q686510,"Ystad Municipality","Sweden",8febeddc-cce8-476b-896f-f81d413e4ca0,"Ales stenar",4.6,"Löderup","Sweden",ChIJQalsE5eKVEYR2_cRlnpYco0,47
f3619b21-2dd1-4c0f-80eb-6f6ffb8c5c27,"Alexa",Q322847,"Bezirk Mitte","Germany",bf88e87e-bbe9-4fc6-b496-db9b167573da,"ALEXA Berlin",4.3,"Berlin","Germany",ChIJ54twBiJOqEcRFxu9brehHg0,129
98f1bbaa-f715-4758-9a5e-0d5fb8cff38d,"Alexander K. McClure School",Q4719270,"Philadelphia","United States",b2e221a8-021c-4ed8-8f30-e878026ec015,"Alexander K. McClure Elementary School",,"Philadelphia","United States",ChIJi_Cqp-y3xokRWrXg6By6wNs,30
c592db0f-eab1-41ba-af71-42438163dabd,"Alexander Nevsky Cathedral",Q568214,"","",866e3b8d-8fc3-40ff-9718-1e378d2d1527,"Alexander Nevsky Cathedral",4.6,"Tallinn","Estonia",ChIJKRm6cp2UkkYRMhVu4HT9Ey4,39
eb917aee-dd41-4eb0-bad3-926aaa8bbc4c,"Alexander Nevsky Cathedral, Paris",Q1493222,"Paris","France",6c687378-13a4-4058-bc7d-eb2b24a49f2b,"Cathedrale Saint Alexandre Nevsky",4.7,"Paris","France",ChIJZxKG_L9v5kcRMs7w1L53HsA,12
4b0a91e5-56c7-4a3b-9f1d-45cc5c727dac,"Alfonse M. D'Amato United States Courthouse",Q4721975,"Central Islip","United States",d7dc8e79-42e5-4a7f-b46c-6f3cd454dcdb,"Alfonse M. D'Amato U.S. Courthouse",4.4,"Central Islip","United States",ChIJWVbRSlYx6IkRgkebltbicuQ,43
a4635048-f5e1-4714-996e-66dd2b6afd93,"Alfred H. and Sarah Frahm House",Q64877757,"Fort Calhoun","United States",83bb7ea1-b9ce-4cd0-b765-bb2df0b781b5,"Frahm House",5,"Fort Calhoun","United States",ChIJhRtycs2_k4cRE7fUYi2YkKI,4
34a03184-2b1d-461f-85ec-b1033e1487e2,"Algemene Begraafplaats Meppelerstraatweg",Q2013113,"Zwolle","Netherlands",0070d436-e252-4285-be03-21c0f14031a2,"Begraafplaats Meppelerstraatweg",4.7,"Zwolle","Netherlands",ChIJ_W8k7D3fx0cR6of-qBSrjAs,102
5fed0b87-27ed-4bd2-adb7-f8fec8438a1c,"Allerheiligenkirche, Graz",Q2648545,"Graz","Austria",85d7cb81-5eea-450e-94d2-cb3ca959fc9a,"Allerheiligenkirche",4.8,"Graz","Austria",ChIJzXY9SOI0bkcR_mM2OkRmEcw,9
e2f06cd2-4ae2-41df-af33-96be44547154,"Allonville Communal Cemetery",Q2666049,"Allonville","France",8a0c8d85-ed93-44b4-8f85-9b3a101195e8,"commonwealth war graves ww1",5,"Allonville","France",ChIJ7Vvy7fCJ50cRQ1nNTEZL4Ws,37
affcac73-7902-4396-8ae5-682dcd59ec30,"Almudena Cathedral",Q849711,"","",aaeabc23-5db0-4a6d-832c-dd7167a9e75d,"Catedral de Santa María la Real de la Almudena",4.6,"Madrid","Spain",ChIJI_FYeHcoQg0RcqwG5gDs3H8,16
d710bb3f-4bce-401f-ba80-f0dab91c486e,"Altare della Patria",Q506234,"Rome","Italy",96bf794c-db2a-4313-a22c-462640e4667d,"Monument to Victor Emmanuel II",4.8,"Rome","Italy",ChIJ412AG01gLxMR4T-4pwdIFSE,16
19b3e973-11a9-4514-bede-bcaabb8c7cb3,"Alte Synagoge",Q436316,"Wiesbaden","Germany",a8fe4710-729f-4fc9-b49e-df1a358d8d27,"Holocaust Memorial (Shadow of former Synagogue)",4.4,"Wiesbaden","Germany",ChIJQS-lIXa-vUcRT1bsenurCA8,7
99497fbc-6e81-4814-9ade-09110760d7b3,"Alte Synagoge",Q436308,"Heilbronn","Germany",08fdaf49-dbbf-4405-a306-d54bb4e6da92,"ehemalige Synagoge Heilbronn",4,"Heilbronn","Germany",ChIJp3aeb0AvmEcRmJhMqhV2KJE,34
9aed9afa-9f05-40c1-8746-457b7d114cce,"Alter Annenfriedhof, Dresden",Q437721,"Dresden","Germany",5552ac36-a63e-4ecb-836f-bfd7a07f95e5,"Alter Annenfriedhof, Dresden",4.2,"Dresden","Germany",ChIJ__Mw_YTFCUcRCSyB3lIj7xw,84
8008987a-7b67-4f1f-8bd8-5d86c4d80ac4,"Alter Friedhof (Baiertal)",Q437864,"Wiesloch","Germany",5fc821ed-2a8c-4cb0-8c67-e3b138cb07d2,"Alter Friedhof",,"Wiesloch","Germany",ChIJq6rqooyVl0cRVfEDL62ZkpA,6
2c3b6e20-aede-493d-a94c-3fc81327390f,"Alter Friedhof (Dirmstein)",Q437870,"Dirmstein","Germany",bf4a3b8f-775e-4d91-87bc-64c1c272c36c,"Alter Friedhof",2.5,"Dirmstein","Germany",ChIJ8W1KbRkvlkcRaZSAJkWtsCo,29
af41795f-c461-4243-b9d0-f59321a2e9d8,"Alter Friedhof Herford",Q437910,"Herford","Germany",8143f3a2-d5ae-4d65-b79f-bc0678d686eb,"Alter Friedhof",5,"Herford","Germany",ChIJq6qqj2sUukcRq5Jtg7k8iwY,23
b66fa83b-3666-447d-b369-5a5195dd0771,"Alter Friedhof Oberursel",Q437916,"Oberursel (Taunus)","Germany",2ac56f87-893e-4101-a389-97545ba4b97e,"Cemetery Oberursel (Old)",4.5,"Oberursel","Germany",ChIJsYgOKv4HvUcRmE9bDrsyTEk,88
f51f3632-5877-4822-8291-08c2d46cb62b,"Alter Friedhof Segeroth",Q437922,"Essen","Germany",f06d16dd-b9e0-4876-9094-cb5539a837fd,"Friedhof Segeroth",4.6,"Essen","Germany",ChIJdQ6kY6LCuEcRpq-D-w1VGUw,51
42525cd2-0c89-400e-bf2d-339c10eddcb6,"Alter Garnisonfriedhof Berlin",Q437929,"Bezirk Mitte","Germany",2eaef47e-ff0c-4032-aa2c-0c5dea8d976b,"Yummy Vintage Boutique - Vintage Store",4.9,"Berlin","Germany",ChIJz6LjU55RqEcRTe2jk9H7P20,130
e0c13c15-0e8d-4832-825c-4ad20ebaba75,"Alter Hammer Friedhof",Q437953,"Hamburg-Mitte","Germany",5a630676-bbf1-469b-9e48-578c29aee2d5,"Alter Hammer Friedhof",4.6,"Hamburg","Germany",ChIJxzY9BqGOsUcRHoHM-H7OBwo,42
01946811-416e-46a9-afba-a6255ad33400,"Alter Jüdischer Friedhof Eisenstadt",Q437987,"Eisenstadt","Austria",94df648d-74ce-459b-afeb-c0b013fb06e9,"Eisenstadt Jewish Cemetery",5,"Eisenstadt","Austria",ChIJOYKn6StIbEcR-PA064lnh50,22
cf1d3fec-8735-4dc6-bce5-8a9614131e46,"Alter Katholischer Friedhof",Q317663,"Dresden","Germany",9dd0c1f7-25f8-4171-8f3b-ceac61d9ef95,"Alter Katholischer Friedhof (Dresden)",4.8,"Dresden","Germany",ChIJhRMIg3bPCUcR7dOlpZRz0pA,73
7b9e6ab6-9074-423a-855e-94bf0b7203bd,"Alter St.-Matthäus-Kirchhof Berlin",Q438183,"Tempelhof-Schöneberg","Germany",1efc80c9-f43d-482a-af24-06044eefdb69,"Alter St.-Matthäus-Kirchhof",4.6,"Berlin","Germany",ChIJJU-BlzlQqEcRCY8CPsCGMic,53
5c0c0fe7-782a-405d-acbe-e9587113e4d6,"Altmannsdorfer Friedhof",Q442555,"Meidling","Austria",2ab1bc94-8086-4e53-8a5d-a52eaabf5a18,"Altmannsdorf Cemetery",4.3,"Vienna","Austria",ChIJB34hLl2obUcRGaSxHYES0k0,11
aa5d89cc-01d9-4d8e-a01c-24eafd6d2c01,"Alto de São João Cemetery",Q1053349,"Penha de França","Portugal",e50a3fa9-1a7f-405a-ac51-794061dea40e,"Cemitério do Alto de São João",4.5,"Lisbon","Portugal",ChIJ_VeLtewzGQ0RMTnDthZHW8g,134
8080a2ee-0d45-4f0d-8956-dc827efbaa4e,"Altria Theater",Q6484803,"Richmond","United States",cc3479d2-adc5-4502-afca-783372bc28bb,"Altria Theater",4.6,"Richmond","United States",ChIJcfBBlEYRsYkR_EsSj82DOV8,56
0e0512d2-7953-49d6-bd8a-17b81026cb3c,"Amalfi Cathedral",Q686306,"Amalfi","Italy",c4f68d7c-2536-4ffc-8caa-ec3367296d74,"Cathedral of St Andrew Apostle",4.7,"Amalfi","Italy",ChIJy2_bsYSVOxMR0Ugr2ptyZuo,7
37ff9f36-7f33-4741-afc6-2c8edcbed043,"Amalienborg",Q211053,"Copenhagen Municipality","Denmark",97548bb9-fb9b-4ddb-a580-bdc92613a59e,"Amalienborg Palace",4.5,"Copenhagen","Denmark",ChIJcwY-NiJTUkYRP1UVnat_8Vw,35
3e2d2c0d-71bd-414d-8577-babd2a37dcf2,"Ambleteuse Communal Cemetery",Q2190300,"Ambleteuse","France",f4d5c517-dc09-4f3d-b321-b5df436a361a,"Cimetière d'Ambleteuse",,"Ambleteuse","France",ChIJ8bJqdQAv3EcRDh0YAO4d30E,102
a0f9ed7f-590b-4d93-ba2a-e7e995babad9,"Amdavad ni Gufa",Q1744232,"Ahmedabad","India",a2b2d9c7-cfcf-44cf-b0e9-9cb07c521d21,"Amdavad Ni Gufa",4.3,"Ahmedabad","India",ChIJ____P_WEXjkRJNUVpvTdJ-4,41
02fb87b6-799f-48db-aefd-369f78857446,"Amherst West Cemetery",Q4746056,"Amherst","United States",59922c23-0b87-40b7-954a-ccd359b1907b,"West Cemetery",3.8,"Amherst","United States",ChIJI_tHr_XN5okR_FdqN7lTMzc,35
67a43136-96a6-4545-b46a-add3fe41dfbc,"Amisos Hill",Q19610508,"Atakum district","Turkey",f476738f-2a09-402e-9a9d-cc59ebb4c03e,"Amisos Hill",4.3,"İlkadım","Turkey",ChIJtwEiV9Z5iEARG3_BXHcavM0,73
f6eca570-e0a1-4788-b040-dbaf7e8cf33b,"Amos G. Winter House",Q25000246,"Kingfield","United States",ee2fd362-2c6b-4eac-858e-2ef139af8c71,"Hillholm Estate (former Inn on Winter's Hill)",4.6,"Kingfield","United States",ChIJYcpNXAgHsUwRNy_5aQ5BIOU,47
0fe6797c-8e90-4cad-90ee-5f68fb7519f1,"Amsterdam Central station",Q50719,"Amsterdam","Netherlands",5f07e97d-a03b-42c5-811e-f654b180be8d,"Amsterdam Centraal",4.4,"Amsterdam","Netherlands",ChIJIxbYDbcJxkcRQtHfOo0b58o,23
4e658387-623d-4c02-841a-01b2e90dabab,"ancien presbytère de Sainte-Monique-des-Saules",Q134500872,"Quebec City","Canada",4514165a-7e5b-4724-880a-c26736ee8574,"St. Monica's Church",4.5,"Québec City","Canada",ChIJ8YeOCnmXuEwRymDi1D7sC9I,37
1e374fc1-d498-4391-8908-2770a427ef6c,"Anderson–Frank House",Q4754011,"Tampa","United States",c1cd59e8-31cf-448e-99ef-849fade1b0c7,"Anderson–Frank House",5,"Tampa","United States",ChIJUSZCFZDEwogRi7OrcYa2On8,64
c654888b-c713-4e64-ad2c-1a15613696d3,"Andersons Bay Cemetery",Q4754247,"Dunedin City","New Zealand",e51cb193-82e4-4da4-9dde-a00c1c006dff,"Andersons Bay Cemetery",4.1,"Dunedin","New Zealand",ChIJcfzNBGOuLqgRre2cO4TRfXc,43
bebf2249-37e6-4220-9872-1ed5c25c6450,"Ando Conference Pavilion",Q54989344,"Weil am Rhein","Germany",4f6ba849-7d27-42c6-82dc-7a701ab1b70b,"Vitra Conference Pavilion",4.6,"Weil am Rhein","Germany",ChIJFeHaPhe6kUcR9QP21KDps2k,11
97365fb1-22ba-480d-8a0b-e9c956404b7c,"Andrew Melville Hall",Q4758008,"Fife","United Kingdom",ef143205-a159-4b8d-be13-65dd1d68024c,"Andrew Melville Hall",,"Saint Andrews","United Kingdom",ChIJ9_F5v3lXhkgRvNVG83rUGOI,64
809ae84a-c48b-4f7c-be9d-734bb790db84,"Andrew Melville Hall, University of St Andrews, North Haugh",Q17570697,"Fife","United Kingdom",ef143205-a159-4b8d-be13-65dd1d68024c,"Andrew Melville Hall",,"Saint Andrews","United Kingdom",ChIJ9_F5v3lXhkgRvNVG83rUGOI,58
1eda9495-8ccb-45e4-a672-cbc33c824292,"Andrieskerk, Amsterdam",Q20982460,"Amsterdam","Netherlands",51711c52-b747-48da-88a3-4f2c42d287d2,"Andrieskerk",4.6,"Amsterdam","Netherlands",ChIJi3AGNgkKxkcRn3GTsshENiQ,4
533082ca-7570-494d-8904-bd33221e720d,"Anichkov Palace",Q187333,"Tsentralny District","Russia",f8598255-68e3-4644-9000-3f67f2705f47,"Аничков лицей",4.7,"St Petersburg","Russia",ChIJNz6f7acxlkYRwO-END_-pD4,103
6f6aab82-2734-42d0-9e3b-2de9e01d9cce,"Annappes Churchyard",Q2729226,"Annappes","France",e49144fc-4b87-4de8-8135-6eaf916b7dc6,"Cimetière d'Annappes",4.1,"Villeneuve-d'Ascq","France",ChIJGelOQsbXwkcRMsFw7unaEyA,29
923e400c-3576-421b-9f3d-fc5bec41453b,"Annœullin cemetery",Q2211805,"Annœullin","France",b53a40b2-6ca6-4842-a467-4d2491186963,"Cimetiere d'Annœullin",,"Annœullin","France",ChIJsyXKnfgs3UcRLyXJpyxix5A,25
a53c1d12-e897-4397-826f-3e775c53d0d4,"Anor Communal Cemetery",Q1944186,"Anor","France",82229e8e-c35a-4dd5-a0fb-017575aaa302,"commonwealth war graves ww1",,"Anor","France",ChIJPwY7b7gLwkcRSzabH4QxW94,73
c7e8588b-831b-45c4-ac3e-32dfb2c10584,"Anshei Sphard Beth El Emeth Congregation",Q4770669,"Tennessee","United States",076edf73-4b9e-44e6-9cc3-0e88b3ef37d5,"Anshei Sphard - Beth El Emeth Congregation",5,"Memphis","United States",ChIJTZcy4maDf4gRMsCN31INgM8,23
7e8a8467-8caf-412c-bde7-547460eda1da,"Antakalnis Cemetery",Q1457300,"Vilnius City Municipality","Lithuania",86088770-ee52-466a-a680-dd2cd4f91df1,"Antakalnis Cemetery",5,"Vilnius","Lithuania",ChIJGaMFFwCX3UYRKXKUHFy8HPM,121
bf9aecf2-6d1d-48c8-97dc-28563fa06b0b,"Antic escorxador municipal",Q17587035,"Sant Feliu de Llobregat","Spain",fc51c6d6-32cf-4dd7-8ecb-f3dec0959f2e,"Antic escorxador municipal (Sant Feliu de Llobregat)",4,"Sant Feliu de Llobregat","Spain",ChIJOf9g6LObpBIRS44G9XKM5cc,5
96c5e8aa-22a0-4588-875b-595828193c0e,"Antwerp-Central railway station",Q800398,"Antwerp","Belgium",f1bcf985-ae78-44bd-bf9e-06fce2a295ff,"Antwerpen-Centraal station",4.6,"Antwerp","Belgium",ChIJaUxA5wP3w0cRpor24bsHCyc,103
f76e2264-9b24-49c0-ac05-de268ff169a6,"Anvin Churchyard",Q4461430,"Anvin","France",2d539f75-d600-4057-b329-8c7e28860110,"Église catholique Saint-Léger d'Anvin et son Cimetière",5,"Anvin","France",ChIJAytl9g4J3UcRXu4OdX5ir5U,29
74d6f802-e653-4ebe-a7f9-104b357c7ee8,"Anzeiger-Hochhaus",Q614321,"Mitte","Germany",227c1f59-8ae4-4a7f-b32e-b7f28234d42e,"Anzeiger-Hochhaus",4.6,"Hanover","Germany",ChIJkRpjs6R0sEcRtsuq3aCF0dE,40
d8f3af00-c96e-40fb-b42d-5355f47d2cd6,"AON Hanoi Landmark Tower",Q609140,"Mễ Trì","Vietnam",cb3436eb-0b99-4025-8e84-cebbd45c013d,"Keangnam Landmark Tower 72",4.4,"Hanoi","Vietnam",ChIJ28TAQ6tUNDERBhGZ1uv_bts,106
6877b375-d857-41f4-bf06-4495d7be8cbd,"Apartment house of Chirikov (Rostov-on-Don)",Q16646137,"Budenovsky avenue in Rostov-on-Don","Russia",127dd88d-85c4-4c83-b116-8e87d820b4ba,"Apartment house Chirikov",4.8,"Rostov-on-Don","Russia",ChIJ9TR6lg-540ARKK7eoihsI7A,10
e89fc14a-3597-49c9-abe2-3984ce348f17,"Apple Piazza Liberty",Q56328172,"Milan","Italy",2848197e-c3fc-47f9-9002-978efea552b2,"Apple Store Piazza Liberty",4.4,"Milan","Italy",ChIJH4HZx7rHhkcRJjTHqs4UANI,10
62fcdfe3-ff8b-4f6a-9455-e5082cd8ab49,"Aqua",Q622895,"Cook County","United States",f521e925-d8c0-4448-9727-c2014f798358,"Aqua at Lakeshore East Apartments",4.7,"Chicago","United States",ChIJkfe_Z6gsDogRQZfVM2K3A5s,9
6ec8430e-68c1-491c-85d2-4dc6eea7d567,"Archbasilica of St. John Lateran",Q84090,"Rome","Italy",b98410be-70f1-4cbe-8f8d-7987cc701561,"Lateranense Palace",4.7,"Rome","Italy",ChIJwabWjb9hLxMRQ-G6XQ-5GEk,88
6b2c3987-c0bb-4b3c-abd4-d1bffc5014db,"Archcathedral Basilica of St. Stanislaus Kostka, Łódź",Q1140861,"Katedralna","Poland",ad8008e9-3012-4e57-ad4f-243025a51299,"Bazylika Archikatedralna pw. św. Stanisława Kostki",4.7,"Łódź","Poland",ChIJtSZsQts0GkcRMLhAXQ-MuDA,13
a82953fe-686d-4145-810c-e05137c75aae,"Ardennes American Cemetery and Memorial",Q638977,"Neupré","Belgium",62306bf7-89b7-4547-8465-1406c1d8d983,"Ardennes American Cemetery",4.9,"Neupré","Belgium",ChIJuRhS5gVWwEcR8-vBpse7X44,7
2af3c215-8408-41b5-9527-c8a825944fc2,"Arena Amazônia",Q641527,"","",711df143-c013-4582-8c38-1dc8245d8261,"Arena da Amazônia",4.7,"Manaus","Brazil",ChIJ0bbXjf8PbJIROhhKR133I-Q,23
aeb49ed5-22fa-47a9-8fb8-20277f386516,"Arena AufSchalke",Q150961,"","",68680d51-2713-475e-8990-f0f6802f6088,"VELTINS-Arena",4.5,"Gelsenkirchen","Germany",ChIJCVD2HArmuEcRcr_9ZP9azt8,108
3244adc9-a2bf-4ada-be32-a63aca02180f,"Arena Civica",Q1088761,"Milan","Italy",cb2c9042-69ce-481e-bde2-ec1dbdf18c12,"Arena Civica Gianni Brera",4.5,"Milan","Italy",ChIJo1Dp_UjBhkcRM-rZAZiXSyg,18
3538fc88-ad61-4bf4-a5d8-f6588ecc3819,"Arena da Baixada",Q606803,"","",bd701b31-7fcf-4aea-95d2-9bed228cbfad,"Arena da Baixada",4.7,"Curitiba","Brazil",ChIJe0cWxXbk3JQRjBS8wHplA00,52
749fb81e-418d-4ad7-aa95-7e4f0378cd05,"Arena Lviv",Q215399,"","",ea2b65b6-2d9d-4642-831b-70a8211cb185,"Arena Lviv",4.6,"Lviv","Ukraine",ChIJ70jWWsTnOkcRW4-00vyCVfE,48
5cf379a8-c69e-45d5-96fb-11606c48038c,"Argoules Communal Cemetery",Q2549487,"Argoules","France",ed619c1f-cf7b-44ba-8ec3-03e27b1e5ac2,"commonwealth war grave ww2 (argoules)",,"Argoules","France",ChIJp25msCLB3UcRFzZAwC60t2c,42
ce1156c1-795b-466f-9dc9-cb054797fc92,"Arlington Town Hall",Q133154812,"Arlington","United States",655a5a0d-264f-41c5-aadc-941486d0327a,"Robbins Memorial Town Hall",3.8,"Arlington","United States",ChIJFY1WG1B244kRDg8g-X5QvqY,4
ba51300f-805b-4dda-ad9c-52e24c2fb1dd,"Armazéns Grandella",Q679969,"Santa Maria Maior","Portugal",05c6dd17-7200-48f4-93df-c2efba969383,"Antigos Armazéns Grandella",3.5,"Lisbon","Portugal",ChIJ_bsmdBQ1GQ0R_BQSY0s6r-A,55
1dc4a3d3-b557-4f57-9c54-3e0a1e13363e,"Armenian cemetery in Hyderabad, India",Q4793252,"Hyderabad","India",7d1ad25f-f85a-4d8c-b545-dee21932db95,"Armenian cemetery",4.5,"Hyderabad","India",ChIJdUxFFv6ZyzsRXLGiPdTIHsA,20
bc9ccb36-3425-43da-8aab-69c6b86a0a9b,"Armenian Cemetery in Julfa",Q2471315,"Julfa","Azerbaijan",c5cf3fd8-c036-4e30-904f-4d87f65a4d68,"Armenian cemetary in Old Jugha",5,"Babek","Azerbaijan",ChIJi_KIygSaFkARZybUpfjwHv8,38
3eebc575-08a7-49d5-bff9-6b0723bd03b9,"Armenian Church of the Holy Nazareth",Q3585462,"Ward No. 45, Kolkata Municipal Corporation","India",1a731f2b-f7da-4b80-a9a1-17019aae3df3,"Armenian Church of Holy Nazareth",4.2,"Kolkata","India",ChIJW9yDhrp3AjoR-z9bp2JIrnc,77
eb0d09e0-e326-4f8c-8b36-5d0df50d5f1f,"Arney's Mount Friends Meetinghouse and Burial Ground",Q4794742,"Springfield Township","United States",4e57f1c8-d72a-4af3-9604-fcfa503ee55b,"Arneys Mount",,"Springfield","United States",ChIJOQuxpa9GwYkRgDURwX1_FAE,101
bacf17f9-b02e-4763-aa2f-74582066af5f,"Arnold Burying Ground",Q4794987,"Rhode Island","United States",94cabeab-4d03-4f71-aaf4-505450a0ec9d,"Arnold Cemetery",4.5,"Newport","United States",ChIJmdHgF2iv5YkRFLjz_g2Sgg4,5
3a7c06c8-5cc4-4be6-8474-5085e981c56e,"Arras Communal Cemetery",Q2689827,"Arras","France",06bbb885-583d-4026-82bf-83b41928c94b,"Cimetière d'Arras",4.2,"Saint-Sauveur-lez-Arras","France",ChIJ83ORRmlI3UcRa2JmXmkMYPQ,34
90ee4b4b-be09-45a1-a32d-d5dcc11f8af1,"Arry Communal Cemetery",Q2216665,"Arry","France",1755d249-a635-4fa6-8ab5-4e1c06f1d37f,"commonwealth war grave ww1",,"Arry","France",ChIJSdPfou3p3UcRwYO13dLCxec,31
53c6e385-7e40-4aba-9c88-b1573a25fbba,"Arskoe cemetery",Q4070070,"Waxitof City District","Russia",12582900-83a2-4c15-b4d4-cca17e4a5653,"Арча зираты",4.3,"Kazan","Russia",ChIJ2WnN0nCtXkERyDAY-SLyZ7A,73
62860e64-8289-4faf-af1d-32d6bb6042fe,"Arthur Street Cemetery",Q4800382,"Dunedin City","New Zealand",232c6e8c-fcec-4b8d-be46-f043ea6aefc6,"Arthur Street Cemetery",,"Dunedin City","New Zealand",ChIJBc_tYwqsLqgRRqkcxF9dqLg,68
c45d51c4-7b4f-4b50-9e3d-eb5967467aeb,"Artificial Mountain of Buen Retiro",Q104248079,"Madrid","Spain",1b752170-5728-432c-9c07-91dfeec5de4b,"Montaña Artificial",4.1,"Madrid","Spain",ChIJp5RzVqIoQg0R3_HIJk2_iHc,17
f7fa9684-5b1e-4cf0-900e-daa63b0ed843,"Ashmolean Museum",Q636400,"","",a90478ff-c838-4bcf-8a49-f6d033f6a37f,"Ashmolean Museum",4.7,"Oxford","United Kingdom",ChIJt6tfLaTGdkgRQ1cgXjeijOg,56
415d2b02-0851-4baa-9fb8-7ab065729789,"Asilo de Convalecientes, Madrid",Q5708305,"Almagro","Spain",5dbabc0a-d811-4409-ab4c-f33c1009ec3a,"Hijas De La Caridad",4.6,"Madrid","Spain",ChIJcdaA5PMoQg0RDk_AceaVpuQ,22
264e8047-0ffc-4276-9897-87790a376756,"Aşiyan Asri Cemetery",Q4833524,"Beşiktaş","Turkey",da806b06-eaea-4e8d-b879-8b8659ffbe6b,"Aşiyan Cemetery",4.6,"Sarıyer","Turkey",ChIJWQMFRfjJyhQRQHMAk8IwXuQ,49
930f7703-1809-4389-8a02-e754a386f384,"Askold's Grave",Q2994456,"Kyiv","Ukraine",d83f7f49-2a6d-4642-949f-afba6baa325a,"St. Nicholas Church at Askold's grave",4.7,"Kyiv","Ukraine",ChIJb0LHXaXP1EARD15s7CCqqog,15
0b077c85-4dd0-4f3a-b4c8-c52a7510aa59,"AT&T Stadium",Q838284,"","",342b61ba-697b-41d9-82b7-0f018d666201,"AT&T Stadium",4.7,"Arlington","United States",ChIJJ0eIyIZ9ToYR-J1qjOhgHm0,69
e0f1e292-48e9-4438-b813-948b7d2882b3,"Ata-Beyit",Q20622014,"Süymönkul Çokmorov","Kyrgyzstan",5291e1a3-b0fc-4f30-839d-2775ac46e428,"Ata Beyit Memorial",4.7,"Tash-Dobo","Kyrgyzstan",ChIJtemn059KmTgR57iTPlL8DgY,26
526c7afb-6745-4ca1-a896-ead4b36796dc,"Athenaeum",Q4813390,"Tennessee","United States",0ec8e5a8-611d-4685-b232-e8fc9bb62b62,"Athenaeum St",,"Columbia","United States",ChIJVy5STCByY4gRPYF7t25q8JM,70
c9aa7392-b752-424b-92ab-cf48c0a16e57,"Atlantis House",Q1589900,"Mitte","Germany",ccb7da4c-64f8-47f2-8477-7dc1e1360a8a,"Atlantis House",3.7,"Bremen","Germany",ChIJe5p6CukpsUcRH4ILY1Laqcw,38
f7560fdc-3095-44b1-b01a-aa241c56bae0,"Atocha-Cercanías",Q2842655,"Madrid","Spain",cf7e41fc-bca6-49b6-8572-1fc5cee2e72f,"Madrid-Puerta de Atocha-Almudena Grandes",4,"Madrid","Spain",ChIJF9jNRSQmQg0RWwNljcL5Rzk,117
358f21cb-319b-43b7-b352-1a9357540dda,"Au-Friedhof",Q758357,"Bad Säckingen","Germany",09da446e-04b1-41e1-9623-54f51a0841c0,"Aufriedhof Bad Säckingen",4.9,"Bad Säckingen","Germany",ChIJs7rbBD1JkEcREJfddG2ltdU,3
bea51282-6a1b-42bc-8af5-9ff074fdea79,"Aubers Ridge British Cemetery",Q658901,"Aubers","France",38392f9c-4e81-4186-85c4-f18bf02f6665,"Aubers Ridge British Cemetery",5,"Aubers","France",ChIJu9sNwu4o3UcR2c8cXo5JRE0,46
3610a10c-4a6d-4c07-b914-c9a5f25e9010,"Aubigny-au-Bac Communal Cemetery",Q2219207,"Aubigny-au-Bac","France",05bbbf5b-b9cb-410f-833b-4460b1ab8c1b,"Aubigny-au-Bac Communal Cemetery",,"Aubigny-au-Bac","France",ChIJZ42rSyu4wkcRqKzMvEAScEs,34
754b3f82-0da0-497e-aa41-64531220796d,"Auditorio de Tenerife",Q28964,"Santa Cruz de Tenerife","Spain",372287c7-36b9-40ef-81bc-ce6f35c9e80a,"Auditorio de Tenerife Adán Martín",4.5,"Santa Cruz de Tenerife","Spain",ChIJDRUkHZ7MQQwRcdFraGFLNRE,9
2670e037-d813-4d53-bc1e-1b4d36cb7c7e,"Auditorium del Parco",Q3629510,"L'Aquila","Italy",b76ffba3-2bb5-4313-8ecf-149fab512f30,"Auditorium del Parco - Renzo Piano",4.5,"L'Aquila","Italy",ChIJcTjtqcnTLxMRJW7XTazET4w,9
90a580ec-cd88-4b1e-9941-eb9b0d77209f,"Auditorium Niccolò Paganini",Q3629506,"Parma","Italy",2f4df023-4052-4c46-b43b-17c8217f0891,"Auditorium Niccolò Paganini",4.6,"Parma","Italy",ChIJB03PIcVqgEcRu77gufvtMR4,48
fedbf189-7199-44d8-9093-c5187ab925df,"Audrey Jones Beck Building",Q107317766,"Texas","United States",00199ba2-164f-400f-8f44-17d53e98a8df,"Audrey Jones Beck Building at the Museum of Fine Arts, Houston",4.8,"Houston","United States",ChIJH8RchIq_QIYRXUmjMJGSZyI,33
ceaa91f8-bdf7-4de2-aafb-183c12b6649d,"Auld Aisle Cemetery",Q4821737,"East Dunbartonshire","United Kingdom",a0879bad-cf2f-491f-9255-a98b292d9f89,"Auld Aisle Cemetery",4.5,"Glasgow","United Kingdom",ChIJWUDDP8RCiEgRyzCttftJjZ8,77
8012b8f0-31c5-4b15-ac12-58b02c09da6f,"Ausstellungsgebäude Sammlung Goetz",Q114496506,"","Germany",bb543b6b-0164-48a3-b459-f3337470c5c5,"Goetz Collection",4.6,"Munich","Germany",ChIJTwC0nwN1nkcRbV3O2tWO4Us,13
0d1debd4-e0b6-4965-b80f-a6f34aabebf9,"Austin City Hall",Q39070904,"Austin","United States",63afa807-7055-4b45-949c-13336fdd3010,"Austin City Hall",3.9,"Austin","United States",ChIJ-ZzJsgi1RIYR5BCTgDqni4M,34
06a3a680-0bab-4e74-8da1-9775e6a3584b,"Australian War Memorial",Q782783,"Canberra","Australia",4618c4d1-c590-41db-bf2c-aefb35e1851e,"Australian War Memorial",4.8,"Campbell","Australia",ChIJ7wRAy3ZNFmsR5izUOK6G70E,47
d926069b-95c0-4a2f-8cba-822eeab7578e,"Austrian Parliament Building",Q702121,"Innere Stadt","Austria",6cc63d66-7225-46be-b523-b1e21c1a4c70,"Austrian Parliament",4.6,"Vienna","Austria",ChIJWThkxJYHbUcR0DAnPsJ7GzU,56
992c03f7-e922-4fdf-9349-fcf8f971774a,"Austrian Postal Savings Bank",Q877570,"Innere Stadt","Austria",d9711227-a91a-4e76-ad07-a9c0b4edcfcf,"Österreichische Postsparkasse",4.6,"Vienna","Austria",ChIJNec-vwoHbUcR7fFCLtc83Vo,100
cee5223f-295d-4715-a3ab-ac17db33901b,"Auteuil Cemetery",Q2972508,"Paris","France",d50cce7f-b08b-4012-a47e-4425de836b49,"Auteuil Cemetery",4.6,"Paris","France",ChIJyfo4b7B65kcRnHXeb3OA4ko,56
7c97cb86-fac0-4d3d-a4e2-b69057588873,"Auto Posto Clube dos 500",Q122751246,"Guaratinguetá","Brazil",b19d3ada-66db-4777-9b06-aa7e33404386,"Eletroposto Posto GRAAL 500",4.1,"Guaratinguetá","Brazil",ChIJRSQZ0o3FzJQR5oiYbRFKeuM,138
c3892068-2969-4c90-abf3-b8d50a23b183,"Avelin cemetery",Q1879063,"Avelin","France",5b5e49c9-900a-42bb-a2ee-1071abdc5eca,"Cimetière d'Avelin",,"Avelin","France",ChIJJymHDebTwkcRbJHE3rLaNdo,36
a070151d-1de9-4faf-bd96-51a0a40c71ef,"Aviva Stadium",Q244402,"","",bacedf6a-5c2a-4ba7-8c48-12248e3ae82a,"Aviva Stadium",4.6,"Dublin 4","Ireland",ChIJ-YrraMIOZ0gRaCYDco6ZfuM,41
4dc2916f-3d3d-4594-aa7e-fb07dc366ded,"Awaji Yumebutai",Q2960179,"Kobe","Japan",39a944d0-fb92-407a-8e99-75f971301a61,"Awaji Yumebutai",4.1,"Awaji","Japan",ChIJw8zUBFKdAGARyKzXji-dXII,80
eb440c41-3fd6-487b-a45c-8402f6622d6f,"Azabudai Hills Mori JP Tower",Q109703244,"Tokyo","Japan",115523a7-1ebb-4f79-99ee-e2e44201660c,"Sky Lobby",3.8,"Tokyo","Japan",ChIJ0bV6TSiLGGARyYzP8x8btPs,33
a0b23fe0-92ef-47f2-ad89-cc60e64e3fcb,"Azerbaijan State Academic Opera and Ballet Theater",Q48623,"Baku","Azerbaijan",5e34d967-8fbc-415d-849f-d5378da0cfac,"Azərbaycan Dövlət Akademik Opera və Balet Teatrı",4.6,"Baku","Azerbaijan",ChIJi9ogEa99MEARoU69ZeVatck,13
468b6c4a-9bc7-4309-8d33-523fcaacd543,"B'nai Israel Synagogue and Montefiore Cemetery",Q4833617,"Grand Forks","United States",3b063cb1-3fda-4d90-b6c5-d348c42a529d,"B'nai Israel Synagogue",4.8,"Grand Forks","United States",ChIJ8VWnH8WGxlIRxOcjBNy8DnY,3
2c371870-c5a1-4a92-99a9-fb98e4062bc0,"Bab al-Saghir Cemetery",Q96372940,"Damascus","Syria",638be79f-e40b-4b0e-af54-2dd8fc947ac9,"Bab el Saghir Cemetery",4.7,"Damascus","Syria",ChIJZwg7rNXgGBURh7N0qoa-RwI,51
309cd56e-3c1d-4777-aeea-2ba7ccab9b32,"Back Creek Presbyterian Church and Cemetery",Q4839084,"North Carolina","United States",415242b1-3e10-45c1-a758-a9e98c272439,"Back Creek Presbyterian Church (PCA)",4.9,"Mt Ulla","United States",ChIJ-VPcHOX7U4gRfe_kckxrzGQ,17
fa365287-1962-4902-9a2a-282efffd6729,"Bäckerbichl",Q28732829,"Andechs","Germany",f5636283-d964-4ed9-9bf3-40350810005e,"Naturdenkmal Bäckerbichl",4.5,"Andechs","Germany",ChIJMYmEhZTNnUcRp5LFGcesRzc,43
566625d3-866e-499c-854d-796d2eb2adc0,"Bagsværd Church",Q800141,"Gladsaxe Municipality","Denmark",d3d7ba44-320c-4cbc-8fa3-d13e316c7336,"Bagsværd Church",4.4,"Bagsværd","Denmark",ChIJ6dT8OdBPUkYRpp_EIasCKxc,52
e117992d-a685-46f1-a775-4049591b85d1,"Bailly Cemetery",Q4848474,"Indiana","United States",5ceeb494-139d-49c5-a8f6-db43eeccaafb,"Indiana Dunes National Park Bailly Cemetery",4.8,"Porter","United States",ChIJf6V7PZC8EYgRNr_bj2SJseI,97
bd368afa-4458-4600-ae12-9fecade950d5,"Bains-douches Castagnary",Q108783845,"Paris","France",13fcc985-e6fc-48fb-8d4e-1bcd499ae00f,"Bains-Douches",4,"Paris","France",ChIJd2QgHABx5kcRlUgKH1nYqtU,8
83934a84-9270-4746-8a2e-ca6080cc2147,"Baitul Mukarram National Mosque",Q804009,"Dhaka","Bangladesh",6fc76b7b-b89f-4c1c-8226-a68249af5d33,"Baitul Mukarram National Mosque",4.7,"Dhaka","Bangladesh",ChIJK7_T1ve4VTcRat-OkxrPYVw,60
0bf96f34-ed8e-4a89-961d-a98bb61ba178,"Bajus Churchyard",Q4280809,"Bajus","France",8b299d14-b66c-46c3-9f85-b20140df41ba,"commonwealth war grave ww1 (bajus)",,"Bajus","France",ChIJt-LqNgAR3UcR2A8ClK9gLJk,5
1c065f5f-d08a-4289-95df-71f63e0b6f84,"Balham tube station",Q579345,"London Borough of Wandsworth","United Kingdom",553817cc-8a6c-4459-8764-d7b72de3ae79,"Balham",4.1,"London","United Kingdom",ChIJLXc3ZcUFdkgRFBBY0UTkQcw,8
ef6e7808-a728-4f9a-8d06-1e5a1bd835f9,"Banchory Ternan East Church",Q4854062,"Banchory","United Kingdom",58bd77e1-d14b-4da5-8360-bbf9d6624b9f,"Banchory Ternan East Church",4.3,"Banchory","United Kingdom",ChIJWdkAz5UkhEgR7_8__xI0wYg,76
8f057ea9-7b23-4bb7-a532-fe6df5e57043,"Bancourt British Cemetery",Q2104852,"Bancourt","France",791e73a7-3ca5-4e50-aa03-2bd1381ba46f,"Bancourt British Cemetery",4.8,"Bancourt","France",ChIJTf45QapT3UcRcLnPFtpDVDc,85
47a2f392-bd56-4399-a360-98756927cb5c,"Bank Al Maghrib Building",Q92067896,"Rabat","Morocco",6586567a-b8a4-453d-9a27-f33c6816a64e,"Bank of Morocco",4.4,"Rabat","Morocco",ChIJ61uS-ndspw0ReWqrbwuz_Ic,63
63dd1907-716b-4ce3-aadf-55800168c103,"Bank of America Plaza",Q806671,"California","United States",a7d0eb7b-9585-4767-9ed4-8ff7f88a0f7c,"Bank of America Financial Center",3.4,"Los Angeles","United States",ChIJvTeDLU3GwoAR5JZYnapXBg8,19
5e877d64-248c-49ab-a481-edf9d111ead5,"Bank of America Tower",Q328505,"New York City","United States",ee012448-79e3-4d5f-8d8b-56b66ed2ff6f,"Bank of America Tower",,"New York","United States",ChIJ8zHZtKpZwokRLJ0995gwmqs,93
a7f15ddb-19fc-413d-9117-48a257d22d8a,"Bank of Spain headquarters",Q4889526,"Cortes","Spain",f3c92a78-9b1a-44a7-b507-e0eae4e500eb,"Bank of Spain",4.2,"Madrid","Spain",ChIJY4JgvYQoQg0Ryx9-eVvXPXo,65
6eb4f284-5170-4dea-8d47-f5a7c464a2b7,"Bankinter building",Q29016759,"Madrid","Spain",4c13a6d6-9be3-4a80-9804-ec8a64ba1785,"Bankinter, S.A. (domicilio social)",1.8,"Madrid","Spain",ChIJzVO_pZMoQg0R2B1hlinMwG0,44
d12b58d7-4ff6-4c66-bbf6-399a2efe15c0,"Banski Dvor",Q2883493,"Banja Luka","Serbia",2e4db794-b515-4924-a585-4a17a2bfc793,"Бански двор / Banski Dvor",4.7,"Banja Luka","Bosnia and Herzegovina",ChIJq-3HrRsDXkcRg6DzYlfiTlk,64
504ed312-a640-4fa7-8dc0-25b3187bed60,"Baptistry San Giovanni",Q1278477,"Pisa","Italy",e807f752-f4af-4a36-913a-e0293ae1789d,"Battistero di San Giovanni",4.6,"Pisa","Italy",ChIJnSCTwgmR1RIR0PAlUy8cLUk,9
b75f7cc3-84bb-4a22-9f60-f09efd88671e,"Baranovskoe Central Cemetery",Q4504185,"Khostinsky City District","Russia",1d5069a5-3806-4a6e-9d41-c7f2b749eb2c,"Baranovskoye Kladbishche",3.7,"Bolshoy Sochi","Russia",ChIJ8cT-9-zM9UARDFwBJStI6iU,136
7f6e105c-25b7-4319-9472-c2b2f1b493bd,"Barbadoes Street Cemetery",Q4858585,"Christchurch City","New Zealand",7465a054-b5b6-4c0a-821a-b43f161239bc,"Barbadoes Street Cemetery",4.4,"Christchurch","New Zealand",ChIJhfzF5ZeLMW0RqXiugUzrHIU,127
a299f49f-b176-4f7e-82c7-dbff20fd58b2,"Barclay-Vesey Building",Q1983213,"New York","United States",cf8a9bb7-81aa-49f0-a088-6c1ba1099396,"One World Observatory",4.7,"New York","United States",ChIJTWE_0BtawokRVJNGH5RS448,88
93870f4a-9c88-42a3-9425-2ee6426d42e6,"Bargello National Museum",Q388448,"","",db6f86d5-41ba-40b9-b5fb-061e601f1dc4,"Museo Nazionale del Bargello",4.7,"Florence","Italy",ChIJeSvB0gZUKhMR7CVehDqbPCE,0
b9ff32ac-72a8-4179-825b-d6929a83ee62,"Barnes Cemetery",Q4861515,"London Borough of Richmond upon Thames","United Kingdom",3724013f-f4ed-4220-a232-5b6d2c37bf91,"Barnes Cemetery",4.6,"London","United Kingdom",ChIJY53akP8OdkgRt9d1o-jnEmY,44
82d6cfbc-8ef0-428d-bcb1-a12175ec7466,"Barnweill Church",Q4862019,"South Ayrshire","United Kingdom",3acfa568-6d98-46cc-a112-824401e909ae,"Barnweill Church “Kirk in the Wood”",,"Kilmarnock","United Kingdom",ChIJc00vEQDTiUgRm4DKXIaHhNQ,4
59864445-4af8-4d80-a769-27fc7ffaf1d3,"Barolo Palace",Q571763,"Buenos Aires","Argentina",0e54836d-716d-4b58-8ed7-d291117a3c14,"Palacio Barolo",4.6,"Buenos Aires","Argentina",ChIJW3Va2NrKvJUROiaH5K0ualk,4
7d0c27d2-12ec-4d2e-8c53-7125a3dd128b,"Basilica and Expiatory Church of the Holy Family",Q48435,"Sagrada Família","Spain",cc0bce5f-dbb1-4298-88aa-e15d1839066f,"Boulangerie - BO&MIE Barcelona",4.5,"Barcelona","Spain",ChIJv2VO4BejpBIRAQlB0jVWCBk,89
84873bf8-3ab4-4071-9d3c-a3c5c3de4866,"Basílica Catedral Nuestra Señora de la Altagracia",Q4868422,"Higüey","Dominican Republic",98c5df3d-6468-4cc7-a7e4-79f7fb17c946,"Basilica Nuestra Señora De La Altagracia",4.7,"Higuey","Dominican Republic",ChIJhcZoP1-3qI4Ro1wzq7LJidY,62
e2079259-380c-4a95-b3f4-e8f1f10686dd,"Basilica di Santa Maria Maggiore",Q186282,"Rome","Italy",334d690b-d7d9-4ddb-9c2a-911b398225db,"Papal Basilica of Saint Mary Major",4.8,"Rome","Italy",ChIJ1zB926RhLxMRejWMj_tUs_c,25
d8259e6f-83a4-4e87-92c0-2783ccf5cc0a,"Basilica in Eger",Q735805,"Eger","Hungary",d381e89d-fabb-4220-bf76-2af8933668be,"Cathedral Basilica of St. John the Apostle, Eger",4.8,"Eger","Hungary",ChIJ06-tHXaNQEcR5PSRf4pSQbk,57
463f4cf5-21db-49f3-926f-0938e2d9d3aa,"Basilica of Candelaria",Q34485,"Candelaria","Spain",8da932a6-8c2b-432b-a525-7f31b4bd51fc,"Basilica of Our Lady of Candelaria",4.7,"Candelaria","Spain",ChIJT7F795UtQAwRxLKFDKbYhQo,40
bb464e02-c7a8-46f1-86c5-b9097a374e1b,"Basilica of Jesus de Medinaceli",Q4867355,"Madrid","Spain",f3786ce2-872e-4b54-b545-c035258d8d9e,"Basílica de Jesús de Medinaceli",4.7,"Madrid","Spain",ChIJ_Xz5Y4IoQg0RYtvJX7LFuSE,34
4636a8da-8c8e-4b4f-a5cf-b7d21af5ce73,"Basilica of Our Lady of Peace of Yamoussoukro",Q815584,"","",29ee6c62-4e08-4c76-bf68-0f5aa89d5080,"The Basilica of Our Lady of Peace of Yamoussoukro",4.6,"Yamoussoukro","Ivory Coast",ChIJ_evjyU2RuA8R2kJAYYqHLQE,60
a16bc568-e41b-45ed-b26e-77f859508add,"Basilica of Saint-Denis",Q184407,"Saint-Denis","France",c4a36d0e-f84c-4017-80b2-329d45f4a8b6,"Basilique Cathédrale Saint-Denis",4.6,"Saint-Denis","France",ChIJvRj8ErNu5kcRfOX_xli-__I,69
0ec676ff-322e-421f-baa9-53a471bc7fa9,"Basilica of Sainte-Anne-de-Beaupré",Q810148,"Sainte-Anne-de-Beaupré","Canada",73a96950-64e3-4ac2-9d22-099661d627f7,"Sanctuaire Sainte-Anne-de-Beaupré",4.8,"Sainte-Anne-de-Beaupré","Canada",ChIJS6aqefTJuEwR5IJOaMUpebs,24
58ded7bb-e939-4f5e-8c4c-405c9526c27e,"Basilica of San Francesco d'Assisi",Q207486,"Assisi","Italy",9a593761-59dc-4fee-868a-ac9582442d81,"Papal Basilica and Sacred Convent of Saint Francis in Assisi",4.9,"Assisi","Italy",ChIJ5cO0QEedLhMR2DfH3U4y3kc,48
459ca0ce-47b8-4675-ab64-e246bf9ae9df,"Basilica of Sant'Eustorgio",Q672082,"Milan","Italy",5a39b629-028a-4224-b676-875dd44eea0a,"sweetburger - Navigli",4.6,"Milan","Italy",ChIJV1gugFfFhkcRfCJy-unkxNo,121
10bc1109-083a-42ff-b63f-3325f5e0da31,"Basilica of Santa Croce",Q51177,"Florence","Italy",4c564391-1a04-4ac3-a24e-d365f94f2d04,"Basilica of Santa Croce in Florence",4.8,"Florence","Italy",ChIJMcPMIwdUKhMRVRITnGR5go8,54
37c31a1e-8e7d-46fa-93ef-fae730612a61,"Basilica of Santa Maria Novella",Q51175,"Florence","Italy",314044c7-9981-40d4-9512-a2a07faf5db5,"Basilica of Santa Maria Novella",4.7,"Florence","Italy",ChIJYZMhdalWKhMRsm6GSXl05YU,37
5b650df4-9106-437c-bfa1-4b5f654b2ec3,"Basilica of St. Pius X",Q810101,"Lourdes","France",f2349fb1-feed-4510-afc8-cf27bf1f96dd,"Basilica of St. Pius X",4.8,"Lourdes","France",ChIJm7WcgSDUVw0RybYogtPHwjI,104
fa93469b-6847-4b02-a5ca-70671b8a8a6c,"Basilica of St. Vincent de Paul",Q16746780,"Madrid","Spain",f954c308-1af0-45f9-b930-3a1281f25603,"Galería Gaudí",4.4,"Madrid","Spain",ChIJST-aZ_IoQg0RZtl2t3zcAro,93
a4f036c4-d7f5-47c5-b893-3116f6cf252f,"Basilica of St. Vitus, Mönchengladbach",Q896842,"Mönchengladbach","Germany",87c08080-aa99-4d50-aeec-c8684f11e397,"Mönchengladbach Münster St. Vitus",4.6,"M. Gladbach","Germany",ChIJ4Sj1NZ-suEcR5hcpEDbGHyE,15
0adb8624-7afe-40bc-af84-4f52d1c3392d,"Basilica of Superga",Q1145261,"Turin","Italy",2c42c456-db15-479d-8ab1-d9a2cf90e823,"Basilica of Superga",4.7,"Turin","Italy",ChIJ-5Pcj6JziEcRvtPSb0kB6-M,40
8bbed6aa-63cc-42dc-b36d-9f4b26018002,"Basilica Palladiana",Q284719,"Vicenza","Italy",1dab6c36-5861-4819-b3e5-7020875f1350,"Palladian Basilica",4.7,"Vicenza","Italy",ChIJYz7_9n0xf0cR1T_Cqs9jPsY,37
c9088782-57ff-4081-aaba-52990ef01945,"Basilika of St. Ludmila",Q632057,"Prague 2","Czech Republic",b276faad-aa80-43a9-9218-de49dc60b81a,"Bazilika sv. Ludmily",4.8,"Vinohrady","Czech Republic",ChIJAyNP5o6UC0cRH2h_j6e-d9c,49
d4c1b0e9-2357-43e7-aa18-c4a5fb0a0c3a,"Batalha Monastery",Q174779,"Batalha","Portugal",ae7ddde5-4413-44c0-9bd4-b12f1eb3109c,"Batalha Monastery",4.7,"Batalha","Portugal",ChIJubepyEV1Ig0R6R09p38NEVY,63
a95af97d-313d-463c-9fab-c75b5fd97f85,"Bath National Cemetery",Q4868933,"Bath","United States",8c2ac035-1362-415f-a43f-31e064738995,"Bath National Cemetery",4.9,"Bath","United States",ChIJYypXD6Ov0YkR21ukAPQFq_s,68
53719090-9436-49a6-b4a9-2c5a5d03cdbf,"Batignolles Cemetery",Q2655037,"Paris","France",65a18c06-b5a1-4ad9-a278-40338211139e,"Cimetière des Batignolles",4,"Paris","France",ChIJB1aemwdv5kcRITZYWRdwGTU,33
18c2b3e3-3787-42fc-9a0b-733e67540ec2,"Baumgartner Friedhof",Q811564,"Penzing","Austria",142cd22f-a6a9-4015-891b-013e4424b0d9,"Friedhof Baumgarten",4.5,"Vienna","Austria",ChIJf7-AE4qnbUcRLNcBkeOlti4,73
1f6b16a1-0b80-4f98-8bd9-9031e8560f94,"Bavelincourt Communal Cemetery",Q2229644,"Bavelincourt","France",276561ee-1c9f-437d-8ce7-3da33bc55956,"Bavelincourt Cimetière communal",3,"Bavelincourt","France",ChIJ__ZpJfmJ50cRfmDqnsVbVNs,12
f360443f-2bac-4d4c-b821-491fc7291eb6,"Bavinchove churchyard",Q2003271,"Bavinchove","France",19050fab-4d1f-4cc3-99e7-0de6a66a8d4f,"Église Saint-Omer de Bavinchove",4.2,"Bavinchove","France",ChIJgQW_KUrl3EcRt_XVbxUyvGE,66
89156c73-eb7d-4264-a995-5ffa84ac4d40,"Bayenghem-lès-Seninghem churchyard",Q2034903,"Bayenghem-lès-Seninghem","France",29a4fc98-2a2f-43d3-b756-92598c8db0ab,"Église catholique Saint-Martin à Bayenghem-lès-Seninghem et son Cimetière",,"Bayenghem-lès-Seninghem","France",ChIJccPrUOFT3EcRcAIzaHjJP5I,10
faaa8ff6-751d-44ae-b5c5-cfb4037f309c,"Bayside Acacia Cemetery, Queens",Q4874823,"New York","United States",bef77400-1b54-413c-ab33-eda8b7cb16a6,"Bayside Cemetery",4.3,"Ozone Park","United States",ChIJu_owzZJdwokRibmugaxgfUA,131
e0767b12-5e36-4776-927e-ddfe5f276c1c,"Bazinghen Churchyard",Q1989707,"Bazinghen","France",b8cc1c6f-1d0f-4efa-a8e1-799c1e794136,"Cimetière de Bazinghen",4.5,"Bazinghen","France",ChIJnbDRpPEv3EcRwIR-mS3KHew,21
caab81f7-d460-4093-8fe6-7316c9f85e65,"Beechwood Cemetery",Q4879684,"Durham","United States",c6e1d827-cd56-4b58-8caf-db873327bc34,"Beechwood Cemetery",2.8,"Durham","United States",ChIJRfkIps7lrIkRHwePNVlYvdE,49
62a2d638-5264-486d-93c5-e1c41a10d902,"Begraafplaats Buitenveldert",Q1909508,"Amsterdam","Netherlands",ca51c4cc-c592-4ec2-9fc7-f4aaaecbaefc,"Roman-Catholic Cemetery Buitenveldert",4.2,"Amsterdam","Netherlands",ChIJ4x0Rx_3hxUcRzq68vUNzqbA,20
07f01920-d193-4f97-9e3a-74ab8dd4bbdd,"Begraafplaats Groenesteeg",Q2031209,"Leiden","Netherlands",58414d75-04cc-4ccc-bbc6-b12a1fcf773b,"Cemetery Groenesteeg",4.8,"Leiden","Netherlands",ChIJ5TG-ZoXGxUcRS7Temn6i7JU,13
43e6fbeb-a80e-452d-8041-04a5c9d09a49,"Begraafplaats Oostergaarde",Q2259861,"Harderwijk","Netherlands",d53a6943-977e-4e3d-8f97-f9084c0a8908,"Harderwijk General Cemetery",4.9,"Harderwijk","Netherlands",ChIJOeXk5skzxkcRwBclbjrGI1Y,23
dd828763-1fc3-434c-9347-ef6947c498fe,"Begraafplaats Sint Barbara Amsterdam",Q2313026,"Amsterdam","Netherlands",5913fa1b-97bc-493d-bc0d-3a0b7bc5954c,"St Barbara Cemetery",4.5,"Amsterdam","Netherlands",ChIJ4bfOFIfixUcReVJySvWfAn0,81
7f7f3a7a-ed6c-40ee-8590-3214e50af899,"Beijing National Stadium",Q133525,"Aoyuncun Subdistrict","China",363b62ab-3b20-48ec-b4f7-7ae25b404a5a,"National Stadium",4.5,"Chaoyang","China",ChIJh4wAB8RU8DURtofj9dfJNe4,26
eff071b6-efa4-4813-8d0d-909ffa46f47d,"Belgian Military Cemetery Keiem",Q1982052,"Diksmuide","Belgium",ab28708a-330a-478c-8959-ab0adc805308,"Belgian Military Cemetery Keiem",4.4,"Diksmuide","Belgium",ChIJxdOv8Ouw3EcRdPzgOUdO1d8,66
a785776d-c872-4efe-84df-5fd5fa58a4a7,"Bell's Hill Burial Ground",Q4883064,"London Borough of Barnet","United Kingdom",e809c490-6d9b-4dc6-a20b-13f4818a587b,"Bells Hill Burial Ground",3.3,"Barnet","United Kingdom",ChIJ8ebZ96IXdkgRWx1fz8Xv01M,70
ba68754f-772d-41a0-a557-3df83fba14b0,"Belleville Cemetery",Q4883852,"Belleville","Canada",dc298ae2-db9b-49c3-b34d-60ca670a85bb,"Belleville Cemetery",2.9,"Belleville","Canada",ChIJv80a79s61okR9I7Sl_sejRQ,89
29d0037b-40d7-43eb-a37b-e87a54dc01ec,"Bellevue Palace",Q317091,"Bezirk Mitte","Germany",a6d44280-ff64-4414-8bfc-10e62804b754,"Bellevue Palace",4.5,"Berlin","Germany",ChIJl9MERa9RqEcRqVkCruJWnf4,61
9483d2a7-b39f-4696-9069-a06bcfc787f3,"Belvedere",Q211818,"Landstraße","Austria",4573ca36-d135-4c03-a131-5de2d58482e2,"Belvedere-Schlossgarten",4.7,"Vienna","Austria",ChIJTYmneHwHbUcRc0Ywx0ttB5c,98
e38b7c0b-67bc-44ee-aa92-8cc5e01d4695,"Belvedere on the Pfingstberg",Q454078,"Nördliche Vorstädte","Germany",a0d8313c-d08a-4122-b457-092166896758,"Belvedere Castle on the Pfingstberg",4.6,"Potsdam","Germany",ChIJD_0aS2P2qEcR925VvVXI0rI,28
21bdb06d-2e57-43c9-a4c7-b68173a8369f,"Belview",Q113841280,"City of Brussels","Belgium",6b0f3dc4-c90c-4533-96ea-8f29a2d96a70,"Residentie Belview",,"Brussels","Belgium",ChIJawMiDbbFw0cROYVtWs51_pI,5
b0d3d819-2a86-4bdf-bcaa-af1680fc8ca6,"Belweder",Q645474,"Śródmieście","Poland",aa29497c-20f9-4359-b476-4803039bfd2c,"Belweder Palace",4.6,"Warsaw","Poland",ChIJnQiEEeDMHkcRoWef23m4iVo,18
4993cd6f-a8c7-4da8-9efc-1d1ac1602e72,"Beneckeallee 32",Q101576170,"Nord","Germany",c838658d-c279-4632-b9fe-9144693643d5,"Beneckeallee 32",,"Hannover","Germany",ChIJzShElKdzsEcRVgVKoZkChz8,49
7377d1e2-2e34-4606-99f2-6d219ea77e66,"Benesse House",Q11337013,"Naoshima","Japan",6caa2c65-ea13-46ca-879e-ea80d6b88852,"Benesse House Museum",4.3,"Naoshima","Japan",ChIJu-H0aC_uUzURhcnP5-wFTPA,25
e859cbfd-c6b1-4961-bbbc-e1cd54776f91,"Beni Hasan",Q817286,"Minya Governorate","Egypt",b1e2e952-00c7-4fe5-9eba-ca99ab2e9703,"Tombs Of Beni Hassan",4.4,"Abu Qirqas","Egypt",ChIJPxenfhAqWxQRFkPueGgadXM,42
28899552-60c8-4640-8b9d-4f70a7d45d63,"Bennington Street Burying Ground",Q4889885,"Boston","United States",30a6b535-8cd3-4b21-9dc9-20946b853588,"Bennington Street Cemetery",,"Boston","United States",ChIJA6SOZTRw44kR9Ip-LNSf6Nk,21
a8343de1-ac20-497c-ae0e-bc554c2b27f8,"Benrath Palace",Q455965,"Benrath","Germany",a6d67b90-ffa7-428e-a9c8-3777d50c4e11,"Schloss Benrath",4.5,"Düsseldorf","Germany",ChIJrX1U1MbMuEcRBukfHgDzuGo,2
d3443803-9d85-44b7-8308-7ecff2016de1,"Bergen Crest Mausoleum",Q4891512,"New Jersey","United States",b9c2adb2-ddae-411a-bd8a-dce13057aba2,"Bergen Crest Mausoleum",3.1,"North Bergen","United States",ChIJ7bWw7CBYwokRWSZQX3GyS1w,46
4b8c2848-a842-43cf-917e-0349839655c7,"Berlin Humboldthain station",Q481276,"Bezirk Mitte","Germany",d59836cc-7706-4f2d-88e1-d5777942bacb,"Humboldthain",3.9,"Berlin","Germany",ChIJy_RJ7YlRqEcR0bSEggDMNoc,125
db1d7f8e-bdf7-48f9-ae56-0fe123bc59ed,"Berlin Mosque",Q238528,"Charlottenburg-Wilmersdorf","Germany",53742d53-5c72-4230-bb9d-d28c631076e6,"Berliner Moschee",4.3,"Berlin","Germany",ChIJq06fMpxOqEcR5wma_sKeSjU,12
c14ba646-f0f5-49d3-a2f4-f7a4b48bec16,"Berlin Nordbahnhof",Q673721,"Bezirk Mitte","Germany",ddffcab4-67c9-4833-b9ba-a2285e4553b4,"Nordbahnhof",4,"Berlin","Germany",ChIJ4RFlz-1RqEcRxZTMepWOFiY,102
ce054fb1-bce3-462c-b982-bb8af9b73da0,"Berlin-Tegel Russian Orthodox Cemetery",Q320354,"Reinickendorf","Germany",00df41a4-ec9c-4406-ab22-035d456b6184,"Russisch-Orthodoxer Friedhof",4.9,"Berlin","Germany",ChIJlfw9OnNUqEcRPQEs_2tX_aA,6
57da0b0f-d56c-47f4-afd5-42decd3ff513,"Bertenacre Military Cemetery",Q3492254,"Flêtre","France",af400cd5-23e9-4509-a044-4cddc5c5fa0b,"Bertenacre Military Cemetery, Fletre",4.7,"Godewaersvelde","France",ChIJU6hwUofn3EcRvgSjyHs0O_w,34
b0b7214f-cc8a-486e-8ac0-35771e3d0319,"Bertry Communal Cemetery",Q5176742,"Bertry","France",e4574a5a-aa00-47d6-ad69-c72878cc13cc,"Bertry Communal Cemetery",,"Bertry","France",ChIJZ9MY07WbwkcRYBAy2zapMEQ,44
9dad4254-7a4b-45a5-8b0c-19145bf20ff8,"Berwald Hall",Q829222,"Stockholm","Sweden",d290ed09-bdb8-4739-8a14-845eb1936d3e,"SR Berwaldhallen",4.6,"Stockholm","Sweden",ChIJxcUCkVKdX0YR0WivhcfltUc,39
8fd8f63e-11c7-4f96-8314-29c44beab459,"Besançon Cathedral",Q1586486,"Besançon","France",1bfddc6c-d37a-407d-bf0f-14fa260f2085,"Cathédrale Saint-Jean de Besançon",4.5,"Besançon","France",ChIJLV8oSjhjjUcRw5PdOm8oQgU,21
e9a91553-b144-4d13-ab03-ee9a0eacb9f9,"Bethencourt Communal Cemetery",Q2232864,"Béthencourt","France",979a0d58-1376-46dd-9c3e-87a5927eaa0a,"Bethencourt Communal Cemetery",4.7,"Béthencourt","France",ChIJB--GjK6QwkcReMJBUn8XrVo,44
a1ab995f-6953-4324-a030-d507d0039770,"Beverly National Cemetery",Q4899599,"Edgewater Park Township","United States",21d2ea7b-3fdd-400f-8735-2eb53753a91b,"Beverly National Cemetery",4.6,"Beverly","United States",ChIJO-i5b3xMwYkR5jKUYoYFEGQ,95
fd2abb3d-c889-407b-a04b-d4f5e69b7383,"Beyeler Foundation",Q673833,"Riehen","Switzerland",9a98994e-b112-4bf6-95b9-25b0d34810e9,"Fondation Beyeler",4.6,"Riehen","Switzerland",ChIJeyh510y3kUcRNcIw-oiGjn4,12
3e5e7710-b859-4fef-9c1d-bec98607cc1d,"Biblioteca Joaquín Leguina building",Q29917723,"Madrid","Spain",67eeba4b-5408-403d-b068-094aa2dac907,"Biblioteca Regional Joaquín Leguina",3.4,"Madrid","Spain",ChIJT8iFSzomQg0RIDRO9J3JZCU,70
6f71a293-2835-4401-9301-e72b0d57bc68,"Biblioteca Municipal de Viana do Castelo",Q17318051,"Viana do Castelo","Portugal",eccf19bb-0887-400d-baf6-d284e479816d,"Municipal Library of Viana do Castelo",4.7,"Viana do Castelo","Portugal",ChIJuT2rty-2JQ0RKoEkxNTaCrI,2
0ab6c8d7-46a6-48e5-867a-46b47a62cf6f,"Bidezabal",Q3497389,"Getxo","Spain",54383717-2c48-4ee1-93c8-865ceacc03a0,"Bidezabal",4.1,"Getxo","Spain",ChIJ4QPoueRbTg0RA9RHV5WxCE0,71
7791af80-79ea-4cb5-a09b-fdc1f221e829,"Bihucourt Communal Cemetery",Q2108561,"Bihucourt","France",bcae228a-8174-4517-b458-ff36d21b4968,"cimetière de Bihucourt",,"Bihucourt","France",ChIJVToQDUlQ3UcRCHdev2FK7qc,10
d5a59ebe-4c6a-48c6-a0f7-47cc7ffc5f6b,"Bilbao British Cemetery",Q4907602,"Bilbao","Spain",676751b3-29ab-484b-a080-05c5be05de97,"British Cemetery",4.1,"Loiu","Spain",ChIJLcBjbGdFTg0RxDbakN4j7Nc,70
98978588-0220-45d8-affe-50cac5602a51,"Billy-Berclau Communal Cemetery",Q2545185,"Billy-Berclau","France",7e6940b3-3298-4d0c-9d02-7c639f3a6dc8,"Begraafplaats van Berclau",,"Billy-Berclau","France",ChIJp9eHWPUu3UcRip816CUxczs,81
e261f927-1da9-4427-89e2-46e2bea6f2b3,"Binnenstad Cemetery",Q2228095,"Tilburg","Netherlands",7e93fab1-4502-4cb3-8e4e-9695a40bc26f,"Begraafplaats 't Heike",4.6,"Tilburg","Netherlands",ChIJSdWCfze-xkcRZ6l6YQTxMZ4,84
e3e0179e-a468-435b-a833-041fb6d1a575,"Binoculars Building",Q194004,"Venice","United States",fe1182c5-3451-4481-98ab-2c0687d86728,"Public Art ""Giant Binoculars""",4.5,"Venice","United States",ChIJL_vPIs-6woARl5y0sWJMLSQ,15
e3076657-eab5-4526-873a-7cbfc6001ea9,"Birmingham Central Library",Q3640335,"Birmingham","United Kingdom",f6cba990-70b6-4640-afed-249c6529d616,"Birmingham Central Library",,"Birmingham","United Kingdom",ChIJxyhcH4y8cEgRsWnjW2i_5H0,86
1c7d6da5-d567-4919-b32e-7e1f1edfea35,"Biscay Foral Delegation Palace",Q3750779,"Bilbao","Spain",bede4916-a67b-4e3b-8d4d-423d690217ab,"Bizkaiko Foru Aldundiaren jauregia",4.4,"Bilbao","Spain",ChIJsUuVsNBPTg0RMSX8EgVmiq8,24
4178374d-b46f-47c7-829c-79243ba74000,"Blackwood-Harwood Plantations Cemetery",Q4923624,"Leon County","United States",81fbabe1-1e83-405b-b27a-8d1d28a9572a,"Blackwood-Harwood Plantation Cemetery",3.8,"Tallahassee","United States",ChIJQYIaOwb07IgRlApjxNdXljE,57
1187aefc-04ba-47bc-957f-ca03bc694454,"BMW Central Building",Q4836031,"Leipzig","Germany",fff93e01-a57c-4275-b862-663fed984dbc,"BMW Central Building",4.5,"Leipzig","Germany",ChIJe7VIQQZXpkcR7q-T1KZ6Yt4,43
8063ee70-1515-4506-bdce-b0ba79766b6d,"BMW Welt",Q699614,"Milbertshofen-Am Hart","Germany",335b9ec2-2d04-4c24-a3db-143b83cdf3aa,"BMW Welt",4.7,"Munich","Germany",ChIJ0VcAin12nkcReOfzPsk8NaU,50
1ea243f6-2d3a-424d-9c54-2c362366ac3e,"Bode Museum",Q157825,"Bezirk Mitte","Germany",ed5b98b1-bb2c-4601-92d5-300047021d19,"Bode-Museum",4.5,"Berlin","Germany",ChIJM28dat1RqEcRTsl_gN7v4jk,36
e400bc34-c2e1-406f-b408-189212d8ff1f,"Boëseghem churchyard",Q3917309,"Boëseghem","France",91fa2c8b-0a05-48af-af37-9c5f9104cd0f,"Kerkhof van Boezegem",,"Boëseghem","France",ChIJk-wEdK_i3EcRzpbLBaFb2kg,10
0b92b019-54ce-4c4b-b88e-8b9e37911cc9,"Boffles churchyard",Q2310594,"Boffles","France",61e390f2-8ce2-427d-a091-9811cdd35159,"Boffles",,"Boffles","France",ChIJ15F4PAOe3UcRwV6-o39tUjc,46
f5ec2382-b379-4586-bca6-e5a8002ab5fe,"Bogenhausener Friedhof",Q890502,"Bogenhausen","Germany",af54e808-27c2-407c-8418-27d773b6d952,"Friedhof Bogenhausen",5,"Munich","Germany",ChIJ9fWLdPV1nkcRcn070wEO7S4,26
66ce5b18-dcc9-4102-b7a3-282d28c52622,"Bohemian National Cemetery",Q4938109,"Baltimore","United States",7d07cd0d-10d5-4fdd-af99-2461f471523c,"Bohemian Cemetery",,"Baltimore","United States",ChIJq6qqliYEyIkRcU1tyEh1R2Y,13
3e8d57f0-e6ad-4570-860f-58eb5087dd4e,"Böhmischer Gottesacker",Q1019769,"Neukölln","Germany",14aa0fe9-158f-4ad8-8ee8-cd736e16be7b,"Evangelischer Friedhof Böhmischer Gottesacker",4.4,"Berlin","Germany",ChIJc9mihZ9PqEcReCdf8jZKBac,42
feaa8cc7-8d3a-4141-a305-6894e54ca764,"Bøler samfunnshus",Q63965175,"Oslo Municipality","Norway",356112ca-14b4-4a0d-8d6e-747c44326f42,"Bøler samfunnshus",5,"Oslo","Norway",ChIJvz0BTwBvQUYRKM_SCxc_vs0,105
f0e10163-847d-4320-b1e3-3756e3a04e4a,"Bolwoningen",Q13441584,"'s-Hertogenbosch","Netherlands",c37ba4a0-f9c6-492c-b5d0-97805b36600c,"Bolwoningen",4.4,"'s-Hertogenbosch","Netherlands",ChIJ4xnStSHuxkcRValsjhU1-DU,36
53c0b27a-8016-4c8c-b4bf-fb62b086e7a8,"Bonifacio cemetery",Q2972506,"Bonifacio","France",70686dc4-51ff-44f2-be65-6fb0e433bfda,"Cimiteriu Marinu di Bunifaziu",4.7,"Bonifacio","France",ChIJtURWyiPY2xIR5zfTA_jx-4g,30
ed022ab6-0521-4130-8751-6017b3ee6506,"Bonjour Tristesse",Q822311,"Friedrichshain-Kreuzberg","Germany",0932879c-dc74-42b6-bcb5-53698abade55,"Bonjour Tristesse (Wohnhaus Schlesisches Tor)",3.9,"Berlin","Germany",ChIJt7JqBVJOqEcRfrarcPMkkd0,11
7a999f28-94dd-4f22-805b-04fbfa0d842e,"Bonn Minster",Q686664,"Stadtbezirk Bonn","Germany",47a37cd8-2f92-4eaf-b899-cf78a7a520ad,"Bonner Münster",4.6,"Bonn","Germany",ChIJMxIQfp_hvkcROH24RU2mRzw,47
9cb4212b-a3ef-485a-8770-276d1d38a2fb,"Bornova Anglican Cemetery",Q4946148,"Bornova district","Turkey",8946543d-797b-4620-8090-eff1bad5b9af,"British Cemetery",4.1,"Bornova","Turkey",ChIJYYZPty99uRQRkeArygWKpB4,32
fd88d530-ce0b-4c0c-bd16-0ecee448462a,"Borobudur",Q42798,"","",78a06a38-a2a0-4529-a826-1413ea5be07b,"Borobudur Temple",4.7,"Magelang Regency","Indonesia",ChIJl9anCfCMei4Ry8NNdDRD0w0,12
d391fc98-35ba-4dbc-ac59-228670b22e07,"Boroondara General Cemetery",Q4946285,"Victoria","Australia",752ef626-5e45-4d3b-91d8-c1b7da6e0590,"Boroondara General Cemetery",4.4,"Kew","Australia",ChIJ02d9Bd5D1moRTUTrvW3Gs3c,43
aa27c638-a3a9-4584-b6f4-24314b4f33c9,"Borum Eshøj",Q2695465,"Aarhus Municipality","Denmark",d61e84ee-aa9b-459c-a518-1a2ec356d251,"Borum Eshøj Gravhøj",4.4,"Sabro","Denmark",ChIJl7Mb5wcTTEYRZVOIaf-oqPQ,6
24479057-3ea9-4423-b194-636d0eb62999,"Boston Public Library, McKim Building",Q4948040,"Boston","United States",7c6d36eb-2cbe-456d-8815-3426f40c215b,"Boston Public Library - Central Library",4.8,"Boston","United States",ChIJU_ibQgx644kRc6zBW_5d1Lk,9
84a03af0-fabb-4b3d-965a-149d56f648fe,"Bothell Pioneer Cemetery",Q4948628,"King County","United States",3122610b-b53b-4a21-a481-f0a6e0f348e5,"Bothell Pioneer Cemetery",5,"Bothell","United States",ChIJmcVAC28OkFQRMdozjiLFjkE,73
f96b3344-0c26-477e-80e8-8e8938dca467,"Botin Centre",Q5402606,"Santander","Spain",7a30d8da-12ca-466e-b618-9c4e5f12e909,"Centro Botín",4.3,"Santander","Spain",ChIJN-WfZ7VLSQ0RNeVTCOAHMGc,27
6ed78e16-c1f6-4847-a505-1c2727be84ad,"Botkin Street Cemetery",Q2972445,"Tashkent","Uzbekistan",194651be-5e83-418f-8b6d-b5e02398a3f8,"Botkin Cemetery",3.7,"Tashkent","Uzbekistan",ChIJAQAAEBn1rjgRBlcWwT6nJPg,36
4293dfc6-2b77-4585-b287-03ad91cf9ac5,"Bourecq Churchyard",Q2212430,"Bourecq","France",32f4d854-b6b3-40b4-91bc-b16d9d3c9a53,"Kerkhof van Bourecq",,"Bourecq","France",ChIJS8Quhqcc3UcROA7Y_Whjcs0,37
8e3c124d-2920-4b44-b752-413e5caadbd6,"Bourse Palace",Q28485845,"City of Brussels","Belgium",c3d50ea8-5619-45c5-a9d4-253f60f46e64,"Pl. de la Bourse",,"Brussels","Belgium",ChIJP2UKgofDw0cRPU2iZkj6xCU,102
f0fbc2d7-454e-4e8b-ab06-fa3689821e73,"Brasilia Digital TV Tower",Q627859,"Lago Norte","Brazil",c4b4cc7b-dd27-4750-83d3-7c0c395a0964,"Torre de TV Digital de Brasília",4.3,"Brasília","Brazil",ChIJZ-njpts-WpMRUq85zuHljeY,5
1fdedca8-1c97-44da-b8a1-cc7b79896517,"Bratske cemetery, Kyiv",Q4409882,"Kyiv","Ukraine",90bd7862-80cd-465d-b015-540f0136b30e,"Brats'ke cemetery",,"Kyiv","Ukraine",ChIJjfGrc93L1EARv-RAbEGvOLA,39
e350963e-f5c5-4bd9-bed7-c2ecaaaeeb0b,"Bratskoe kladbishche",Q4095988,"Smolensk","Russia",aca16ed8-67eb-44c0-a4c6-434fc81b74b8,"Bratskoye",5,"Smolensk","Russia",ChIJXck8-nJYzkYRoWRWj98nGkM,80
d57b69d7-bdce-481d-b456-ac8fafd7ebb5,"Brattle Hall",Q4958106,"Cambridge","United States",1b7564a1-53fa-4da9-be03-760bc86c5d07,"The Brattle Theatre",4.8,"Cambridge","United States",ChIJEbj6Hmh344kR4CF0zRoZIwo,16
787cda14-70ef-4fe8-93aa-7c2bae1aff21,"Braunes Haus",Q819575,"Maxvorstadt","Germany",bc33db67-96af-4f87-83ee-2b74b1a948c5,"NS-Dokumentationszentrum München",4.7,"Munich","Germany",ChIJO9I5KfB1nkcR8m9Fi7cOqLI,26
28fefbf2-99f7-4bf9-a602-63c57bfb86fd,"Brazilian Military Cemetery of Pistoia",Q1248729,"Pistoia","Italy",16b26e95-8e62-4868-b21d-6cb7023499c5,"Monumento Militar Brasileiro",4.8,"Pistoia","Italy",ChIJ-UvCfnyLKhMRGBv40AO0-oo,54
9324931a-63e1-4008-986f-e90d2c288e28,"Breda Tower",Q3995141,"Milan","Italy",a9f89318-34c5-4855-99c3-ef508009caab,"Torre Breda",4.2,"Milan","Italy",ChIJBRcgVsjGhkcReMhGz28_TR4,20
2cbfec6d-ae36-4f22-b62f-c857e7db368d,"Breitenleer Friedhof",Q906385,"Vienna","Austria",ff0443ba-06cf-4d92-9587-4d122883bd23,"Breitenleer Friedhof",5,"Vienna","Austria",ChIJF9etWGABbUcReFX_xZaotw0,61
f5c25f17-9541-4ab9-895a-08f6960ead04,"Bremen Cathedral",Q695038,"Mitte","Germany",e3dc9ff0-c5c4-437f-9eb3-ec299b7be124,"St. Petri Dom Bremen",4.7,"Bremen","Germany",ChIJW2a-gBAosUcRW9ORPq1Dnf4,7
9e4da74d-e892-4543-ab61-cef1ea7a346d,"Bridge Road Cemetery",Q4966286,"Eastham","United States",b46c5b35-3e6c-4dc2-b7f8-40aaadacc474,"Bridge Road Cemetery",5,"Eastham","United States",ChIJdwiz_ENp-4kRVxFzRR1xEPw,61
f5109fad-baa7-4330-a2c9-82a89b7bb1e5,"Bright Angel Lodge",Q4967380,"Grand Canyon Village","United States",820da1a7-bea0-489a-afcc-753c2c7c2475,"Bright Angel Lodge",4.4,"Grand Canyon Village","United States",ChIJ29RPcLUQM4cRjO_jbGXjsqg,39
9e082a91-f21a-493c-b2a0-e085cd71cab2,"Brighton Cemetery",Q4967614,"Caulfield South","Australia",5a3699c9-1ee0-4f6b-9aae-8f542744c625,"Brighton General Cemetery",4.6,"Caulfield South","Australia",ChIJK6B1hhFp1moREFEwBXZWBA8,68
c233a6f6-6815-44d2-b2b6-4b42dede2fa6,"Brighton Community Stadium",Q619409,"","",9fd21607-88c2-4436-80b0-a2455ccd2f6c,"American Express Stadium",4.5,"Brighton","United Kingdom",ChIJmWp-z7CIdUgRvHoNoT1UXIY,51
0d09bc00-8a5a-4755-a8b0-bbf69e2341ee,"Brighton Evangelical Congregational Church",Q4967639,"Boston","United States",06c4e043-a218-4e29-8077-120d7825a900,"Brighton Allston Congregational Church, UCC",4.8,"Brighton","United States",ChIJ65wRPkh444kRKnYF98JSEEg,19
b464aec1-8a26-466a-a5e9-bbbe79d81cbf,"Brillon cemetery",Q2803142,"Brillon","France",316b3af2-76ee-40e5-a5e9-87545f4e1853,"Brillon cemetery",,"Brillon","France",ChIJt1g2IuXCwkcRukNEiNg30fY,41
509e10a5-f836-4263-beea-b0ad2dfcfe36,"Brin",Q3644795,"Genoa","Italy",f333fea1-b49b-41bc-88f8-1c17afe09bbe,"Via Benedetto Brin",,"Genoa","Italy",ChIJn_GZOzNB0xIRSKSSzNnzOKY,58
4cd2aee1-794b-4e4f-8e8d-f40efa15ca3f,"Brion tomb",Q3992600,"Altivole","Italy",f6f31d17-8a5e-4052-afd4-bd4ccede239e,"Tomba Brion (Arch. Carlo Scarpa)",4.7,"Altivole","Italy",ChIJ2QMUocMneUcR8eLIrWMtY9w,46
adbf1d2a-6d8c-47ef-aac1-0ae1ed85ebe1,"British Cemetery Montevideo",Q2972500,"Montevideo Department","Uruguay",d4b5f368-fe7d-4a50-8e1c-53f6151ca2c4,"British Cemetery",4.7,"Montevideo","Uruguay",ChIJrU4PfTmBn5URagL1YFy1-PE,4
1ccda7ea-6d8e-473a-b54f-0a8b6f932339,"Brittany American Cemetery and Memorial",Q2972653,"Montjoie-Saint-Martin","France",62ed5a42-2c4c-430a-8df9-2409ed415557,"Brittany American Cemetery",4.9,"Montjoie-Saint-Martin","France",ChIJW2Bx4chNCUgRPsX0nM8-EGA,29
31ae111d-d6e1-4a8d-b668-8b3915308b9a,"Brno Central Cemetery",Q11088399,"Štýřice","Czech Republic",4db3db5c-611e-4b17-b2f4-e0692cd3b305,"Brno Central cemetery",4.2,"Brno-střed","Czech Republic",ChIJ9Ri4J6KVEkcRQfb1gp3fVnA,49
b8e8c840-88c6-4cb7-b24f-8bfab8ea595f,"Brno Ossuary",Q4971773,"Brno-město","Czech Republic",0ffb5db4-4f00-46ba-aa24-8cafa3e10dc1,"Kostnice u sv. Jakuba",4.5,"Brno-střed","Czech Republic",ChIJBX8-dVqUEkcR8WyaKC4PtUk,21
5b823fab-44a6-46fe-899a-aac88e319ab4,"Broad Contemporary Art Museum",Q162154,"Los Angeles","United States",850d5eb9-0ab2-4690-adcd-d90c8097a0d0,"Los Angeles County Museum of Art",4.6,"Los Angeles","United States",ChIJsXqcyjy5woARNz6sOh0ZmwA,77
ccd34851-94d4-4181-8062-c06be83d8145,"Brockley and Ladywell Cemeteries",Q4972839,"London Borough of Lewisham","United Kingdom",b1400ea3-3ec0-47a1-97c4-3b9902528f6d,"Brockley & Ladywell Cemeteries",4.2,"London","United Kingdom",ChIJuytgnEYCdkgRPGraaLHPCR0,77
0fdbd8c5-bb29-4d66-8ade-198911620889,"Bromley Cemetery",Q4973669,"Christchurch City","New Zealand",d32bd68c-76d7-428e-904e-6f891cebec0b,"Bromley Cemetery",3.9,"Christchurch","New Zealand",ChIJaRKEIMqJMW0RKJghkjcTzUM,67
01084cc7-a496-4ce5-b79b-20f8a8ce5e06,"Brompton Cemetery",Q926913,"Royal Borough of Kensington and Chelsea","United Kingdom",21e9db72-fa4b-47d9-a03d-9666e29672f3,"Brompton Cemetery",4.7,"London","United Kingdom",ChIJpdP1RX0FdkgRP0tgjUliNco,145
174a0e7f-8c69-42cc-a474-c8a390cc36c5,"Brookfield Cemetery",Q4974563,"Brookfield","United States",8ca0bad6-5854-4a88-a108-67c1f8693ae5,"Brookfield Cemetery",5,"Brookfield","United States",ChIJOVmis2al5okR4gTsSuDjGoU,84
6084647d-0dd3-4523-b9d3-9847da082953,"Brooklyn Tower",Q22329554,"New York","United States",83abff52-d194-4c24-90ec-39fc4b6776e7,"The Brooklyn Tower",3.8,"Brooklyn","United States",ChIJz5DQ2IFbwokRhzKyLgN2LOU,18
adfc13bb-4d9c-4222-8388-c2061dff0fdb,"Brotherhood Cemetery",Q1984750,"Sevastopol","Ukraine",7bf9f5d8-9f77-46a6-83e0-7746771ecb9c,"Bratskoye Kladbishche",4.9,"Sevastopol","Russia",ChIJqStSxegllUAR8dkh0lQ0K7E,19
54beff3e-a15b-4d52-af16-f815688a7f4b,"Broxeele churchyard",Q2535211,"Broxeele","France",5dcc3d61-3e1c-4e47-856c-2c9e1e1ba1e0,"Église catholique Saint-Quentin à Broxeele et son Cimetière",5,"Broxeele","France",ChIJASt9AI333EcRYoYHf_KacRA,20
9c8df26b-f760-4fd0-bb51-cab92fbf5305,"Brühl Palace, Warsaw",Q996986,"Warsaw","Poland",f13f1d65-84c9-46fb-a63c-f208fd91c8ab,"Brühl Palace - Foundaments",3.7,"Warsaw","Poland",ChIJ75asZgDNHkcRkrnkhePTGis,64
731f82a5-c39e-48d5-997b-868fc90035d7,"Brunswick Cathedral",Q279402,"Brunswick","Germany",f5e5791c-5d71-4bcd-827c-b760876a89f4,"Brunswick Cathedral",4.6,"Braunschweig","Germany",ChIJAZshlnf2r0cRfsCTkvJUQIU,70
ab2c8241-5e7c-4cf1-9b3c-287aa9530efb,"Brussels Cemetery",Q579666,"Evere","Belgium",8ab740de-ca2c-42c8-a1b9-c6c4a86d71b9,"Communal cemetery Schaerbeek",4.3,"Evere","Belgium",ChIJ2RN5Lsbcw0cRLqt6OEPmfkg,76
3684d535-cd0c-4505-907c-758194c5bf2b,"Brussels Town Hall",Q1255327,"City of Brussels","Belgium",0352891f-e35c-4d55-a4cb-a36156fb906d,"Brussels Town Hall",4.7,"Brussels","Belgium",ChIJLYPQqXvEw0cRRp9aYtjBH4A,43
e90fce7c-fcf1-4949-849a-0ef0304b8b76,"Brussels-Luxembourg railway station",Q800583,"Ixelles","Belgium",6938cc5c-c73d-475f-9388-1d860cf904d4,"Brussel-Luxemburg",4.2,"Brussel","Belgium",ChIJGxP4X5rEw0cRRhL4obRAyfg,73
45fbe30b-4bbb-4982-90d9-f1bf25cfa70f,"Bryce Canyon Lodge",Q2927193,"Garfield County","United States",956e6020-3ea0-4b76-aa6b-6a65c25f91d6,"The Lodge at Bryce Canyon",4.4,"Bryce Canyon City","United States",ChIJzVNBrBJmNYcRVNa3QxkhQ9Q,8
ebc96faa-6f84-4f93-b2ce-121205a0a92d,"Buckingham Building",Q16985591,"Chicago","United States",02682ff3-2ec7-4839-a6bb-8d8d89bc8b3b,"333 S Wabash Ave",,"Chicago","United States",ChIJ5xv4T6IsDogRaIrxELoKIYw,76
b0640956-2b1d-42da-a0cb-27be92444e21,"Buckingham Palace",Q42182,"City of Westminster","United Kingdom",3919ed7a-726c-4968-8a70-8838ba63720f,"Buckingham Palace",4.5,"London","United Kingdom",ChIJtV5bzSAFdkgRpwLZFPWrJgo,42
fe31a7dd-399e-46e1-aa86-a86c1e40b70a,"Bucquoy Communal Cemetery",Q1846354,"Bucquoy","France",8f24a1c0-92c9-432d-b946-99d190ece20a,"Bucquoy Communal Cemetery Extension",,"Bucquoy","France",ChIJT_U3Mtha3UcRTdm34NSDg1Y,94
0787cbf1-5735-4a21-9fcf-62284caa7200,"Budapest-Keleti railway station",Q841167,"Budapest","Hungary",b3d4c7a0-b04f-4e7d-910a-da0dee938c3d,"Budapest-Keleti",3.8,"Budapest","Hungary",ChIJn2oLxYncQUcRDTkAlLx_Ako,44
87b5c023-fe19-4c33-a659-00a598aee2f8,"Building A",Q2116292,"Radio Kootwijk","Netherlands",597e2c3e-3224-44c7-b364-d6166c344988,"Building A Radio Kootwijk",4.4,"Radio Kootwijk","Netherlands",ChIJ6YVBL_a2x0cRDDYP83YLkJs,12
ebfaecba-132f-486e-85e3-3d0ae93ba7a1,"Building at 30–34 Station Street",Q4986560,"Brookline","United States",f94f0cd0-78a6-4d9b-a41d-7d3fc9b9ae91,"ColorLab.",5,"Brookline","United States",ChIJ2X0la41544kRtjsndOjGnFE,7
18519ea6-b705-4156-a192-f97a4a5a1aa0,"building of revenue house of K. A. Vorozhein",Q16645453,"Rostov-on-Don","Russia",93a67631-2788-4dea-8c32-a425f7af1fa7,"House of Masalitina",5,"Rostov-on-Don","Russia",ChIJtWxJwJ-540ARnlIv-hufNtM,3
a88924df-9ada-47d2-9523-6b28cb2ed16a,"Building of the Congress of Puebla",Q25905552,"Puebla","Mexico",e75c83dd-a920-4cbf-9e4b-d4835db206a0,"H. Congreso del Estado de Puebla",4.6,"Puebla","Mexico",ChIJJU3tbd3Az4UR4X9cgA3pDqw,38
6ac5778e-69d3-44a6-8879-857cf53aa684,"Building of TVP Warsaw",Q109058191,"Mokotów","Poland",968ba977-63be-4ba4-9050-2ea611c8c10c,"TVP Telewizja Polska",4.2,"Warsaw","Poland",ChIJUVUp6NUyGUcR2MLzb5yPriM,17
e0d59069-2497-47ac-a577-52cd9cd3ac42,"Buildings at 1644-1666 Park Road NW",Q4986639,"Washington, D.C.","United States",f96ded0a-6271-4de7-8036-46625e59b695,"1644 Park Rd NW",,"Washington","United States",ChIJiRAxXiHIt4kRgQYde57CnQA,52
2136bad7-7cf9-4f3a-9cef-2cd83de7bae8,"Bullring of Castro Urdiales",Q24023628,"Castro Urdiales","Spain",c4327e60-f1e6-42b6-8b4f-765a92ff8b8f,"Castro-Urdiales Bullring",3.6,"Castro Urdiales","Spain",ChIJVU-7F0XyTg0R1AMWxT7Jl0Y,5
ced0a235-4449-44df-a893-933f1ff4859f,"Bullring of Teruel",Q24023791,"Teruel","Spain",7dc8b4ab-cca9-4567-841a-8f52d87a79cd,"Teruel Bullring",4.3,"Teruel","Spain",ChIJI1VoVgRzXg0RThAwnDnopYE,20
581a7004-0840-4d15-81ce-320d6e20e87b,"Bully's Acre, Dublin",Q4997076,"Dublin","Ireland",36a5b328-ef92-4a8a-ab18-9ff4fda53174,"Bully's Acre",4.6,"Dublin","Ireland",ChIJ8Rm-fkUMZ0gRFwDoJMJo_Aw,8
3139fbf2-200f-4503-a571-76d8719da5db,"Bümpliz Cemetery",Q1457311,"Bern","Switzerland",45f74a64-5150-43b1-8c57-a2b840722768,"Cemetry Bümpliz",4.8,"Bern","Switzerland",ChIJ5dShliY5jkcRGxblkGMExPI,125
bb2e6663-c4ba-47b3-b24d-18a27ab47a34,"Bunyans Cemetery",Q2630097,"Tilloy-lès-Mofflaines","France",93bf8d4b-c8d7-47f5-90e8-1d84581adaa9,"Bunyans Cemetery, Tilloy-les-Mofflaines",4.5,"Tilloy-lès-Mofflaines","France",ChIJoyWz_rFJ3UcRNk3hWpmKnaQ,17
85298ea1-4749-4065-bf90-2da176b2cca9,"Burgerweeshuis",Q2787387,"Amsterdam","Netherlands",13be34e5-a2f7-41ec-93b1-44f65122d0b8,"Burgerweeshuis",4.2,"Amsterdam","Netherlands",ChIJM37t-fvhxUcRAU5qoznxbQo,50
de2f7328-387a-4f9f-b645-169d60933dce,"Burial mounts at De Dorschkamp",Q17454801,"Wageningen","Netherlands",f3bc9264-2ad4-4438-8d79-a84ae35a0594,"Grafheuvel",3.3,"Wageningen","Netherlands",ChIJNQWN5dGtx0cRL7GE36ES6yE,59
5ae2a4a9-8fe8-44ed-bfba-a1711fd1a468,"Burj al-Arab",Q62939,"Dubai","United Arab Emirates",c49e3f32-a942-4415-8381-24a1962700d0,"Jumeirah Burj Al Arab",4.7,"Dubai","United Arab Emirates",ChIJLc8UZFdqXz4ROODwebhx2rM,22
f25a5eaa-fb76-42b1-a6eb-1f6b0c0e04e4,"Burleigh County Courthouse",Q4999114,"Bismarck","United States",3dc00d6f-bc78-48bb-b800-29d0e1094e93,"Burleigh County District Court",3.2,"Bismarck","United States",ChIJPa2MqhaD11IRVbD3mcfN9A4,31
6ab4a72a-f599-4429-b068-3ef044e92856,"Burlington Arcade",Q2928520,"City of Westminster","United Kingdom",759ed1af-ef70-4ceb-a267-11dbd0fe676c,"Burlington Arcade",4.5,"London","United Kingdom",ChIJjyvv_9UEdkgRUrbU725BBf4,120
7b7923a5-9ba0-4ee0-9c59-79a1a8406b63,"Bursa Green Mosque",Q1549086,"Bursa","Turkey",f2ce064f-2df3-4b5e-b44f-4535711be38b,"Yeşil Cami",,"Bursa","Turkey",ChIJoeuTL989yhQRN008C26WO7A,51
1074e47d-48f9-4de8-9643-cad212cdfeff,"Burton Morse House",Q85749610,"Twin Falls","United States",cde8008d-aa58-4ddf-b84d-e03cbd5c100f,"Burton Morse House",,"Twin Falls","United States",ChIJY7_oHoCjrFQREHzmSVmuAjs,107
d7c2a3c7-fc1c-4be7-93a5-47d4b67fa6af,"Burtscheid cemetery",Q1601546,"Aachen","Germany",379878f2-65a6-487d-bd52-b694bc211175,"Heißbergfriedhof",,"Aachen","Germany",ChIJc8FXnMKbwEcRCvLOwG2Mzio,14
19d2d5c1-a008-41a1-940f-92ceae4f2455,"Byakugō-ji Temple",Q1018450,"Nara","Japan",4871cf23-a647-497f-851e-787b36e57e3f,"Byakugo-ji",4.2,"Nara","Japan",ChIJSU-xD9w5AWARfePT_GeTDrg,20
2643dff0-775e-4018-994d-6e5bf741c3c5,"Bykovo cemetery",Q133513,"Zhukovsky","Russia",306196d8-b447-4edb-9d9a-48aa0ec2551c,"Bykovsky cemetery",4.1,"Zhukovskiy","Russia",ChIJTdQ_NEy_SkERMV7nAy4nEF8,30
457c1ef8-10f6-4ee9-b2c7-eaab9fcd502e,"Byzantium",Q21980990,"Amsterdam","Netherlands",6933102e-1527-4f7d-a8d3-1a94502f3f51,"Q-Park Byzantium",2.9,"Amsterdam","Netherlands",ChIJQ2ne_eUJxkcRoieaI5SUP1U,38
d63f45a0-1315-470e-becc-87ed8666ce5b,"Ca la Pilar",Q98770247,"Viladecans","Spain",712d09f7-00e4-498f-b5be-790977945e7a,"Ca la Pilar - Moragues",5,"Viladecans","Spain",ChIJ61gCBlCdpBIRPdryuwRLAW8,12
94a635b1-9ddc-45db-bfd4-ccbb034b2cde,"Cadillac Hotel",Q2928530,"Miami Beach","United States",68cc4a9b-5414-4e5d-8ad4-7121e47c8c26,"Cadillac Hotel & Beach Club, Autograph Collection",3.9,"Miami Beach","United States",ChIJNd2AYmiz2YgRJ4S3FF-_UFo,30
b43f28e0-ea44-4725-ad7d-40dd54bd6b0a,"Cagnicourt Communal Cemetery",Q2005951,"Cagnicourt","France",368ec1ff-106b-4066-9d39-4d901d9bfa45,"Cagnicourt British Cemetery",4.5,"Cagnicourt","France",ChIJF0IJYnazwkcR6MBVJlzKDIU,102
cfe34241-79a0-45fb-a1a1-b5b5656b1d79,"Calhoun County Courthouse",Q5019765,"South Carolina","United States",3ba80752-0365-4f2d-8c81-f1493196cf9b,"Calhoun County Family Court",4.8,"St Matthews","United States",ChIJQ8x4HZUy_4gRLzq40nlT56A,77
cbe6170a-6c1b-420e-b5b1-123c6b234067,"California Academy of Sciences building",Q134486471,"San Francisco","United States",d405abe8-70f8-4664-accc-6bb64f1d9cb7,"California Academy of Sciences",4.6,"San Francisco","United States",ChIJIUT7rEOHhYARucp3wM-HhBs,5
02f89a27-e1de-4c67-af57-ce04185ea5e7,"Califórnia Building (São Paulo)",Q10270276,"São Paulo","Brazil",c50d3195-d500-4bb4-ae3d-5b4a80eb0e7c,"Condomínio Edifício e Galeria Califórnia",4.2,"São Paulo","Brazil",ChIJe1oJ11FYzpQRgHXFFvT_Ao4,81
2c6555f1-3680-4d31-a4bc-09231e07e2a1,"Caltrans District 7 Headquarters",Q5024011,"Los Angeles","United States",146ceb8a-aa5f-40c1-941a-de0b5d33bb91,"Caltrans District 7 Headquarters",3.9,"Los Angeles","United States",ChIJW9eewkjGwoARcv-httvs57c,124
3ad125b8-0957-4f8e-8f01-7a9a9b21c46b,"Camp Nou",Q159848,"","",a68bf33f-9bfd-47c3-b55e-e0019242aa69,"Spotify Camp Nou",4.6,"Barcelona","Spain",ChIJr3spdvWYpBIRuQQb_jBT9kQ,8
3843de5b-da7f-4f77-85fe-c686a9ae6db3,"Camperdown Cemetery",Q5028318,"Inner West","Australia",18a3ad3e-20ed-4c41-987c-c061fe66aa42,"Camperdown Cemetery",4.7,"Newtown","Australia",ChIJ0YMHCzGwEmsRqdTVGccyOHQ,90
e0392ca2-a88e-455f-a7d0-6e6f79135d91,"Campo Santo",Q1031432,"Bezirk Mitte","Germany",858f269c-a849-47f0-83ba-646ea87dc85b,"Berlin Cathedral",4.6,"Berlin","Germany",ChIJS9HC895RqEcR_IovsNVoDng,96
7769c124-3033-4f9c-ac84-de2f49fa1395,"Campo Santo",Q5395397,"Ghent","Belgium",935dd794-f290-49f9-ae6c-25b1eb4f6450,"Campo Santo cemetery Sint-Amandsberg",4.5,"Ghent","Belgium",ChIJ3bL9VM52w0cRShlGlq2Wcaw,142
91799a33-d0b1-4566-9972-597b8dae2a89,"Campo Santo d'Orléans",Q2935536,"Orléans","France",b87ecb5c-0615-4261-bcb4-1ad911183bd2,"Campo Santo d'Orléans",,"Orleans","France",ChIJg-U7nc3k5EcRPYLoC9fvkx0,45
ddf65469-f855-40bf-b40b-134ad012325c,"Campo Santo Teutonico",Q27333,"Roma Capitale","Italy",796ec3ba-c077-48dc-b6e1-4864d9108b02,"Teutonic Cemetery",4.7,"Città del Vaticano","Italy",ChIJaQv292VgLxMRaaX6m1BGNqc,31
40f71fc1-3159-4c65-a6ed-44dbbce0be38,"Campo Verano",Q27426,"Roma Capitale","Italy",cac2d8c2-4e78-408b-8c02-ff495929d5bd,"Verano Monumental Cemetery",4.2,"Rome","Italy",ChIJc97e17dhLxMRHExc0I8hT68,2
d70c5dbf-b0e7-43f9-90c2-e0f23c5e1989,"Canadian Broadcasting Centre",Q2935781,"Ontario","Canada",fc094eec-e941-4999-b467-ccd40eb203f5,"Canadian Broadcasting Corporation",4.4,"Toronto","Canada",ChIJi4J-0tY0K4gRqIHVNfcyUXw,75
d418fc82-8eca-4cdd-b091-2de7461e708c,"Canadian Museum of History",Q1032269,"Gatineau","Canada",78ddd6e4-be13-4205-8c52-e53feb4f1f48,"Canadian Museum of History",4.6,"Gatineau","Canada",ChIJL-0QIPEEzkwRxPx5idTJaKo,70
82effc63-ad54-4ca8-94a4-9f418a12bffb,"Cannon County Courthouse",Q5032755,"Tennessee","United States",34e8d0fc-c953-46d2-8217-d8779a501d6f,"County Court Clerk",3.4,"Woodbury","United States",ChIJJecanxVNYYgRFFsarPNYF-0,29
65cfacd9-0826-4c11-b96d-470d670ee65f,"Cape Town Stadium",Q173559,"","",719f6ed7-cb62-433d-b214-1bc2be73520d,"DHL Stadium",4.6,"Cape Town","South Africa",ChIJMW70K09nzB0ROXRQqLI9zac,2
2a89cb55-a470-4610-9c5a-277cc021de21,"Capital Club Building",Q5035528,"Raleigh","United States",36011118-246a-483b-b768-e58c45e533ef,"Raleigh Founded - Capital Club",4.2,"Raleigh","United States",ChIJZTOv93FfrIkRXMGISM09eFw,64
aa10415b-d5c7-4737-aa78-8a1de448c5f8,"Capitol Records Building",Q2937482,"Los Angeles","United States",4264de07-d88e-4ae8-81df-d76f6844b318,"Capitol Records Building",4.6,"Los Angeles","United States",ChIJs5k7MDm_woARqw6qOAl2kQQ,47
61e452bb-6e17-4020-b7fc-6a393d349a8c,"Cappella Colleoni",Q1034843,"Bergamo","Italy",1f3f8534-0bc5-4314-ab70-9ea25b5efb94,"Colleoni Chapel",4.7,"Bergamo","Italy",ChIJk1i0smpRgUcRKbdQNnrOVC4,9
0f91927b-5581-432c-97cb-5d2fe4fbc264,"Cappella Paolina",Q1034868,"Vatican City","Vatican City",d21ac98d-07bd-47bc-a2d8-6b9bd01ba41f,"Sistine Chapel",4.7,"Vatican City","Vatican City",ChIJ268jxWVgLxMRIj61f4fIFqs,46
6b4267c0-4bb0-4fa4-b68b-eb3a683049b9,"Cappelle-en-Pévèle cemetery",Q2140985,"Cappelle-en-Pévèle","France",a3d37614-9fea-47e7-81ef-3d626baab18e,"Cimetière de Cappelle-en-Pévèle",,"Cappelle-en-Pévèle","France",ChIJO6gVHADRwkcRl6MRJH2sfNw,14
0f34a27d-3143-443a-8250-5fa4e2d55a0a,"Capt. John Jeffries Burial Marker",Q5036442,"New Jersey","United States",54994892-372b-4865-8c60-af188a552651,"Palestine Cemetery",3,"Egg Harbor Township","United States",ChIJP1a07rHGwIkR44RWk1TE1oY,2
29e94306-d038-4880-9a1c-fd7defec50de,"Carew Tower",Q152129,"Cincinnati","United States",b51b576d-5408-4f65-9d3a-46230cfd4433,"Carew Tower Observation Deck",4.6,"Cincinnati","United States",ChIJVVUlWFCxQYgRQLG9doO9zrY,9
6970fa8f-c020-4bb8-9b01-55af9c35ced3,"Carleton Crematorium and Cemetery",Q5041212,"England","United Kingdom",caf9ff42-1667-464d-aedb-2b90350aa2c6,"Carleton Cemetery & Crematorium",4.5,"Poulton-le-Fylde","United Kingdom",ChIJR9ZfHuJCe0gRAg8c3tSoy6k,30
82ca985e-e9db-42af-9d30-262e1ca0e95f,"Carlton Hotel, Amsterdam",Q4026256,"Amsterdam","Netherlands",04006104-97cb-4f7e-9b78-86cc598ef129,"Door 74",4.5,"Amsterdam","Netherlands",ChIJswl2sOoJxkcR8VOtTz4vkB0,86
7d967bc7-4ced-4872-bcaf-3be21b2e71d5,"Carlton Tel Aviv",Q9184754,"Tel Aviv","Israel",63caff96-98a1-4aa7-9187-1f8dde162952,"Carlton",4.5,"Tel Aviv-Yafo","Israel",ChIJEQS1HndMHRURU0QsYI5KxNg,2
d104b313-0e21-4fd2-a478-82e119d99cbb,"Carmelite Church",Q4569133,"Warsaw","Poland",d9cc5fbe-e27d-4367-b7b0-1a7b046ddec1,"Carmelite Church, Warsaw",4.7,"Warsaw","Poland",ChIJ_eImPWfMHkcRwYpuqx3kq_0,17
e7d336f7-9ec6-4e46-ae3b-0cf2541709af,"Carolina Inn",Q5044845,"Chapel Hill","United States",733b2274-f184-490b-8ae5-107aeb20bd72,"The Carolina Inn, a Destination by Hyatt Hotel",4.6,"Chapel Hill","United States",ChIJ8QLIa-bCrIkR3UfK1Z7K98U,81
0c49871b-26ae-4319-9c29-50802e3d1dd9,"Caroline Brevard Grammar School",Q5044990,"Florida","United States",28b8b107-0ef1-4b43-adba-eabd76aec034,"Bloxham Building",,"Tallahassee","United States",ChIJPwxAP2X17IgReJL26Hvdt6k,19
c0506a76-dda3-48f2-adb7-b4ee8d7c8a23,"Caroline Church and Cemetery",Q5045018,"Brookhaven","United States",0234946d-544b-4619-a489-ac7ea477dfd9,"Caroline Episcopal Churchyard and Cemetery",,"Setauket- East Setauket","United States",ChIJ__-_waE_6IkRGtlxeJI5ptQ,47
c03088ee-ba25-487d-b80d-63a772a8b835,"Carrousel du Louvre",Q2940350,"Paris","France",c5fc70ab-577d-4d5d-a565-40a025dae84d,"Louis XIV sous les traits de Marcus Curtius (copie)",4.6,"Paris","France",ChIJzWhmDCZu5kcRIN7HUvGgx_g,33
2894fd36-3000-496c-9551-93579c67db4c,"Carvin German military cemetery",Q2972638,"Carvin","France",da6d10ac-8549-4232-858d-24d1952a0e48,"Carvin German military cemetery",5,"Carvin","France",ChIJ8ZLsfw0t3UcRzD102zGQims,47
66d08129-730c-463b-af15-3bb17b188e01,"Casa Boleda",Q17593594,"L'Hospitalet de Llobregat","Spain",d61738fd-2fbb-4430-843d-16a7a367fbeb,"Centre d'Ocupació Discapacitats Físics. Centre Casa Boleda",5,"L'Hospitalet de Llobregat","Spain",ChIJE4H3zZKYpBIRPgi9in56Un4,9
da82a2e9-6513-4297-b608-9afa21540112,"Casa das Canoas",Q6816788,"Rio de Janeiro","Brazil",3c94929f-426c-4c32-9d27-0f828fe5fb02,"Casa das Canoas | Fundação Oscar Niemeyer",3.7,"Rio de Janeiro","Brazil",ChIJz4eus7PXmwAR1ir4X0_XnQ8,36
6bd73283-6e72-4697-a8e2-f4d19f353bee,"Casa de las Bolas",Q29167249,"Madrid","Spain",bbb33122-4814-42e8-bbd9-66108d954176,"Casa de las Bolas",4.5,"Madrid","Spain",ChIJCeuBOjopQg0Rk97CyxeqCeQ,68
d39676a0-8cc0-4465-ae03-7efe24cb1ea6,"Casa Vicens",Q746333,"Vila de Gràcia","Spain",8865e03b-dcee-42c0-adfb-1a2ffb051bae,"Casa Vicens Gaudí",4.6,"Barcelona","Spain",ChIJoYA0MqKipBIRRwJG2R8H8s4,1
740155fb-36c7-4ad9-9a4b-50e9a05da0c1,"Casablanca Finance City Tower",Q60851364,"Casablanca","Morocco",a6701267-817a-40fd-b4f6-6fbfff9c1871,"Casablanca Finance City",4.7,"Casablanca","Morocco",ChIJ1b1cTSnTpw0REX0EajAxOY4,70
3ebf3ffb-c8a9-4354-9928-afd85bbef6dd,"Casamaures",Q2940800,"Saint-Martin-le-Vinoux","France",f5071f61-fce3-49cc-9137-74234ed0a8b0,"La Casamaures (Villa Mauresque)",4.6,"Grenoble","France",ChIJa9o1W1_1ikcR92ID0mqVlKU,78
d29f290c-6f32-416f-98fb-876ace1f46b5,"Casino da Madeira",Q6586935,"Sé","Portugal",b071ff81-d972-43e1-bb57-98776b6593f9,"Casino da Madeira",4.1,"Funchal","Portugal",ChIJj3pKLP1fYAwRi0xqsJISKd4,47
9f57f561-7f3f-436a-83dd-18dd580056b5,"Casino de Murcia",Q8342036,"Murcia","Spain",35fe6fda-c8c1-4087-a584-38fa46829b45,"Real Casino de Murcia",4.7,"Murcia","Spain",ChIJH2BiEhuCYw0RL-KB_1M7okQ,2
85be27db-3331-499d-a967-2dfbd24eaeb0,"Casino Kursaal Ostend",Q2516946,"Ostend","Belgium",e4236173-5fe4-474b-bda8-6accc6f1ed2b,"Kursaal Oostende",4.3,"Ostend","Belgium",ChIJgUyX7dOo3EcRWrCm4t_jSP0,70
ac0f7591-23ad-473c-a6b4-81eb36bf712d,"Casino La Constància",Q17595729,"Sant Feliu de Guíxols","Spain",cf575184-92e8-45fe-8e4d-50ca31a4436b,"Nou Casino la Constància",2.7,"Sant Feliu de Guíxols","Spain",ChIJk0EOOKwHuxIRogAm-MwYOrU,108
3910a729-fce5-4ed7-b4de-f8d7b4fa5582,"Casino Mauresque",Q2941080,"Arcachon","France",b1711830-f993-465c-ba6f-9565c9e61073,"Belvédère Casino Mauresque",4.8,"Arcachon","France",ChIJ-c2ZMVCfVA0Rnt--ELOG0Mo,97
67fb7afa-7e7a-4ace-a2e6-40549e41c8e8,"Casino Palm Beach",Q104732316,"Cannes","France",6d6f3300-5d2b-4168-8827-965d1ce7eb99,"Palm Beach Cannes",4.3,"Cannes","France",ChIJ4ygUTqaBzhIRJraNfMF5Tvg,39
b829206d-20df-472b-8ba9-2b6434ccc754,"Cassel Communal Cemetery Extension",Q3174297,"Cassel","France",ea9ae2a4-55dc-4979-8b54-1a881875168d,"Begraafplaats van Kassel",4.7,"Cassel","France",ChIJ3Y2yoSjl3EcRFdf1sc91A14,48
6221509b-b762-45ae-8836-f05cb52b80b0,"Castello Estense",Q1048836,"Ferrara","Italy",f5ccd57d-85e0-4dde-b2e6-3c9d89c3cb47,"Estense Castle",4.6,"Ferrara","Italy",ChIJp-E9UBNOfkcRFzwWh-pgTU0,24
f4a0fec8-8e6b-4356-a0e6-eb90314cdb2b,"Castle de Haar",Q1735318,"Utrecht","Netherlands",92ef4854-b3f9-423f-825e-1e0756879895,"De Haar Castle",4.7,"Utrecht","Netherlands",ChIJRcfVWFZwxkcR2OwlZvN_0oc,5
29fa8131-18b3-441e-9e90-593723fc8b23,"Catacomb of Callixtus",Q1027069,"Rome","Italy",371cc8b4-756f-48e6-beab-946e730ce9be,"Catacombe di San Callisto",4.6,"Rome","Italy",ChIJl3pFVAyKJRMR4cbEAodtNmA,40
f3065051-6b94-4690-8068-b90bd5d24136,"Catacombe dei Cappuccini",Q1728834,"Palermo","Italy",e2232b24-b4ae-4754-a909-13bc4df84780,"Catacombe dei Cappuccini di Palermo",4.3,"Palermo","Italy",ChIJAbBCq2XvGRMRdn8cRrtvzUc,18
c61ff1f3-1ecc-4c65-9b17-d49c40c306f7,"Catacombs of Marcellinus and Peter",Q1055805,"Rome","Italy",b090b3a6-7f14-4bf1-8c02-e4d2fd76b80a,"Mausoleum of Saint Helena at Tor Pignattara",4.7,"Rome","Italy",ChIJOc8ntRViLxMR7Fv9Oeqfs0g,124
82b4cdcd-1fa2-4daa-b47c-40d1b496a5ca,"Catacombs of Saint Agnes",Q3663182,"Rome","Italy",a26fbe31-fd13-4a89-ad12-3750d68752c6,"Catacombe di Santa Agnese",4.6,"Rome","Italy",ChIJkeHGZTxhLxMRzUHO1auY-uE,38
00bf01cb-c059-4474-9980-40c8df96d749,"Catacombs of San Gennaro",Q3663206,"Naples","Italy",f6109eeb-12a2-4f67-b1bd-dd2dd3847795,"Catacombs of San Gennaro",4.7,"Naples","Italy",ChIJr-AbDHsIOxMR7U8MwBo2riE,100
c5c0c51a-148f-4fa1-9b24-bee68db78f7b,"Catacombs of San Sebastiano",Q546419,"Rome","Italy",b496cfc3-a6eb-40ef-a138-581f069c8256,"Catacombs of Saint Sebastian",4.6,"Rome","Italy",ChIJr0Lz2g-KJRMRpS678pefNRU,73
d0cdbe33-f2fd-4cb0-8de2-2a2d9e664a52,"Catania Cathedral",Q1499188,"Catania","Italy",4ceaa440-eea6-4bbf-801e-d26f35c6296e,"Basilica Cattedrale di Sant'Agata",4.7,"Catania","Italy",ChIJP0UjWi7jExMRJytI986aC6g,55
3c77312f-e9d4-4143-9c46-bef15406ecb5,"Catete Palace",Q1142766,"Rio de Janeiro","Brazil",1a949b4f-571a-4bec-81af-94e239ea3fac,"Museu da República (Palácio do Catete)",4.8,"Rio de Janeiro","Brazil",ChIJUTDHPoB_mQARATxqvy10AFQ,29
54ecd03a-a2a6-4a43-9981-8663e7ba24bc,"Cathedral Basilica of St. Ann",Q1385934,"Las Palmas de Gran Canaria","Spain",5fce9acf-fd52-4f5d-8509-cfb2ebd2445f,"Catedral Metropolitana de Santa Ana de Canarias",4.5,"Las Palmas de Gran Canaria","Spain",ChIJSc9YJoyVQAwRtp182Z2yz-w,37
48b51a78-1aa9-4155-aa0f-72dbc0c8631c,"Cathedral of Brasília",Q201720,"Brasília","Brazil",e8ab8f86-46cf-4d3f-b0d5-01ea16e844b7,"Catedral Metropolitana Nossa Senhora Aparecida",4.8,"Brasília","Brazil",ChIJkZofTCI7WpMRGY1p6TGy-1U,4
49720176-218b-428e-8491-04cff890ad92,"Cathedral of Jesus' Heart",Q1267112,"Stari Grad","Bosnia and Herzegovina",9deb7c6a-37f0-4004-b380-cd9e3c027daf,"Sacred Heart Cathedral",4.6,"Sarajevo","Bosnia and Herzegovina",ChIJ70qIPs_IWEcRpmgQ9ff-dRY,21
c8a536ed-19ec-422f-ba84-ac4e70082e1d,"Cathedral of Our Lady of Strasbourg",Q745460,"Strasbourg","France",79a79028-8d58-4142-8968-19bb829245e4,"Cathédrale Notre-Dame-de-Strasbourg",4.8,"Strasbourg","France",ChIJQ4g5U1LIlkcROCde9XcnFec,33
8f0a09b8-e4dd-4b42-9068-17a12920d46a,"Cathedral of Our Lady of the Angels",Q1631067,"Los Angeles","United States",16136ad6-2c5c-433c-9ea6-c535ce9c7d1d,"Cathedral of Our Lady of the Angels",4.8,"Los Angeles","United States",ChIJyUhV2VHGwoARafDzR0us4GU,113
2d693ab7-0c94-4ef3-80a5-01888f089b05,"Cathedral of Saint Bavo",Q962195,"Haarlem","Netherlands",ffa3be30-5200-4607-a7bf-6305e74573be,"Saint Bavo of Ghent Catholic Cathedral, Leidsevaart",4.6,"Haarlem","Netherlands",ChIJewMWevPvxUcRU7-Z4v2H4pI,29
23529412-ef66-40fa-b8ac-6c67fc4dd719,"Cathedral of San Fernando",Q4347159,"Texas","United States",f92eb314-90e6-4693-939a-5057ca27b79f,"San Fernando Cathedral",4.8,"San Antonio","United States",ChIJv520Oa1YXIYRuK6pIwe8U8s,11
68af1eee-6588-4a0e-889d-7979de01162a,"Cathedral of Santa Maria d'Urgell",Q951104,"La Seu d'Urgell","Spain",590a7883-69d6-486c-b504-fadddd40ff45,"La Seu d'Urgell Cathedral",4.5,"La Seu d'Urgell","Spain",ChIJqc4FnsftpRIRsNvHXl840CA,20
cf91faba-b6e8-4135-a34a-3ebb906ac7d8,"Cathedral of the Holy Cross and Saint Eulalia",Q17155,"Gothic Quarter","Spain",93bf30fc-0569-497d-a9e9-081e44d86a20,"Church de Sant Sever",4.4,"Barcelona","Spain",ChIJ7ZojyvmipBIRGEw4gkRGUVA,91
c842e72b-0387-4955-ac8a-29e4e98969b4,"Cathedral of the Holy Trinity",Q93896,"Gibraltar","United Kingdom",c7d17a88-96a5-4442-b03f-252e4f346da7,"Holy Trinity Cathedral Anglican",4.3,"Gibraltar","Gibraltar",ChIJy-YPKIK_DA0RPD8WCH7uJ0Y,20
4a3b029a-2b26-4a88-92f6-8226e8a10381,"Cathedral of the Sacred Heart of Jesus, Algiers",Q2942908,"Algiers","Algeria",091ece75-2284-4d1f-848a-d66e38ee4aa2,"Sacred Heart Cathedral",4.2,"Algiers","Algeria",ChIJtUXiBmiyjxIRh78pSh8qvmo,36
3050f429-bf59-456b-bd5a-8c66980b09ba,"Cathedral of Trier",Q5920,"Trier","Germany",35c9b530-2fc5-4b50-bfcd-c5b77590eabd,"Trier Cathedral",4.7,"Trier","Germany",ChIJE5imlpp8lUcRJiLod7z2YBY,27
355f21e5-952a-48bc-87be-3002513fc3a9,"Cathedral of Urbino",Q2754576,"Urbino","Italy",c5268e1c-183f-4fc0-986c-9e5fff215e7b,"Palazzo Ducale di Urbino",4.7,"Urbino","Italy",ChIJFfZiXTr4LBMRScm_0jRuTXI,73
436ce9e4-b7f7-4045-ade7-b4621e695104,"Cathedral of Valladolid",Q2722123,"Valladolid","Spain",1017ba2e-7367-4be0-abe7-aeae09079470,"Catedral de Nuestra Señora de la Asunción de Valladolid",4.3,"Valladolid","Spain",ChIJywRlLrISRw0Rgz4NbFcK4WU,2
4273a54c-d926-4515-99e4-e639158e31bd,"Cayan Tower",Q391648,"Emirate of Dubai","United Arab Emirates",2450c328-4424-41ab-9d61-20c40cc4dd18,"Cayan Tower",4.5,"Dubai","United Arab Emirates",ChIJgwipB1FrXz4RuF_dUdnCVs8,35
cf79bf96-e879-4f6d-9f73-51057ec8796a,"Cecilienhof",Q321783,"Nördliche Vorstädte","Germany",13f900d8-0f94-4fdd-9695-e2864cc11cf0,"Cecilienhof Palace",4.6,"Potsdam","Germany",ChIJYQqAxXb2qEcR9WiYUHx-TBM,26
088c37be-f58b-4c20-9586-847ec37e2299,"Cedar",Q81854086,"Amsterdam","Netherlands",72b67af2-b1d3-4344-880c-5f8a1ded5297,"ING Cedar",4.4,"Amsterdam","Netherlands",ChIJNbh5B-wLxkcRJFqYkXp27mQ,28
f0b7e415-e586-4f87-80b5-7fdea36f67de,"Cedar Grove Cemetery",Q5056723,"Franklin Township","United States",b9c65009-1199-4e3a-b042-b97f19dc9611,"Cedar Grove Cemetery",4.5,"Somerset","United States",ChIJXTfWzxHBw4kRz3FWLa-vYvE,63
78f7e7e4-1459-491f-9763-bb9e89837881,"Celle Castle",Q472403,"Celle","Germany",7a0efcae-6975-402c-ae12-a583b481e73a,"Celle Castle",4.5,"Celle","Germany",ChIJj1Al7KwisEcRFSuqNCvOB9M,34
0a8eda61-e1c7-40c8-9812-2b916e435e42,"Celler Cooperatiu d'Espolla",Q11913390,"Espolla","Spain",49b83504-7257-4a6d-9c58-96ef14910db9,"Celler Cooperatiu D'Espolla S C C L",4.6,"Espolla","Spain",ChIJj4Cp6MuFuhIRaqv3eytnmmo,36
311292fb-58ec-491d-bb6e-9a9eaf668efa,"Cementerio Británico",Q2894649,"Buenos Aires","Argentina",1d8f55a2-925f-414e-9469-7c683a4af175,"Commonwealth War Graves Buenos Aires",4.7,"CIQ","Argentina",ChIJbYG9TAi2vJURuxUy0pbB1d0,94
bdc9a2bb-cd7f-4d58-8f34-5e38b175607b,"Cemeteries in Coburg",Q1457457,"Coburg","Germany",ecc987e7-e605-49dc-8891-fc73fd465298,"Cemeteries in Coburg",4.3,"Coburg","Germany",ChIJn-jd6g3Oo0cRDGI9XULFkqo,91
2b48911b-c9c2-41b3-844c-d065dcf22675,"Cemetery Atzgersdorf",Q758337,"Liesing","Austria",82eed936-fc61-4e0b-aa97-388a31c087d7,"Atzgersdorf Cemetery",4.2,"Vienna","Austria",ChIJfWhV-paobUcR1WMZMpZ_yK8,42
b0d17559-674b-4351-a477-c432108f49e9,"Cemetery Bohnsdorf",Q1457303,"Berlin","Germany",417fdd01-41ac-4c3c-89b7-af0cebfb1c28,"Friedhof Bohnsdorf",5,"Berlin","Germany",ChIJK7uuZqFHqEcRiLCYZNff0pg,115
e0bd82bc-dc87-48f4-9d88-b90c2718ecd7,"Cemetery Daleu",Q1457312,"Canton of the Grisons","Switzerland",9758fa22-a04e-43c6-b974-b75f616867fd,"Friedhof Daleu",5,"Chur","Switzerland",ChIJlQXe_nTHhEcRtwprnfciyz0,0
99755371-3496-4ba8-99d9-9ad19ed1b3b2,"Cemetery Feldmoching",Q1457326,"Feldmoching-Hasenbergl","Germany",671face4-d2cb-4911-885d-4bf68ebad9fb,"Friedhof Feldmoching",4.5,"Munich","Germany",ChIJQarNOSp3nkcRH2rYZyPUe90,3
e8b34082-5e8f-49bb-be78-1c31ef618f05,"Cemetery for Hebrew Confederate Soldiers",Q5058717,"Virginia","United States",1a8b2774-c816-4aeb-b172-e453dcc0d21a,"Hebrew Cemetery",4.6,"Richmond","United States",ChIJlX7KTSkRsYkRr4MrUW-50WQ,19
5bf4988b-8b18-4408-8b32-06103ffb3f6a,"cemetery Graafseweg",Q2611939,"Nijmegen","Netherlands",ccb25719-7c94-47b0-a431-324e9576b4bc,"Cemetery🪦",4.8,"Nijmegen","Netherlands",ChIJVVVVMYEIx0cRv4o53wW5PPI,51
f540500e-2aa3-478d-801d-82ff06e95a1d,"cemetery Huis te Vraag",Q1883977,"Amsterdam","Netherlands",e3ddab6c-a9e4-461c-a16c-0f5c9e916163,"Huis Te Vraag",4.7,"Amsterdam","Netherlands",ChIJSZJl3PfhxUcRuBHLMJsR4rY,48
3823ae2b-6363-4295-b4b7-0489450a390b,"Cemetery in Baiertal",Q819656,"Wiesloch","Germany",c0edd0db-c8c5-432d-b1aa-deac77908c0c,"Bergfriedhof Baiertal",5,"Wiesloch","Germany",ChIJMfdoHACVl0cRDi8jjWhrKtk,17
a2c630c8-0ea5-4e5a-86d4-3dcce4601437,"Cemetery in Kluki",Q4423845,"Kluki","Poland",bbdb0a6d-2814-4800-8a7e-9d183609d078,"Pomnik Poległych w I W.Ś. i Cmentarz Ewangelicki Kluki / Klucken",4.7,"Kluki","Poland",ChIJlw3dfiNy_kYRXjTcS8FGt-E,34
3844d3d8-dfb7-4ed7-af0b-15e37ff739ec,"Cemetery in Komarovo",Q2972533,"Komarovo","Russia",8a4c6b51-64bc-49f9-a594-ae22543932c3,"Komarovsky cemetery",4.6,"St Petersburg","Russia",ChIJy9YK-k9TlkYRmSmodHY8-t0,119
1af02b54-149e-4f81-ae71-105412e6160d,"Cemetery of Agramonte",Q1053347,"Cedofeita, Santo Ildefonso, Sé, Miragaia, São Nicolau e Vitória","Portugal",68b5412e-d3bf-4675-a25e-1b1dd47325ff,"Cemitério de Agramonte",4.6,"Porto","Portugal",ChIJyZRt7AllJA0RrHGv5llXI_o,98
1d5c0403-ef29-42b1-96d4-7394880280d7,"cemetery of Baarlo",Q2051802,"Steenwijkerland","Netherlands",ba488a8a-2cef-4a50-a0fa-b85916a542ee,"Begraafplaats van Baarlo",,"Baarlo","Netherlands",ChIJZSSqDsVkyEcRRO7PY8ydh7M,1
b21aa563-ebb0-4377-951e-afb491b1d0d2,"Cemetery of Bailleul",Q2691004,"Bailleul","France",78f667db-d464-418c-986a-36f231b01dd6,"Cimetiére de Bailleul",,"Bailleul","France",ChIJrZO8febb3EcRCbv5hWRviXM,106
4a9a056d-23ed-47da-984a-4c8479b08c0a,"cemetery of Bozen",Q1457380,"Bolzano","Italy",66f44e67-55f2-4635-bb2e-c7845f3fb15b,"Bolzano Municipal Cemetery",4.9,"Bolzano","Italy",ChIJD3HTEq2dgkcRhyBbfwnoQ6c,6
924d53be-c36a-4166-9306-448a7df79f2c,"Cemetery of Kings",Q665815,"Geneva","Switzerland",6604ecf7-e493-4bbb-b923-b0bf02bb3ae8,"Cimetière des Rois (Cimetière de Plainpalais)",4.5,"Geneva","Switzerland",ChIJSZggFtRkjEcR7hYM2xIAk3U,8
1c295b6a-fa98-46af-8fd9-35bf4a1fcf5e,"Cemetery of Nanterre Mont-Valérien",Q2972600,"Nanterre","France",2d0b2a84-238d-40b2-b8d9-073a38733701,"Cimetière Parc du Mont Valérien de Nanterre",3.4,"Nanterre","France",ChIJYS-s475k5kcRVgeGWm7d1xE,85
4df70362-41eb-486b-83c7-0b7ad288c1ec,"Cemetery of Punta Arenas",Q5058719,"Punta Arenas","Chile",79ae0f62-1f3a-470d-a592-badcf5cdb8cc,"Cemetery of Punta Arenas",4.6,"Punta Arenas","Chile",ChIJY9qLZX9ksr0R3Ie6x-KfdaA,80
4c38ad30-3e2b-4938-be29-407c09d11757,"Cemetery of Saint-Denis",Q2972553,"Saint-Denis","France",fd0b3627-2812-414a-8871-385207c6303f,"Cimetière de Saint-Denis",4.8,"Saint-Denis","France",ChIJnaDmHHVp5kcRSdIriPjnIfo,95
85ff9d73-0e7b-45eb-9227-99198169f78c,"Cemetery of Saint-Fargeau",Q2972554,"Saint-Fargeau","France",22bbee27-356d-43cc-940b-d6ebc7b844d7,"Cimetière de Saint-Fargeau",5,"Saint-Fargeau","France",ChIJyQ7BBiHC70cR7fXOe5ManfU,24
912bcf26-70ae-4c97-9c4f-fb3839692b4b,"Cemetery of Saint-Louis, Versailles",Q2972470,"Versailles","France",046f94a9-5c6d-4467-b8a1-a8280b1475a1,"Cimetière Saint-Louis",3,"Versailles","France",ChIJJww9cMR95kcRBLe-fCzNRYQ,94
b03ef3f4-7eac-43db-b8ae-43a90cfed91a,"cemetery of San Pietro in Vincoli",Q3676946,"Turin","Italy",d8b93711-04bf-4cd8-a215-f2192971b9d4,"Cimitero di San Pietro in Vincoli",5,"Turin","Italy",ChIJVVWVGJ9tiEcR_Inyr3M6Sgw,67
7fe06fd5-bc5f-44a9-b081-40bc9a078ae9,"Cemetery of Soviet Prisoners of War in Naujoji Vilnia",Q2972599,"Vilnius","Lithuania",e2c8e350-de59-49bf-8f7b-54919561d9a2,"II pasaulinio karo karių kapinės",5,"Vilnius","Lithuania",ChIJx2K8-G293UYRXXiRO6wc-Yc,39
2b491379-13eb-4f60-8784-4a0a1b7bbc9b,"Cemetery of Steenvoorde",Q2663835,"Steenvoorde","France",c9efd829-aff5-416d-9096-76663be1a13d,"Cimetière",4,"Steenvoorde","France",ChIJa5L_JNPn3EcR8CzxFgxSXVE,7
6c73eca6-4e09-4666-ba89-f6a8cc70893b,"Cemetery of the Victims of January 9",Q4222824,"Saint Petersburg","Russia",aa8cbad0-bf54-4fb5-85f6-693747a2cf5c,"Cemetery memory of victims of January 9",3.9,"St Petersburg","Russia",ChIJhVUxbnsvlkYRCd8PJaluk5w,44
079a548b-d996-46c6-98b1-7a049db7505e,"cemetery of the victims of the Vajont",Q3676932,"Longarone","Italy",ce5f68a6-9249-4ef9-b4e1-17b938eb4e15,"Cimitero Monumentale delle Vittime del Vajont",4.7,"Fortogna","Italy",ChIJnVojRVCpeUcRVuKhgg_8XBI,62
a7e53deb-30f5-426b-9008-4e25d6e1cbce,"cemetery of Ypres",Q3895319,"Ypres","Belgium",3bb853da-e4e1-4585-8bfb-ee758ad34cf0,"Ypres Town Cemetery Extension",4.5,"Ypres","Belgium",ChIJ65jjffbO3EcRaoGLchnOXcQ,92
50919113-b987-4414-a2b4-05b831f4f9f1,"Cemetery of Zhenghaijun",Q5058723,"Xiaolin Village","Taiwan",46823911-f735-46f1-ab7e-6645e25578ef,"甲仙鎮海軍墓",5,"Kaohsiung","Taiwan",ChIJKZMkfAD3bjQRk1IUchX3mNo,3
812fab51-47f0-4f11-a3c5-06da5721f062,"Cemetery on Sienkiewicza Street in Katowice",Q4222837,"Śródmieście","Poland",5193948a-f64e-4eeb-bc5f-689bed554371,"Katowice Parish Cemetery of Saints Peter and Paul on Sienkiewicza Street",3.9,"Katowice","Poland",ChIJaYTMmU7OFkcR5A3ZBJN3RUk,65
d638de32-0fa5-4ea3-bf63-eaccd540e15f,"Cemetery Rodaun",Q1457413,"Rodaun","Austria",bdd13641-215d-4ce8-b7fa-e5055d93db44,"Rodaun Cemetery",4.5,"Vienna","Austria",ChIJw2NqWRumbUcRUxD_ImPfZ-Q,19
e6bfdf7a-8b59-4baa-8c0b-0d4a55192e84,"cemetery Saint-Lazare (Montpellier)",Q2972457,"Montpellier","France",805064f1-988a-4bdb-8a5e-e6c050437f02,"Cimetière Saint-Lazare de Montpellier",3.7,"Montpellier","France",ChIJoWxpaWmvthIRvAYRy6DHJs4,57
ef43d3d1-b745-476b-b707-8e77054e0bca,"Cemetery Sceaux",Q2972561,"Sceaux","France",348b86b2-1008-4d2c-94ae-d6a54a67b115,"Cimetière de Sceaux",4.5,"Sceaux","France",ChIJ432sU85w5kcR7KpzZwcpPJQ,10
dccd3610-29ea-4a1c-ba9b-ad7cab670d5f,"Cemetery Sint Barbara",Q2723000,"The Hague","Netherlands",a5c6fa5f-bd2f-40a1-b4d7-7be14300c19a,"St Barbara Cemetery",3.6,"The Hague","Netherlands",ChIJufglMf62xUcRFJK1o8EmXDo,111
7aa8d79e-9c82-47dc-a09d-41c934d51126,"cemetery Willeskop",Q2588024,"Oudewater","Netherlands",c241af73-4039-4bcb-82c6-190da91351cf,"Bedelaars Kerkhof",,"Oudewater","Netherlands",ChIJEdWLOOd5xkcR-t69XKxNzuE,6
9c188599-de56-4704-9281-64521ddc4025,"Cemitério Municipal de Santana",Q5058737,"São Paulo","Brazil",c3bf5676-bde5-494d-b2d0-9c222672350a,"Cemitério Santana Chora Menino",4.4,"São Paulo","Brazil",ChIJU-QPyW33zpQRHxngQeihWxI,87
b6727fdd-2b2a-4814-adf1-b2c4ab4f26ad,"Center for the Visual Arts",Q118636751,"Toledo","United States",b3ba37a2-f828-4b41-8130-57712bab0dc2,"University of Toledo Art Dept. Center for the Visual Arts",4.1,"Toledo","United States",ChIJ5TDvpy2HO4gRvathVl3br5I,12
7e9b292b-5cfe-4e2d-acab-38bd289e2664,"Center of Innovation Anacleto Angelini",Q88667534,"Macul","Chile",105e4092-0141-469d-a155-f187c6f668dc,"Centro de Innovación UC",4.7,"Santiago, Macul","Chile",ChIJv8FDyQ7QYpYRXbtGJE21oxw,12
f6a25b6d-f4f9-416f-a2a7-80ce0b425260,"Center Street Cemetery",Q5059354,"Wallingford","United States",5f9e3acd-6498-4988-99af-ce3d4743d0cb,"Center Street Cemetery",4.7,"Wallingford","United States",ChIJgT0U8o3O54kRFdN9Y7K_5mM,145
fbafb4f7-7033-41a6-af7d-c5ea02a9ec63,"Centerville Pioneer Cemetery",Q5060136,"California","United States",9ec427df-ae32-40a1-b55a-fdad8d352ddd,"Centerville Pioneer Cemetery",5,"Fremont","United States",ChIJg5Jit5u_j4ARr4W4-X4GUtw,35
9f5c1c46-0468-45aa-8eac-aeb070a6d4e7,"Central Cemetery in Szczecin",Q1589477,"Szczecin","Poland",bc7b4477-5989-422a-8005-a8f80b405072,"Central Cemetery in Szczecin",4.7,"Szczecin","Poland",ChIJewhNltUIqkcReXKGd1pPTEw,42
2e470ba7-b9a6-42a5-b340-3203027837e4,"Central Cemetery of Bogotá",Q2972505,"Bogotá","Colombia",7a68b935-a894-416a-b725-2a787d5a7969,"Cementerio Central",4,"Bogotá","Colombia",ChIJbSmHfCqaP44RiG7lK14yrAA,42
5393912b-6d3d-45df-8493-25d871abb0ca,"Central Heating Plant",Q5061162,"Washington, D.C.","United States",81dae49d-ff8c-4d76-95fe-0419b92a6c3a,"Central Heating Plant",4.3,"Washington","United States",ChIJYRARCRy3t4kRmJJ--U6uEHU,49
51f4549c-07f7-48e4-812d-0b1c663569c9,"Central Library, Des Moines",Q66042452,"Des Moines","United States",1b9b0626-3421-4309-bb35-84f140892771,"Des Moines Public Library - Central Library",4.4,"Des Moines","United States",ChIJ-bJ73wKZ7ocRDUXOjOmHx6w,11
7ba861aa-5b85-4dfa-89dd-86cc00f8987a,"Centre Georges Pompidou",Q178065,"Quartier Saint-Merri","France",c4fd27e0-8738-44bb-a3e3-0ae24960488f,"The Centre Pompidou",4.4,"Paris","France",ChIJoyC4CRxu5kcRRTPcWX5srLc,0
0868c7cc-7132-4448-9e6f-c72ef1bf29bb,"Centre International de Congrès de Tours",Q2945812,"Tours","France",89da84eb-e7ef-4e20-b592-657432468392,"Le Vinci | Tours Congress Center",4.4,"Tours","France",ChIJ0bvM_rTV_EcRI20qqyOBTyA,19
6f6fd5f0-59cb-48a9-b53d-5017be36f3ab,"Centro Comercial Aragonia",Q5761063,"Zaragoza","Spain",39be13f1-55e3-4ddc-b828-a576c686c857,"Aragonia",4,"Zaragoza","Spain",ChIJO0lpkC5rWQ0R1qZxM6KIVEg,26
c15faa6c-a095-47b6-bdec-26565a89070c,"Centro Direzionale di Fontivegge",Q104902186,"Perugia","Italy",71f640a5-546b-45fb-ac73-ad1d9217e637,"Centro Dirigenziale-Residenziale-Commerciale di Fontivegge",3.2,"Perugia","Italy",ChIJ66yRPZGgLhMRkLFk9fDjmGg,34
ffac9f4f-bdab-4e5d-aee2-3efc54d3fd3f,"Centrum LIM",Q769503,"Śródmieście","Poland",1881a19f-d364-49fb-8984-62a1dfec7ab6,"Centrum LIM",,"Warsaw","Poland",ChIJl_XEppLMHkcRYOy3ngNwM68,47
6b73efd9-3aa6-4179-aaa5-9302b5a65e4e,"Ceramics Park Mino",Q11314499,"Nagoya","Japan",6a8e7b09-9dfd-4132-93b2-27175fa513fd,"Ceramic Park MINO",4,"Tajimi","Japan",ChIJbeLUwOxBA2AR4MhHHf-3C0s,62
77706c4c-6416-40ed-a746-b6cdb4198ba7,"Certosa di Bologna",Q3671680,"Bologna","Italy",7b0a4cbb-ee66-45c6-b7ca-8c2c64bea79f,"Certosa di Bologna",4.6,"Bologna","Italy",ChIJ_cDIU2bUf0cRmLWrfRdGlXs,87
7c1ed0b4-5a8c-47e6-8e2f-582bc93fab5b,"Champeaux cemetery of Montmorency",Q24545,"Montmorency","France",50c9b1b2-9be3-4d2a-97df-0dccf20f61b5,"Champeaux cemetery of Montmorency",5,"Montmorency","France",ChIJIy8twEho5kcRIlIRQ9v84vI,40
d2d1c1d9-67ab-43be-922f-ddd8c926699a,"Champmol",Q922303,"Dijon","France",eb4ae922-b98f-44c9-b885-16bec4f0fc25,"Chartreuse de Champmol",,"Dijon","France",ChIJr0dDw5id8kcRRyI3zrfWHfc,80
42851cb2-e292-4cae-91c1-37d054b00bf0,"Champs Bruley cemetery",Q2972586,"Besançon","France",91717a83-ec15-40d0-b09d-1ae3bd22be41,"Champs-Bruley cemetery",4,"Besançon","France",ChIJr0yVPQ5jjUcRaOmmjoi7gQI,101
0729a13b-5a6b-4cf8-9107-909fff7cc9cf,"Chanin Building",Q2956104,"New York","United States",3485ca53-d0ea-4398-9bd6-9fb151e90b3f,"Chrysler Building",4.6,"New York","United States",ChIJeWPFRwJZwokRGD60OOo74RU,57
1137caea-a213-422c-8852-0413f159ba0a,"Chapel of St. Mary and St. Nathalan",Q5073086,"Aberdeenshire","United Kingdom",f968b894-26c9-43bd-aa96-710a61817427,"St. Mary & St. Nathalan Chapel",4.6,"Stonehaven","United Kingdom",ChIJRQGsNBMchEgRHuEc_tFrubE,4
aab71503-4ac5-4f1d-afa8-a05a52c05c75,"Chapel of Thanks-Giving",Q124117919,"Dallas","United States",a89e6509-01a2-404c-b30c-716e224a7b14,"Thanks-Giving Square",4.6,"Dallas","United States",ChIJTdYbDiKZToYRWSvYXHV9IQY,14
76231c1a-23c1-4308-96cd-8e7ab9ff9f54,"Chapel of the Chimes",Q5073099,"Oakland","United States",c8e49208-fa19-4c17-982f-57d7c1c3c985,"Chapel of the Chimes Oakland Funeral, Cemetery and Cremation Services",4.7,"Oakland","United States",ChIJs_zbp_N9hYARcw5m49PEdPo,46
83b9709c-1a2c-4928-b92b-eb0a7d41808a,"Chapel of the Pines Crematory",Q5073118,"Los Angeles","United States",ce0b4f86-df63-42b6-ac30-6c54a44a2936,"Chapel of the Pines",3.3,"Los Angeles","United States",ChIJD3nrvojHwoAR_OZcFOfPUg8,15
740b714e-f1ff-4261-abd2-e3230b83f1f8,"Charles Bridge",Q204871,"Prague 1","Czech Republic",3ecaa238-40b7-4556-b5f7-11aca20d47ad,"Charles Bridge",4.8,"Prague 1","Czech Republic",ChIJn7WO5eWUC0cRJrHT0TiXIHU,57
6cbc3c30-5abc-44ab-93c0-102f2fd80fa2,"Charleston Baptist Temple",Q5084105,"West Virginia","United States",867c51de-734e-4d3f-b0bc-c5a799fe5e72,"Baptist Temple",4.6,"Charleston","United States",ChIJOSNn-sgsT4gRPAtN33-EvyU,71
60fa83e4-51fb-43e8-8a3d-d4399f7bc7c9,"Charlottenhof Palace",Q674963,"Potsdam","Germany",179e64c9-a995-40ad-a11d-65afc179b7f9,"Charlottenhof Palace",4.5,"Potsdam","Germany",ChIJj4sjhDb0qEcRnS8E-oNLbr4,40
690b65fa-9c86-4153-85ff-70c2aa997179,"Château de Chambord",Q205367,"Tour-en-Sologne","France",2579a3fb-cf4b-40da-ae4e-6c3eaf4a6511,"Château de Chambord",4.6,"Chambord","France",ChIJISi4ftOt5EcRcSgOYXWwH20,48
9c2cc81b-b195-40ea-8de6-f8583768f4f3,"Chelsea Garden Cemetery",Q5090077,"London","United States",b7133be2-2f88-4fbc-9f45-651a3b14156a,"Garden Cemetery",4.2,"Chelsea","United States",ChIJOUVF-7Nx44kRU1U7gNVAIrA,51
89d8b654-8d69-4b3e-a58e-c89fbddad8f9,"Chester Cathedral",Q2559480,"Chester","United Kingdom",8ed4b0b6-f7d2-4737-b6ad-5f7b7770c862,"Chester Cathedral",4.7,"Chester","United Kingdom",ChIJJZ9I8kjdekgRZGBkT65i5hs,58
6d73f132-cfb0-4ddf-a368-e3194fdbed22,"Chicago Board of Trade Building",Q2224700,"Chicago","United States",1e78e5b1-470e-4af2-b264-1beee4349463,"Chicago Board of Trade Building",4.6,"Chicago","United States",ChIJxXdiNbwsDogRD9QuRBqUa_4,87
794e735f-b467-478d-9267-2af7125d15bc,"Chief Wapello's Memorial Park",Q5096952,"Wapello County","United States",5f472555-c2b8-431d-b8f8-de3259603a74,"Chief Wapello's Memorial Park",4.4,"Agency","United States",ChIJtZ1M_2YX5ocRFSguUOOMz8s,73
687b14d6-cc41-4901-a1a8-ec643799bee7,"Christ Church Tashua",Q5108900,"Connecticut","United States",49a338ff-6752-411b-9b24-72fa52932d0c,"Christ Episcopal Church",4.6,"Trumbull","United States",ChIJYbbvtWUI6IkR96ZQKIRp9GY,72
9feddb1f-36e2-4974-87cd-ac44e4088c94,"Christchurch Town Hall",Q5109102,"Christchurch City","New Zealand",61606e91-de5e-4488-a5df-0269b097843b,"Christchurch Town Hall",4.7,"Christchurch","New Zealand",ChIJAdez9TqKMW0RAuIeZOzkzSU,77
72236ff6-bb0b-4748-bcda-721e8b789447,"Christian Dior Building",Q125393713,"Tokyo","Japan",87cdaaf5-c788-49c9-a47a-34abfd5e7353,"DIOR Tokyo Omotesando",4,"Shibuya","Japan",ChIJzVqR6ICNGGARu5koCQyRlpg,9
78bb506a-9d8f-4abc-a243-15c98f612784,"Chungkai War Cemetery",Q2301176,"Tha Makham","Thailand",a799bcb1-41a3-4f7f-b85d-3e98770e3185,"Chong Kai Allied War Cemetery",4.4,"Mueang Kanchanaburi District","Thailand",ChIJx2ZmK2Nz4zARsGWU3ouHG2U,107
9c5c5c43-9c86-42ca-8c1e-1fc084aa04b9,"Church of Colònia Güell",Q2160663,"Colònia Güell","Spain",93a0df4b-62f4-4a4e-aeb0-fd35f648983f,"Cripta de la Colònia Güell",4.5,"La Colònia Güell","Spain",ChIJSQjfYgmbpBIRhQB-ZudasG8,12
94905226-5e1a-4666-bc50-8f0cdf908ec2,"Church of Notre-Dame-de-Bonsecours",Q3580202,"Nancy","France",7d93a5e4-e65b-4259-9d65-07f5b89e207e,"Our Lady of Bonsecours Church of Nancy",4.4,"Nancy","France",ChIJU41EuVmYlEcR92GsOlABmww,6
89d73c1a-9fb4-4193-8139-5c0489626ed3,"Church of Our Lady",Q157229,"Dresden","Germany",18f05236-7939-4c42-bbd5-ef6e1fd56c36,"Frauenkirche Dresden",4.8,"Dresden","Germany",ChIJT31SqELPCUcRo6nGHP5ePWM,18
251cb2de-a021-45c6-ac05-23394f1a3a8c,"Church of Saint Roch",Q5418235,"Venice","Italy",8a831d66-6925-49ce-a936-492f48ea477f,"Scuola Grande di San Rocco",4.8,"Venice","Italy",ChIJLS-2B8axfkcRYcksJO3KDpw,42
8d395f8f-6126-4eb6-bbfa-116f148afdec,"Church of San Fermín de los Navarros",Q5117094,"Chamberí","Spain",c4a13a30-b185-46eb-91bf-4092982bac8d,"Parish Church of San Fermin of the Navarros",4.5,"Madrid","Spain",ChIJ6c2qp5IoQg0RJA0LzXn1Wwg,14
68e43bb3-3386-410d-95fa-a1b1aee4c343,"church of Santa Cristina",Q5911546,"Madrid","Spain",97c86f43-ad17-4616-ab1b-4d93b6873fc8,"Parish of St Christina",4.6,"Madrid","Spain",ChIJOUozJAooQg0R5IzES4iTyLc,11
5c7e3092-00c1-494a-bad6-61e767564b6c,"Church of Santa Cruz",Q5912532,"Madrid","Spain",c1ef94c7-aeff-43ee-bc89-2b9ebaafc2ed,"Church of Holy Cross",4.6,"Madrid","Spain",ChIJX5OLpn8oQg0RbzIhzLN_Fjk,12
90a00054-2503-4768-aabb-6e6d3f8f3c80,"Church of St. Augustine",Q3581005,"Forest","Belgium",e54f1c19-0bfe-42c9-8d24-d647029c4264,"Saint Augustin church",4.2,"Forest","Belgium",ChIJwQgzZk_Ew0cRUETrfCZAYAY,20
774f6746-f5fa-493c-a1ad-e1f90749bfbc,"Church of St. Elisabeth",Q579043,"Bratislava","Slovakia",a79e54bd-9a47-48eb-8e2b-5a852e197567,"The Blue Church - Church of St. Elizabeth",4.6,"Bratislava","Slovakia",ChIJ2Y8aBUGJbEcRNr6_VUhI9k0,2
63985521-adf3-419b-b8f7-b8e1ba94fd75,"Church of the Transfiguration in Tarnogród",Q11745759,"Tarnogród","Poland",40c9e571-8c17-4efb-a852-4fe94bfe02ca,"Parafia rzymskokatolicka Przemienienia Pańskiego",4.5,"Tarnogród","Poland",ChIJFZxtiwG0PEcRQeOpBJlyDf4,40
68727388-9fcc-40a3-a955-52548d23d344,"Church of Virgen de la Paloma and San Pedro el Real",Q5912503,"Palacio","Spain",9629e106-f50c-4f06-ad84-21d3c84bf5c9,"Iglesia Virgen de la Paloma",4.7,"Madrid","Spain",ChIJOzoDmlsnQg0RRMovo6lLpG4,32
8c54011d-526c-45c5-a483-cf3742fb2cf5,"Cimetière attenant à l'église Saint-Vivien de Romagne",Q2972495,"Romagne","France",1eaadfda-1f3c-4ca2-8748-25b334648733,"Cimetière - Eglise Saint-Vivien de Romagne 33760",,"Romagne","France",ChIJg92SP5dDVQ0RRz77ai4L1rU,2
8621d292-7145-4c19-b59c-233ca1157833,"Cimetière de Bosc",Q2972507,"Saint-Prix","France",591d8a98-55c0-4f54-9139-ff347d0c2b21,"Cimetière de Bosc",4.8,"Saint-Prix","France",ChIJ4WaWKExd5kcRTTNbjMA6os0,41
913869d2-78c9-49a8-a2eb-147245a42370,"Cimetière de Neuilly",Q2972541,"Valravillon","France",4b664544-7347-40c1-b3fb-aac80c38867d,"Cimetière",,"Valravillon","France",ChIJGzyTgLRT7kcRwaN75l9iahE,23
6e7024dd-90af-4094-b06e-d9b5e9639cfc,"Cimetière des Arabes de Nessadiou",Q2972584,"Bourail","France",471fa1fc-2850-491b-990f-f6439d5ecd4f,"Cimetière des Arabes",5,"Nessadiou","New Caledonia",ChIJ__-_WRSYnW4R30MDYWQRaj0,13
8d18eaf5-2fee-45dc-8881-88e5d5a749df,"Cimetière des Carmes",Q2972588,"Clermont-Ferrand","France",4bc3bcc0-ba22-42e4-8dfe-9323840ad5f9,"Carmes Cemetery",4.5,"Clermont-Ferrand","France",ChIJIaF24lcZ90cRryZWPCMB1U8,126
7a1ac763-0b61-4210-9daa-9ea6299d564a,"Cimetière juif de Saint-Rémy-de-Provence",Q2972619,"Saint-Rémy-de-Provence","France",9da55276-9692-45bb-ba4c-263674d4ce1d,"Cimetière Des Juifs",4,"Saint-Rémy-de-Provence","France",ChIJr7ijeBPktRIRdlwK1ir7yJg,19
86cff296-e626-4f81-982b-b5c53c4857bb,"Cimetière Marin, Sète",Q2972633,"Sète","France",99b5fc16-67b3-4a3a-bd80-1def39a219ee,"Cimetière Marin Paul Valéry de Sète",4.6,"Sète","France",ChIJx2FoE7A1sRIRwnR--qRUlYU,20
a5c19836-a85f-4d46-88d8-631c61c05fcc,"cimetière militaire belge d'Eppegem",Q740027,"Zemst","Belgium",dff38564-ab91-4317-8b27-c603afd55f43,"Belgische Oorlogsgraven Eppegem WO-I",5,"Zemst","Belgium",ChIJl6_fAbXnw0cRUV5Ic5hkJxo,50
9884a71f-386a-4612-afe3-9f0b6c01e0f1,"Cimetière Saint-Louis de la Robertsau",Q2972464,"Strasbourg","France",95589679-4a99-4bcb-8aad-2f47d27a4696,"Cimetière Saint-Louis de la Robertsau",2.3,"Strasbourg","France",ChIJRdC3q5PIlkcRGGnLcVbP8g0,74
82f180a5-e509-4485-866f-df3bd21045bf,"Cimetière Sainte-Hélène de Strasbourg",Q2972478,"Strasbourg","France",67b4727f-e793-4054-97e2-eb7e023e5822,"Cemetery",2.9,"Strasbourg","France",ChIJVVVVOUDIlkcRaKIzb1xbKgw,30
7c0e197a-4638-4b90-a576-d7ecc636ea94,"Cimetière Sainte-Marguerite",Q2972484,"Paris","France",669b6c23-27b3-42d5-b058-4d71b0c2ead5,"Church of St. Margaret",4.6,"Paris","France",ChIJLdP0BAly5kcRQWwKLUljL1Y,27
5bbafbca-f183-4e09-a854-bfebde41fa9f,"Cimetière Sud de Saint-Mandé",Q2972482,"Paris","France",00d8bfaa-189b-4d37-a838-ca44fae36545,"Cemetery Sud de Saint-Mandé",3.6,"Paris","France",ChIJ-V59iIpy5kcRcByJOBmx3BU,48
a1fd3818-6e73-4066-ac4d-a7fb8c046f6a,"cimitero dei Cappuccini (Palermo)",Q3676915,"Palermo","Italy",e2232b24-b4ae-4754-a909-13bc4df84780,"Catacombe dei Cappuccini di Palermo",4.3,"Palermo","Italy",ChIJAbBCq2XvGRMRdn8cRrtvzUc,90
b16d05a8-78ce-4f15-93e3-aad8e293a03f,"Cimitero della Purificazione",Q3676923,"Livorno","Italy",95e96206-649a-4b1a-a942-a0940743dda4,"Cimitero della Purificazione",3.3,"Livorno","Italy",ChIJyZ2_bQDp1RIRLm5rjohOWEI,77
12ef6f18-cc4c-4327-a76e-059bfd9cc1aa,"Cimitero Flaminio",Q3676869,"Rome","Italy",c5bc44fa-bbd7-4921-bf8f-3b9a9d1a4587,"Prima Porta cemetery",2.1,"Rome","Italy",ChIJT0Vb3TpmLxMRo3-PuPH2DOY,14
8fdd9f63-57b1-4185-9a29-47cd0425d07c,"Cimitero Monumentale della Misericordia, Antella",Q3676888,"Bagno a Ripoli","Italy",bbeb8dc0-a5ca-454e-9543-b555dba6516b,"Cimitero Monumentale Misericordia di Antella",3.8,"Antella","Italy",ChIJg-NYMSFTKhMRipDg9wOhKZ0,34
7b61194d-49b3-4e7a-bc61-13d599881842,"Cimitero monumentale di Caltagirone",Q3676890,"Caltagirone","Italy",9c133eee-b5d7-481f-88f9-8a38a78e1ffe,"Monumental Cemetery of Caltagirone",4.7,"Caltagirone","Italy",ChIJ4Q8qijwOERMRSGbCpZeBi5g,35
801c04a7-733f-4dc8-9ff1-bccc76d3b164,"Cirencester Amphitheatre",Q5121861,"Cirencester","United Kingdom",b9a1d2f2-9e70-40df-903e-c7552c9efcb3,"Cirencester Amphitheatre",4.1,"Cirencester","United Kingdom",ChIJ7TKbS6oVcUgR93H5iZkdIXQ,80
45e50ef4-314e-42f6-b635-77b2f106f366,"Citigroup Center",Q391243,"New York City","United States",51fb9da5-6f3a-4a1c-856b-c62e7761e018,"Central Synagogue",4.8,"New York","United States",ChIJxyGbz-RYwokRB7VDxglDybc,104
a4486ad0-9803-4e79-bb2f-24c337cdef77,"City Green Court",Q53757296,"Prague 4","Czech Republic",9f021d88-38dd-460c-b183-7a517e359f3e,"City Green Court",3.9,"Prague 4-Nusle","Czech Republic",ChIJdzdBXnSUC0cRlkCPt-W3H3o,50
5d77460a-08a0-4aa0-9788-1357eababd1d,"City hall of Texel",Q113563932,"Texel","Netherlands",88055449-57a8-4b47-92dd-c8e5f50d9483,"Municipality Texel",3.8,"Den Burg","Netherlands",ChIJOdPqzcAwz0cR2J1iQz_aej8,25
4a188519-9710-498b-b5b3-630723720845,"City Tower",Q3489939,"Nusle","Czech Republic",9f021d88-38dd-460c-b183-7a517e359f3e,"City Green Court",3.9,"Prague 4-Nusle","Czech Republic",ChIJdzdBXnSUC0cRlkCPt-W3H3o,73
94aa7fd9-3a33-4d68-9ac8-4dcbed691a55,"Clairmarais Churchyard",Q2024077,"Clairmarais","France",5506d1e4-da42-46c9-9c30-5167dae2b149,"Cimetière de Clairmarais",5,"Clairmarais","France",ChIJ__8DuBr53EcR25wMEm0eSMg,46
acd70e54-c70c-4282-9fbe-55bdbd9f1e79,"Clay Street Cemetery",Q5129988,"Alaska","United States",8b78b73c-4abf-462b-85d8-3ec581a43333,"Clay Street Cemetery",4.5,"Fairbanks","United States",ChIJHeSXeqRFMlERBp6qrfRXlTs,83
39cf8377-cbd9-487e-908c-e174577ea129,"Clore Gallery",Q98929280,"City of Westminster","United Kingdom",e2d15b11-a552-469b-96da-426a8bb2b39e,"Tate Britain",4.7,"London","United Kingdom",ChIJvWjCxekEdkgRoCgQVJHZH_U,71
65744c59-fd61-4485-a4e9-ec6859b4b2b4,"Cmentarz Żołnierzy Radzieckich w Piotrkowie Trybunalskim",Q976237,"Piotrków Trybunalski","Poland",5cb9a994-f724-41cb-94a8-5f4ff10fe0ba,"Cemetery of Soviet Soldiers",4.3,"Piotrków Trybunalski","Poland",ChIJ6WhMs1yKGUcRetoslApx0as,21
865addad-8076-4684-b1b2-ef65140b85f9,"Cohasset Central Cemetery",Q5141308,"Cohasset","United States",1873c01a-1d04-4a6d-8e59-4f807c86ac36,"Central Cemetery",,"Cohasset","United States",ChIJ8cEyYgBd44kRrEyaMLOvReo,2
0e21a397-5b51-464c-92cd-43f659cea6b3,"Colegio La Salle-La Paloma",Q54157589,"Palacio","Spain",9629e106-f50c-4f06-ad84-21d3c84bf5c9,"Iglesia Virgen de la Paloma",4.7,"Madrid","Spain",ChIJOzoDmlsnQg0RRMovo6lLpG4,39
82d05536-f9b3-47f2-8e1e-4abce51baed5,"Colegio mixto La Salle-San Rafael",Q27031547,"Gaztambide","Spain",a803a363-888a-42ed-8602-d0296464475f,"La Salle College - San Rafael",,"Madrid","Spain",ChIJ6QbjtUIoQg0RQdpW2W9Eci8,24
8bf003b9-f5c1-46be-a9a1-8c25f0ab0c6a,"Collegium Stomatologicum w Poznaniu",Q9195464,"Poznań","Poland",8d505fd8-f06a-4483-ba53-9b185edf42a0,"Uniwersyteckie Centrum Stomatologii i Medycyny Specjalistycznej Spółka z o.o.",3.4,"Poznań","Poland",ChIJfwe628VEBEcRWWqGo-snUSI,18
7fa44f25-5e16-40e6-b1ab-d3738a54106f,"Concertgebouw",Q849957,"Amsterdam","Netherlands",b84f4aaf-a3ac-4341-b696-b276dbeea92e,"The Concertgebouw",4.8,"Amsterdam","Netherlands",ChIJw6RppvoJxkcR6ZFbJ2aUYDM,6
a95aa848-1254-4338-aa1a-d890dafcb505,"Concord Free Public Library",Q5158795,"Concord","United States",b6406250-945e-445f-90ab-94180f373f82,"Concord Free Public Library",4.8,"Concord","United States",ChIJQau3rkCa44kRSJ8ooPYKNMA,105
97c549f6-018c-4689-ac55-e97b9cc03a00,"Conde-sur-L'Escaut Communal Cemetery",Q2842436,"Condé-sur-l'Escaut","France",cc95777d-cabb-4fd3-adcd-a598ac638fb7,"Conde-sur-l'Escaut Communal Cemetery",4,"Condé-sur-l'Escaut","France",ChIJaQzotpP6wkcRQrDqTMW8YbY,97
774a9c75-0fd4-4064-9fa9-0b54881c633e,"Contrabands and Freedmen Cemetery",Q5165631,"Virginia","United States",b835f630-6543-42cf-a102-96b1e6d8ac72,"Contrabands and Freedmen Cemetery Memorial",5,"Alexandria","United States",ChIJQ0gH4lGwt4kRs_K1XzDY7SY,16
6ea658b3-2c3d-4158-9f7d-6be0e57e2521,"Crematorium, Csömör",Q876327,"Csömör","Hungary",76613367-043b-4c43-89d5-a8438a78df46,"Csömöri sírkert és hamvasztóüzem",3.6,"Csömör","Hungary",ChIJB_FjdqbFQUcRECrTUj6pmNs,41
60df4153-08fe-47f8-84d2-9dc2092dfbea,"Cross Bones",Q5188236,"London Borough of Southwark","United Kingdom",ae0e6329-77cc-48c3-9498-7a873d1d9318,"Crossbones Graveyard & Garden of Remembrance",4.6,"London","United Kingdom",ChIJmdtwBFgDdkgR19w2JwWoX4s,58
8a8d87f7-32bf-4a1b-87ea-13e395a96c22,"Crosstown Concourse",Q55150,"Memphis","United States",fc27e627-7b40-4a06-8587-ce7cb392a5b0,"Crosstown Concourse",4.7,"Memphis","United States",ChIJL2F4iz5-1YcR2XcbeJKHNrk,105
781a28f3-cace-4316-abd8-7cd3646ed9bd,"Crowne Plaza Copenhagen Towers",Q5189539,"Copenhagen Municipality","Denmark",6ffa2306-28e0-4a33-8a0c-53fee44ab91b,"Crowne Plaza Copenhagen Towers by IHG",4.3,"Copenhagen","Denmark",ChIJm804NLhUUkYRx4rp2lBLj_c,30
8b227868-5007-4a3c-8da5-9a6b29e5faf2,"Cuvilliés Theatre",Q532191,"Altstadt-Lehel","Germany",a08957d8-230d-4da6-8725-d7bf1b70a510,"Cuvilliéstheater",4.6,"Munich","Germany",ChIJrWV_DYx1nkcRpcw2bw86x-4,102
771f42db-7d7f-4c74-9fb2-d48ddc317219,"Cypress Hills Cemetery",Q2972519,"New York","United States",a29d1f7b-a3b7-4460-a1c4-0050f86cfdd3,"Cypress Hills Cemetery",4.2,"Brooklyn","United States",ChIJmwon2cRdwokR748SlxbahHY,127
6ef8fe3a-80a9-43e3-aef7-a01e035a6cfa,"Damariscotta Baptist Church",Q5212000,"Maine","United States",21da62d7-aa5a-4ee4-96a8-1b566f62b22d,"Damariscotta Baptist Church",4.6,"Damariscotta","United States",ChIJbZiiyNGUrUwRja3U3wyIX88,59
4cd07c91-8774-46c4-9984-35f51339bc01,"Dancing House",Q244816,"New Town","Czech Republic",07b916de-b6a5-472e-b82f-b08631b2e61e,"Golden Angel",,"Prague","Czech Republic",ChIJ_6Rnw_aUC0cRhXZwSukq1fM,0
a4a32551-4b23-4faf-9d69-cb903b69ca9c,"Dänische Botschaft",Q125398396,"Tokyo","Japan",ac7625e1-5ff2-4767-9ec2-d59208c6081b,"駐日デンマーク王国大使館",3.9,"Shibuya","Japan",ChIJ1aUTo0-LGGARHxcG5XWazR0,11
af54ea2b-2094-4d9b-8453-2a2a64bf3d3d,"De Nieuwe Noorder",Q2118448,"Amsterdam","Netherlands",9b7010db-291e-447f-8b84-0a2a6e35004e,"De Nieuwe Noorder",4.2,"Amsterdam","Netherlands",ChIJMZdvj18IxkcRZ_FpdvNibVk,84
8aff3038-ba58-4e90-b4dc-f846f8f31834,"Defence Forces Cemetery of Tallinn",Q5251189,"Tallinn City","Estonia",98e83f28-900c-4996-84d4-5c5985c5fce9,"Defence Forces Cemetery",4.3,"Tallinn","Estonia",ChIJa1SCX6WUkkYReZHq_2Dlg9o,49
be2a5950-6242-4c8c-8082-adf44bfc8db6,"Delano Hotel",Q5253151,"Miami Beach","United States",8132d3ab-0765-4dbf-8f86-46c029f888fc,"Kimpton Surfcomber Hotel",4,"Miami Beach","United States",ChIJqVoHd5u02YgREY2u2yRDZWM,106
9db67e60-0186-4c25-a3ad-e7dd7e2fec04,"Delettes Communal Cemetery",Q2287833,"Delettes","France",880cb2ab-617f-453d-b45b-d8bbab55a403,"Cimetière",,"Delettes","France",ChIJB2Y63o6q3UcRZRMe86fVLgk,7
5fd9438d-5f50-4878-8dac-f7d69d7aec49,"Delsaux Farm Cemetery",Q4891370,"Beugny","France",0093de04-029a-4a8f-8104-13fb489637d2,"DELSAUX FARM CEMETERY, BEUGNY",,"Beugny","France",ChIJ10GLLrFT3UcRNRkTwFwmdiI,34
5ec0361c-ea8e-4d37-90f0-cb590fdc100a,"Dickson County War Memorial Building",Q39050676,"Dickson","United States",3b6a950b-691f-4281-ae9a-25c7b3e0efe5,"War Memorial Building LLC",,"Dickson","United States",ChIJ9yO9tw-wZIgR90DHb-yxE34,35
437c142b-3eac-4aaf-a943-d30227035127,"Diözesanmuseum Paderborn",Q1363869,"Paderborn","Germany",564957e2-3599-4d40-b31c-c162e994ec80,"Paderborner Dom",4.7,"Paderborn","Germany",ChIJNcdCfJZMukcRKmpKXWbeZGI,92
dc416798-3f26-4307-85cb-8eee710872e9,"Doge's Palace",Q189883,"Venice","Italy",2b31e163-358a-45fc-b523-6c1312ebb379,"Saint Mark's Basilica",4.7,"Venice","Italy",ChIJv2xSZNexfkcRBaKsgyfVEgo,126
9d461c33-f7a7-4946-b054-1f67a055d06b,"Dom- und St. Magnifriedhof",Q1236500,"Brunswick","Germany",23d0edd4-137c-4bd5-b96e-6bf39297fbe6,"Magnifriedhof cemetery",5,"Braunschweig","Germany",ChIJKe7XLMP1r0cR5RH_PpBy1cw,42
deb30227-ae7a-4757-8e01-6cfa547e4acc,"Dormition Cathedral",Q748910,"","",59e068bf-3d4d-4ce2-ac70-c9ac292709ed,"The Moscow Kremlin",4.8,"Moscow","Russia",ChIJc-UVs1BKtUYRaC6bPVq_hqg,58
7a4c11ce-807f-4fa5-8a43-c4bfb459c558,"Dornbacher Cemetery",Q1245599,"Vienna","Austria",d8df54ef-564f-4ad5-ab3f-22c5c7b3d7e2,"Dornbach Cemetery",4.3,"Vienna","Austria",ChIJq9iAR28IbUcRd6Krybhool8,36
66144b83-869a-4028-8283-4a58c3c3cd47,"Drottningholm Palace",Q208559,"","",8865d1d7-7b83-4346-a061-907d266f3c8e,"Drottningholm Palace",4.5,"Drottningholm","Sweden",ChIJTa8W3bl1X0YRWIg3JXEDljk,50
7566645f-7eae-417e-ae85-fd3e90649f30,"Drujba Sanatorium, Kurpaty",Q107332945,"Kurpaty","Ukraine",1fada4cf-54a1-4baa-a3c5-2cfb5c6d2259,"Kurpaty, Korpus Druzhba",4.2,"Kurpaty","Russia",ChIJU9ijMOzHlEARJyI1DNoFgfk,4
755657a1-7528-476f-8322-78b597316ce2,"Dulaney Valley Memorial Gardens",Q5313294,"Baltimore County","United States",9b0f0a10-ef2b-487f-8274-189c7bc41f57,"Dulaney Valley Memorial Gardens",4.2,"Timonium","United States",ChIJZ8O6h90NyIkRQPawsRnyjYM,56
6c10b3b2-9509-4b90-84ce-34aa886db526,"Dunfermline Abbey",Q2044924,"Fife","United Kingdom",2945ae60-df5b-4267-8538-7423aef08976,"Dunfermline Abbey and Palace",4.7,"Dunfermline","United Kingdom",ChIJq8RPIiHSh0gRC8OaBWmlPpM,33
c06155ad-07df-490a-bfcb-5376c6e6c01d,"DZ Bank building",Q1156269,"Bezirk Mitte","Germany",1be41b45-f45e-47ce-92b1-423fa6b4e58f,"Pariser Platz",4.6,"Berlin","Germany",ChIJzb2I9sZRqEcRIDcBMd4A51I,92
8126be6d-1104-496d-8b80-b7645b79b080,"East cemetery in Essen",Q2035474,"Essen","Germany",8d7abae5-7908-44a2-85df-da220754f093,"Ostfriedhof",4.8,"Essen","Germany",ChIJd3tyUDfduEcRBOIN0lfA_yw,63
a296a616-9157-4b1c-b549-52a070453558,"Eden Cemetery",Q5336824,"Collingdale","United States",06e72e7e-d40c-4bd2-804e-cbd273041f63,"Eden Cemetery",3.9,"Collingdale","United States",ChIJ0yec58LDxokRI29zoRT5iLE,124
5ed7f301-278c-49d7-a47e-71333eaa3e1a,"Édifice Marie-Guyart",Q273781,"Quebec City","Canada",d2acb72b-cab3-4a84-a509-b10d6174148e,"Édifice Marie-Guyart",4.4,"Québec City","Canada",ChIJ__8_A9iVuEwRiAeJAgGS8KM,69
0dcda549-3ea0-4ab5-b5c1-e256f084672c,"Edifici Colon",Q5338045,"El Raval","Spain",edd77156-f178-481a-b92a-14ee4ebbe772,"Parròquia de Sant Josep i Santa Mònica",4.6,"Barcelona","Spain",ChIJMW0IEleipBIR1yRti6kx9Y0,121
0f8ada4d-8882-43a8-9642-ba8228626da0,"Edifici Gas Natural",Q5338037,"La Barceloneta","Spain",b5678dba-a921-44f0-97ab-6354db49d670,"Tower Marenostrum",4.3,"Barcelona","Spain",ChIJK2ywCbyjpBIRAgbTPzFzxDs,29
90a8e8dd-d63f-45eb-8176-24ed527d0fa9,"Edifici Illa Diagonal",Q47166175,"Les Corts","Spain",83b61473-d68f-47e2-9bee-7298ef611a8a,"Chocolat Factory",4.5,"Barcelona","Spain",ChIJ688iLmWYpBIR44ejL1DQp6E,25
98957a7f-32b1-4eac-8bb5-7fb9c15a8689,"Ehrenfriedhof",Q1300082,"Wilhelmshaven","Germany",df0c0728-9220-4d14-9431-c3405ed6c907,"Ehrenfriedhof Wilhelmshaven",4.6,"Wilhelmshaven","Germany",ChIJX8jWooCTtkcRIu8-76M4o9M,94
8a46beae-60e5-4461-9397-f95e503ca9ba,"Ehrenfriedhof Elberfeld",Q1300090,"Wuppertal","Germany",95adc013-23ab-47fe-a202-d3db7b5096f7,"Ehrenfriedhof Elberfeld",5,"Wuppertal","Germany",ChIJVVVVoPfWuEcRhDF5EG8bEJc,43
88b5ee05-ece8-451e-bcec-d65f18a8a23f,"Ehrenfriedhof Heidelberg",Q1300095,"Heidelberg","Germany",8c3c7cd8-7211-49e4-8113-abb395e5ce15,"Ehrenfriedhof Heidelberg",4.8,"Heidelberg","Germany",ChIJkyc5TYXBl0cR93czxR6TukQ,80
62347eef-e16e-47cf-9a8d-a26d07e0d92b,"Ehrenfriedhof Kastel",Q120256,"Kastel-Staadt","Germany",3ee4a1d8-eeca-44ca-881b-4f211def709f,"Ehrenfriedhof",4.8,"Kastel-Staadt","Germany",ChIJOzh9wgxylUcRNK8I0SieNcg,87
97ec5fff-1a4f-4660-be08-dcbe1fccb4f4,"Ekenäs Castle",Q2240877,"Linköping Municipality","Sweden",c064cfdd-2a30-424c-ae70-63a7f59d89c2,"Ekenäs castle",4.3,"Linköping","Sweden",ChIJGdWgSIYTWUYRGHXGaQax3wk,42
b14261cf-6a68-4053-abf4-5354b6d87df2,"El Capitolio",Q1352908,"Havana","Cuba",b593832d-1030-4dc8-b985-9e070026f25b,"National Capitol of Cuba",4.6,"Havana","Cuba",ChIJeVjnWbp5zYgRBfWYEtxTRxo,37
a3fd3dd2-6f58-443e-9eea-f01e9fa4f2e1,"El San Juan Hotel",Q114267693,"Carolina","United States",fe407666-8a3f-4880-bc74-9cc627009935,"Fairmont El San Juan Hotel",4.6,"Carolina","Puerto Rico",ChIJX1t5_NtlA4wRuLwgT7A_evo,50
a5303a80-078a-47d8-84cc-47df16bce327,"Elbphilharmonie",Q673223,"Hamburg-Mitte","Germany",9ad7ec59-34d8-41de-ac98-d137c96eb392,"Elbphilharmonie Hamburg",4.6,"Hamburg","Germany",ChIJT8RwZwaPsUcRhkKYaCqr5LI,31
6423e33e-b2a4-4bb5-a083-5820d8548810,"Eliot Burying Ground",Q5361218,"Boston","United States",628bc137-c705-4499-964a-849a780c8140,"Eliot Burying Ground",3.3,"Roxbury","United States",ChIJ89wbkDt644kRM_BVpso7qy0,83
84fba0a0-d6c2-4f2b-8f3c-11abae79b0cd,"Elm Ridge Cemetery",Q5366309,"North Brunswick","United States",ac600a5e-e789-4f87-9623-b2f30e9b91af,"Elm Ridge Cemetery",,"North Brunswick Township","United States",ChIJq6qqu-zDw4kRxxSFz24LKX8,104
7113e6a2-345b-4bb1-88fd-5bc6d54e1c2b,"Elmsford Reformed Church and Cemetery",Q5366909,"New York","United States",1e9e1253-e489-4999-b0d1-15b175945480,"Elmsford Reformed Church and Cemetery",1.5,"Elmsford","United States",ChIJifHSWyKVwokRF-3F3TiWiBw,47
c0031f70-82d0-499c-ae01-9cc2ebd47d41,"Els Quatre Gats",Q1333395,"Gothic Quarter","Spain",130956d0-9d59-4632-b9db-36b67973ce68,"Mahalo Vintage Comtal",4.7,"Barcelona","Spain",ChIJM0u6lW2jpBIRT_p5NyIq0ac,103
a842fc66-3859-4eba-92ae-d8b3fefa318e,"Emery School",Q5370999,"Maine","United States",42ade17a-c1cb-4e18-ae4f-2908f4329f61,"Emery School Apartments",3,"Biddeford","United States",ChIJhd4kW1WkskwR0DkM1HfYtDQ,55
96bef4c5-582c-477f-9729-2b2f9f1fb778,"Engine Company 16-Truck Company 3",Q5377677,"Washington, D.C.","United States",f6aaa01b-597a-4efb-957f-51aa9eb642de,"DCFD Engine 16 and Tower 3",4.8,"Washington","United States",ChIJk3Jb95S3t4kRnZzw_zvdnHw,34
a2799819-d7ee-4e5a-ab43-4697ec75461c,"Enzenbühl cemetery",Q1457321,"Canton of Zürich","Switzerland",8ef165de-e2c8-41b9-b15d-ebbb02b690a7,"Friedhof Enzenbühl",4.6,"Zürich","Switzerland",ChIJK5hZ4yanmkcRurGH2A9sCgY,101
a41d7ac4-1426-4e4f-a4bd-7c5bfdbf1379,"Epinal American Cemetery",Q2190686,"Dinozé","France",49c79512-8d7b-468a-8cf1-367e862988ed,"Epinal American Cemetery",4.8,"Dinozé","France",ChIJNYeiLTChk0cRHldMLLTaodM,98
f5fac131-fb76-43ab-91d7-f7faba20284e,"Equitable Building",Q1347892,"New York","United States",9f8da492-7961-4396-ade7-e2daf14ef0b5,"Trinity Place",4.4,"New York","United States",ChIJ4_AAQhdawokRzbYlVLyzKlk,125
5fc51c47-fc28-4dcb-8831-ac4853bca245,"Erandio",Q3034969,"Erandio","Spain",392863f5-3438-4c01-a586-98dabcd44fbf,"Altzaga",,"Erandio","Spain",ChIJkVvvXIlaTg0RFVN5YVJ2VSk,44
b094ada4-6fea-4149-be2d-494824404016,"Erlacherhof",Q1355223,"Bern","Switzerland",911d15af-8a10-4f60-bccd-060d4db1e277,"Erlacherhof - Stadtkanzlei Bern",4.5,"Bern","Switzerland",ChIJzfipqsQ5jkcR0JjU9r5fwZ4,16
6a2dcfd4-dad7-4303-9561-b6861f263a7f,"Ernst & Young Building",Q24200092,"Rotterdam","Netherlands",316f63c8-4bcd-441e-8f2f-e4d939ae34bb,"EY Netherlands",4.5,"Rotterdam","Netherlands",ChIJnwqNj2czxEcR-tIZe10fz4E,8
9b79eae8-1b00-450a-b38e-a3c4891bb477,"Ernst-Happel-Stadion",Q185741,"","",8e518df8-e679-4f38-a730-48bbb199a12f,"Ernst Happel Stadium",4.4,"Vienna","Austria",ChIJ1Yw-7TkHbUcRcsdbHaSohv4,17
c19d28e9-9c4c-4276-89fd-290a515739d3,"Esplanada dos Ministérios, Bloco N",Q127605462,"Brasília","Brazil",699f1c97-0ce6-4b71-bf55-866352c94b5c,"Esplanada dos Ministérios Bloco O - Plano Piloto",,"Brasília","Brazil",ChIJR4xdYj07WpMRdlCP9NExwrw,97
2bb04d26-cab4-4cad-90ff-6ae3fa3a9aae,"Esplanada dos Ministérios, Bloco P",Q127605464,"Brasília","Brazil",699f1c97-0ce6-4b71-bf55-866352c94b5c,"Esplanada dos Ministérios Bloco O - Plano Piloto",,"Brasília","Brazil",ChIJR4xdYj07WpMRdlCP9NExwrw,93
9146daa9-f124-4f25-aa2e-b32458fc107d,"Estadio Centenario",Q498245,"","",d2cbacc2-3671-454f-bb27-cf33333c8f8f,"Centenario Stadium",4.5,"Montevideo","Uruguay",ChIJnzwpGgKBn5URwZFARjw7wkc,85
93e46812-99be-47af-b543-26678b579298,"Estádio Nacional de Brasília",Q336088,"","",8ff09bce-3206-48d7-bec2-1b5f2a088198,"Arena BRB Mané Garrincha",4.4,"Brasília","Brazil",ChIJN1m37vU6WpMRWwejOaKabv0,11
61e35921-98f5-4490-ad0f-7d41e5955e3a,"Estádio Serra Dourada",Q924172,"Goiânia","Brazil",6c2d55a6-1909-4c5b-9061-307854ee5080,"Estádio Serra Dourada",4.2,"Goiânia","Brazil",ChIJFwdJk6_xXpMRYMk6vW1ztSE,35
ae37d543-e2e0-41b5-b633-145ad6b71fb7,"Ethnographic Museum of Zagreb",Q502157,"Donji grad","Croatia",705ada5d-c228-47da-98f4-07877b28f2b4,"Ethnography Museum",4.5,"Zagreb","Croatia",ChIJn37zKvvWZUcRPZ7zxepG_yM,13
a9692fd9-7582-4499-bec3-5594ce8f889c,"Evangelical Cemetery of the Augsburg Confession in Warsaw",Q1379798,"Warsaw","Poland",9961919b-bf3a-4354-b5eb-b6a9600eb696,"Protestant Cemetery - Augsburg",4.9,"Warsaw","Poland",ChIJU5gfGnnLHkcRWp4jcLdjegs,64
60f64ebc-16ab-4606-b358-c3c700d42829,"Experimental Theater",Q15217115,"Mumbai","India",04d719b1-eb1f-4341-83ea-704e00678e3c,"Experimental Theatre",4.7,"Mumbai","India",ChIJz5Xbk-7R5zsRHjMaTIzCZDM,47
e5c73953-da81-4867-82e9-670c1c30059a,"Exxon Building",Q173498,"New York","United States",3c63d34c-7342-41b2-9966-c50957c7a199,"1221 6th Ave",,"New York","United States",ChIJ_TxAx_hYwokRtkjhBwd2sCE,85
89ab0809-caee-4db1-a191-deb94ff10e6b,"Fairmont Senior High School",Q5430605,"Fairmont","United States",75810003-5f53-4bb8-ba26-f0df3750fef2,"Fairmont Senior High School",,"Fairmont","United States",ChIJJ2n3NaJ8SogRwZTGoxyJ3t0,38
bbe13a69-74e0-42d5-86da-e2ed3a780671,"Fairmont Singapore",Q5430604,"Downtown Core","Singapore",d05fbb22-2c5a-428e-ab73-289c8f013782,"Swissôtel The Stamford Singapore",4.5,"Singapore","Singapore",ChIJfyNkh6YZ2jERjHsd_P-iL_M,86
7427e0a3-9782-47b8-a81a-faf9889f493f,"Fairview Cemetery",Q5430798,"Santa Fe","United States",b220abf0-4a32-4164-a8b1-3eab9a6064a3,"Fairview Cemetery",4,"Santa Fe","United States",ChIJ_80CunpQGIcRO_oQJ6NIsKA,34
765eb7ab-75f7-4a30-95cb-1fc85ee11156,"Favreuil British Cemetery",Q2746932,"Favreuil","France",f35574cf-5584-4eaf-aea9-02559567ce53,"Favreuil British Cemetery",4,"Favreuil","France",ChIJ9WgkqlBT3UcRWs-XolhZs-s,44
ad87e772-79d3-4d06-8d1a-451ed99be130,"FCG Building",Q10954019,"Tokyo","Japan",f6a5bd2f-d46c-4fc3-bb17-968f3ca7ad0b,"FCG Bldg.",4,"Minato City","Japan",ChIJw3qKQduJGGARWr0DnXUAjV8,57
8a32902c-d226-4432-95f1-c977f37b3fd5,"Feriköy Protestant Cemetery",Q5444318,"Şişli","Turkey",8a62cd2d-46cd-4950-984f-522f98fe9078,"Feriköy Protestan Mezarlığı",3.9,"Şişli","Turkey",ChIJwyIpbBG3yhQRdsmsXvfoEN8,10
809fb132-5a44-4bb3-addd-08dfa53a0732,"Festubert Communal Cemetery",Q2003083,"Festubert","France",8437a809-180a-4cb5-a434-b0106e658475,"Begraafplaats van Festubert",,"Festubert","France",ChIJbQjCDUAk3UcRkuthZTYggoM,2
b3957a0f-28c1-4f58-8ec3-b604eb2f5815,"First Congregational Church",Q5452826,"Waltham","United States",fbf09d16-d80a-4c60-a6eb-2b87dff57f66,"Waltham Public Library",4.7,"Waltham","United States",ChIJF4m6LtaC44kRHJpukSVJw3g,111
a92b2477-4caf-4586-b4eb-7779c95c1101,"first Goetheanum",Q71727917,"Dornach","Switzerland",216fa33b-d8fd-432d-8bf6-6ca6cecc1e3a,"Goetheanum",4.6,"Dornach","Switzerland",ChIJQe5O4XHIkUcRfMXX_lDCiwI,78
6474a585-0111-45db-a828-261f39c36ecc,"First Presbyterian Church Cemetery",Q5453657,"Knoxville","United States",afc3ed97-7b9b-420c-87a4-1af1e2beb0d5,"Knoxville First Presbyterian Church",4.5,"Knoxville","United States",ChIJGbhjnsYXXIgR2msJ9n_1Byo,7
41486221-184f-4cf1-bef8-83932b883e2a,"Fisherman's Bastion",Q493117,"Budapest District I","Hungary",94278085-53c6-413b-8eaa-14834acc023c,"The Church of Our Lady of Buda Castle",4.8,"Budapest","Hungary",ChIJ1yuefiLcQUcR1Uppb4xy0GI,69
a16f7005-13f2-4089-b814-8b00f61947d1,"Flanders Field American Cemetery and Memorial",Q2216737,"Waregem","Belgium",70daa688-da46-42c7-8eb2-91c07335e125,"Flanders Field American Cemetery",4.7,"Waregem","Belgium",ChIJlV9g33YWw0cReiWaLYbT-m0,26
741f413b-0903-44a7-8cd7-7b27b31af742,"Fondation suisse",Q646264,"Paris","France",98c7a0b3-c3cb-4577-9a08-8375409bcb99,"Fondation Suisse / Pavillon Le Corbusier",4.4,"Paris","France",ChIJ_zfjLKZx5kcRyUs9Ho5Eol0,3
5fb63e34-adc3-4238-b5cd-f3eeee279731,"Forest-l'Abbaye Churchyard",Q2757433,"Forest-l'Abbaye","France",a1cb8fba-c2ab-400d-9f26-bbab096b37a1,"Cimetière de Forest-l'Abbaye",,"Forest-l'Abbaye","France",ChIJuYcksc_t3UcRkJkw1nnFq9A,34
69a1e111-214d-4e5d-ac60-b65d95386b6a,"Former Mitsui & Co. Moji branch",Q11510897,"Kitakyushu","Japan",71b88396-540f-4002-ae01-db3ab9e09d39,"〒801-0852 Fukuoka, Kitakyushu, Moji Ward, Minatomachi, ７−7−1 北九州市旧門司三井倶楽部",,"Kitakyushu","Japan",ChIJHQm9PCmWQzUR4Ze12A0rR2U,76
a8c8ad8e-1999-48b5-a24f-91b2be781151,"Former Muto Villa, Kobe",Q11511082,"Kobe","Japan",05c9029d-4da5-4d1a-9cfe-b9f42fc75827,"Former Sanji Muto House",4,"Kobe","Japan",ChIJq6qaPDWCAGAROgJK1q-w3gQ,22
71686351-6c3a-4f9e-a929-19fc5c756167,"former Poznań Town Hall",Q53211,"Poznań","Poland",05a33bb3-0198-4812-9e17-4c513c6dcc63,"Town Hall",4.8,"Poznań","Poland",ChIJfXKkm7JbBEcRi8vsqqb8620,24
84697a85-d0da-4480-9530-af5023b9a1a3,"Former Sharp's House",Q515026,"Kobe","Japan",6e0dc04d-5262-4dab-b287-faec9baf082f,"Moegi House",4.1,"Kobe","Japan",ChIJtSXRSt6OAGARix8I7AsDBhA,2
7430ca26-079f-4e1f-97b6-c136418ff7f0,"Fouquieres Churchyard",Q2687892,"Fouquières-lès-Béthune","France",6af92d2b-af05-4336-a10d-11d8b652b8bd,"Fouquieres Churchyard Extension",4.8,"Fouquières-lès-Béthune","France",ChIJf6HanJwi3UcRGURIkEge-os,88
bd366ed9-5b97-4a79-8ff0-a410b1a5ea71,"Four Seasons Hotel New York",Q992616,"New York","United States",c45f2c03-4946-4d1b-b5e0-916061ca4c0b,"432 Park Avenue Condominiums",3.4,"New York","United States",ChIJcWLaDvBYwokR0jdNzD6Of5o,92
8087325e-d72f-46de-989f-237d98bf98ba,"Francis Buttrick Library",Q5480388,"Waltham","United States",fbf09d16-d80a-4c60-a6eb-2b87dff57f66,"Waltham Public Library",4.7,"Waltham","United States",ChIJF4m6LtaC44kRHJpukSVJw3g,27
7ae1d7d5-0a6c-409b-9a2d-3e65f85c5d15,"Franciscan Church, Salzburg",Q1450274,"Salzburg","Austria",e440f172-65aa-40f8-98bc-b5334bfa3010,"Franziskanerkirche",4.6,"Salzburg","Austria",ChIJZdnabG2RdkcRQH6XBsZGwIU,39
7aaaaeaa-a8da-4145-9e80-4b1b03a25df0,"Franklin County Courthouse",Q48791897,"Preston","United States",915dc0ac-d82f-4d90-ab5b-61ccb7604cdc,"Franklin County Court House",4,"Preston","United States",ChIJmX18DOv3VIcRqD-iJwpvduE,101
83fbffc3-26e6-4a1c-957e-f51ead749180,"Franvillers Communal Cemetery",Q2122239,"Franvillers","France",5db510d4-16f6-42a7-a67c-aabb0923ea33,"Franvillers Communal Cemetery Extension",4,"Franvillers","France",ChIJbTIvi_aK50cRKGfqxUeDSvk,44
6d2ac1bd-d29a-40c4-9f65-6dc53bb5fea7,"Frauenkirche",Q167193,"","",da479bb4-a197-45d8-b162-0b41b3f3cb53,"Frauenkirche",4.6,"Munich","Germany",ChIJl3iTk_R1nkcRWv8Z_6jCLAA,68
75f8293b-d324-4202-8e13-252a4057dd54,"Frauenkirchhof",Q1451779,"Dresden","Germany",18f05236-7939-4c42-bbd5-ef6e1fd56c36,"Frauenkirche Dresden",4.8,"Dresden","Germany",ChIJT31SqELPCUcRo6nGHP5ePWM,13
5946c7ac-5ba2-4d59-a1b6-291fecb71e4f,"French Embassy building",Q134893215,"Berlin-Mitte","Germany",1be41b45-f45e-47ce-92b1-423fa6b4e58f,"Pariser Platz",4.6,"Berlin","Germany",ChIJzb2I9sZRqEcRIDcBMd4A51I,62
8d2d9cb0-5c13-4b41-b1d0-8b909eaff474,"Fricourt German war cemetery",Q2972646,"Fricourt","France",7043c346-30db-4918-84e7-ce693994b9dc,"Fricourt German war cemetery",4.7,"Fricourt","France",ChIJ-dwl4mhY3UcRkIpsJYXzQN8,92
894d2884-fc99-4912-8397-a5a3eca84283,"Friedhof der Märzgefallenen",Q1457472,"Friedrichshain-Kreuzberg","Germany",24d1590b-dc30-40f0-a515-e4692c5f022e,"Friedhof der Märzgefallenen",4.6,"Berlin","Germany",ChIJRU9jEhNOqEcRQZ35eKIMcCg,39
b1488d4b-0d30-4a4e-a190-aa6cf564b964,"Friedhof Frankfurt-Unterliederbach",Q1457432,"Frankfurt","Germany",c0078283-14c3-4da8-ae22-77721af307b4,"Friedhof Unterliederbach",4.6,"Frankfurt am Main","Germany",ChIJ52Z3o8KhvUcRyM2G_zXvO8U,25
9efd186c-324f-415b-b5f8-83f7056db89f,"Friedhof Jammertal",Q1457357,"Salzgitter","Germany",474667fb-af1d-42df-9ed1-4e5a7c59c728,"Gedenkstätte Friedhof Jammertal",3,"Salzgitter","Germany",ChIJ3yyT7q1QpUcRlKbpRY4MxPE,75
9aa52d01-6da6-4430-b408-1b2b9f2bd9c8,"Friedhof Pankow VII",Q1457392,"Pankow","Germany",c2a47c91-436b-40ab-b44a-30fa850d81da,"Friedhof Pankow VII",4.4,"Berlin","Germany",ChIJ0wzU1wdTqEcRF72SfN_tNOM,56
8ffa3727-d3e2-425a-bc74-dc41617bade3,"Friedhof Perlach",Q1457399,"Munich","Germany",657e5b2f-ecc3-45df-8e0c-a992333640c3,"Alter Perlacher Friedhof",4.6,"Munich","Germany",ChIJDeRXd3fgnUcROfuQFliJ9B4,34
64a29be5-1557-4652-bcee-02bb3ad9a470,"Friedhof Solln",Q1457425,"Munich","Germany",01ff5c61-1310-4404-bb1a-bcdd6974442e,"Cemetery Solln",4.5,"Munich","Germany",ChIJb_bpvkjZnUcR91UiuCWRgNA,38
8bb9997a-a442-4a8e-afca-a81989c7b525,"Friedhof Wannsee, Lindenstraße",Q1457440,"Steglitz-Zehlendorf","Germany",0255b558-21f6-4606-a1f6-77466e663c4e,"Friedhof Wannsee, Lindenstraße",3.4,"Berlin","Germany",ChIJew0Yyu5YqEcRJFjXWqd7Tt8,36
86371db1-7590-4a4d-95e6-0e680fc8dc8b,"Friedhof Zehlendorf",Q1457449,"Steglitz-Zehlendorf","Germany",6d4a0615-a583-4a5b-aa82-cf470caccf9d,"Friedhof Zehlendorf",4.4,"Berlin","Germany",ChIJYbdgDC9aqEcRW0vnBVmwMUo,89
848a69bd-7f09-411f-a4df-92ab2a066f56,"Fukushima Daiichi Nuclear Power Plant",Q114295,"","",ff99b119-fb44-4fc0-a40e-d84afcbc95c2,"Unit 3 of Fukushima Daiichi Nuclear Power Plant",,"Okuma Machi","Japan",ChIJaUh3VwDdIGARgDklZPEqSUc,38
6c5d79a5-7d6c-4423-bf78-807f065be2d4,"Fundación Instituto San José",Q29436698,"Cuatro Vientos","Spain",8756c4e7-9e9b-47e4-888f-436dff66fcbd,"San Jose Institute Foundation",4.1,"Madrid","Spain",ChIJtR8cUrSJQQ0Rz8Hnum-OpGc,66
afc93938-a30d-4195-bc7f-00ab3ef4cbb5,"Fürstengrabhügel Sonnenbühl",Q1483252,"Uitikon","Switzerland",de3ae1a6-665c-4653-ba92-19f9ff03d5b7,"Fürstengrabhügel Sonnenbühl",4.7,"Zurich","Switzerland",ChIJgTZXcHQJkEcRlZ7HUgCJzh8,61
91633d50-1c2b-4cd4-a102-c9faefe0fab0,"Galitska Synagogue",Q117232,"Kyiv","Ukraine",b82c6d41-941b-4850-9ada-c23d2ea88325,"Galitska Synagogue",5,"Kyiv","Ukraine",ChIJRW4PYozO1EARs9zM0OFUHXQ,45
79dc1c78-c279-49de-a7a6-20de9a8fbe72,"Gallatin County Courthouse",Q65121529,"Bozeman","United States",743d7631-02a0-4117-9b51-9f4093bde730,"Gallatin County Court House",3.7,"Bozeman","United States",ChIJJZFQB1FERVMRgC2EXTij864,80
98a58afa-34e3-4e66-a5bd-fa2555a7725d,"Garden of Fine Arts Kyoto",Q11375286,"Kyoto","Japan",ca03bc9e-a671-487a-95a5-b3d719be4ae3,"Garden of Fine Arts Kyoto",4.3,"Kyoto","Japan",ChIJVRXuPhwIAWARnygrbMaZeSI,53
84c26fc7-49e8-4ee4-a6d1-4e8aa5a08438,"Gare de Paris-Est",Q757180,"","",f48dd073-8915-481b-8d27-db6c46cb89fd,"Gare de l'Est",4,"Paris","France",ChIJbw_B63Ju5kcRLBQ1ICWTVa4,15
89fc9680-6bac-4d7b-beb9-8546bfed279a,"Gare de Paris-Nord",Q745942,"","",7c8ce8fe-2156-4913-a3e9-cafcd8476835,"Gare du Nord",3.4,"Paris","France",ChIJf6NY_Gtu5kcRDHnd0mg3tk8,97
6a5c7e08-2380-411f-88a5-c4041e9b93dc,"Gare Saint-Lazare",Q747506,"","",ab743e29-0b2c-4754-91ab-58d88ff5495a,"Paris Saint-Lazare",4,"Paris","France",ChIJF5e0nKtv5kcRV4Pp0zX9I58,111
6deb6422-7f94-4b25-b005-fcaf208c9dd2,"Gate of Europe",Q1141262,"Tetuán","Spain",73a699f2-0086-41bf-a35a-d0ef5b9f40e3,"Torre Realia",4.4,"Madrid","Spain",ChIJ96NKWlUoQg0RpwcbEEqBZG0,97
47e2b9af-f787-4281-83f7-b282f5565d74,"Gemäldegalerie Alte Meister",Q4890,"","",1125467a-35fe-4912-9d52-91703b91b197,"Dresden Zwinger",4.7,"Dresden","Germany",ChIJ4___HmbPCUcRN5Ub3P2ZfmQ,92
994653e1-3869-4300-b317-715a3a9759ed,"Gemeentehuis van Vlezenbeek",Q121327749,"Sint-Pieters-Leeuw","Belgium",1592ac61-ee7d-4b9b-9e77-a4c22063da11,"Gemeente Sint-Pieters-Leeuw",,"Sint-Pieters-Leeuw","Belgium",ChIJezUaEaHHw0cRzCvS7KiO1mg,102
98393908-20fd-4cb6-b50b-7569e2219eb6,"Genève-Eaux-Vives railway station",Q3098155,"Eaux-Vives","Switzerland",40e12967-d2c4-4175-9f79-205a31773964,"Genève-Eaux-Vives",4.6,"Geneve","Switzerland",ChIJSwCbY0lljEcRsfl4PpvfBSI,68
96c4120d-af5e-46ac-ac00-70319f4105b4,"Gent-Sint-Pieters railway station",Q800814,"Ghent","Belgium",e49ae0b8-3cd2-487d-9804-bdb33e8ba4b4,"Gent Sint Pieters station",4,"Ghent","Belgium",ChIJoUK67N9zw0cR9mflauxIdZY,92
a52eaed6-cf79-4e5f-bddd-acdad42de433,"Gerling Ring-Karree",Q16080,"Cologne","Germany",851b8ed8-46c3-4b7d-af52-7244380c241b,"[P] Parkhaus Gerling Ringkarree",4.1,"Cologne","Germany",ChIJl2aKLgYlv0cR6HujyVxXa5Y,43
69633c5e-e3a2-4314-9316-0b4f077911e8,"Gesù Nuovo",Q718774,"Naples","Italy",2908f7d7-3abc-4e51-b4b8-1a1bc651a10f,"Chiesa del Gesù Nuovo",4.7,"Naples","Italy",ChIJbTXqrUQIOxMRwJcN6QP37vA,30
b229ec83-a942-4d52-89a6-232c1f15ce53,"Ghiyasiyeh Madrasa",Q5854526,"Khaf County","Iran",a86f057f-8db3-4084-88da-9409fb118a87,"Khargerd Ghiasieh School",4.7,"Khargerd","Iran",ChIJAbeVs8e9Fj8RRQm3HQoEvAg,4
0e27bdac-e699-41b2-99db-f8b9cb9ccc01,"Glass House",Q1506237,"New Canaan","United States",40a43843-8c9a-441e-a9ee-602967c84e99,"The Glass House Brick Guest House",4.9,"Stamford","United States",ChIJE56XBSynwokR_iIKbbPrW0g,66
ac7ed3fd-9599-4695-b080-fcc6ebca84ef,"Glenwood Cemetery",Q2751751,"Houston","United States",108f7264-643e-411d-84d3-5e11a561a58d,"Glenwood Cemetery",4.9,"Houston","United States",ChIJw9AU3FG_QIYRzAsFeH2sRsw,62
95c55524-75a9-4c7d-ae1a-2649f17a84dd,"Glyptothek",Q162077,"Munich","Germany",01fd57f0-0369-474f-93ee-1534f631dca6,"Glyptothek",4.7,"Munich","Germany",ChIJEYxtM2FynkcRWOGFnTNyiNQ,34
af357b92-719c-4acc-ae9a-80c2413d5847,"Goetheanum",Q659654,"Dornach","Switzerland",216fa33b-d8fd-432d-8bf6-6ca6cecc1e3a,"Goetheanum",4.6,"Dornach","Switzerland",ChIJQe5O4XHIkUcRfMXX_lDCiwI,61
973d94ce-da53-455d-9fe2-c35c8d9ede3a,"Gokstad Mound",Q11972326,"Sandefjord","Norway",74238aa5-91eb-4bff-b439-da5b2097877d,"The Gokstad Mound",4.3,"Sandefjord","Norway",ChIJU4KE6V6_RkYRe2clpJFBT20,8
773e5512-89f9-4a1a-baf5-0ed3e14d458a,"Governorate's Palace",Q917387,"Vatican City","Vatican City",5f3ec526-f591-4fcb-9607-60698785ce43,"Palace of the Governorate",4.6,"Vatican City","Vatican City",ChIJwXp_829gLxMRFV4Ou3r9J6g,20
8e3d2e98-dc33-46f5-b674-84f581245b56,"Grace Hopkinson Eliot Hall",Q12057051,"Cambridge","United States",ee03d9f8-73e5-45df-986d-6bb610690785,"Bertram Hall",,"Boston","United States",ChIJh8eQ42p344kRSjXY7aa1hY8,70
804dcdc3-f55a-4ff2-b526-c5feda828e80,"Grafheuvel Monnikenbosch",Q17454529,"Soest","Netherlands",9ee7c16e-a003-4af9-b59a-a4d0d347660d,"Monnikenbos",4.6,"Soest","Netherlands",ChIJT1v0D95DxkcR2Pl3vGmDfx0,79
574f725f-d827-4a3a-9bf9-1ded6b926701,"Gran Teatre del Liceu",Q1130050,"El Raval","Spain",518acb26-71e8-4787-ab87-f64b45219577,"Memorial atemptat a les Rambles 17/08/2017",4.5,"Barcelona","Spain",ChIJAVHVcZajpBIRkmRdK3lh77A,88
1df1de36-6a8c-4a17-b6c5-c8653be9cabe,"Grand Hyatt Hotel und Bürogebäude",Q117255504,"Berlin","Germany",51f9e56e-456c-4393-b951-bf3cdea435e8,"Manifesto Market",4.1,"Berlin","Germany",ChIJzakmlUhRqEcReX4hgQm6JGk,133
a35ecaa6-3fc8-4236-957e-d8a782666177,"Grand Mosque of Paris",Q392564,"Paris","France",7e4c01c3-26dd-411c-93b5-5dc628ec2c44,"Grande Mosquée de Paris",4.5,"Paris","France",ChIJB9uM3_Fx5kcRy2y4TdSLiBE,22
937ecd66-dcfb-4105-8ff2-1b26067f36af,"Grand Prince Hotel Akasaka",Q555225,"Tokyo","Japan",1657b264-c9d6-4a0f-be4d-36dc8e04e21c,"Grand Prince Hotel Akasaka",5,"Chiyoda City","Japan",ChIJx8dc-3uMGGARMLRBFbfueLg,60
8b327c2b-6eac-4bac-a914-995073fc90c5,"Grande Arche",Q216357,"","",81727fc8-fa49-4f0a-8845-9cb4dcd312f8,"Grande Arche de la Défense",4.4,"Puteaux","France",ChIJH66KEgJl5kcRfFN_gYbOnQA,38
9bf94537-74bb-44d9-a9a4-c10d524091ef,"Great Synagogue",Q471463,"Katowice","Poland",cea93f9c-e2e5-481a-96b8-9c81d4127c0f,"Adama Mickiewicza 7",,"Katowice","Poland",ChIJ--w6MTjOFkcRo9nK6ZUNwJE,124
b06e074e-6c72-4924-af66-ef706181b48d,"Grieg Hall",Q1341892,"Bergen Municipality","Norway",3c7a2a3a-9587-4bef-a3bc-77a679b619a4,"Grieghallen",4.6,"Bergen","Norway",ChIJjdzyfKn-PEYRgjsnvdgG0wY,3
606344d2-a7cc-4f76-91dd-22606763897e,"Haarlem railway station",Q800863,"Haarlem","Netherlands",e7a85934-8638-41f3-837a-d0cf2ae208f6,"Haarlem",4.6,"Haarlem","Netherlands",ChIJBb4feXLvxUcRNL1Lhn9O_7k,33
a1a7b014-2688-4587-80d2-083b7af8ec1f,"Haji Ali Dargah",Q542756,"Mumbai","India",963edfd9-d366-4a42-a0ce-cf0fea0fb608,"Haji Ali Dargah",4.4,"Mumbai","India",ChIJ40INk37O5zsRBY0Hq8dd4NU,39
7c7c4a21-cd92-4020-b918-7f5268d56dac,"Hallett Flats–Rawson & Co. Apartment Building",Q5642920,"Iowa","United States",258fed06-a924-450b-b6c6-d14da49ca5f0,"Hallett Apartments",5,"Des Moines","United States",ChIJuReGnh2Z7ocRlh_DG3U5HyQ,27
6c75cef5-0053-404e-899c-9b0bf1774690,"Hancock Whitney Center",Q28868,"New Orleans","United States",398b8d15-d419-4371-a584-646d1605714b,"Hancock Whitney Bank",3.4,"New Orleans","United States",ChIJEQ1Jv3SmIIYRRNWdQdjkS_I,28
70b85a58-f65c-49f4-a884-73e52343aad7,"Hans Otto Theater",Q113714891,"Nördliche Vorstädte","Germany",1f284c76-4197-44b1-8044-cfccd7c0f05b,"Hans Otto Theater",4.6,"Potsdam","Germany",ChIJgyksCXv1qEcRaWTbCcA2ehs,37
8ac375e5-77c9-45b4-8c0a-1862a8cb6684,"Hardenberg Protestant Cemetery",Q1925500,"Hardenberg","Netherlands",f1aa0423-9f83-49b3-bcce-8fc4f3fbbd4d,"Kerkhof Nijenstede",5,"Hardenberg","Netherlands",ChIJpyj3Eh4ByEcRQWadYAwbukA,7
8a5c1334-549a-4d43-998d-64ff60bb3238,"Hasnon churchyard",Q2059142,"Hasnon","France",c91ef55a-7176-4ed6-9aab-aa5550d9a11f,"Cimetière HASNON",,"Hasnon","France",ChIJ____QjXowkcRyIfhEFN618E,75
92ad8845-b764-4003-8397-d17689fada82,"Hauptsitz Möbelfirma Vitra - Vitra-Center",Q118636577,"Birsfelden","Switzerland",3b246839-9d9f-4985-a47a-4b120d65a7ea,"Vitra Center",5,"Muttenz","Switzerland",ChIJ579KBoS3kUcRbaZ4cl-mFY0,43
6aed913a-8d29-4cc0-8a68-aa244a779940,"Headquarters Administration Building",Q43371273,"Santa Cruz County","United States",f36255b3-3bde-4237-ac9d-a9e51d9a7508,"Park Headquarters",4.9,"Boulder Creek","United States",ChIJK8RLZK1TjoARu7mC5wU-to0,0
e155358e-c516-4564-98f1-7d11ed721a2a,"Headquarters of the United Nations",Q11297,"New York","United States",c0ed742e-0391-43fd-93ed-191b02080899,"United Nations Secretariat Building",,"New York","United States",ChIJ15ZYWxxZwokRaKAA2049b1s,52
83d8e7a1-b3a5-4ef3-940b-78747c005dc2,"Heath Wood barrow cemetery",Q2002979,"Ingleby","United Kingdom",dc5a608d-1d82-4105-99b6-934b7ba126eb,"Heath Wood",4.2,"Derby","United Kingdom",ChIJq6qqGin6eUgRxdsNSehYbRI,30
ae7a16a4-276d-48f1-a6c2-8e4e36e2a0c8,"Helsinki Central Railway Station",Q1044613,"Kluuvi","Finland",ffa5e905-886e-4f9c-bfaa-a121113872ac,"Helsingin päärautatieasema",4.2,"Helsinki","Finland",ChIJ25LjEc0LkkYRmSG_4N6eC1Y,92
d482a9ec-0d88-4769-aa68-20d97639cf88,"Het Nieuwe Huis",Q1616099,"Amsterdam","Netherlands",d59402c6-7305-4f05-95d9-8eea39e9782f,"Buurthuis Lydia",4.5,"Amsterdam","Netherlands",ChIJo4rCTgAJxkcRmdsTomxxctY,88
e63fb5cb-e60a-4bd6-9fcc-78c94b185f69,"HHStyle",Q125393987,"Tokyo","Japan",b6335303-c788-49b1-8c67-c04cee9b9ba7,"The Little BAKERY Tokyo",3.8,"Tokyo","Japan",ChIJq6qqqqWMGGAR2RolMxkM6wI,72
6b584549-067d-4512-b44a-caa6bc7bd588,"Hillside Memorial Park",Q5763964,"Los Angeles County","United States",578a31be-f512-4e85-a689-cd6f3626e177,"Hillside Memorial Park and Mortuary",4.6,"Los Angeles","United States",ChIJ-w_wjE23woARkyDtKmbjYDI,108
f08eee1f-01ae-422c-b301-31b8adac7626,"Hilton Cincinnati Netherland Plaza",Q16641845,"Cincinnati","United States",b51b576d-5408-4f65-9d3a-46230cfd4433,"Carew Tower Observation Deck",4.6,"Cincinnati","United States",ChIJVVUlWFCxQYgRQLG9doO9zrY,98
95fc978c-6585-43a7-81fd-a5263c83af9c,"Hofburg Palace",Q46242,"Innere Stadt","Austria",e61c2f8b-e79c-4b25-9376-bf3c04028095,"Hofburg",4.7,"Vienna","Austria",ChIJ3wYgv5kHbUcRX0LEFIAWhYY,98
633e3524-edf3-4472-8b96-97bf62873bbe,"Hohenstein power station",Q2551134,"Witten","Germany",54d5d16c-57f7-4bc6-a02e-1927eb6d083e,"Wasserkraftwerk Hohenstein",5,"Witten","Germany",ChIJ0cbGDwAjuUcRRHfO6Lwh6AQ,50
74f2d55f-2854-438a-beb2-23125e213f7e,"Hollywood Forever Cemetery",Q1624932,"Los Angeles","United States",8d75d47c-98e1-45db-b902-25262e1a8147,"Hollywood Forever Cemetery",4.6,"Los Angeles","United States",ChIJUTxjKEu_woARLMWHmE0KJy0,42
824b4616-22bf-46ab-a96b-21749a0e4cde,"Hornaing Communal Cemetery",Q2160739,"Hornaing","France",41661844-fea5-46d6-a530-af2d74a415c8,"Hornaing Communal Cemetery",5,"Hornaing","France",ChIJf3QaLevBwkcRkPmLPQ60y5s,50
f9e41186-e822-4915-bdef-1db01bd08073,"Hospital de San Pedro de los Naturales",Q64442988,"Arapiles","Spain",ae67f52f-4610-41ae-87d9-1e35cf52ff57,"Rover Art Gallery",5,"Madrid","Spain",ChIJ18hLoNkpQg0RSvWFQgXhyGw,98
9ce9eee5-953b-406f-8436-ec80aa6178c9,"Hotel Arts",Q1425790,"La Barceloneta","Spain",6b6e4261-a9d3-49e6-882c-a824a781b76b,"Hotel Arts Barcelona",4.5,"Barcelona","Spain",ChIJG11mEw-jpBIRVUCfp2u8Pv8,55
aa64b4c1-dd4b-48d4-a588-f80a9724ca46,"Hôtel de Marsilly",Q22924531,"Paris","France",472effae-ae3c-43c3-a959-a0380092082b,"Chantelivre",4.7,"Paris","France",ChIJUTJitNZx5kcR28Xx_zGS_LE,96
771bcc08-3bfe-49b5-975f-166e289ed490,"Hôtel de Ville, Paris",Q640968,"","",54cbed25-40f2-47ef-a025-0040c532e4cf,"Hôtel de Ville",4.5,"Paris","France",ChIJi1uPs_1x5kcRbh8M8XJSNMA,24
96c02af6-cb48-41ff-a0c0-8fdb82674aec,"Hôtel du Lac",Q27670825,"Tunis","Tunisia",f3304802-bc7d-4e80-9be1-1a05152b0a6a,"Hôtel du Lac, Tunis",4.3,"Tunis","Tunisia",ChIJ5UyILAA1_RIRAVsnlwa6cHU,11
88947ef3-ac71-4086-b93c-af6892b29e0c,"Hôtel George-V",Q217708,"Paris","France",91e394dd-d0b2-46e3-a81f-d046f352380d,"Four Seasons Hotel George V, Paris",4.8,"Paris","France",ChIJAcNYmcJv5kcR7EQ_IeMZp8c,14
827f86aa-abf1-4b63-b6ff-ab763f14ae84,"Hotel Horsa Nacional",Q5911578,"São Conrado","Brazil",565ed5fe-6010-476a-b9fd-98be618da8a3,"Hotel Nacional Rio de Janeiro",4.5,"Rio de Janeiro","Brazil",ChIJ7f-3y5_WmwARzEMl9WJga-8,34
60f4fc85-5c8d-4114-8de5-2825eeb4bbd2,"Hôtel Loews Le Concorde",Q3221699,"Quebec City","Canada",81e76f30-9e19-4072-a01a-76945768f067,"Hôtel Le Concorde Québec",3.6,"Québec City","Canada",ChIJ04LFYZKZuEwRitcKWPURriM,23
99ba8b48-5ce4-487b-ae2a-f2f00990c3ff,"Hotel Metropol",Q2034313,"Tverskoy District","Russia",2816e2a8-6f06-46f6-9109-2e96394567fa,"Hotel Metropol Moscow",4.6,"Moscow","Russia",ChIJSfnrCltKtUYR1ZUj1Hj3tjE,65
66e9a687-5f44-4bb5-bb9a-f29910e5ffcb,"Hotel National",Q4314782,"Tverskoy District","Russia",5c1d8e9c-ed53-42f0-b094-376145d46f3b,"National Hotel",4.6,"Moscow","Russia",ChIJlV8YrlpKtUYRNDA2QVDuudc,67
343e80d9-6dae-4eaa-a438-2560128e2824,"Hôtel Paris Bastille Boutet",Q28041305,"Paris","France",886cd4c0-7e2a-48f5-a473-1ac0b573d4b4,"Nomade",4.7,"Paris","France",ChIJB8NYBMNz5kcRvaVMhhdbrHI,110
5e2cd2be-86aa-45ad-afeb-8000a2743e79,"Hotel Pez Espada",Q5911850,"Torremolinos","Spain",2b9320be-e18b-4f33-8915-982612fb5d4f,"Pez Espada by MedPlaya",4.3,"Torremolinos","Spain",ChIJmfCs2nb8cg0R_A0RSRO1kFM,28
bac8d042-ac2e-4cff-8241-d52efdb49dd6,"Hôtel Prince de Galles",Q3145636,"Paris","France",91e394dd-d0b2-46e3-a81f-d046f352380d,"Four Seasons Hotel George V, Paris",4.8,"Paris","France",ChIJAcNYmcJv5kcR7EQ_IeMZp8c,43
74d6abbf-2531-4ed6-b644-12a4606f6f01,"Hôtel Ritz Paris",Q656054,"","",ed776988-a558-46ec-8695-af74446dbd98,"Square Vendôme",4.7,"Paris","France",ChIJ2zGsnn5v5kcRDs5WZB3udD4,98
60b72211-2840-4dbd-9650-6f26f30fa894,"Hotel Saljut",Q4406243,"Kyiv","Ukraine",947d9b11-131d-48da-a107-4e95d73133f2,"Salute Hotel",4,"Kyiv","Ukraine",ChIJ_XmOxKXP1EARQaoCQm5FHl4,9
7a2cd588-c0ea-46af-aacc-45d0d5ee71ec,"House of Culture and Library",Q93081326,"Sárospatak","Hungary",2c629727-d3e0-434c-8659-276ceeaf1cba,"A Művelődés Háza és Könyvtára",4.6,"Sárospatak","Hungary",ChIJFyB_9jjKOEcRJnWOzrQkbLU,0
94af95d1-7951-46de-871e-acb5301394af,"House of the Black Madonna",Q2717859,"Prague 1","Czech Republic",93926122-02f7-4988-b962-bd3fac34a244,"The House at the Black Madonna",4.4,"Old Town","Czech Republic",ChIJ79swveuUC0cRs9LdalPGnAs,5
afcca1f0-0ed7-4e62-89b5-c8b5f21a2d4c,"House with Chimaeras",Q1440653,"Kyiv","Ukraine",c79f10cd-4bb1-4e0f-b504-293e5b9f7446,"Gorodetsky House",4.8,"Kyiv","Ukraine",ChIJ-6xXklTO1EARCw5s1qVwII0,9
60dc4712-9933-46ea-8d45-1de3281fddc2,"Huize Lydia",Q1636190,"Amsterdam","Netherlands",d59402c6-7305-4f05-95d9-8eea39e9782f,"Buurthuis Lydia",4.5,"Amsterdam","Netherlands",ChIJo4rCTgAJxkcRmdsTomxxctY,73
ab165e51-1843-4224-8b91-e6750cec5068,"Hundertwasserhaus",Q493126,"Vienna","Austria",6c28e2c6-3cd8-482c-8871-3baf25edc0bb,"Hundertwasser House",4.5,"Vienna","Austria",ChIJd7QUtBIHbUcRnIE5N35NVIQ,47
a879b78c-715f-4f2b-8870-2b38cf5c8534,"Hütteldorfer Friedhof",Q1652549,"Hütteldorf","Austria",c41c966d-9583-4f50-b31d-f2714b324a9c,"Friedhof Hütteldorf",4.3,"Vienna","Austria",ChIJSYhJPmOnbUcRzfWeRGXkwxI,117
9010e182-30c3-465a-b50a-b6742dd2ea14,"Hypo Alpe-Adria-Center",Q119214319,"Sentpeter","Austria",1d8b54fa-db10-4b23-90a4-f3aef16e4b1f,"Alpen-Adria-Zentrum",4.2,"Klagenfurt am Wörthersee","Austria",ChIJGZeiY24NcEcRz55NdMGjZno,46
62cb1524-5901-4035-ac15-12fb2e3d829e,"Ilmenau Cemetery",Q1515627,"Ilmenau","Germany",8f3ed979-ce9c-417a-832a-cef2ea000143,"Ilmenauer Friedhof",4.8,"Ilmenau","Germany",ChIJ_b-w7BSNo0cRSLL0Rs-krO8,22
af16ca4a-65e2-43c7-a0c3-a95a20687131,"Individual monuments of cemetery Alter Johannisfriedhof, Leipzig",Q437979,"Leipzig","Germany",9d9ede81-a016-4889-9c8a-cb7080cc68e1,"Alter Johannisfriedhof",4.6,"Leipzig","Germany",ChIJZQHPaED5pkcRyESjAqg57Dk,108
6586d544-50d0-435e-b034-c9d01220f09d,"Information, Communications and Media Centre Cottbus",Q1662515,"Cottbus","Germany",d76281b6-6d97-4749-adc9-e6572322fb2b,"IKMZ - BTU Cottbus-Senftenberg",4.7,"Cottbus","Germany",ChIJTe-wblx0CEcRw_S8MmCzCtM,17
962aaea0-ffa3-4bbc-9189-facf58e91b55,"Inland Steel Building",Q3151358,"Chicago","United States",4b4e87bc-704c-487b-a937-a93976eccb65,"Inland Steel Building",4.2,"Chicago","United States",ChIJk7nrT7ssDogR0V8BMDYYIeE,58
70c75d27-d9e6-44f2-afa0-c8d5151b8c1c,"Insurance Company of North America Building",Q5818141,"New York","United States",f26de6fe-9273-422c-bc31-a752dfd019ea,"Sift Cakes and Cookies",5,"New York","United States",ChIJbS7YVABbwokRqzB4JdjQAhI,103
733c4e90-45bc-4cb2-911f-e271dc307a43,"International Museum of Horology",Q683489,"La Chaux-de-Fonds","Switzerland",734722e5-2d75-4ffc-950e-68bfbad204a4,"Musée international d'horlogerie",4.6,"La Chaux-de-Fonds","Switzerland",ChIJSxFq2UX7jUcR9GVIhAu-YJ4,116
6d236477-f133-45f6-965e-74b670382ab1,"International Museum of the Baroque",Q22981426,"Puebla","Mexico",51d7f1ad-3f45-4c0b-b827-62af17ffd3ce,"Museo Internacional del Barroco",4.7,"Puebla","Mexico",ChIJ81QBD2nHz4URySKuC58lRL4,60
913de10c-cfd0-4f92-9804-e9fc23b0d787,"Invalids' Cemetery",Q643891,"Bezirk Mitte","Germany",10e63188-03b9-49bc-a61c-3280424d6d0d,"Invalidenfriedhof",4.3,"Berlin","Germany",ChIJSTQBPpFRqEcRXHUnMBLFiFY,24
feeebe53-b802-453b-924d-155b7fd6c89a,"Isaac M. Wise Temple",Q1100476,"Cincinnati","United States",ac2f9fc2-7457-4042-9b1b-136425c11808,"Cincinnati and Suburban Telephone Company Building",4.8,"Cincinnati","United States",ChIJ6-5_41OxQYgRfDp_dS5_w6E,121
8fcc26dd-6327-4650-b237-fd6bde9841cd,"Islamic Center of Greater Toledo",Q113555543,"Perrysburg","United States",af328be4-2141-40c1-99d4-7e40937a7e9e,"Islamic Center of Greater Toledo (ICGT)",4.2,"Perrysburg","United States",ChIJCaidWUF2PIgRpBoHb2uwngA,70
76cf74b0-b565-43b7-9359-47ceebdd581c,"Israel Museum",Q46815,"","",c1a11ead-2df3-4e32-95e3-d207ef404fd4,"The Israel Museum, Jerusalem",4.7,"Jerusalem","Israel",ChIJh6UFB87XAhURgw8LdPRZjnQ,43
b218f582-b8cb-41a0-8925-5e0834c41ab8,"Istiqlal Mosque",Q475379,"Pasar Baru","Indonesia",1140e048-0cd7-4262-8094-e64f1a364d28,"Istiqlal Mosque",4.8,"Central Jakarta City","Indonesia",ChIJHeC1aM71aS4RbAyE1ULw-so,80
7d74f867-9314-4e80-8d2f-b796717846e2,"Italian Military Cemetery of Bligny",Q2972661,"Bligny","France",b3e85c05-df9e-4f78-81fd-bb4266077b18,"Cimetière milita ire italien",4.7,"Chambrecy","France",ChIJkxu5SPAO6UcR85WRBLh6m_k,21
a7f36853-b681-406b-b597-6f61577116a5,"J. Edgar Hoover Building",Q167479,"Washington, D.C.","United States",685fe389-46e1-4628-92a5-9e769e7c6c0a,"Federal Bureau of Investigation Headquarters",4.4,"Washington","United States",ChIJeaKWfpq3t4kR6hGEiTZxWQk,40
66adfd2e-f370-4f81-a48b-5f15a6a1f840,"J. Marvin Jones Federal Building and United States Courthouse",Q6106481,"Amarillo","United States",db765089-bd4e-48c5-8b57-36687d5aae60,"JM Jones Federal Building",3.7,"Amarillo","United States",ChIJ8azcnftOAYcR7U0fHH9DISI,61
39e9ea8a-3838-4462-9887-242d497077ef,"James Simon Gallery",Q664484,"Bezirk Mitte","Germany",05899217-8005-4c79-9456-d36e10523f76,"Neues Museum",4.5,"Berlin","Germany",ChIJS8OUk91RqEcRNauNAPV5P40,72
bb264751-0b11-4a11-b2db-d353650e1df5,"Janet Gray Hayes Rotunda",Q133834591,"San Jose","United States",b03ea622-4ebb-4ea5-bc7d-01a9819dcb9e,"San Jose City Hall",4.2,"San Jose","United States",ChIJozSGNFnNj4AR44j8HyzgMao,60
714db124-2b9e-4c3f-b926-e330400d462e,"Jewish cemeteries in Pápa",Q587310,"Pápa","Hungary",6212f0b0-112e-4b41-a91e-53ce67b8ae58,"Papa Old Jewish Cemetery",,"Pápa","Hungary",ChIJaQLZqW1haUcR-mwk-s-ruHc,29
5d70dfcc-7b7a-48e5-81bd-ffd8f993265c,"Jewish cemetery in Mszczonów",Q3915816,"Mszczonów","Poland",75ab2d83-c6d1-4174-8f82-8634c11e79e0,"Jewish Cemetery",3,"Mszczonów","Poland",ChIJsQS7-3tBGUcRGDg3HqLY1Gs,67
8d95e7ff-36c7-450b-9061-3c4717bb0695,"Jewish cemetery in Währing",Q872769,"Vienna","Austria",d9ae2562-1e36-4ba5-bf9e-be3f270a67ae,"Jüdischer Friedhof Währing",4.5,"Vienna","Austria",ChIJD5KJoT8HbUcR1k_6i45BEvs,100
61a439a4-55f3-4960-9f1c-01d694b9907a,"Joel W. Solomon Federal Building and United States Courthouse",Q6214078,"Tennessee","United States",c68bdacf-acf6-4c25-839a-312076eb869f,"US Probation Office",3.2,"Chattanooga","United States",ChIJyX3NYnteYIgRYDNtOSC_uGE,24
6834ccb7-3819-4852-94e6-bac58b4915c6,"Jonathan Bourne Public Library",Q16892922,"Bourne","United States",ed87fc11-b8b6-48cf-b89f-cf59704f5460,"Jonathan Bourne Library",4.8,"Bourne","United States",ChIJ81Ey-7XI5IkR6CDwpdVBI1E,10
6e3abce0-1fcc-4836-9bed-710204e8375b,"K4",Q29415302,"Vienna","Austria",2dbdc9b8-de31-49e3-bef1-cc3f5cd8ebab,"K4 - 1",5,"Vienna","Austria",ChIJX78zRugGbUcR-wQTDfZsMIw,10
7b813b8e-875b-4b04-9440-39465322bad9,"Kagraner Friedhof",Q1241475,"Vienna","Austria",8ba81d07-5761-40e2-8cc7-2bf2d89786be,"Kagran Cemetery",4.1,"Vienna","Austria",ChIJUSMyQK8GbUcR0HL6UfWoqGU,21
95d9ccac-50bd-4772-9f55-9c445a66064f,"Kalitnikovskoye Cemetery",Q4209997,"Tagansky District","Russia",f976b606-cc02-4859-8160-e2fbc40c2608,"Kalitnikovskoye cemetery",4.5,"Moscow","Russia",ChIJwdFghM5KtUYRnCl336TZREQ,41
a86eac66-0798-43e0-b036-fc0e735e1dac,"Kammertheater Stuttgart",Q28498697,"Stuttgart","Germany",3cb435e4-7d00-498f-b870-80edc2fc3a76,"Kammertheater",4.6,"Stuttgart","Germany",ChIJQRnjDsvEmUcRbECxx0mLdT0,20
8e213a56-5110-4cfa-8133-dc98b4f65673,"Katowice railway station",Q800992,"Śródmieście","Poland",ebe6e596-a23b-4be0-bb45-26f7cac80b2c,"Katowice",4.3,"Katowice","Poland",ChIJZdR7kUfOFkcR1I8wvOUCUAg,92
a042e91f-aa47-497e-8267-16c2c1050a1a,"Kaufhaus Jonaß",Q1504641,"Pankow","Germany",de07d977-8a11-4080-9f84-2524c6113b66,"Soho House",4.3,"Berlin","Germany",ChIJ7QGeQxxOqEcRFvDmifxqZO8,15
79c77358-47c7-4da7-9e44-a45c15e945a3,"Kazanskoe cemetery (Pushkin)",Q4207852,"Pushkin","Russia",1a5f0811-b239-4f1d-8708-7d9571aa9e41,"Kazan cemetery",4.4,"St Petersburg","Russia",ChIJMeSc-w4hlkYReNh2eFe4whk,30
7c692a60-d93b-4fa8-98fd-bbf49a39c822,"Ken Iwata Mother and Child Museum, Imabari City",Q11377194,"Imabari","Japan",0ab8ccd9-df75-4c88-8465-1ba7b40939d0,"Imabari City Ken Iwata Mother and Child Museum",3.7,"Imabari","Japan",ChIJKfEvGVtHUDURDqqtJ2xQxxE,33
98a5f391-e375-4f2d-8e28-602712b06d1b,"King Edward Hotel",Q6411467,"Jackson","United States",ce878bf8-c690-4777-ba26-890c72c7873f,"King Edwards Apartments",4.3,"Jackson","United States",ChIJ_Y3mwa0zKIYRYd_vH_wq-hM,93
9dd5634b-0dfd-49ba-859b-bb3ff34b1a17,"King Power Mahanakhon",Q1640197,"Bangkok","Thailand",fc1b862b-ea60-4db6-916d-faa147bc7e06,"MahaNakhon",,"Bangkok","Thailand",ChIJyeUPvdKY4jARPTnn7ak4sig,60
7746d615-636a-4e88-a6b1-04f601806ad5,"Kinsky Palace",Q27017,"Prague 1","Czech Republic",45c02b73-83a4-4170-95a6-0478e93c004d,"Goltz-Kinský Palace",4.6,"Old Town","Czech Republic",ChIJ0VBXbOmUC0cRLYUYCVF-1us,20
9f5fd3d7-b5c8-4bdc-bf62-208029bd5e9a,"Kirche in Sagritz",Q2082938,"Großkirchheim","Austria",e6b2d28e-a6e4-402d-a05e-1ad7474c218c,"Pfarrkirche Sagritz",5,"Sagritz","Austria",ChIJjSFYEFxBd0cRJ1SeYw1eXh0,10
ae1d098c-4c69-4bfe-9439-aac6c8108e99,"Kirche Rangersdorf",Q2082908,"Rangersdorf","Austria",18e4873c-5dfa-43cf-9240-b132210a7f44,"Pfarre Rangersdorf",,"Rangersdorf","Austria",ChIJ0-bvx7Zad0cRx2uzEjfRdxw,33
63f977b0-e4e5-40ce-b6fd-28bd21b92e7f,"Kirche Sankt Jakob bei Straßburg",Q2083050,"Strassburg","Austria",90c91364-a7a0-4a56-a25c-0fad9fb1e34a,"Pfarrkirche St. Jakob ob Gurk",5,"Straßburg","Austria",ChIJwRsJJC9dcEcRYhD-0qmu4GE,62
9c88c58d-8cbf-4f50-8db2-8e283516b5b0,"Kleinhans Music Hall",Q6420299,"Buffalo","United States",eaebc168-9d40-4fc8-9f72-095831b7eed6,"Kleinhans Music Hall",4.7,"Buffalo","United States",ChIJTe_UalUS04kRBxFBxFYfN4A,49
61f4b17d-961d-4029-9028-e8f884162fd4,"Knights of Columbus Building",Q6422443,"New Haven","United States",f436bc76-0b96-40eb-a1bd-46b342c77a86,"Knights of Columbus Supreme Council",3.7,"New Haven","United States",ChIJM2He8kvY54kRBBRYTkwhzVU,24
73ac6c9a-da37-4777-8f0d-32e54b955782,"Koga Park Café",Q117348221,"Koga","Japan",b2a9187f-e397-492f-bb97-29b272c43af2,"Koga Park Cafe, SANAA",3.3,"Koga","Japan",ChIJjQHe97FKH2AR1VyBESotHK8,4
80a70d50-e149-4bb3-82d7-e2f48d3d8b62,"Komunariv Cemetery",Q4222825,"Sevastopol","Ukraine",121e0e4f-4339-4e1c-8d20-30a35516c935,"Komunariv Cemetery",5,"Sevastopol","Russia",ChIJfz9wXLoklUARrx_t_R7_R4A,119
9b5fffe8-84b6-434e-97ad-284bba892c5c,"Königsgrab von Seddin",Q1446501,"Groß Pankow","Germany",a7f76cff-c340-4a11-9c68-99f674698dee,"Königsgrab von Seddin",4.7,"Groß Pankow (Prignitz)","Germany",ChIJ0b4eWwa_rkcR2M73Xp7Eofw,74
5ee0991b-5213-4a65-99ed-76bc225555f0,"Kozel Castle",Q370663,"Šťáhlavy","Czech Republic",aa3ef444-7442-40fc-91fa-1169d0ece285,"Kozel",4.6,"Stahlavy","Czech Republic",ChIJs9PrJGbkCkcRXuCqpbggkcA,26
7572695e-5725-4edb-bcec-22f432df9351,"Krasny Bor Forest, Karelia",Q4239674,"Derevyannoye","Russia",72d8a455-9f36-4446-a466-0658f0d209ea,"Krasnyy Bor",4.6,"Prionezhskiy Rayon","Russia",ChIJu928-h2OoUYRf3cWe5_2Oyw,85
68c2cddb-7a16-4673-952f-97759eb35e2e,"Kremlin",Q133274,"","",59e068bf-3d4d-4ce2-ac70-c9ac292709ed,"The Moscow Kremlin",4.8,"Moscow","Russia",ChIJc-UVs1BKtUYRaC6bPVq_hqg,82
8c8b167d-2e2c-49ce-a0f5-31dd4ba53f15,"Kremlin Wall Necropolis",Q1130019,"Tverskoy District","Russia",ccc90e29-ec1f-42a6-87f6-ffa569f8bb38,"Мавзолей В.И. Ленина на Красной площади",4.4,"Moscow","Russia",ChIJa7f1WVdKtUYRU7ChF9gsUN4,64
65d7e82b-ceb3-4f38-8dd1-d497a98f5e14,"Kulturpalast Dresden",Q1791798,"Dresden","Germany",171b030c-c2c7-4395-9e8a-1acc88b3f886,"Palace of Culture",4.6,"Dresden","Germany",ChIJhzY-wmfPCUcRid1Qymhevas,63
8ce5674d-3944-4906-b7be-d9635684b629,"Kunsthal",Q1668856,"Rotterdam","Netherlands",1609d1a3-975a-4d7d-8d8b-2d0a81f46d3d,"Kunsthal Rotterdam",4.4,"Rotterdam","Netherlands",ChIJ82GieZ40xEcRm74x2QUsqLc,28
b0e0379f-2d7a-4dbf-a44c-28063f39bcf0,"Kunstlinie Almere Flevoland",Q2131209,"Almere","Netherlands",0cd52e72-bfd8-4253-a329-f4617b2fadae,"Kunstlinie",4.3,"Almere","Netherlands",ChIJRcrS7uYWxkcRFOodCXLJoEI,58
a41b833e-a3c4-4ee1-9d4f-9042ac877c85,"Kuwait National Assembly Building",Q15156679,"Kuwait City","Kuwait",ee9f6ac2-7360-4e33-8643-8ad36358eb13,"National Assembly of Kuwait",4.2,"Kuwait City","Kuwait",ChIJ1UIWmpedzz8RtAI6NJOXWrg,85
a34a1368-3a85-4635-bf34-58d2541fef9e,"Kvecių pilkapynas",Q16457671,"Kretinga Municipality","Lithuania",273c144a-019b-464b-913d-013ecb003f33,"Kvecių kapinynas",,"Kveciai","Lithuania",ChIJn78KPgAl5UYRC03KIWzYo6s,56
af674fec-e376-43c1-85d7-61ba84540798,"L'Auditori",Q2713088,"Fort Pienc","Spain",16ee8591-d17b-4df5-94c1-97976d6d8253,"L'Auditori",4.6,"Barcelona","Spain",ChIJ2bpMNB6jpBIR2NwxeNl0Glk,75
a63232e8-4a6c-45c2-9f5b-73fee2b33073,"La Bombonera",Q499855,"","",3d1acd3f-de08-4dde-a32e-44e9bd2e033f,"Estadio Alberto J Armando",4.7,"Buenos Aires","Argentina",ChIJc1RekrY0o5URDbRYiHSypRw,13
7d3faf0d-2ce3-4c4e-9c0b-7df4a4aca156,"La Chapelle d'Armentières Communal Cemetery",Q2752646,"La Chapelle-d'Armentières","France",2c111d53-ac7a-4106-90e9-d2b20993b57f,"commonwealth war graves ww1 (la chapelle d'armentières)",,"La Chapelle-d'Armentières","France",ChIJqZqUCQDV3EcRRchGfBYpJD8,21
9abe78bf-deba-41c9-ab02-34614591d12e,"La Concha Resort",Q6461934,"San Juan","United States",5a403048-abd9-46ff-993d-0736b18047bc,"La Concha Resort, Puerto Rico, Autograph Collection",4.4,"San Juan","Puerto Rico",ChIJB8qIpDlvA4wR3bDS1E_eyIw,76
79c3e6ab-458b-47fe-8a8b-01ade5fadafe,"La Florida Cemetery, Madrid",Q5391794,"Madrid","Spain",27e91b17-1c70-44f5-872a-6f1baea4bab5,"Cementerio de la Florida",4.2,"Madrid","Spain",ChIJ9Ug-RRMoQg0RHlqIQC36kRg,49
a61a72b3-2652-4c82-b295-145c608c4880,"La Loma Cemetery",Q6463476,"Caloocan","Philippines",d040a21f-562d-4ecf-8248-61206afe16ef,"Cremation Services and Funeral Service",4.5,"Caloocan","Philippines",ChIJNUVpcti1lzMR8wzjj3aJcT8,40
68a23f88-0f9d-4ea3-8b6d-8cfab8987468,"La Pyramide Inversée",Q3177458,"Paris","France",c5fc70ab-577d-4d5d-a565-40a025dae84d,"Louis XIV sous les traits de Marcus Curtius (copie)",4.6,"Paris","France",ChIJzWhmDCZu5kcRIN7HUvGgx_g,105
ae82a69e-2a28-4b49-90e1-137b24f4f458,"La Treille cemetery",Q2972582,"Marseille","France",114e4d5d-7fd6-44a3-aa5a-66f17016d428,"Cimetière La Treille - Marseille 11",,"Marseille","France",ChIJT_kD1O-9yRIRNRkoKw4bJSs,14
8d3cdb11-3f70-40c4-a9c9-52b0bdf728da,"La Vela",Q19788708,"Madrid","Spain",7fdf2418-38fe-4f89-bb5d-2d173965540d,"BBVA Head Office",4.2,"Madrid","Spain",ChIJIVww-vsrQg0RouPD2u_r2q8,103
9be1a68a-3e15-4361-bd48-3a4da8ce8fff,"Laboe Naval Memorial",Q538382,"Laboe","Germany",dfce0da9-fd1c-40f0-858e-04c5e9d981ec,"Naval Memorial",4.7,"Laboe","Germany",ChIJ8dxluLj5skcRQmBi6NPfjkY,12
35c74ba8-6f19-45c5-a63a-722b215a61ec,"Lafayette Anticipations – Galeries Lafayette Corporate Foundation",Q17353174,"Paris","France",f8a3c3eb-48c4-4fff-bb8f-f6bd1edb28f9,"Bombance",4.8,"Paris","France",ChIJBeetLDRv5kcRqLSnz94ajQI,70
b126a924-5024-40be-91e2-266f04ccda11,"Lafayette Escadrille Memorial",Q3333144,"Marnes-la-Coquette","France",b86d4462-282f-47ec-beb6-023a80b460cb,"Lafayette Escadrille Memorial Cemetery",4.5,"Marnes-la-Coquette","France",ChIJwRw_dJd85kcRL9V3M1n9kiA,39
8d031e6b-bcc1-48fe-bd4a-8f4873a8443b,"Laires Churchyard",Q2085403,"Laires","France",6c5159e6-bc34-41a9-bd5e-64384d9965bc,"Église catholique Saint-Martin à Laires et son Cimetière",4.7,"Laires","France",ChIJi8ZyewwH3UcRCdqd1DN3ndI,28
76bd3a48-a14a-4c05-915e-b4b7d8bd7ec1,"Lake Hotel",Q2069466,"Teton County","United States",a7479065-d151-446d-9944-2dced396e324,"Lake Yellowstone Hotel & Cabins",3.9,"Yellowstone National Park","United States",ChIJo_6DbF4cTlMR-ZQWlM4eL7o,20
9bae2f8d-d54a-43b4-9e2e-80e7e5b66578,"Lamel Hill (Anglo-Saxon tumulus)",Q6481692,"City of York","United Kingdom",20a63c0b-dae3-47a8-b578-505b1a349074,"Lamel Hill",4.3,"York","United Kingdom",ChIJ71TM5rQxeUgRF3Ekl9YboqE,39
ae4b1968-753f-490e-b068-f24a2c832102,"Landtag of North Rhine-Westphalia",Q1803999,"Düsseldorf","Germany",26c1b0ee-ac7c-4606-b00c-c0c9da3ba4e5,"State Parliament of North Rhine-Westphalia",3.9,"Düsseldorf","Germany",ChIJTYhqbhLKuEcRfvuk-nPBCWc,9
62fc0517-ebb5-4c95-a433-0b6f0b9b3278,"Lapido Building",Q1133967,"Montevideo","Uruguay",6d3a7037-9bb7-4c3a-b065-30b336f8e9eb,"Edificio Lapido",,"Montevideo","Uruguay",ChIJG7Uu2yyAn5URpTY0b73Bu8E,19
a8b1eeef-cce5-435b-ac81-f176c773cbd0,"Lateran Palace",Q848394,"","",569d3e48-ac19-4d78-af4f-32920340e233,"Laterano Caffè",4.5,"Rome","Italy",ChIJ8RaPvr9hLxMRl23iJm_7RD0,82
894e744e-22ab-478c-bdb8-d41c47a5160a,"Lausanne railway station",Q669678,"Lausanne","Switzerland",1938c092-8e28-4aa0-9f82-42f3c09117fc,"Lausanne",4,"Lausanne","Switzerland",ChIJEQLzX80vjEcRLgPvAOwnkkc,34
6d516719-b988-41a7-bd78-36f4d4a3fbef,"Laventie Communal Cemetery",Q2045656,"Laventie","France",3fd06b0d-552a-4d18-91e2-21704805acb0,"Laventie cemetery",1,"Laventie","France",ChIJS3tytJsn3UcRE7owtIWsL-8,49
735b89da-9fe4-4af8-b65b-c5ecd5d62249,"Lazarevskoe (Saint-Lazar) cemetery in Ryazan",Q2972460,"Ryazan","Russia",678131d6-4b2d-489b-afc4-d293ba45f0e7,"Lazarevskiy Nekropol'",4.3,"Ryazan","Russia",ChIJISLXjTniSUERciTZ49XyErU,66
810fb12f-5ff7-4eb8-9bbb-f735e7306507,"Le Crotoy Communal Cemetery",Q2298276,"Le Crotoy","France",8603d232-b96c-4d96-8eee-ade9900d990e,"Cimetière du Crotoy",,"Le Crotoy","France",ChIJ7eCpG5nl3UcRw_DlYL6Co1U,30
ca40affb-72ab-4dc7-8bba-f894be16efc2,"Le Falstaff",Q3516289,"City of Brussels","Belgium",c3d50ea8-5619-45c5-a9d4-253f60f46e64,"Pl. de la Bourse",,"Brussels","Belgium",ChIJP2UKgofDw0cRPU2iZkj6xCU,106
7fc5ff9d-3595-4255-a136-8604ee0a2d04,"Le Nemausus",Q3337995,"Nîmes","France",fae46a53-c0db-4b05-b64f-d8e53b95b976,"Nemausus 1",3.9,"Nîmes","France",ChIJs2NBPhkttBIROnhm1smkoTs,59
8c7a09b8-982a-4bb5-8b0d-49ab3f037742,"Le Volcan",Q3228210,"Le Havre","France",2eaa5e99-4f04-4308-93fc-02aebee654c9,"Le Volcan, Scène nationale du Havre",4.5,"Le Havre","France",ChIJJ5c5oSEv4EcRa86ZNpvMaFY,12
81ea1194-ba84-474e-8630-b82eea6fd6f6,"Ledringhem churchyard",Q2134190,"Ledringhem","France",6be3eac5-ae96-4278-aa04-97f433a6036b,"Église Saint-Omer de Ledringhem",4.6,"Ledringhem","France",ChIJOSZ2URrx3EcRJihXYteQA-Q,44
7b8181dc-1aaa-4e6c-9eb5-135fa986f437,"Lenin's Mausoleum",Q191414,"","",ccc90e29-ec1f-42a6-87f6-ffa569f8bb38,"Мавзолей В.И. Ленина на Красной площади",4.4,"Moscow","Russia",ChIJa7f1WVdKtUYRU7ChF9gsUN4,21
5ebe266b-95ff-4020-9377-ef12a2fc9122,"Lensic Theater",Q6523247,"Santa Fe","United States",b50a226b-3f01-4e59-92b1-12354da43ebb,"Lensic Performing Arts Center",4.8,"Santa Fe","United States",ChIJZ97UzkBQGIcRwIWk4fYmlJM,9
77c6be57-d677-462a-89fd-6c29dc41ebe6,"Leopoldstädter Tempel",Q695454,"Leopoldstadt","Austria",129f76ef-a606-4510-9863-c3707a4d09e5,"Mahnmal mit vier weißen Säulen am Gelände des zerstörten Leopoldstädter Tempel",4.9,"Vienna","Austria",ChIJA3zjgwkHbUcR8mDvaWUu53I,8
64942044-19b9-43c8-9bdf-957a6d3120cf,"Leubingen tumulus",Q1483247,"Sömmerda","Germany",167c793c-7514-48dd-8f77-b95356730d32,"Leubinger Fürstengrab",4.5,"Sömmerda","Germany",ChIJNc2MyZ8_pEcRr4ZClF-F6oU,26
a8f062e5-84d5-49ad-ba23-1db2d802e79d,"Levallois-Perret Cemetery",Q2972531,"Levallois-Perret","France",5267dfe9-d3da-41ca-9e43-d32eb8e8a02b,"Cimetière Levallois-Perret",4,"Levallois-Perret","France",ChIJqb3SpHlv5kcRGI9RC33AWdk,116
a40d5bfb-2db0-44bd-bbc9-0870f620c249,"Library building",Q28529650,"Jyväskylä","Finland",376dee57-9027-48c3-8fc9-ccb497ea4c53,"Jyväskylä University Library",4.6,"Jyväskylä","Finland",ChIJVys0fRh0hUYRaG-ulztV80o,10
81e6f163-774a-4ce0-a933-ae50ea39086e,"Lichtenstein Castle",Q155693,"","",f00b3548-6669-473e-bbc9-21cf97c6bc8e,"Schloss Lichtenstein",4.6,"Lichtenstein","Germany",ChIJQXgbpsn0mUcRk8E77KsvjLQ,49
7c2dc51d-f8ba-43c8-8627-e455569210cb,"Lifshyts synagogue, Vinnytsia",Q9349134,"Vinnytsia","Ukraine",1c1b2b23-9b55-48a4-9c61-1cd12194b1eb,"Lifshitz Synagogue",4.2,"Vinnytsia","Ukraine",ChIJI1BDQ3tbLUcRAzeJDhawwDc,2
7ab603a7-2198-4931-9d02-54e3a9d4fb53,"Lillers Communal Cemetery",Q3240895,"Lillers","France",01179674-a65f-4044-9309-4bb02397dd79,"Ancien cimetière de Lillers",5,"Lillers","France",ChIJGSO68ocb3UcREfux_mJeCZA,9
70d1cf75-af4d-41f0-99f3-6896fede6f74,"Lincoln Financial Field",Q1052370,"","",b3bd4aea-c9bc-4f8b-be3f-b2cbc51aad87,"Lincoln Financial Field",4.6,"Philadelphia","United States",ChIJMd064KnHxokRCTcp1DYABfQ,61
7d3b7d2e-9319-417d-8e27-8f9d578857e6,"Lisht",Q287779,"Markaz al ‘Ayyāţ","Egypt",9ded0c8f-aef6-4156-a1db-7da36a997b85,"Al List",,"Giza","Egypt",ChIJj9BaHfG4WRQRY8_ISNKFK5c,79
9127ed76-5fce-4703-9691-b7d8dd52deaf,"Litomyšl Chateau",Q2164885,"Záhradí","Czech Republic",fa3e4669-e801-415f-8a77-08a1067b8d57,"Litomyšl Castle",4.7,"Litomysl","Czech Republic",ChIJbyPbwSPtDUcRoZnp1yytVxg,33
add56f59-68f9-4f45-adfa-1c96ae56711f,"Lloret de Mar Cemetery",Q1457368,"Lloret de Mar","Spain",3dccb903-6097-4557-af4f-81810124e3c2,"Modernist Cemetery",4.6,"Lloret de Mar","Spain",ChIJw2OdbToXuxIRCJSw5WZTkCA,12
a463b589-3606-41bb-b83c-ead5e3afa492,"Lodha World One",Q507939,"Mumbai","India",7a1298d8-a0bd-452a-a298-3522f2e38ab1,"Lodha World One",4.4,"Mumbai","India",ChIJg2CoQR3P5zsRZuPyr9RMEds,39
7bbe8fd7-4de4-44ce-a567-0a82ce56315d,"London King's Cross railway station",Q219867,"","",bcce28f9-692c-4cd3-86ca-3fe1e9a738b5,"King’s Cross",4.4,"London","United Kingdom",ChIJmxO_XDwbdkgR-zjbcc_J6Xs,76
d4d2217a-0a47-44c6-8300-e34e9a3dcacb,"Los Angeles Central Library",Q27676389,"Los Angeles County","United States",7242a627-65a0-474e-950a-a147aa1a6146,"US Bank Tower",4.6,"Los Angeles","United States",ChIJmxAfa7PHwoARSq3AUtHyqGs,127
3e1fa7b0-94c0-47c6-ad0a-12c6bcdcf36f,"Louvre Museum",Q19675,"Saint-Germain-l'Auxerrois","France",c5fc70ab-577d-4d5d-a565-40a025dae84d,"Louis XIV sous les traits de Marcus Curtius (copie)",4.6,"Paris","France",ChIJzWhmDCZu5kcRIN7HUvGgx_g,94
60caee06-d347-4521-a423-6763ebcecec0,"Louvre Palace",Q1075988,"Paris","France",c5fc70ab-577d-4d5d-a565-40a025dae84d,"Louis XIV sous les traits de Marcus Curtius (copie)",4.6,"Paris","France",ChIJzWhmDCZu5kcRIN7HUvGgx_g,100
a711a23c-722c-489c-b13f-4243febe209f,"Löwenhaus",Q116619717,"Innsbruck","Austria",ab20439f-fc31-4968-8de5-4c56ccda5fac,"Innsbruck Löwenhaus/ORF (Rennweg)",4,"Innsbruck","Austria",ChIJbaK5SQdsnUcRDHhsIa0qgQw,52
70b08b61-7340-4a89-9ac8-e9b71e23e4cc,"Loyola Law School [Loyola Marymount University]",Q118637632,"Los Angeles","United States",8168a6b3-7b51-4834-8560-8efec6c43441,"Loyola Law School, Los Angeles",4.3,"Los Angeles","United States",ChIJZWTJgrzHwoARRtckKc9_kYE,80
7e5c6cbf-d7c6-43f4-834f-0e90b522f55e,"Lumber",Q10570673,"Vara Municipality","Sweden",2ed1991b-5c4f-42fb-8c3c-5da9ff87f0b1,"Lumbers Hög",,"Kvänum","Sweden",ChIJKxi5r_TdWkYRK_bhMeLGDTY,2
946fcb2c-bcf5-4890-9a5b-e85bc86248c5,"Lusail Stadium",Q1186333,"","",e00d7550-1a3c-405f-92de-7a5778ef63fb,"Lusail Stadium",4.7,"Lusail","Qatar",ChIJAfmvQJLnRT4RlSjVxoYusng,43
6018bd94-ba91-4723-a57c-5f54beb26183,"Madonna delle Lacrime Sanctuary",Q2223786,"Syracuse","Italy",5d40a733-6116-4fbf-8f71-c6573d577152,"Basilica Santuario Madonna delle Lacrime",4.5,"Syracuse","Italy",ChIJ40AwjZnOExMRhmYKJWFaUiY,29
6c18c559-4b14-4029-83f9-75e000246be9,"main building of the University of Tartu",Q11896548,"Tartu City","Estonia",567487d0-3182-4e61-9660-33894500e19f,"University of Tartu",4.7,"Tartu","Estonia",ChIJxWY1NeE260YRHuhb4GPmQYM,15
a9dbf213-8c3a-466c-bfe4-a5ac2576b19c,"Main Library",Q18153985,"Urbana","United States",234d704a-7e5a-49a1-a300-4a632933dd39,"Main Library",4.8,"Champaign","United States",ChIJa_UstD3XDIgRZUlIgRXSgeo,56
8b67f26c-545a-4c68-b05e-4ed9f8f50a95,"Maison de l'ordre des avocats",Q50532135,"Paris","France",25e3ba35-e3dd-45a4-ad7e-07d0d91ec973,"Maison des Avocats",4.5,"Paris","France",ChIJ1QFfr0pv5kcRrjCHgxSKTXg,58
9b71b655-935a-497e-83bd-7674520c3763,"Maison Hermès",Q12286421,"Tokyo","Japan",205e1f22-3d71-4c4d-ba04-ae098e56895d,"Maison Hermès Le Forum",4.5,"Chuo City","Japan",ChIJf6h47uWLGGARqjrFBsa_t90,13
6a4c9cde-01de-4bbb-bc36-62ca3e443b07,"Máj Národní",Q2008713,"Prague 1","Czech Republic",c9e0f2ba-4fe7-45dc-a92c-a3eb271f2cee,"Máj - House of Fun",4.3,"New Town","Czech Republic",ChIJK_yeC-6UC0cRs4KOHPpfyNc,24
c4cb0434-6ebd-45a8-aad0-05ee24c8ad26,"major cemetery of Milan",Q3676872,"Milan","Italy",638b4a7a-8ff8-48de-9e46-7222135daa3a,"Cimitero Maggiore",3.9,"Milan","Italy",ChIJ0WEk4S3AhkcR3Qp5sRO3wco,7
d00c2dd1-598c-41e0-baac-7a78776da025,"Manhattan House",Q18619402,"New York","United States",55aab574-311d-4d97-8725-0c345b650da4,"Manhattan House by Gordon Bunshaft, architect SOM",4.3,"New York","United States",ChIJnRFpE-lYwokRICr6Kkmm5AM,34
881538ed-b069-4d43-af53-ff7421002a2f,"mansion of Margarita Chernova",Q16645450,"Rostov-on-Don","Russia",40b5aac8-f919-44cc-9a2e-cf46b612c497,"Osobnyak Margarity Chernovoy",4.6,"Rostov-on-Don","Russia",ChIJ80CcIxG540AR8fMsVW2fPow,7
b1f9a357-e207-4872-a3e4-a8495b69e833,"Many Glacier Campground Camptender's Cabin",Q6753338,"Glacier County","United States",3be71df7-b1f6-4c5d-b532-b50805ac449c,"Many Glacier Campground",4.7,"Browning","United States",ChIJ93CqNA-yaFMRfFLzjRJi3BE,43
a4a39151-07d6-4d40-8493-728745177282,"Marchovelette Cemetery and Memorial",Q2972652,"Namur","Belgium",6caf09c2-17f6-49fc-a4ec-0377da442166,"Marchovelette Cemetery and Memorial",,"Namur","Belgium",ChIJVVVV8DqfwUcR9IH7D74PrAw,43
89ee49b0-1d12-47d2-892b-19229c55607a,"Mare de Deu de Gràcia",Q18007597,"L'Escala","Spain",b4e5d6f1-898e-4ff6-8ce4-262f89f0b3fd,"Convent de Santa Maria de Gràcia",4.8,"L'Escala","Spain",ChIJ5-DtYxVfuhIRuTjcIgO04Us,45
8f9cc7fc-68ed-422f-bfa2-54226d7420b0,"Marnix Ⅰ",Q109947786,"City of Brussels","Belgium",b565a57f-e8a4-4bf8-8b23-37fe22d68d94,"ING Marnix",2.2,"Brussels","Belgium",ChIJx4N-S4TEw0cRUyWWHWnT-JE,21
7270ad65-aa90-4841-9e65-a7008979789c,"Marqués de Riscal Hotel",Q1630957,"Elciego","Spain",21fd2329-bd26-4cd6-8ff9-d6dcb684cf3a,"Hotel Marqués de Riscal, a Luxury Collection Hotel, Elciego",4.5,"Elciego","Spain",ChIJAxH59vdXRQ0RD5l06F8sw14,45
73cd0fd9-9b6c-4459-b7a2-b255a1909dbe,"Martinskirche",Q1905704,"Linz","Austria",161050bd-809c-4419-a486-651bb563781d,"Church of St. Martin",4.5,"Linz","Austria",ChIJC3p4eYKXc0cRHrt6874ZQgM,53
abfee17b-cfb0-409b-97fc-fbae5dd5376b,"Mas de l'antic Jardí Botànic",Q96099652,"Montjuïc","Spain",7ae22295-a466-46ef-9f3c-76382b9cadae,"Pou del Jardí Botànic Històric",4.6,"Barcelona","Spain",ChIJqRDzcwCjpBIRh9WR1fNfKdM,36
9564bc8c-0525-4308-a62d-6a18397dd20a,"Matsumoto Performing Arts Centre",Q11278411,"Nagano","Japan",5ceb0b5d-7f91-4c83-9e13-59db8a1e09f7,"まつもと市民芸術館",4.2,"Matsumoto","Japan",ChIJVYx_w-wOHWARPWuXUy2ivbs,109
957a472f-a9c9-48c7-82ff-55969fd99fbb,"Matthias Church",Q493133,"Budapest District I","Hungary",94278085-53c6-413b-8eaa-14834acc023c,"The Church of Our Lady of Buda Castle",4.8,"Budapest","Hungary",ChIJ1yuefiLcQUcR1Uppb4xy0GI,1
9d70ed3e-2367-4d7a-b58d-2ec752ecc121,"Maximilianstraße 2, Loggia",Q2047197,"Munich","Germany",f36e36d2-e704-427e-aecf-60a743402491,"77 Diamonds Munich",4.7,"Munich","Germany",ChIJoWDzCF11nkcRmtcDuEAHAXE,19
9fe623a7-5675-46ba-af07-b909d3ccf444,"Mayagüez Municipal Cemetery",Q5058664,"Mayagüez","United States",7944f4b6-4f22-4140-bc14-2ce96c2f4740,"Cementerio Viejo de Mayagüez",3.3,"Mayagüez","Puerto Rico",ChIJu-vzsVKyAowRp-IaXMPGEv4,64
978875b4-4e76-4682-84eb-8f82501af61e,"Mayfield Cemetery",Q24964734,"Cleveland Heights","United States",eb88e60d-0652-4c1a-b2c0-c798a782ac27,"Mayfield Cemetery",4.8,"Cleveland Heights","United States",ChIJw8-QZxX8MIgRbrVe-IYiL4g,43
8ea39cde-b060-4af7-a502-e11e7a571e99,"McFarlin Memorial Auditorium",Q6801161,"Dallas County","United States",53081560-c736-4ff8-869f-b23127ae25e3,"McFarlin Auditorium",4.5,"Dallas","United States",ChIJzc7fHASfToYRTMpkPjlAFt8,9
6e39b093-97dd-4c38-8e17-f86e0737cd8e,"Meier building",Q115154947,"El Raval","Spain",dd910985-1f9c-4f91-b6f8-ba5b62b467bf,"Museu d’Art Contemporani de Barcelona",4.3,"Barcelona","Spain",ChIJ0V6MrPWipBIRKnssXv0o_Y4,15
afe091d5-ca80-46fe-bb2c-f8eb0ff198f2,"Melnikov House",Q4165336,"Krivoarbatsky Lane","Russia",1be69f37-898a-4fcf-95b2-897a70fa59e8,"State Museum of Konstantin and Viktor Melnikov",4.7,"Moscow","Russia",ChIJqeWlpLNLtUYRv6f-VxTdgzM,2
7c8d5fe9-15ae-470b-989e-71a5ff1003e9,"Melrose Abbey",Q1919732,"Scottish Borders","United Kingdom",cd6d822b-c65a-4772-8676-5c8abc5416e8,"Melrose Abbey",4.5,"Melrose","United Kingdom",ChIJoZSkQveCh0gRHYKuXYxTRM8,67
a732d408-1528-431e-bea0-b4f1ff25cada,"Memorial Necropole Ecumenica",Q1615173,"Santos","Brazil",4936c781-0849-414a-bba0-fb53ba312feb,"Cemitério Memorial Necrópole Ecumênica",4.4,"Santos","Brazil",ChIJq6pmhF0DzpQRikayyDnA2lc,25
930a4cd5-055c-4ca2-a7a9-05f542a7f54f,"Mennonite cemetery in Hamburg-Altona",Q1664659,"Altona","Germany",537c36e7-91d9-4a53-aaa6-3b7109a3ef36,"Mennonitenfriedhof",4.8,"Hamburg","Germany",ChIJ1z50dcKFsUcR4Y5BTaG-A3U,27
f3568e67-b4c2-430c-bd23-e2b8d642ef1d,"Mercure Yokosuka",Q11344051,"Tokyo","Japan",dbf3d86e-c53d-454b-853b-03d4413bc48f,"Yokosuka Arts Theatre",4.1,"Yokosuka","Japan",ChIJsUeVMndAGGARQAt_DojxBvM,33
80953333-4773-495b-831b-00c672ac8381,"Meret Oppenheim Hochhaus",Q31838381,"Basel-Gundeldingen","Switzerland",397c8e37-c531-48e4-801a-3e98ff45e23f,"MOH Meret Oppenheim High-rise",4.1,"Basel","Switzerland",ChIJgRuYk1G4kUcRqsrtLi8uAeQ,45
8484b7f8-e7f5-435b-9c7d-a5db35e00649,"Merville Communal Cemetery",Q2150819,"Merville","France",c3601986-3fea-409d-8c19-a377c2594a27,"Merville communal cemetery extension",5,"Merville","France",ChIJPdtlUwAh3UcRVrDXeXUJc2U,135
b06e0e2e-266d-4de5-a777-b279937a7a01,"Metallurgical Cemetery",Q913155,"Gliwice","Poland",6a42dbcf-752f-456c-9ee2-51a73487b49a,"Metallurgical Cemetery",4.8,"Gliwice","Poland",ChIJY_hrYAgxEUcRcVlCTUN_O1o,127
eb45aade-2f32-47dd-a42a-d3b618d6e877,"MetLife Building",Q464482,"New York","United States",75aad676-a346-417e-abf5-a8a1f7c0ebb3,"Whispering Gallery in Grand Central Terminal",4.8,"New York","United States",ChIJ75FhiAFZwokRgGYRKvPP_xU,117
6d79dc27-852c-4481-9342-7179fae7fc2d,"Metropolitan Cathedral of Athens",Q981372,"Athens Municipality","Greece",655d3f5a-c942-4d96-a9c3-61224eb6f4c2,"Holy Metropolitan Church of the Annunciation to the Virgin Mary",4.7,"Athens","Greece",ChIJ581NBD29oRQRMtloCTR82ok,20
0331feec-2db0-46de-b7fe-e3c42f231919,"Metropolitan Life North Building",Q1925855,"New York","United States",abf977d6-263a-4151-814d-82a8fee5ec07,"Holocaust Memorial",4.8,"New York","United States",ChIJNd7Xi-1ZwokRHW0XsR2787Q,61
600313e6-bd2d-4998-870c-a2a355b4cc3c,"Mikimoto Ginza 2",Q125398479,"Tokyo","Japan",b1a4304a-c1d0-494e-96f3-b1f7320122fe,"MIKIMOTO Ginza 2-chome Store",4.2,"Chuo City","Japan",ChIJmRERReSLGGARlDLwpcnBctI,8
188d29d1-c076-48a6-b94e-dd1c2d26d429,"Milan Cathedral",Q18068,"Milan","Italy",a5475c19-12e4-446f-9968-fd05b1064595,"Square del Duomo",4.8,"Milan","Italy",ChIJB4CSZFzAhkcRwPCxEusUvvM,101
884c5afd-3f6e-4647-a3de-633c143e1b1a,"military shrine of Reschenpass",Q3944613,"Mals","Italy",4cad01d6-20c0-4a2f-9c7b-a6ad69ae93d4,"Reschenpass military cemetery",4.5,"Mals","Italy",ChIJKW5ijZwjg0cRXDC3vr4tiLc,3
a841ac20-2263-4f49-9d52-b0675c0abe77,"Millennium UN Plaza",Q6858964,"New York","United States",a93a475c-ece5-491a-9465-f59426b8ee08,"Millennium Hilton New York One UN Plaza",4,"New York","United States",ChIJEU2H4BxZwokRNsE531E6mZM,3
62a72d84-5ee3-4bd1-add2-476e5c2c3b06,"Minerva Pavilion",Q66686079,"Amsterdam","Netherlands",a561dd5b-806e-47b0-a870-386a07a684b8,"Apollolaan 166",,"Amsterdam","Netherlands",ChIJjwCPjf4JxkcRVEuWm5fa6Og,48
acee578a-9363-4fac-ae72-a468d480b5af,"Minnesota Building",Q6868177,"Saint Paul","United States",f7997b4e-c3e7-4264-980c-663197f4f14c,"The Historic Minnesota Building",3.7,"St Paul","United States",ChIJX0LoYFfV94cRca7BvAnqlx8,9
9a2cff86-f67a-42d0-ae98-1a200aa252c7,"Minsk Cathedral Mosque",Q83944615,"Minsk","Belarus",df239d4b-c6fc-44ce-9010-710ca389cd75,"Мячэць Мусульманскага рэлігійнага аб’яднання ў Рэспубліцы Беларусь",4.7,"Minsk","Belarus",ChIJIdgQImHF20YRoGE7PGEdJN8,13
814716ab-2b1f-4300-9a6b-c14bf1f506df,"Mira-Nila House",Q63958800,"Bagong Lipunan ng Crame","Philippines",651f1820-9481-47dd-82c3-a52d9370e48d,"Bahay Mira-Nila",,"Manila","Philippines",ChIJGYhWusS3lzMRrr-ab7sF4sg,41
c0b995aa-07b8-4ed2-926b-c066bdeba92c,"Mode Gakuen Cocoon Tower",Q1030463,"Tokyo","Japan",be47edea-5bb4-41b4-aaf9-986652e0e2ca,"Book 1st Shinjuku",4.2,"Tokyo","Japan",ChIJwQfol9aMGGARPEYs5gZohkU,0
47662775-e356-40b2-8a62-b50d66b57b29,"Montjuïc Cemetery",Q126453,"Barcelona","Spain",cb0d9158-ee88-4087-9572-862341c085d7,"Cementiri de Montjuïc",4.5,"Barcelona","Spain",ChIJI_qx1A6ipBIRc5TA2IQ9dZE,47
552f9a93-aa0a-4a74-98db-151bf4c27afe,"Montparnasse Tower",Q323767,"Quartier Necker","France",04f9ac89-b300-4778-a24a-4ad7ebf383e2,"Paris Montparnasse – Top of the city",4.5,"Paris","France",ChIJm7VyvMxx5kcRocUK8_hMQwE,3
93ac6eab-b8c6-441a-b216-c147c4ace6fb,"Montreal Biosphère",Q864789,"Montreal","Canada",5464fb22-b862-4ec2-93e7-bddab702924d,"The Biosphere, Environment Museum",4.3,"Montreal","Canada",ChIJscEBsAgbyUwRKVqf-G_mDi0,24
8bf844b7-9680-440f-aa44-9d5d8ea0cc4e,"monumental cemetery of Brescia",Q3676930,"Brescia","Italy",cf504c36-c54e-4b6a-b65e-98a629d6b157,"Cimitero Monumentale Vantiniano",4.7,"Brescia","Italy",ChIJl4mde593gUcRA0MfbWCu2VY,9
8dc99e48-7644-4890-afd8-066eede2c1c0,"monumental cemetery of Busto Arsizio",Q3676889,"Busto Arsizio","Italy",48c78bf2-70e1-4481-ab53-b2aca8f00997,"Main cemetery of Busto Arsizio",4.4,"Busto Arsizio","Italy",ChIJOfJTYKOLhkcR8HKW1R79SQs,53
ab900614-bcbf-44a9-bdc9-a82e787edf19,"Monumental cemetery of Trento",Q3676896,"Trento","Italy",6f3e5c69-c095-4ce7-9165-ac238798590c,"Cimitero Monumentale di Trento",4.5,"Trento","Italy",ChIJb6AcNkxxgkcRc-7dbtWuoEA,49
a601ff7c-5b06-4c2e-9614-76a0b5931135,"Morden tube station",Q1947443,"London Borough of Merton","United Kingdom",9646cd7c-2b1a-473f-aa10-05a7299376dd,"Morden",3.8,"Morden","United Kingdom",ChIJl0EIoZsIdkgRS4Y7Qo61xyo,33
90112d73-25f2-4efe-b24b-a096c21dea73,"Morton H. Meyerson Symphony Center",Q670323,"Dallas","United States",b253e3bc-88a7-41cf-8b88-3e1a8f7dfada,"Dallas Symphony Orchestra at Meyerson Symphony Center",4.8,"Dallas","United States",ChIJkX8jRySZToYRkZyfj9c4FXQ,11
604f04bc-908c-4c36-872a-587b6a417966,"Mount Auburn Cemetery",Q8509201,"Baltimore","United States",ec9387e3-31a9-499e-bc6b-ce48cb06d304,"Mount Auburn Cemetery",2.4,"Baltimore","United States",ChIJR1Q1by0DyIkRqRJK91zg5zs,74
835b9b4e-43d1-4c87-b3d9-cf2db4ebddb7,"Mount Baker Theatre",Q6919594,"Bellingham","United States",43410222-d563-4889-ace5-8150ece4e88c,"Mount Baker Theatre",4.7,"Bellingham","United States",ChIJLxWjBb2jhVQRidlQJGEiIcE,106
6d012727-a419-48b5-bac1-957e30da39fa,"Mount Hope Cemetery",Q4460506,"Rochester","United States",5446ac76-da0c-40c7-9a9c-3497b6e08ca2,"Mount Hope Cemetery",4.6,"Rochester","United States",ChIJpdzT5c601okRMX88xCOE6co,89
8925b9aa-a6db-42e8-9817-58fabfa1b747,"Muir Woods National Monument Administration-Concession Building",Q99522743,"Marin County","United States",21233541-dfc5-42c1-847a-467d68166245,"Muir Woods Visitor Center",4.7,"Mill Valley","United States",ChIJ1ZriNjmQhYARN664_IFdHuM,71
a74059e1-4128-4edd-b431-32d99875c382,"Münster Central Cemetery",Q190488,"Münster","Germany",f742d4ce-5160-47b8-b46f-07c2888d2c64,"Zentralfriedhof Münster",4.5,"Münster","Germany",ChIJbxt-jrm6uUcRYhYmevFOM8g,74
4b786f7e-528b-4a00-9285-fef70bb020c6,"Munttoren",Q1429748,"Amsterdam","Netherlands",ab7f527b-4de6-49f2-8284-b3a5b0fb9930,"Hildo Krop Vrouwe Fortuna",4.5,"Amsterdam","Netherlands",ChIJfW2c5P8JxkcRtNcuf8QOsIM,68
24b236fb-3a08-413a-8b17-f4e1af655111,"Musée Picasso",Q743206,"","",32676dd4-e48f-48c8-8453-b18702f01443,"Museum National Picasso-Paris",4.4,"Paris","France",ChIJS2t0QgFu5kcR92388prakcE,24
04e31ed1-2309-4e9d-86cf-ca1d7dee290d,"Museo Civico di Storia Naturale di Milano",Q1533416,"Milan","Italy",ae026e95-2af9-4eda-aac6-c285f48c6b0f,"Monumento ad Antonio Stoppani",4.3,"Milan","Italy",ChIJhYlBJLnGhkcRbZVqbQDmaQk,81
81d76861-c7d5-463a-a07c-79163edbb195,"Museo de Artes y Costumbres Populares de Sevilla",Q28962357,"Seville","Spain",25b47bc8-b87e-4d5f-a2bf-28c7c1a17c57,"Museum of Popular Arts and Customs of Seville",4.4,"Seville","Spain",ChIJVc6IRCZsEg0R3Yg_TJYIbc4,17
3fcc6a4d-b1fe-4958-bf2c-e098f5af2742,"Museo del Prado",Q160112,"","",9ddee380-34be-496c-8014-2d428caa00de,"Museum Nacional del Prado",4.7,"Madrid","Spain",ChIJ7aLYZp0oQg0RWoitk33wlBA,16
6e45b8f4-7c5c-4883-8629-ed77a5ef3000,"Museu Casa Kubitschek",Q40357761,"Belo Horizonte","Brazil",bbc7fa27-d510-4887-9818-ae5de7167fe5,"Kubitschek House Museum",4.7,"Belo Horizonte","Brazil",ChIJkWcQcFOQpgARF8rfAIA68MQ,23
527ab213-1b54-491a-816a-3b43b6648621,"Museu de Arte Contemporânea (Fundação de Serralves)",Q1954380,"Lordelo do Ouro e Massarelos","Portugal",29aab5ac-dd87-4060-8869-106b0fac0bb9,"Serralves Museum of Contemporary Art",4.4,"Porto","Portugal",ChIJ01B3qIBlJA0R98XaUsUgXdM,77
9b0a91c0-364a-47b1-97fb-89452ff8a634,"Musikverein",Q686720,"Innere Stadt","Austria",abba5ebc-4aa8-4cf5-9120-2a42571188d7,"Musikverein Wien",4.7,"Vienna","Austria",ChIJx-raUZ0HbUcRT4MxN8ArwYI,43
71384878-f3b6-4c5a-977e-3764a3f54e9a,"Muslim military cemetery of Barcia",Q624272,"Valdés","Spain",3cc76286-4f4a-4ab3-bc54-62d7f67bde8d,"Cementerio de los mouros",3.6,"Barcia","Spain",ChIJryoUrQNUMQ0R6FY_2IqfhbE,98
b1de1cea-6712-4cca-94d9-812e244c17ef,"Nagoya Dome",Q929524,"Nagoya","Japan",2f3622ba-5011-44e8-8872-3e34f28a0e74,"Vantelin Dome Nagoya",4.1,"Nagoya","Japan",ChIJz5UCOVFwA2ARSF41JsJkk6A,10
915188d1-cda6-4157-b85c-ea763f63fc27,"Nakheel Tower",Q317871,"Dubai","United Arab Emirates",27c6799c-9b26-4802-92ab-f1c6be1473cd,"Nakheel Tower Construction Site",,"Dubai","United Arab Emirates",ChIJcbkbZgATXz4ROk8UeypYVVs,53
71a32207-9fc5-4bb3-ac92-364d9f1b44f3,"Napoli Afragola railway station",Q3970269,"Afragola","Italy",a7bddc94-a390-40d9-a0a3-24157326a4b6,"Napoli Afragola",3.9,"Afragola","Italy",ChIJHfWvvIKpOxMRCQoX4WnLUCg,50
7c9bfb21-cfe5-4874-80a6-a4b5e1654e6b,"National Art Museum of Azerbaijan",Q2559128,"","",ce200100-80e4-4a8c-9f53-a3b4274d8144,"Baku State Philharmonic Hall",4.8,"Baku","Azerbaijan",ChIJwY-Cv8t9MEARWv3RMuHYdq8,110
867742ba-cd7f-4e14-917e-70edc1290f70,"National Building Museum",Q624008,"Washington, D.C.","United States",b2f41f2c-cd01-4131-a99e-a88ab8798a79,"National Building Museum",4.4,"Washington","United States",ChIJc1s06I63t4kRRV9ykdE7I0g,56
62ccd0e5-b6f9-4b69-9be6-1ac1174b930e,"National Cemetery in Martin",Q1968397,"Martin","Slovakia",df119600-b155-49e3-bec3-81da087f5811,"National Cemetery",4.8,"Martin","Slovakia",ChIJTyL3Teb-FEcRpN9LOctWY7Y,31
62586f35-86c2-4c4f-99aa-83cf02134c3e,"National Centre for the Performing Arts",Q17057162,"Mumbai City district","India",04d719b1-eb1f-4341-83ea-704e00678e3c,"Experimental Theatre",4.7,"Mumbai","India",ChIJz5Xbk-7R5zsRHjMaTIzCZDM,77
84fa8e45-bf18-4c28-bace-fda9f706f6cd,"National Congress Palace",Q4155889,"Brasília","Brazil",fc0b2a5c-87ab-42f9-95e7-6d43abc84182,"Congresso Nacional",4.3,"Brasília","Brazil",ChIJuXVjvzg7WpMRP5_RrPrKtgU,1
a40b9cce-9eb6-44d8-b803-c9fa1c3733e0,"National Gallery",Q180788,"","",fb6204c8-212e-43d1-9e5e-dfaa98e53ce7,"National Portrait Gallery",4.7,"London","United Kingdom",ChIJeclqF84EdkgRYkL4mtJ7rLM,64
a63d5804-daa8-4114-b618-b08f077b5aca,"National Palace of Culture",Q3269914,"Triaditsa District","Bulgaria",a207c55a-5990-402a-b491-7c32a25085e8,"National Palace of Culture (NDK)",4.5,"Sofia","Bulgaria",ChIJu46vtg-FqkARuVUJhrcBo4c,54
85c46fef-d7d2-416a-9c73-cf0821fadb9d,"National Park Service Southwest Regional Office",Q6974747,"Santa Fe","United States",593c3011-d5e1-423f-8429-a74bd49665af,"National Park Service",5,"Santa Fe","United States",ChIJ7_fk0gFRGIcRJ055qIASwac,34
ebe9b005-dd52-4220-a8de-f0bdd13c314a,"National Theatre Munich",Q707679,"Munich","Germany",f36e36d2-e704-427e-aecf-60a743402491,"77 Diamonds Munich",4.7,"Munich","Germany",ChIJoWDzCF11nkcRmtcDuEAHAXE,83
7e06ac7d-99bb-411e-b6cb-bdd4b471bdf0,"Naumburg Cathedral",Q5938,"Naumburg","Germany",d669e0bc-2527-4745-912a-079250f60955,"Naumburger Dom",4.6,"Naumburg","Germany",ChIJd8akuOiZpkcR0ihSXQ-_F9Q,13
667a3a3c-565d-414b-9822-470429e08a9e,"Navenne military cemetery",Q2972658,"Vesoul","France",dc6e551d-eda1-41a5-94a7-ef2a44ac3080,"Cimetière de Navenne",4.5,"Navenne","France",ChIJl-JhHtrykkcRVViVJ-9ftDQ,61
763eff82-74c1-4f70-b0d8-95c75cceb8e6,"Navje",Q11184115,"Ljubljana City Municipality","Slovenia",0418126b-38cc-4fc4-bcc6-517731e76dce,"Navje Memorial Park",4.6,"Ljubljana","Slovenia",ChIJVUr8VpoyZUcRxPERjMOUEAo,50
a834079f-1089-4fb9-b5d6-bddc7d69d582,"Nebotičnik",Q4178650,"Center","Slovenia",553b3f07-bb0f-4021-8ddb-15a31a2dd68c,"Nebotičnik",,"Ljubljana","Slovenia",ChIJk3owwGEtZUcRTyL07nuVIAg,71
9d5496a9-d2c2-434f-8e94-79edab10ddfc,"necropolis of Kerkouane",Q6985710,"Nabeul Governorate","Tunisia",3dffed2c-d54d-4166-a754-6aa207edc3b3,"Punic Necropolis of Kerkouane",4.5,"Kerkouane","Tunisia",ChIJ9W0a-Q46HRMR9ewEeSwW-e4,58
ab215fa4-0ac5-4dae-8fd9-2bdf2d9ca149,"Nelson Mandela Bay Stadium",Q181445,"","",b7e4435e-c4aa-49ea-9b35-09f87082cbf2,"Nelson Mandela Bay Stadium",4.5,"Gqeberha","South Africa",ChIJcVx_yrHTeh4RV3sWEl7WPZo,40
abe2429b-3d66-457f-9f27-2b2d4dd801a0,"Neptunus",Q107096166,"Amsterdam","Netherlands",26c63e70-8ee3-4beb-9841-c57cdc960ea2,"De Drie Graefjes American Bakery - Vestiging Dam",4.3,"Amsterdam","Netherlands",ChIJgVZo_cYJxkcRwNZfbQHhBd0,144
78ddde36-0fb4-4dc3-b288-dcb69de1541c,"Nesvizh Castle",Q719422,"Niasviž","Belarus",e4de60ab-7899-43da-b1d0-ad85e21e65ce,"Nesvizh Radziwiłł Castle",4.8,"Нясвiж","Belarus",ChIJ_1VGgUUc2UYRk_1OT5Kwh5Q,87
d250a65b-a99f-4918-9dc2-fad02b76ec98,"Neue Staatsgalerie",Q316242,"Stuttgart-Mitte","Germany",3cb435e4-7d00-498f-b870-80edc2fc3a76,"Kammertheater",4.6,"Stuttgart","Germany",ChIJQRnjDsvEmUcRbECxx0mLdT0,122
b2458517-7542-429c-8834-803c335ab668,"Neue Wache",Q152341,"Bezirk Mitte","Germany",ed9cbcb2-bd7f-4e04-b715-5d7973d93284,"Neue Wache",4.5,"Berlin","Germany",ChIJk7bNEtxRqEcRfDYZ1ZYk6No,43
aaf34f3e-f8af-411e-affb-3193e195d605,"Neuer Jüdischer Friedhof Eisenstadt",Q779004,"Eisenstadt","Austria",3d183733-9ed7-4d73-a732-ffb4422a807c,"Neuer Jüdischer Friedhof",,"Eisenstadt","Austria",ChIJPYBd8FlJbEcR2ieG-P4ta28,31
6cedfbaf-0311-46ff-888f-f67675612590,"Neuer Katholischer Friedhof",Q1980178,"Dresden","Germany",1456973e-bd5b-44de-acc4-9539bdae3baf,"Neuer Katholischer Friedhof",4.4,"Dresden","Germany",ChIJt-hVD5rPCUcRJzEemQ0qZOU,79
adf6c1f4-525e-453b-a0ad-23f72b5a2939,"Neuer St. Nikolai Friedhof (Hannover)",Q1980225,"Nord","Germany",83725ef4-d15e-4308-8131-47a033ad014c,"New St. Nikolai Friedhof",4.2,"Hanover","Germany",ChIJXzN6Y6N0sEcRViAiPVGOqeA,79
860eac3d-fe9e-4379-9069-a369c849721e,"Neustädter Friedhof",Q1981765,"Mitte","Germany",4d71f76b-e50f-442d-abf5-f0fbe1671a89,"Neustädter Friedhof",4.7,"Hanover","Germany",ChIJUWfrf491sEcRuIQxIJ6WFQw,74
a5a58845-7f3e-4190-acf0-f6b391a87a41,"Nevzorovo Cemetery",Q4315757,"Pushkinsky Urban District","Russia",2c63d4dd-e623-428d-a3f7-0cdcdd32b69c,"Nevzorovskoye Kladbishche",4.3,"Pushkinskiy Rayon","Russia",ChIJTQXVLFUptUYR2NMYRHLMBiI,86
2171a0bc-a073-433d-8bee-c8e244a4b06c,"New Amsterdam Theatre",Q2004827,"New York","United States",a49b659f-511d-477b-ab78-192e90ad1745,"Madame Tussauds New York",4.5,"New York","United States",ChIJ8VOfr1RYwokRhil9_pcMKuc,79
7fa13132-7d3c-4c57-9c47-706b1a15115b,"New Michael Palace",Q3361196,"Saint Petersburg","Russia",fae30250-1d9a-41fc-ad7e-a3356ebc9476,"Novo-Mikhailovsky Palace",4.9,"St Petersburg","Russia",ChIJmUzNSRIxlkYRM42xsnhlTgg,7
c773d51b-d2ca-41bb-92fa-604c56341fd5,"New Museum",Q1156823,"New York City","United States",00a11b75-79f3-4109-ba2d-f139ac2a601f,"BUNGEE Coffee",4.7,"New York","United States",ChIJw_L7o8BZwokRKbQ7ZRSqdO0,64
9cd99371-130d-4083-967f-c234fb831e8e,"New Synagogue Brunswick",Q1979790,"Brunswick","Germany",35209b07-84ce-45c1-8cec-9af73cebf125,"Jüdische Gemeinde Braunschweig",4.4,"Braunschweig","Germany",ChIJ456rVHH2r0cRqbxNlcYG9B0,25
70fa77bd-feff-45f5-8802-dd26e546640d,"New York Life Building",Q1499859,"New York","United States",27c3cbeb-65d4-4ef0-92d8-a349768d0c0c,"New York Life Building",5,"New York","United States",ChIJycYNBABZwokROODjz6M1xBc,75
a6921439-3334-4ee7-8e9e-a76b20ec852e,"Newark Broad Street Station",Q7016633,"Newark","United States",6b99a2b9-3456-4788-851f-d479a854437d,"Broad St.",4.2,"New York","United States",ChIJiYXiTodUwokRTZSUsHRsp6g,41
6f0371e6-bda0-46f2-bebc-47878933ebae,"Newton City Hall and War Memorial",Q16895835,"Newton","United States",ba888280-0337-4796-b259-73e13a27e07a,"Newton City Hall",3.8,"Newton Centre","United States",ChIJwVtJRGKC44kRijqTrS-toWY,7
af733332-9baa-4f05-818e-d51f82f8b6fe,"Newton County Courthouse",Q23302850,"Arkansas","United States",0e6eb4ad-1daf-4da9-9cc1-6461e8f5946f,"Newton County District Court",4.5,"Jasper","United States",ChIJASswPNKFzocR3l7N4bI5cMk,4
e0fbc984-eefa-4560-af8c-871605145b76,"Nieuwe Algemene Begraafplaats De Stuivenberg",Q2020674,"Montfoort","Netherlands",4e19a668-2339-4ac5-9627-2e5b2900ea2c,"Algemene Begraafplaats",5,"Montfoort","Netherlands",ChIJoxsZWrB7xkcRKKuZynvdvyw,33
8d5ea53d-bf2d-44ad-8e2c-824dd8466199,"Nieuwe Zandweg Cemetery",Q2226843,"Montfoort","Netherlands",d6191612-a7a5-44c7-afa2-b7eb2c4bb604,"Cemetery",,"Linschoten","Netherlands",ChIJAQBApIl5xkcRVQ5rzcFHGJc,56
85fd5703-5c30-435d-bae0-36fea8e8548b,"Nikolaikirchhof Görlitz",Q1991139,"Görlitz","Germany",8153cd46-acbf-4205-942b-a3ed29ac1fdd,"Nikolaifriedhof",5,"Görlitz","Germany",ChIJAQAAnzfcCEcR1zv7VFn73kQ,10
87cf8f6d-23b7-4b5f-ae4b-db8e4e502f44,"Niterói Contemporary Art Museum",Q1573239,"Niterói","Brazil",c5f64c69-f702-4656-90fd-ea0f30721d28,"Museu de Arte Contemporânea de Niterói",4.6,"Niterói","Brazil",ChIJP0gsN2OBmQARJWlzongt8vE,28
61e39e7c-7ed0-47f5-838e-0d8efe3f1f98,"No 1 Poultry",Q1994490,"London","United Kingdom",005b479b-08e0-46a9-90fb-4482c7ea25c8,"No. 1 Poultry Building",4.8,"London","United Kingdom",ChIJha_JUgADdkgRlA0Q7lFlnus,31
8d29afe3-de53-4112-85be-4160be751185,"Nollendorfplatz metro station",Q571039,"Tempelhof-Schöneberg","Germany",3ef71651-4138-4cb6-aee0-f35a37f3776a,"Nickelmann Fountain",3.4,"Berlin","Germany",ChIJH1FKek5QqEcRMYGqayqFGWI,112
6bbdded1-ac22-4171-8431-da63c8e824b1,"Nordfriedhof",Q1030655,"Munich","Germany",a8bdef41-b03d-40d1-8c2d-b2d784a8f8aa,"Nordfriedhof (Oswald Spengler's tomb)",4.5,"Munich","Germany",ChIJYSWCY9LhvkcRcnxwOqp-lok,19
adf6821b-bf5e-4352-878d-57aea078f740,"North Front Cemetery",Q3631300,"Gibraltar","United Kingdom",a5171de1-4d88-43f2-8ced-3fec334f9f70,"North Front Cemetery",4.3,"Gibraltar","Gibraltar",ChIJIR5cmoPADA0RjX3g_Oqr7Cg,93
71ab23fd-f357-4b7f-bbf9-9fad03676a43,"Nová správní budova Spolchemie",Q38234864,"Ústí nad Labem-centrum","Czech Republic",1547855b-94d7-4101-90b2-9d395b9a75c5,"SPOLCHEMIE (Spolek pro chemickou a hutní výrobu, a.s.)",3.8,"Ústí nad Labem-město","Czech Republic",ChIJUz8lqbGECUcREHCwVpzWh_A,77
64f7895d-7a3e-4715-9105-9055a9b6308b,"Novozapadnoe Cemetery, Penza",Q4323999,"Penza","Russia",c0e372e7-5095-4a6e-9ef7-f2c76a52ae1b,"Novozapadnoye Kladbishche",3.7,"Penza","Russia",ChIJIdSiHr8BQUERO17uWPDfmoM,126
b2665cd4-7282-4ee6-9596-d0cc89c0342e,"Noyelles-Godault Communal Cemetery",Q1930176,"Noyelles-Godault","France",acc45f1c-a703-4760-9549-d5158a556366,"Cimetière de Noyelles-Godault",5,"Noyelles-Godault","France",ChIJAVNT7H7NwkcR2OshUzPpxTA,90
70e86991-d4da-452f-8a1b-b9b3d1482dd2,"NTT Docomo Yoyogi Building",Q2090752,"Tokyo","Japan",d475cffc-2541-44ca-9c28-5a129fc8c695,"yakiniku futago Yoyogi Annex（bbq japanese）",4.9,"Tokyo","Japan",ChIJ4yLeVsmNGGARYo6_JOwOYxo,125
420688da-cdcf-440f-92ce-3139489ce055,"obdachlosen lager",Q163995,"","",594077bf-b0e9-4984-a96b-21e6b6097ac7,"Emirates Stadium",4.6,"London","United Kingdom",ChIJO14pRXYbdkgRkM-CgzxxADY,12
311981d4-8367-4919-a4b4-c3fefdd6c440,"OCBC Centre",Q2790093,"Downtown Core","Singapore",91fabc6b-8ce6-4652-842b-ec5c5eb06c86,"Pickering Operations Complex",,"Downtown Core","Singapore",ChIJ8VI2mAsZ2jERdlJDXxH2PbU,104
7029532f-864c-4d9a-b31f-715cd6383804,"Ochancourt Churchyard",Q3978596,"Ochancourt","France",836b76c8-b35c-4e19-8c8b-32245ef5b089,"Eglise Saint-Ouen - Cimetière de OCHANCOURT",3.7,"Ochancourt","France",ChIJgXNgJxb63UcRdLHMScwG0gM,32
60c047d6-726b-4a85-8eae-6c218e699a5a,"Odd Fellows Mansion",Q3432545,"Copenhagen Municipality","Denmark",80e4a345-dcb8-4cae-88cf-1af7dd483b11,"Odd Fellow Palæet",4.5,"Indre By","Denmark",ChIJWwYAfiJTUkYRiLCyQwbZi0o,21
8b2e9d4b-2f5e-4f88-bba7-cfa42c84b2ec,"Okanoyama Museum of Art Nishiwaki",Q11471937,"Nishiwaki","Japan",814756d4-f388-4e97-a55a-b83e709f17a6,"Okanoyama Art Museum",3.9,"Nishiwaki","Japan",ChIJJzz7i8pKVTURp2ndEl8pTjc,5
6db92f5b-3668-44a9-b1e9-02c25f03de56,"Old Dallas Central Library",Q7083825,"Dallas Downtown Historic District","United States",e9362765-5a06-4a68-8bb6-851dd6406b75,"Dallas Statler Hilton",,"Dallas","United States",ChIJL-qxph-ZToYR2BMF2HfIyDI,59
96eeb9f4-1aee-4df7-88ae-974b64ed97d2,"Old Jewish Cemetery, Prague",Q438026,"Prague","Czech Republic",be1db620-1c6a-4567-86b3-b8fe1fbfb5df,"Old Jewish Cemetery",4.2,"Josefov","Czech Republic",ChIJAQAAAOyUC0cR1V8UnwOCrIc,36
60b2c3c0-c75f-4e31-9d72-c77e006b29aa,"Old Niendorf Cemetery",Q438118,"Eimsbüttel","Germany",d3440e9c-8e3d-49da-a68d-742ea2fddd6c,"Alter Friedhof Niendorf",5,"Hamburg","Germany",ChIJHe6azIWHsUcRGq0ekTLdqZE,19
693ff1f7-fc52-4615-a58b-030e68059004,"Old Synagogue, Aachen",Q22694128,"Aachen-Mitte","Germany",2334b99f-ce01-490a-b208-d6dc5bd20e0f,"Jüdische Gemeinde Aachen",4.4,"Aachen","Germany",ChIJ7wQ_lmaZwEcRIo0ojpHwtfw,36
93b59ff7-6477-4058-855a-68839499d175,"Olympiaschool (Amsterdam)",Q17292199,"Amsterdam","Netherlands",9df8bac6-a47b-430b-9f59-94ae9aaaebaf,"Olympiaschool",,"Amsterdam","Netherlands",ChIJleTGPv7hxUcRUA82ZOs2-FI,45
7bc9360b-dbde-46e7-9f18-565babe7399e,"One Atlantic Center",Q2023960,"Atlanta","United States",8113073b-68c5-4b4b-83ce-8e8a449e2319,"One Atlantic Center",4.4,"Atlanta","United States",ChIJO-vAelsE9YgRTWw_FbdBpSE,60
78a7cecf-8b46-4db9-94f3-a691a1b96857,"One Madison",Q7092848,"New York","United States",d2f21067-1140-4b19-8127-b4bd52f95061,"Pen and Brush",4.9,"New York","United States",ChIJzXaiRqFZwokRvsLDNXZE5yE,61
78ee6160-283a-4869-bbff-4350cb057d67,"One Marina Boulevard",Q7092886,"Downtown Core","Singapore",ccce6a09-3258-48a8-af58-5d352e2c24e6,"Heavenly Wang",4.2,"Singapore","Singapore",ChIJ2fTa9g4Z2jERTRxOGmhlig8,59
b5195c29-3f6a-44fb-99e9-3999a6083335,"One Vanderbilt",Q18398409,"Midtown Manhattan","United States",debcf1b8-9c22-42d1-a605-8578e310d838,"SUMMIT One Vanderbilt",4.7,"New York","United States",ChIJd7I1IO5ZwokRbv7YUlgChl4,35
463b227b-b363-43e3-ab36-7514ff5d2a49,"One World Trade Center",Q11245,"New York","United States",cf8a9bb7-81aa-49f0-a088-6c1ba1099396,"One World Observatory",4.7,"New York","United States",ChIJTWE_0BtawokRVJNGH5RS448,36
6dcbe904-91aa-4d52-ac9d-b03bc7c1d375,"One57",Q2023928,"New York","United States",8bf4b669-e645-4876-8bbe-199d48697ed3,"Carnegie Hall",4.7,"New York","United States",ChIJ2RFUePdYwokRd5R6XF6xFD0,81
afa508fe-bb77-4cfa-9e70-bea24bbbc5a8,"ONIKURU",Q124710195,"Osaka","Japan",a9e8d3c6-fbd9-463c-b5db-41ce3562187f,"〒567-0888 Osaka, Ibaraki, Ekimae, 3-chōme−9−45 おにクル",,"Ibaraki","Japan",ChIJowrIGtHiAGAR-36GPFmWYaE,50
9194a736-8239-47cc-8902-f5f53f017f11,"Oost-Cappel Churchyard",Q2513181,"Oost-Cappel","France",6b30b40a-bc96-470e-9072-c3a180a2c801,"Cimetière de Oost-Cappel",,"Oost-Cappel","France",ChIJLQaTCEvq3EcRtCTGHQt-h50,42
70a14936-cfb2-48b5-9d3e-2907496f763f,"Opa-locka station",Q7095502,"Opa-locka","United States",9abaf609-3f5c-4cd7-9730-6be325777766,"Opa-locka",4.2,"Miami","United States",ChIJKwmKQSCw2YgRyWY4-cFGdqA,76
a7f9db3e-4207-4766-9020-1c79d6ad4474,"Operations and Checkout Building",Q7097807,"Brevard County","United States",207466b9-9a21-441c-a78d-42b3decdf0ba,"Neil Armstrong Operations & Checkout (O&C) Building",5,"Merritt Island","United States",ChIJc7jche-v4IgRQ0aFwk8LmiU,53
69cb8e6c-51bd-4c12-b1f7-30308750234a,"Oradour-sur-Glane cemetery",Q1092102,"Oradour-sur-Glane","France",58dc0784-1013-416b-8126-7c004a1e6a35,"Oradour-sur-Glane cemetery",4.7,"Oradour-sur-Glane","France",ChIJVVVVEeS4_kcRcUChZOtL_BA,52
60cb1fc0-6868-4a25-b407-6d62a49d12a9,"Orpheum Theatre",Q7103966,"Madison","United States",01bf1b81-218a-4227-8e69-62f9192aec36,"The Orpheum Theater",4.5,"Madison","United States",ChIJn-C0GDhTBogRhsUw78E_f5Q,21
9bcace9c-be84-4321-adaa-7a6af3249496,"Osaka Culturarium at Tempozan",Q11249107,"Kobe","Japan",5d5db991-8c77-436a-9f69-54af9e1e31ef,"Osaka Culturarium at Tempozan",4,"Osaka","Japan",ChIJT8Bi5vToAGARFhbjUeCeHTc,51
65ceb119-2756-4a6d-a0d2-9a4c018db0f7,"Østerport Station",Q635929,"Copenhagen Municipality","Denmark",e8f8c84f-1906-41a8-a6de-6ed36b17a392,"Østerport St.",4.1,"København Ø","Denmark",ChIJ8zaE3eFSUkYRVzadu0lCQqU,41
7b2bb190-14fe-43b4-8626-2db34dc7193f,"Othée Tumulus",Q1913292,"Awans","Belgium",9ff6791a-c6e9-458d-9c18-01d49cfc4303,"Tumulus van Othée",,"Awans","Belgium",ChIJI13O_zHjwEcRVwguISApA5Q,9
7f7d62ee-c273-408e-b491-229c04704c17,"Ottawa station",Q3095844,"Ottawa","Canada",7d4bc8a0-ad62-44a1-a311-1c80e46d3f54,"Ottawa",3.8,"Ottawa","Canada",ChIJwdIyYH8FzkwRtL7gV3fxxrI,4
878ad6e0-5261-4fb3-a3a0-da1ee7e29d38,"Oud Eik en Duinen",Q2697186,"The Hague","Netherlands",f10a9b84-8237-42df-bf4e-068197fbd99c,"Cemetery Oud Eik en Duinen",4.4,"The Hague","Netherlands",ChIJVTmmzx6xxUcRG5G4yaJH7yc,111
adf0b336-d2f2-42ac-9b2a-106f72359d86,"Oudezeele churchyard",Q2583728,"Oudezeele","France",5d5bbd3c-f21e-4b62-8644-7a2c5478cc7a,"Cimetière",,"Oudezeele","France",ChIJf4po9Qfv3EcR6O4Q2f045FU,29
a8651e6b-211b-4713-af7f-d5ab1e66f7bc,"Ōura Church",Q430626,"Nagasaki","Japan",4d245643-82f3-490a-a766-d3e024a7e365,"Ōura Cathedral",4,"Nagasaki","Japan",ChIJwd-Grw9TFTURJg1yCFQf8PU,16
a23486b9-0511-40e6-ba41-d41e060ef2f4,"Övedskloster Castle",Q1418074,"Sjöbo Municipality","Sweden",2dacfa86-a91e-4f6c-87f6-49d00ac8cf72,"Övedsklosters gods",4.4,"Sjöbo","Sweden",ChIJzVSF7QuJU0YR9eADFwoI1MA,11
18af23fa-be05-44ce-b9ed-1e1fb44ab008,"Paard van Troje",Q1704368,"The Hague","Netherlands",9283f80d-3913-472a-85e9-d4b8458b4359,"Prinsegracht 12",,"The Hague","Netherlands",ChIJM6RzHnq3xUcRgGbhbxTVA44,19
9e1aba63-8ce9-4747-8425-5668ed8b5c5d,"Paderborn Cathedral",Q383958,"Paderborn","Germany",564957e2-3599-4d40-b31c-c162e994ec80,"Paderborner Dom",4.7,"Paderborn","Germany",ChIJNcdCfJZMukcRKmpKXWbeZGI,62
68f5ad36-15ef-4624-950d-2d5348bb0d7f,"Palace of Justice",Q6958575,"Brasília","Brazil",f0d16171-b050-4607-8dbe-200fe6a7a76c,"Palace of Justice - Ministry of Justice",4.5,"Brasília","Brazil",ChIJgYxh8T47WpMRVf1F1zjO8Ko,31
48b1fba0-ef07-405f-8111-2070ac474d37,"Palace of Whitehall",Q391620,"City of Westminster","United Kingdom",b44c144b-f4c7-4a45-9fee-e6bce7e88533,"Banqueting House",4.4,"London","United Kingdom",ChIJvezzr88EdkgRAxHrEPdiLiY,52
9546504d-3566-47f1-86ad-5f9f65e5d404,"Palacio de Cibeles",Q1849031,"Madrid","Spain",dca23d0e-3453-4f87-bd4f-6b7cc9506c42,"Palacio de Cibeles",,"Madrid","Spain",ChIJX1YZW5soQg0Ry7dYRV-oyi0,52
77baf0d3-88de-414f-b77b-fd27dade1241,"Palacio de Correos de Mexico",Q978161,"Mexico City","Mexico",0468667c-18f0-495d-8116-629c9e9d0ab4,"Palacio Postal",4.6,"Cuauhtémoc, Mexico City","Mexico",ChIJd0hrfCv50YURp28yMz76fUs,23
a68f08e4-6f3e-4a66-a4f4-9984c89a2cb8,"Palais Bourbon",Q936633,"Paris","France",0cd466fb-ecea-46f1-ac07-7233be60f0c6,"Assemblée nationale | Palais Bourbon",4.5,"Paris","France",ChIJYzGYa9Rv5kcR2D0wMZryQsg,19
e21d7271-0624-4654-ac19-ef87b86c341e,"Palais de Chaillot",Q13360213,"Paris","France",b3d371ff-b341-4dcc-83f0-589f1055439a,"Library of Contemporary Architecture (City of the Architecture and the Heritage)",3.3,"Paris","France",ChIJ8wnEl-Nv5kcRSSkK7vzCYE8,64
8edafffd-6d21-4ca0-b8a1-68fe569ed6ba,"Palais Montcalm",Q3360900,"La Cité-Limoilou","Canada",6f46856d-40a5-4e7c-a626-2766943675a7,"Palais Montcalm – Maison de la musique",4.8,"Québec City","Canada",ChIJWYbEwdiVuEwRSb9EHK7GXyc,6
f106e358-8194-434d-b6c4-5be50579029f,"Palais-Royal",Q329948,"Quartier du Palais-Royal","France",76c9780a-3967-4dc1-8534-8da92ba0ee6f,"Square Colette",4.7,"Paris","France",ChIJO6zDI1xv5kcRe_8fbTZrEHQ,68
a8fe756d-649e-48ba-83b0-9eea6d968b52,"Palau de la Generalitat",Q599118,"Gothic Quarter","Spain",93bf30fc-0569-497d-a9e9-081e44d86a20,"Church de Sant Sever",4.4,"Barcelona","Spain",ChIJ7ZojyvmipBIRGEw4gkRGUVA,137
8a2dbdc3-dd73-42f0-8c0d-3a64d9bb2ae0,"Palazzo Braschi",Q1090910,"Rome","Italy",981bc282-9231-4d47-804d-0286c4103b55,"Museo di Roma - Palazzo Braschi",4.5,"Rome","Italy",ChIJbedagU9gLxMRdw-SiQm53EM,43
49777a7c-0f9c-4e6b-8be5-f897b9cc67c0,"Palazzo dei Conservatori",Q64103,"Rome","Italy",901ae692-894d-4523-8158-ce28c2f1f795,"Square del Campidoglio",4.7,"Rome","Italy",ChIJOclom0xgLxMRURy9OLL7Hg4,40
9765f2b8-053c-4ee4-878a-91ad679d0ba0,"Palazzo del Te",Q1261544,"Mantua","Italy",e160935a-db1c-4d0e-b81a-f9e4bcb1d998,"Te Palace",4.7,"Mantua","Italy",ChIJTWv1fxTUgUcRm_IOVB5SG-I,65
f3a5fc6b-bb0f-43a3-a734-aa707768c101,"Palazzo della Cancelleria",Q2031943,"Rome","Italy",c5260464-9525-4ca1-9857-a92d73ea4e57,"Humana Vintage Roma 2",4.4,"Rome","Italy",ChIJpxbAlPNhLxMRRNOXiBzi4-M,75
8f530318-5358-4500-abe3-eddd15dde396,"Palazzo Ducale",Q1267721,"Urbino","Italy",c5268e1c-183f-4fc0-986c-9e5fff215e7b,"Palazzo Ducale di Urbino",4.7,"Urbino","Italy",ChIJFfZiXTr4LBMRScm_0jRuTXI,55
8801bd76-aa2c-4ab7-881e-a72890f39a8b,"Palazzo Grassi",Q907964,"Venice","Italy",7d33a82f-302d-4876-984b-cf98acec128c,"Grassi Palace",4.5,"Venice","Italy",ChIJFbiHNc6xfkcRoiiN1jD-Lbs,1
7f605813-020e-43fd-9568-6aba991a647b,"Palazzo Grimani di San Luca",Q922371,"Venice","Italy",9b92a68b-1508-4ba9-a2e1-24cb0f674b17,"Palazzo Grimani (San Luca)",4.7,"Venice","Italy",ChIJXR9nx9qxfkcRZLlIUqIFgGE,42
8e690c5e-2fc3-45e0-9dc1-9c326a1f52fd,"Palazzo Rucellai",Q923702,"Florence","Italy",b1b4baae-6597-451f-8b10-2565af9f1b98,"Rucellai Palace",4.5,"Florence","Italy",ChIJ0cZhsq9WKhMRin7a4hAXw7A,9
3328121b-bda2-4227-a01d-bcfa705c4691,"Palazzo Senatorio",Q927092,"Municipio I","Italy",901ae692-894d-4523-8158-ce28c2f1f795,"Square del Campidoglio",4.7,"Rome","Italy",ChIJOclom0xgLxMRURy9OLL7Hg4,92
a12ad3e7-c5f5-4a13-ac40-860f768d3beb,"Paleis of Justice in Antwerp",Q1842648,"Antwerp","Belgium",c2740665-fd5f-4859-8966-d37eed6ee93a,"Gerechtsgebouw Antwerpen",3.7,"Antwerp","Belgium",ChIJz5YQ1pT2w0cRiXgt9si2tF0,5
245edbb1-b007-4ef1-a7e0-e4196bf28cc3,"Panthéon",Q188856,"Paris","France",331230f2-c7f3-46ec-9662-3734bd24bb1e,"Library Sainte-Geneviève",4,"Paris","France",ChIJ92o7NeZx5kcRBwlPUL6L2VU,100
9a278801-44ef-4ec6-b3bb-749fe24041e9,"Paramount Theatre",Q14683611,"Oakland","United States",0504ceb3-f3e1-4f82-a832-521891db94b4,"Paramount Theatre Oakland",4.6,"Oakland","United States",ChIJI2TVmK2Aj4ARxVVzT6uIQMw,41
a46ef92f-6a2b-4dec-87fe-db16e24df43e,"Parc Olympique Lyonnais",Q8507,"","",81a05a54-66a5-4295-9d53-1830c430240a,"Groupama Stadium",4.5,"Décines-Charpieu","France",ChIJpe_WHiLH9EcRwtLfRNh9iS8,11
9ef4f2ae-ba88-40b8-8e3f-f0adec2c45b0,"Parc1",Q1774820,"Yeongdeungpo District","South Korea",a9454614-2a10-47b8-a7f1-26622121f97e,"Parc.1",4.3,"Yeongdeungpo District","South Korea",ChIJG2hcbjmffDUR-aXkloO2Ue4,90
1f74439e-f86a-4de7-b686-deca4bde39dc,"Paris Tribunal",Q2974817,"Paris","France",25e3ba35-e3dd-45a4-ad7e-07d0d91ec973,"Maison des Avocats",4.5,"Paris","France",ChIJ1QFfr0pv5kcRrjCHgxSKTXg,105
5fdb8a3c-26d7-4fad-9750-2f3d90c01550,"Parish Church of Our Lady of Pilar and Saint Lucy",Q55454982,"Salvador","Brazil",a09ce1b5-5701-4416-812d-4c490a8b3229,"Igreja Nossa Senhora do Pilar e Santa Luzia",4.7,"Salvador","Brazil",ChIJ1_TzZuAEFgcRgbGDGCt8hTc,16
81650b4f-7245-4ff2-8efe-c02387e86214,"Parish Church of Sipbachzell",Q2082972,"Sipbachzell","Austria",c329095e-3e24-4e14-b6f2-ab63199f0189,"Pfarrkirche Sipbachzell",4.4,"Sipbachzell","Austria",ChIJicOnTQTsc0cRqABqrb0CIH8,4
7224fd3c-95b9-46b6-82d4-f2b48eff082e,"Park Inn Pulkovskaya",Q4383599,"Saint Petersburg","Russia",303eec82-6033-4595-bad6-f342e07f7449,"Cosmos Saint-Petersburg Pulkovskaya Hotel, a member of Radisson Individuals",4.3,"St Petersburg","Russia",ChIJR2jIlhwxlkYRdhIHomFYd8M,41
c1090984-b25b-402d-a3ad-4878c9f2a928,"Parkview",Q62616170,"Nusle","Czech Republic",9f021d88-38dd-460c-b183-7a517e359f3e,"City Green Court",3.9,"Prague 4-Nusle","Czech Republic",ChIJdzdBXnSUC0cRlkCPt-W3H3o,92
f5efc0a9-d40a-4d5f-9dd7-bb423da31bc5,"Parma Cathedral",Q1287889,"Parma","Italy",8cbed4ef-7435-4a58-b081-2691938755e4,"Baptistery of Parma",4.5,"Parma","Italy",ChIJk6-teOhqgEcRYy5f-j6LhM4,61
0d7f7eaa-2ce8-4db3-9eaf-878b7bc3b836,"Parthenon",Q10288,"","",fa1a43ab-4058-4d85-b5da-1a4976972697,"Erechtheion",4.8,"Athens","Greece",ChIJb2US5K69oRQRFEt4aAcbaKM,75
690aed3d-11ea-469c-b0b6-957cd2e53148,"Parthenon",Q1467467,"Nashville","United States",ae942262-4ebd-427c-b27f-e8a3ca091daf,"The Parthenon",4.6,"Nashville","United States",ChIJ5Y_y1kthZIgRpuE6xnvT9HA,19
94c4d711-1de9-4715-8c09-3a6dab4a18e3,"Partisan cemetery in Mostar",Q85181,"City of Mostar","Bosnia and Herzegovina",be27774a-2e00-495c-a8b2-8c71a0c6c9e9,"Partisan Memorial Cemetery",4.4,"Mostar","Bosnia and Herzegovina",ChIJt1LHU7BDSxMRC5eD0KFZbS0,52
4d721a3c-473a-4b33-9c1c-aec2ae7a7a57,"Paula Modersohn-Becker Museum",Q318983,"Mitte","Germany",ccb7da4c-64f8-47f2-8477-7dc1e1360a8a,"Atlantis House",3.7,"Bremen","Germany",ChIJe5p6CukpsUcRH4ILY1Laqcw,100
8d95c5e0-4712-4c33-8e19-db5cead38d0c,"Pendé churchyard",Q4039877,"Pendé","France",fabccd2b-99c8-4ca8-99c1-d29376275349,"cimetière de l'église de Pendé",5,"Pendé","France",ChIJ9zNEDST73UcRIF3YDDR3T-0,30
f6e0ecc7-4cea-4913-98bd-956d3406b898,"Père Lachaise Cemetery",Q311,"Paris","France",2a8e71ab-4b92-4a84-b3aa-804f80e714e2,"Cemetery du Père-Lachaise",4.6,"Paris","France",ChIJhadpXItt5kcRGWQLUydhz6E,87
a8390e0f-51a5-46af-be85-b8a4106a7078,"Perry Carnegie Library Building",Q7169732,"Iowa","United States",6a73bbba-36fc-4794-bf10-23f244e59a50,"Carnegie Library Museum",4.5,"Perry","United States",ChIJr4gcM9dK7IcRD29XnJ-q3OE,50
c8255959-98f3-4d10-8c74-86abe8e850a1,"Pestana Casino Park",Q10348902,"Sé","Portugal",b071ff81-d972-43e1-bb57-98776b6593f9,"Casino da Madeira",4.1,"Funchal","Portugal",ChIJj3pKLP1fYAwRi0xqsJISKd4,98
72a8aeba-6392-4261-acf6-f58cc39ae99e,"Petersfriedhof",Q873904,"Salzburg","Austria",5d578b65-04f7-42f9-96c1-81b9efff63e2,"Friedhof St. Peter (Petersfriedhof)",4.5,"Salzburg","Austria",ChIJi8_pBmGQdkcRcgkwYyvsfsw,29
acc818ef-99ab-46a7-8761-98cccaaa172b,"Peterskirche (Rankweil)",Q1557918,"Rankweil","Austria",b42fdda8-c657-48a6-a0a2-31a0dcd1e0ec,"St. Peter-Kirche",4.7,"Rankweil","Austria",ChIJSy2oe9c4m0cRPAMt8qTbETQ,5
eda35921-01bd-42e9-8d66-53f490c2f677,"Pfarrheim",Q104190885,"Saarbrücken","Germany",269f1468-b42b-4abc-98c2-d99f6f63d463,"Pfarramt St. Albert",4.1,"Saarbrücken","Germany",ChIJyxTYKrK2lUcR2zskYaKk-Hg,11
a4befd6e-ec76-434d-8526-e6aa98f01cc1,"Pfarrkirche hl. Florian, Gunzenberg",Q1657861,"Mölbling","Austria",0d9fa0f5-fa9b-4649-af17-73d3eaa3f551,"Pfarrkirche Gunzenberg (Hl. Florian)",5,"Molbling","Austria",ChIJrVjaHItBcEcRvNSUdD_yNe8,23
9c21dcf4-3f7b-4763-8881-b8275fefebc4,"Pfarrkirche St Martin in Klagenfurt",Q2083111,"Klagenfurt am Wörthersee","Austria",f4ce29bb-c6ad-41f3-b9a9-38e1660ccce0,"Pfarrkirche St. Martin",4.4,"Klagenfurt am Wörthersee","Austria",ChIJ4wKocLpxcEcR3E5oidsslWY,40
69ef1431-1ccc-4603-bb32-e39786454535,"Pfarrkirche Zeltschach",Q1490558,"Friesach","Austria",6e4114fb-c7cc-4dc7-bd1e-cda44cd894f9,"Pfarrkirche Zeltschach (Hl. Andreas)",4.6,"Friesach","Austria",ChIJw8Nf_V1GcEcRCZynpJ9b2cQ,8
99cd0818-14c6-406b-80bb-53e99127a1a7,"Pfarrkirche Zienitzen",Q1646447,"Friesach","Austria",38e3a23e-08d7-4539-aaa7-ffcf4c7726e8,"Pfarrkirche Zienitzen (Hl. Georg)",5,"Friesach","Austria",ChIJu8ePrelEcEcR6L9u2ffAUI4,58
77ccd857-2bc7-4898-8439-41d1a3b7a60d,"Philharmonie Luxembourg",Q976457,"Luxembourg","Luxembourg",e6655e2c-f6ce-419c-83e3-1ea9a2fb67ae,"Philharmonie Luxembourg",4.8,"Luxembourg","Luxembourg",ChIJwUtUxTBPlUcRJt5a3LF36g8,44
62bac401-72ef-4490-bda5-93455e977ee0,"pierresvives",Q24150797,"Montpellier","France",91c66c11-8ed7-46a3-8efe-73878a5d76ee,"Domaine départemental de Pierresvives",4.4,"Montpellier","France",ChIJN5F1UpyuthIRfGPgymBg0Oc,61
955305d1-480f-4c5e-9590-42b05af8fd7f,"Pinacoteca Giovanni e Marella Agnelli",Q975240,"Turin","Italy",044d7b6b-dc53-4077-abce-c9ade1fcd162,"Pinacoteca Giovanni and Marella Agnelli",4.5,"Turin","Italy",ChIJaTtWuLcSiEcRWGIslyu0dtQ,68
9edf6f95-1196-4fda-ae87-68a0b21b8ae9,"Piratini palace",Q732922,"Porto Alegre","Brazil",824c9252-c08c-421d-84f8-be6a8d574f69,"Palácio Piratini",4.6,"Porto Alegre","Brazil",ChIJEZMSPwV5GZURe04s0LhJ788,24
870427b7-655c-4df0-af13-4d8e45e9d9be,"Plaza de toros de las Arenas",Q548566,"La Nova Esquerra de l'Eixample","Spain",93d72a39-55e4-4d73-8983-3522123f2a7c,"Viewpoint",4.5,"Barcelona","Spain",ChIJGyfi7kejpBIRipGo79XgmdM,41
60450070-f20f-4471-b40a-118f8ddabf94,"Plummer-Motz School",Q23035423,"Falmouth","United States",17086505-9a9f-45b5-afa2-ad642c18fa36,"Plummer-Motz Elementary School",,"Falmouth","United States",ChIJxcULIaWEskwRoJkysscZuQA,57
e53e1e5d-6e2e-433d-ac96-dcc8f34fc6df,"Poblenou Cemetery",Q5668717,"Barcelona","Spain",b891ce07-1734-459f-a08a-55883da886eb,"Cementiri del Poblenou",4.5,"Barcelona","Spain",ChIJYYt87BSjpBIRpYjzakNOfnE,74
34d35a25-34b6-482d-8a14-34ae127b781a,"Pont Neuf",Q335277,"","",82514ef6-48e4-45e9-9bfc-e311c7bfedbe,"Jacques De Molay (Knight Templar) Memorial",4.3,"Paris","France",ChIJXa_GkSBu5kcRdUt2zuuQoi8,102
8064a62c-9be4-48cf-8171-923a2023ac30,"Pont-Noyelle Communal Cemetery",Q2522470,"Pont-Noyelles","France",a0197c41-8ad1-472a-aa33-1a831ea24629,"Cimetière de Pont-Noyelles",,"Pont-Noyelles","France",ChIJafR6586J50cRbrWLOTpBfcQ,10
4610126a-6b25-4665-97f2-538c7ae35d85,"Portcullis House",Q1757027,"City of Westminster","United Kingdom",e49021f8-c647-4bcd-8a9a-4c8d4e56bdf2,"Big Ben",4.6,"London","United Kingdom",ChIJ2dGMjMMEdkgRqVqkuXQkj7c,70
7409135d-ab52-4d10-935d-8f2961ee30dc,"Portuguese-Israelic graveyard, The Hague",Q2579155,"The Hague","Netherlands",b8ed909a-86ff-4488-a5cd-27e6dcc9a41a,"Jewish Cemetery",4.1,"The Hague","Netherlands",ChIJVVVV0TS3xUcRZUupZVSk48U,88
704a0ebf-cafc-42c2-9aec-8d11452181f0,"Postgebäude Residenzstraße 24",Q106676773,"Berlin","Germany",7f8bc9d6-6a5e-42d5-a751-14b5273da283,"Postbank Filiale",3.7,"Berlin","Germany",ChIJ3-LE_slTqEcR6z0yt--Khkc,7
6463a57b-b0de-4654-8cfc-b9d4edf88400,"Prédio na Avenida António Augusto de Aguiar, 100",Q98962548,"Avenidas Novas","Portugal",76df421f-8af3-47fc-b70b-7ade76c5662f,"Apartment",,"Lisbon","Portugal",ChIJJ8aXYwAzGQ0RtyOVCQP8fUE,35
6697dc5a-94e8-42c9-b292-c16eb4c09d8e,"Presbítero Matias Maestro",Q3776989,"Lima","Peru",6ea44980-c4b9-47ce-99e5-53f56c48dddc,"Cementerio Memorial Park Presbítero Matías Maestro",4.4,"Lima","Peru",ChIJTVDAXQDGBZER_1uEDJzszjI,138
a0e74299-658b-42a8-8135-5f7bb5ad8627,"Presidential Mansion",Q2629065,"Athens Municipality","Greece",1b8c8f27-3ee5-455c-84e7-749166edc289,"Presidential Palace",,"Athens","Greece",ChIJB1NTaEC9oRQR4SqRH6r2b3U,65
98ae29a4-515b-4fc5-a3ac-5256232f5c9d,"Presidential Palace",Q608932,"Warsaw","Poland",d9cc5fbe-e27d-4367-b7b0-1a7b046ddec1,"Carmelite Church, Warsaw",4.7,"Warsaw","Poland",ChIJ_eImPWfMHkcRwYpuqx3kq_0,76
7a9421a2-3eb0-4381-86e4-f06351bb933a,"Primate's Palace",Q938516,"Bratislava","Slovakia",d0209bdc-041e-44c2-bfb5-32de31d34c78,"Primacial Palace",4.5,"Bratislava","Slovakia",ChIJyQpcGEOJbEcRj7EoTlF5biM,26
887ac7a1-0484-4997-bf6c-5a43e5c7581f,"Prince Eugens Waldemarsudde",Q537,"Stockholm","Sweden",79c556b2-6bc9-49e7-b530-f595a12e7d36,"Prins Eugens Waldemarsudde",4.5,"Stockholm","Sweden",ChIJh6za_6eCX0YRVGLFyIsd5fk,69
860c7351-4b54-47f1-9f98-244368b3ef58,"Prince George Hotel",Q11700542,"New York","United States",5e50e7a6-5112-4292-8c94-46ff98ebbb31,"Museum of Sex",4.4,"New York","United States",ChIJR026QqZZwokRgLuHSIZNIKM,101
6471d888-492b-455c-af62-c8f0b31a84d5,"Procuradoria Geral da República",Q10369343,"Federal District","Brazil",e359af98-b932-4b31-b7fc-0d6db627a277,"Prosecution General of the Republic",4.3,"Brasília","Brazil",ChIJF48y3ks7WpMRdw5S3Ir-nCU,50
72be9fc9-96df-4b9d-a3d8-4d41b360bb01,"Prospect Hill School",Q15378626,"Westfield","United States",50c7c6e5-5f55-43ae-ad51-aee0352c7470,"Prospect Hill Apartments LP",3,"Westfield","United States",ChIJp79Qka0f54kR3nyp6RaOFCI,86
9050e4c7-29b7-4ec9-bc6f-8cd64f35ca14,"Protestant Cemetery, Rome",Q1187723,"Rome","Italy",66281d01-222d-409e-99aa-1166c09488d0,"Non-Catholic Cemetery",4.6,"Rome","Italy",ChIJp3EzNCxgLxMRm11PYpmDx4Q,51
a1979cda-e620-4491-aa11-ed15972a4f4c,"Protestant Great Church of Debrecen",Q897459,"Debrecen","Hungary",bc774614-e5a2-4290-9364-49573ba6c852,"Reformed Great Church of Debrecen",4.7,"Debrecen","Hungary",ChIJhU5iFgsOR0cR-8trCnoPlYY,48
672e6633-d055-422b-8079-83e10dc2bf2a,"Q1 Tower",Q125846,"","",a8f124a1-8a7e-41ed-b8c5-6148d51ee87b,"Q1",,"Gold Coast","Australia",ChIJb_xvqQ0FkWsRARVhyRkuPaY,32
b5894020-4a35-4887-bfe4-972e528e589a,"Radio City Music Hall",Q753437,"New York","United States",10fac980-15be-4265-80cd-fca3238c23a0,"Top of The Rock",4.7,"New York","United States",ChIJe7vKMf9YwokRIMYfDz7iF9o,49
8d75201d-848f-481d-82e2-239602d1601f,"Raffles City",Q5359041,"Downtown Core","Singapore",d05fbb22-2c5a-428e-ab73-289c8f013782,"Swissôtel The Stamford Singapore",4.5,"Singapore","Singapore",ChIJfyNkh6YZ2jERjHsd_P-iL_M,38
91637037-8ced-40d9-b03d-afcc43bcb061,"Rahumäe Cemetery",Q3771645,"Tallinn City","Estonia",abe53853-8559-4eec-a7bb-e36efe75b717,"Rahumäe cemetery",4.3,"Tallinn","Estonia",ChIJs5jrKB6VkkYRpGi9afWFuo4,63
8ca4404b-c2a7-4dd7-a590-835612f47719,"Raismes cemetery",Q2753789,"Raismes","France",a04fdf05-4056-4b8b-8672-7bc1701fc5ec,"Cimetière de Raismes centre",1.5,"Raismes","France",ChIJH4CAZXzvwkcRHs2ngcPhocI,99
0692e4c3-b340-462c-bacd-528900e3f49e,"Raleigh Hotel",Q16900941,"Miami Beach","United States",8132d3ab-0765-4dbf-8f86-46c029f888fc,"Kimpton Surfcomber Hotel",4,"Miami Beach","United States",ChIJqVoHd5u02YgREY2u2yRDZWM,105
8220fe66-4e57-4e17-9a3c-8d1e87828f04,"Ramath Orah",Q7289108,"New York","United States",2409a6da-a399-48c6-a958-2b15952de312,"Congregation Ramath Orah",4.5,"New York","United States",ChIJX154ZTv2wokRt5JDBlz9TXg,7
76393bfc-7dc4-4e0f-8e44-6c1b33f72570,"Ransom County Courthouse",Q7293478,"Lisbon","United States",393f9fe1-b12a-4154-8dc2-2792498b330a,"Ransom County Court Clerk",4,"Lisbon","United States",ChIJVagNbTdQzlIRe6Huke0ISmM,44
8d9fefc0-05a7-439a-85a3-405a6996f9df,"Rashtrapati Bhavan",Q677555,"New Delhi district","India",549968c1-e588-4ba7-b4a9-628e77bcc878,"Rashtrapati Bhavan",4.7,"New Delhi","India",ChIJp59vm6niDDkRghyv8FVeooM,42
e2bb389a-4d0a-44b0-b7bb-073af882e865,"Rasos Cemetery",Q340065,"Vilnius","Lithuania",8a3ee3fe-d8d2-44a4-a965-81bc94cdd552,"Rasos Cemetery",4.9,"Vilnius","Lithuania",ChIJoyRoY0iU3UYRz3UvdnSbM2U,55
5f7e2a2d-9a42-4ab5-b571-bdc731471867,"Rathaus Bensberg",Q61896510,"Bergisch Gladbach","Germany",7d89f4d0-59b1-4000-8aea-a3b447ae2382,"Rathaus Bensberg (Technisches Rathaus)",4.3,"Bergisch Gladbach","Germany",ChIJI9R6Tn_XvkcReRg5y8k6xP8,25
6eb4518b-e99b-4966-baba-165eac73e2f0,"Rayevskoye cementry",Q4388168,"Babushkinsky District","Russia",ebe61c5a-e043-4681-bf4c-037852ac779a,"Rayevskoye Kladbishche",4.3,"Moscow","Russia",ChIJrSHzfc42tUYRhcjX3WMIlzY,11
adeb0799-a81b-4258-ad58-6db9af9767f6,"Redipuglia war memorial",Q498934,"Fogliano Redipuglia","Italy",72a8a223-f577-47ee-9ce8-69bafec8e521,"Military Memorial Redipuglia",4.7,"Fogliano Redipuglia","Italy",ChIJf94uE0qme0cR2x9zIqbVeBc,43
8845c69b-d00a-4f9e-b2d1-166f7691aade,"Reichstag",Q151897,"Bezirk Mitte","Germany",be6ea9e5-8443-4cf8-b2fb-9b80d07c92bb,"Reichstag Building",4.7,"Berlin","Germany",ChIJbVDuQcdRqEcR5X3xq9NSG2Q,9
8b32633c-512c-4876-9b5c-782a600962b4,"Reumont Churchyard",Q1969039,"Reumont","France",6f08ad7f-2e9b-4157-9668-bc9af756a074,"Reumont Commonwealth War Graves",4,"Reumont","France",ChIJydVJnJ-bwkcR23MXQC4aiN4,55
7ab14b4d-eed5-4142-aee6-4fb3a7d64641,"Revolutionary Martyrs’ Cemetery",Q910631,"Pyongyang","North Korea",9d3db9aa-df31-466b-afbd-cc6e03582e11,"대성산혁명렬사릉",,"Pyongyang","North Korea",ChIJ6bCYaAD51V8R3pHoI0uHkZU,14
945bc8e4-0ea0-4f53-b7ab-45796417e611,"Rexpoëde cemetery",Q1978786,"Rexpoëde","France",d73cb95e-0883-41e6-b42c-bbbbcf3f63ce,"Cimetière de Rexpoëde",,"Rexpoëde","France",ChIJvU1D3sHt3EcRMr4q7TILw6k,73
9eb67cd3-bb6a-482c-b28a-63097e3b6f88,"Reynolds Building",Q7319632,"Winston-Salem","United States",558b60a2-5fd9-4966-85db-4c458b1bd165,"The Residences at the R.J. Reynolds Building",3.7,"Winston-Salem","United States",ChIJ22hqSUOuU4gRM_I8R_Gvs-Q,76
88eb6733-fa00-40a8-a276-e3a3e1ef1e53,"RheinEnergie Stadion",Q151893,"","",cc4bdcd1-784c-4963-a07c-ffc0708bf2f7,"RheinEnergieSTADION",4.6,"Cologne","Germany",ChIJmYdSO9k6v0cRtX8I_Io0n4M,24
1064a50a-cb6d-4e60-8b38-663357d76017,"Rialto Bridge",Q52505,"","",2cf512bc-a7a8-4322-bc23-0d3368058eca,"Palazzo dei Camerlenghi",4.6,"Venice","Italy",ChIJwztivNuxfkcR4PA_Ck3YPHM,40
c35e028e-25f4-4bdf-8786-660add173cf3,"Ritz Plaza Hotel",Q7336919,"Miami Beach","United States",8132d3ab-0765-4dbf-8f86-46c029f888fc,"Kimpton Surfcomber Hotel",4,"Miami Beach","United States",ChIJqVoHd5u02YgREY2u2yRDZWM,90
8f48a81c-c68b-4714-9021-11ed96c3a7ed,"Rock and Roll Hall of Fame",Q179191,"Cleveland","United States",c44ce611-9c10-4dc7-965b-1071376db82a,"Rock & Roll Hall of Fame",4.6,"Cleveland","United States",ChIJHZLHDYPwMIgRXxZaKR6dG5c,22
cf9e4875-357c-47f2-b482-3a4f6078ba52,"Rockefeller Center",Q11277,"New York","United States",10fac980-15be-4265-80cd-fca3238c23a0,"Top of The Rock",4.7,"New York","United States",ChIJe7vKMf9YwokRIMYfDz7iF9o,85
9df309cd-5e6f-4d6b-9a64-5c86c43949c0,"Rodez Cathedral",Q2942292,"Rodez","France",09345581-8910-4446-b7e9-37b699882fa8,"Cathédrale Notre-Dame de l'Assomption de Rodez",4.6,"Rodez","France",ChIJ6XnZE6J9shIRTu1d_YbGxzE,31
8f557852-72a1-45be-a63e-5aaa6c43ca17,"Roger Gaudry Building",Q69895960,"Côte-des-Neiges–Notre-Dame-de-Grâce","Canada",28702cdd-5f4d-47b8-ae00-991df19c0d32,"Pavillon Roger-Gaudry",,"Montreal","Canada",ChIJESksKI0ZyUwR6-rqxsR4E0M,110
66521729-f78f-4f37-a3b8-2b8d404d1212,"Rogers Centre",Q76318,"Toronto","Canada",31591559-4ecb-4af0-9521-89f28a18318b,"Rogers Centre",4.5,"Toronto","Canada",ChIJUUpqttc0K4gRBRQL_vayEOI,36
8d5fe55f-059d-49ca-9a03-0ba524cb0861,"Röm.-kath. Pfarrkirche zum Heiligen Nikolaus in Westendorf, Tyrol",Q2083291,"Westendorf","Austria",8b8e92ab-9862-4c71-9fc6-f39427825367,"St. Nikolaus",5,"Westendorf","Austria",ChIJrfjOtfhLdkcRf237wN02Lm0,14
aa96e0b3-00d9-4550-8aa0-8d1dfd3baf33,"Roma Termini railway station",Q754485,"Rome","Italy",e1b51f75-9437-4ce2-a25b-022ca8f319f1,"Roma Termini",3.8,"Rome","Italy",ChIJ7__AOaRhLxMRlKlh8r59MKQ,74
77da9c47-cd5b-4ef5-827c-fe117dfdf95d,"Roman Catholic cemetery Oudewater",Q2024975,"Oudewater","Netherlands",6c61e561-d562-484c-b489-e6a10e7db560,"Begraafplaats Oudewater",5,"Oudewater","Netherlands",ChIJHyUDmTt5xkcRAdFMnrIDt_Y,49
8adb4ea2-92dc-4f2b-b84b-f9838df09972,"Roncq cemetery",Q2707859,"Roncq","France",9a9770ec-fafc-49b1-a5db-9b215444a17f,"Cimetière de Roncq",2.5,"Roncq","France",ChIJU1xdoYMuw0cRMxGd5WRIzNE,111
6014eb1f-bac0-4c5b-9d70-ac3f73565ed2,"Rosenbad",Q744615,"Stockholm","Sweden",5d336c0f-bbb3-4914-bb58-497e9317c199,"Rosenbad",,"Stockholm","Sweden",ChIJAXBMEl-dX0YRMjFh9tnH9SM,105
a0970325-e7c0-4d38-8c6f-47301e91da61,"Rosignano Marittimo cemetery",Q3676937,"Rosignano Marittimo","Italy",6779215e-36e3-4521-8cda-deb21b243dfd,"Cimitero di Rosignano",3,"Rosignano Marittimo","Italy",ChIJB5kLb2771RIRfVCOKmw_Yz4,56
a8c85e84-4f3b-47a6-adb5-919b3eb2a0ed,"Rotes Rathaus",Q155210,"","",6f346de8-7943-44c7-8c34-5e08d7e9868f,"Red City Hall",4.5,"Berlin","Germany",ChIJY6TmWyBOqEcRHu9XLGnEmqY,51
5d65108e-9797-4477-89e0-c6436f16e0f7,"Royal Burial Ground",Q6677705,"Berkshire","United Kingdom",7d50a2b9-ddee-4c11-b4af-31076a9503d4,"The Royal Mausoleum",4.1,"Windsor","United Kingdom",ChIJqTV2MpV7dkgRIcyDQOBzFVc,32
b072320b-70e4-4516-a5d3-bb5cdeaeb285,"Royal Chapel of Granada",Q429192,"Granada","Spain",cfbfdca6-f1ef-4c55-8b62-e9bdee76df47,"Royal Chapel of Granada",4.6,"Granada","Spain",ChIJJT_b_778cQ0RmwUjKxl7yWM,64
a242146a-62d3-44d4-9cde-82abc63fb111,"Royal Étrier belge",Q21882757,"City of Brussels","Belgium",4f3df514-9ec0-4bcc-aa47-3bab040fe7c3,"Royal Etrier Belge",4.1,"Brussels","Belgium",ChIJV6Cq1SHFw0cRP48uli7ZtEA,27
b8f69394-ebb0-4c33-a883-7a757c81a8d1,"Royal Exchange",Q1241240,"London","United Kingdom",0f166c65-2794-4522-b04e-91243f112258,"Hispania",4.5,"London","United Kingdom",ChIJW7d2YlMDdkgR6xp0JHq_DP4,87
33bfd4d0-7ede-4712-b8fb-f8699f9d4844,"Royal Palace of Amsterdam",Q1056152,"","",82cff8c3-5501-4870-b3d6-fd6dd0baeac0,"KANKUL",5,"Amsterdam","Netherlands",ChIJhRY3p7AJxkcRRU2OA4ftik0,102
7dd6e4ea-1586-42e5-83bb-f1e1ea342c9b,"Royal Palace of Brussels",Q635307,"City of Brussels","Belgium",feaa12d5-041d-4a2b-abf5-5e9c754d93fc,"Royal Palace of Brussels",4.5,"Brussels","Belgium",ChIJg1inSYHEw0cRPXqckguLZjM,40
6295efba-88fb-4f73-9e88-ad747e931804,"Royal Palace of Milan",Q51105,"Milan","Italy",77962f32-43fb-4474-9f1f-57d626698575,"Palazzo Reale di Milano",4.6,"Milan","Italy",ChIJoXV1xa7GhkcRgWMIumOeV90,9
80577f0f-afe7-40c6-aa28-7b913c6e0b6f,"Royal Palace, Oslo",Q863932,"Oslo Municipality","Norway",b2d66fe5-3806-4dbf-bd03-876bd0069a67,"The Royal Palace",4.5,"Oslo","Norway",ChIJezW6eddtQUYRHFnCrMk4cGc,26
5f107b7a-4313-4132-b2a0-85c65a59e1d2,"Royal Swedish Academy of Sciences",Q191583,"","",7d483852-7072-49e6-ba5e-9fd5f66b2626,"Royal Swedish Academy",4.4,"Stockholm","Sweden",ChIJI_Y3RAadX0YRzExGe4-lFWM,22
35129532-e0ab-415f-9b9b-5b40ce2a98e1,"Royal Theatre of La Monnaie",Q551479,"City of Brussels","Belgium",ae5283cc-a991-45f7-a7c8-2c8f3e15a6a9,"Belga Queen",4.2,"Brussels","Belgium",ChIJecPS44DDw0cRX0RPlDo6eO4,96
8e80c880-dfe1-4ea0-91c4-efaa4e7a85f7,"Royal Tombs of the Joseon Dynasty",Q495276,"Gyeonggi Province","South Korea",533cae1a-123d-4de2-97e6-bb499aa31208,"Jangneung (Tomb of King Danjong)",4.4,"Yeongwol-gun","South Korea",ChIJuV144oTCYzURLermB9ffejs,28
8185a1a9-245a-4ad8-a8bf-3a2741789794,"Rubenshuis",Q775644,"Antwerp","Belgium",d3615d60-77b1-4806-a96a-b12e20e33e29,"Rubenshuis",4.4,"Antwerp","Belgium",ChIJC-2isfv2w0cR8aYEwRScq4s,72
aaae6904-c388-4708-ba7c-f6763fa6a656,"Rubrouck churchyard",Q3278876,"Rubrouck","France",df9abda8-e4e5-498a-a5e8-16aba14cae3c,"Kerkhof van Rubroek",5,"Rubrouck","France",ChIJ9UpQ6Lbw3EcRa5JQBfxR7CY,1
6d74a32d-fca1-4510-be49-c4852e433f33,"Rüngsdorf Cemetery",Q1296360,"Bad Godesberg","Germany",f7ed888c-c76f-42bd-bbfe-fdfa78e02dbc,"Rüngsdorf Cemetery",4.5,"Bonn","Germany",ChIJMd7ar0PkvkcRgXIDOYOrM0Y,46
7e9c5b30-bd89-49a9-8b0d-7fb71399a075,"Russian Museum",Q211043,"","",fd7e0995-a243-4eb3-9378-c792b09abbee,"The State Russian Museum, Mikhailovsky Palace",4.8,"St Petersburg","Russia",ChIJhWsRwA4xlkYRVVQ7duuOte0,7
94cb0633-13ff-4cce-9d2f-be4cb7f93d34,"Russischer Friedhof auf dem Neroberg",Q2972680,"Wiesbaden","Germany",869da011-4de0-4e5a-92ed-287315fe7b96,"Russian Cemetery Wiesbaden",4.3,"Wiesbaden","Germany",ChIJsR0SvIC-vUcR8pEh-KSYOCY,20
dbc213e0-edd8-416e-b78e-accdcd01b746,"S.A.I. Catedral Metropolitana de la Encarnación",Q5419362,"Granada","Spain",cfbfdca6-f1ef-4c55-8b62-e9bdee76df47,"Royal Chapel of Granada",4.6,"Granada","Spain",ChIJJT_b_778cQ0RmwUjKxl7yWM,64
f068f768-bb47-4411-aa42-be75e8f4f8e5,"Sacré-Cœur",Q28785,"","",58884e03-f503-41e1-849b-1ac4cb241316,"Overlook of Paris",4.6,"Paris","France",ChIJV-oEDbZv5kcRciSi_eVZIgE,115
64696a22-b49b-477c-8cc0-ab0d881e91aa,"Saint Germain-en-Laye Old Communal Cemetery",Q2972488,"Saint-Germain-en-Laye","France",7d98cdbe-d118-47fa-8275-e161cb4b7887,"Cimetière ancien de Saint Germain en Laye",4,"Saint-Germain-en-Laye","France",ChIJcRbuWACJ5kcRWDU1P3cS1MQ,57
738a807a-fdff-4958-8ee5-35ab9a091ce8,"Saint Joseph and Our Lady of Lourdes Church",Q16540235,"Naples","Italy",8fa5d101-3253-4201-9f84-8f08222746c3,"Parrocchia di San Giuseppe e Madonna di Lourdes",4.6,"Naples","Italy",ChIJg2Or2binOxMR-VSN8rMDsFE,9
64fe7c7a-fe86-4da2-8cf1-e32ee000fc52,"Saint Petersburg Mosque",Q281900,"Petrogradsky District","Russia",6509439d-f295-4eae-9cef-a92e3ece99e3,"Sankt-Peterburgskaya Sobornaya Mechet'",4.7,"St Petersburg","Russia",ChIJxe1TeWkxlkYR2VVS7qIRzJQ,9
b07cc309-b603-4f43-b547-3425432a6913,"Saint Virgilius in Rattenberg",Q1703634,"Rattenberg","Austria",0c896bd7-f20c-4470-a25c-4a092cd9df40,"Pfarrkirche hl. Virgil",4.8,"Rattenberg","Austria",ChIJe5jbHGfTd0cRxH_r2dN57zI,7
852efff9-73e6-4262-8af2-3caafd3f22eb,"Saint-Malo Cathedral",Q2385003,"Saint-Malo","France",307f418e-b308-43f8-87cb-3c9633d12c9d,"Saint-Vincent Cathedral of Saint-Malo",4.5,"Saint-Malo","France",ChIJwzk6FxCBDkgRpwQgWN8v2Ns,41
a6783c6e-48dc-4a71-9b16-8e9521a0ab5a,"Saint-Sylvestre-Cappel cemetery",Q2296542,"Saint-Sylvestre-Cappel","France",d177ae27-121c-41c8-afcc-dc8078aff0a6,"Cimetière de Saint-Sylvestre-Cappel",,"Saint-Sylvestre-Cappel","France",ChIJ482v_qrn3EcR3Sx-NHwXYBg,10
b85b8e9f-af3c-4730-bb03-f00b3c32427e,"Sainte-Clotilde Church",Q1514062,"Paris","France",aeee4b21-91d8-4215-acfd-3f992a2283a2,"Gallery ""In Camera""",4.3,"Paris","France",ChIJvZkCjQ9u5kcRqqGQtEoDACI,109
4f8c9395-400d-4a91-8e2c-4a870c42e6d1,"Saints Innocents Cemetery",Q1092104,"Paris","France",f2d40157-20de-4346-9e30-6f5e880a16ae,"Invader PA_720",5,"Paris","France",ChIJ0wlmcQBv5kcRYaw3GP4fCoE,49
73558e86-2877-4f5f-804e-d1e7b13f0501,"Salisbury Cathedral",Q390150,"Salisbury","United Kingdom",714c83c9-520d-4c23-9e49-3c434c30f892,"Salisbury Cathedral",4.7,"Salisbury","United Kingdom",ChIJZfK0JvLrc0gRzhj2wD5Tkcc,37
56dc93c1-b627-441f-a7d1-dbd84d55c025,"Salzburg Cathedral",Q258908,"","",aa821843-9244-49e0-822f-ba6b4e2105ef,"Salzburg Cathedral",4.7,"Salzburg","Austria",ChIJuYYBl2GQdkcRHSa2IHQNv0U,37
61fff27a-806c-492e-9f75-85b2f3c94017,"Samara Choral Synagogue",Q4406390,"Samara","Russia",8e6a0985-5375-486a-87c8-273b1b437eb9,"Синагога",4.2,"Samara Urban Okrug","Russia",ChIJJc_vZBEeZkERFOtPCtnLF8U,19
a76d4227-10b0-4bc5-9b98-13d3ba9f9ac8,"Saméon churchyard",Q2203311,"Saméon","France",035b112f-8614-4e14-b8b5-e4ceeb3e967e,"Cimetière Communal de Saméon",,"Saméon","France",ChIJ4TQhYWfdwkcR86WIXXkJ6fc,121
b678c0b8-b245-46ae-99ff-32ccc4e455eb,"San Crisogono",Q1631638,"Rome","Italy",7cbe3ae6-4e88-4d92-b673-d6409efc79dc,"Osteria Sonnino",4.5,"Rome","Italy",ChIJzwIsIO1hLxMRfZ3FHO5fzuQ,67
81e9e596-1b77-43d3-a1db-fd8a916ba652,"San Giorgio alla Costa",Q3585340,"Florence","Italy",d879b752-4046-42cb-8a5b-a4e34639dd20,"St. George and Holy Spirit at Costa",3.7,"Florence","Italy",ChIJ3_vnUwBTKhMRA0TtS6n0st0,7
5e88072c-7123-47a9-911a-539edb09ed22,"San Giovanni Battista, Highway A11",Q3668767,"Campi Bisenzio","Italy",ee20b74b-5039-4525-b290-0098ee6c4efb,"Chiesa di San Giovanni Battista",4.6,"Campi Bisenzio","Italy",ChIJnU_muSFYKhMRQR6h4RLNQ70,28
8bea3a5d-d910-440c-8e1c-fe47115ff6ee,"San Giovanni Grisostomo, Venice",Q915746,"Venice","Italy",7b41aeda-5eae-4d01-be41-dd13e686c499,"Chiesa di San Giovanni Crisostomo",4.7,"Venice","Italy",ChIJo9dw7tuxfkcRmKyd9jKPIG4,12
449182ae-4202-4f70-8af4-6ab6944200ab,"San José City Hall",Q1109555,"San Jose","United States",b03ea622-4ebb-4ea5-bc7d-01a9819dcb9e,"San Jose City Hall",4.2,"San Jose","United States",ChIJozSGNFnNj4AR44j8HyzgMao,75
a9598417-8b54-45a2-96eb-8a2624824aa9,"San José City Hall Tower",Q133834599,"San Jose","United States",b03ea622-4ebb-4ea5-bc7d-01a9819dcb9e,"San Jose City Hall",4.2,"San Jose","United States",ChIJozSGNFnNj4AR44j8HyzgMao,13
5d8023fd-66ce-4307-899c-3b481fede0ff,"San Maurizio al Monastero Maggiore",Q1255890,"Milan","Italy",55b3884a-091f-453f-9264-18dc73f8629b,"Chiesa di San Maurizio al Monastero Maggiore",4.8,"Milan","Italy",ChIJ42GMgJi5hkcR70ydC_sBD-8,3
a0810f68-873f-4600-9535-1d1cc50d4891,"Sanctuary of Torreciudad",Q1125177,"Secastilla","Spain",53e07458-04cd-41d1-b9c3-1f3b5b660017,"Torreciudad",4.7,"Secastilla","Spain",ChIJjVlH2hCUpxIRx6g9SF-kGKM,23
9bf55398-7b63-4841-b15c-5b60cafd5183,"Sant Cristòfol",Q21604431,"Les Planes d'Hostoles","Spain",9ce29cb6-70ae-489b-a0e2-d383d208b00f,"Parròquia de Sant Cristòfol",4.1,"Les Planes d'Hostoles","Spain",ChIJn_LrLPzNuhIRW1FHWgURxGo,10
3c552519-ee3f-4161-aa12-d7f14e6f1db8,"Sant'Andrea della Valle",Q1631593,"Rome","Italy",7c9bc7ba-2274-4449-9d74-ffbc0c4b51aa,"Basilica di Sant'Andrea della Valle",4.8,"Rome","Italy",ChIJfzGVGk9gLxMRzmWskiCnygQ,61
913ed944-f743-4123-bbfa-14eaebab8638,"Santa Maria dei Miracoli, Venice",Q533680,"Venice","Italy",37207de1-2cc4-4e3d-90e0-c650fcec434e,"Church of Saint Mary of Miracles",4.6,"Venice","Italy",ChIJ62lRTdmxfkcRyvFRIr5As2c,6
97348635-651e-4ac5-a52c-13555926b73f,"Santa Maria dell'Anima",Q2140145,"Rome","Italy",a7d90adf-6502-4bd4-a0df-b0300cabb48a,"Piazza Navona",4.7,"Rome","Italy",ChIJPRydwYNgLxMRSjOCLlYkV6M,119
a4602eea-7cdd-4b6b-a439-ce3b767e6cd2,"Santa Maria della Pace",Q1514683,"Rome","Italy",61d2f20f-3de4-451f-adc4-fc3850e3e5b6,"Church of Santa Maria dell'Anima",4.8,"Rome","Italy",ChIJ8XyrVEVgLxMRGFVwhwmja1Q,58
6e73b9b5-b956-40b2-865b-5f4204ec80fd,"Santa Maria della Quercia, Rome",Q3673906,"Rome","Italy",9c0b9bbc-e243-48f2-9080-757f2924fa29,"Chiesa di S. Maria della Quercia dei Macellai",4.6,"Rome","Italy",ChIJ7QZvCEZgLxMRsjcrAw4Ct40,33
a693f8ba-15ae-4bd7-868b-533f30b9448c,"Santa Maria delle Carceri",Q1714149,"Prato","Italy",78829ca1-5648-4f07-a892-03df5f265920,"Santa Maria delle Carceri, Prato",4.6,"Prato","Italy",ChIJp99T20D2KhMRXa6tudWnzbM,9
2ff95c94-31a0-4a5a-a976-3c7598b71b74,"Santa Maria in Trastevere",Q1137391,"Roma Capitale","Italy",442a3af0-dbeb-4273-9fe1-c1f8f63e725a,"PDM Ristorante Roma",4.8,"Rome","Italy",ChIJwT5lQjhgLxMRkeg36uM9OGs,135
78ab4c26-67ea-4161-ad86-ceb99de08b62,"Santa Maria presso San Celso Church",Q734515,"Milan","Italy",7ed4290f-b3c6-425c-865e-66e39a096caa,"Santuario di Santa Maria dei Miracoli presso San Celso",4.7,"Milan","Italy",ChIJfS1J2wPEhkcRsLVgdtau_HI,30
5e871605-9f56-4996-b49d-2835808dfc4b,"Santa Maria presso San Satiro",Q589462,"Milan","Italy",c5e02ded-1c57-48ff-b2e4-4d2c51ad2741,"Princi",4.2,"Milan","Italy",ChIJI-rIdKzGhkcR59SrXM5p2Bg,43
7b828b32-ee9f-4e42-a464-dae48da07970,"São Paulo Cathedral",Q1050668,"Sé District","Brazil",f04ba4c0-e9d7-48aa-bb67-212514aafb05,"Sé Metropolitan Cathedral",4.7,"São Paulo","Brazil",ChIJ8e6ysqtZzpQR9QNBpGcus_0,5
67bc61c6-a053-45a1-88d1-b662e5063b87,"Sava Centar",Q1278216,"New Belgrade","Serbia",0df8dc7e-7e3b-4c8b-97e7-a25d7ead6f3a,"Sava Center",4.4,"Belgrade","Serbia",ChIJj-22tPdvWkcRv9l25IIiQNc,100
91b77098-157e-4701-99aa-b5f11c3bb4f9,"Saxon Palace",Q1393493,"Warsaw","Poland",f13f1d65-84c9-46fb-a63c-f208fd91c8ab,"Brühl Palace - Foundaments",3.7,"Warsaw","Poland",ChIJ75asZgDNHkcRkrnkhePTGis,81
5fcedac6-bb74-47fd-90ba-51274ac1644f,"Säynätsalo Town Hall",Q2456080,"Jyväskylä","Finland",e8a73a1c-b1d2-499b-bf77-04b8b270cf75,"Säynätsalo Town Hall by Alvar Aalto",4.6,"Säynätsalo","Finland",ChIJPxQzO4pwhUYRLktAKYwGSxw,22
9800f907-02e0-4a0b-8bb3-0ffe1dc60964,"School of Arts and Crafts of Toledo",Q5839056,"Toledo","Spain",d88d07e5-1c15-4579-9ed8-50e7fd70dea1,"Toledo School of Art",4.2,"Toledo","Spain",ChIJP_AqkwkLag0RgpiAqr9ayM4,7
5e083570-df92-4b89-bec0-bf3880c9124d,"Schoorl General Cemetery",Q1943940,"Bergen","Netherlands",53493b86-66c4-47b8-b95a-5499e24156bb,"Begraafplaats",4.7,"Schoorl","Netherlands",ChIJr43nnhpaz0cRIe9EOQux6i4,48
ab0e5ecd-318f-4254-b5c6-8f40e6d0901c,"Schosshalden cemetery",Q2249115,"Bern","Switzerland",792f177f-110c-49c5-89a3-b2ce49b95e41,"Schosshalden cemetery",4.7,"Bern","Switzerland",ChIJry1Bpl03jkcRUFqtqxK1Sng,63
67783018-bca1-4441-87e0-e32156fb3be0,"Schubertpark (Währing)",Q2595983,"Währing","Austria",9982a6fd-bc6c-4d48-b348-f178374ba0c0,"Schubert Park",4.5,"Vienna","Austria",ChIJL6OHsNAHbUcRqnEVJGRv0lI,37
864728e9-131d-4bec-bd03-d27023ef8e0b,"Seagram Building",Q737484,"New York","United States",f8f5f560-77b1-45c7-92da-76180af9606f,"Seagram Building",4.5,"New York","United States",ChIJzx9RX_tYwokRPF3szQ9WNyE,71
5c926fb8-9880-4b9c-bfa4-dc9bbfbc1bee,"Seat of the European Central Bank",Q321040,"Frankfurt-Bornheim/Ostend","Germany",c558d415-c7f4-469c-9852-8c4110e9a122,"European Central Bank.",3.8,"Frankfurt am Main","Germany",ChIJU53gfqkOvUcR_T8ZOEZALs4,95
6ddd1d14-055b-4ee6-8772-5dcbe656c674,"Sebourg Communal Cemetery",Q2505324,"Sebourg","France",deb92e86-ca03-44c5-91cd-be2afa4e0ae6,"Cimetière",4.5,"Sebourg","France",ChIJVXeIT0LzwkcRF6dSCwlpRLM,104
91131c85-2fc2-46bf-9b7d-e7914a7c19d4,"Selfridges Building, Birmingham",Q7448350,"Birmingham","United Kingdom",7317b4a3-38c4-4284-ac2e-9fdb302e4c39,"The Selfridges Building",4.4,"Birmingham","United Kingdom",ChIJB23UGwC9cEgRtMO1wLe6VYk,16
ad1a282f-1c96-4714-a098-bcb5ad08ed2f,"Seminary of Málaga",Q9075927,"Málaga","Spain",708bb3f8-e611-4b74-9171-617b0aa8b3b6,"Seminario Conciliar Diocesano de San Sebastián y Santo Tomás de Aquino",4.5,"Málaga","Spain",ChIJvYYEDc_3cg0RdceApw9Elh8,0
8815fa61-0885-47d2-95d8-835b439e402c,"Semperoper",Q127097,"","",ae25cef2-bd5e-428f-bcda-247a8d465160,"Semperoper Dresden",4.8,"Dresden","Germany",ChIJcU_UxmjPCUcRK5A_tFFtCxA,5
5e81b60e-c828-473d-aaa6-7ab5406769c7,"Serbisch-orthodoxe Kirche St. Sava, Landstraße",Q2272124,"Landstraße","Austria",2fb27c1a-28d6-46ba-9bee-80954459eb0c,"Serbisch-orthodoxe Diözese Österreich-Schweiz",4.9,"Vienna","Austria",ChIJ15Y0-XkHbUcRGjEVLIDX4Qg,3
ec2550b2-0e3e-43da-ae09-650172f0a539,"Serpentine Gallery Pavilion 2011",Q117048872,"City of Westminster","United Kingdom",e57ecda2-8bdb-405d-b903-846573c62ef2,"Serpentine Gallery",4.5,"London","United Kingdom",ChIJOQxY9E8FdkgRe1P4OVUdwM8,21
747eb031-14c3-4f82-9bd9-cfc99d108a8c,"Settles Hotel",Q7456951,"Big Spring","United States",a6d0364f-c130-4a70-9dcd-7cd512225681,"Hotel Settles",4.5,"Big Spring","United States",ChIJn3ilWaYj-YYRK9j5nBJAxpg,18
82eb8f7c-256f-47b7-928e-1cdb6d9508ef,"Shah Mosque",Q643098,"","",f713a0fe-f7ee-446d-9627-97159a514bb7,"Jame Abbasi Mosque",4.8,"Isfahan","Iran",ChIJCV9i2vs1vD8RZkse6WSx-Mo,50
756afae8-3db8-49ad-aa12-4bd9634797ac,"Shikoku Mura Gallery",Q17211689,"Takamatsu","Japan",a84aec9b-612a-4576-9c6a-78d2ba8fc66c,"四国村ギャラリー",4.3,"Takamatsu","Japan",ChIJ97p6FQWTUzURuWsmKY6Bcvs,14
7119ef7a-43ca-45fe-8435-7f20495c99c9,"Shitta-Bey Mosque",Q48791511,"Lagos State","Nigeria",765ef156-3857-4a50-ae6d-fb1d4b6e3452,"Shitta Bey Mosque",3.8,"Lagos","Nigeria",ChIJ9-v4VwyLOxARyxhxEzNYCgc,18
8b2807bc-dc11-4f08-9642-8f0ab96db951,"Shrine Auditorium and Expo Hall",Q731437,"Los Angeles","United States",d4452a84-1bf6-4654-b135-90391a3ddc3f,"Shrine Auditorium and Expo Hall",4.4,"Los Angeles","United States",ChIJDbOWlebHwoAR7dy5hPIr75Y,47
83157303-2515-44f1-8afe-1d53431a5c8f,"Shrine of the Virgin of the Rosary of Pompei",Q980745,"Pompei","Italy",d521baa7-0b39-4b0c-907d-7f5cfe59e644,"Santuario della Beata Vergine Maria del Santo Rosario di Pompei",4.8,"Pompei","Italy",ChIJSUCAJJe8OxMRHGandasdMGw,20
6b0964c5-0f2b-401f-a582-de4879ff67c9,"Shuljavskiy Cemetery",Q4527646,"Solomianka Raion","Ukraine",c8fa04b6-e0fe-4500-991d-9b64eddf74fc,"Shulyavs'ke cemetery",3.9,"Kyiv","Ukraine",ChIJ1UYRCRjM1EAR-ZzoQXbWrRg,100
74c9d797-9582-4fdb-9ba0-c4f10968909d,"Sierraville School",Q75336847,"Sierra County","United States",bb7c91e8-c7da-4be3-9838-81a8142bb8a5,"William R. Rouse Rop",,"East Sierra","United States",ChIJp_Q82cL3m4ARP4rlq3y3anA,72
64e4f65a-ebab-4acb-9a24-0702702f35f4,"Sieveringer Friedhof",Q2284576,"Döbling","Austria",ed954fa7-0561-479b-ab37-9f2bb7cab9a8,"Sievering Cemetery",4.6,"Vienna","Austria",ChIJbR1gdpIIbUcRhPWDPyyOXUc,6
f1ecf408-0494-418f-b067-156d53ab7b8a,"six sépultures circulaires sous tertre tumulaire",Q22992078,"Le Bono","France",8b11e921-1b39-43eb-84f8-d3dbf432adba,"Kernourz dolmen",4.5,"Le Bono","France",ChIJoRjCgVkREEgRlcVblDXRZcI,12
912ef90b-aa36-45ed-998c-76efbd071881,"Sixth ENI Office Building",Q77009188,"San Donato Milanese","Italy",84976d43-b40d-4a8b-8a2c-a70ca314383f,"VI Palazzo Uffici Eni",4.5,"Milan","Italy",ChIJLQeRGrDFhkcRjD-bcsVOBP4,99
88271d62-f17a-4ea5-8a11-b56f569b598c,"Smolny Institute",Q728971,"Smolny Passage","Russia",60abe677-3e6f-411b-9d19-9b389e798f4b,"SMOLNY Historical and Memorial Museum",4.7,"St Petersburg","Russia",ChIJwSEbaokxlkYRu7bGLulNi3g,25
60d74f19-03b0-41fe-a2c4-eec943e6fc8e,"Soccer City Stadium",Q163521,"","",e3f44953-48d6-4fbc-913d-c9ba0af746f7,"FNB Stadium",4.4,"Johannesburg","South Africa",ChIJy351RA0JlR4RFFr2M5suiRI,31
86510fd8-d793-4001-8f01-2ed112f56c15,"Social Science Research Center Berlin",Q104529940,"Bezirk Mitte","Germany",850dc3d1-d6d1-42cf-bb93-278fa613a15f,"Social Science Center Berlin",4.8,"Berlin","Germany",ChIJ1YQTA7VRqEcRg61_bPRgSKo,22
60714f30-953c-45a7-98e7-1f3023922117,"Socx Churchyard",Q1819538,"Socx","France",290e2dd8-87e8-4fef-a439-e7bb152484ab,"Kerkhof van Soks",5,"Socx","France",ChIJz3Wlxlzy3EcRs0HdIPDeZ8g,34
6fb1b23c-ff1e-47b0-afd6-8d03da64b762,"Soldatenfriedhof Böddeken",Q2298577,"Büren","Germany",e98e2d2b-d690-4e75-bf61-74250cbb8ebe,"Ehrenfriedhof Böddeken",4.6,"Büren","Germany",ChIJc4fLvty2u0cRkxYVEFHlQNw,108
886942ad-2ac6-49d7-aa8e-ffa150e147d1,"Solitude Palace",Q561962,"Stuttgart-West","Germany",8c73f54c-a80a-4c09-a78c-9154444f4e37,"Schloss Solitude",4.6,"Stuttgart","Germany",ChIJr7OQdt_bmUcRQ8grU6ojm30,20
876ef844-eed1-48d4-96d2-698f4144a263,"Solow Building",Q632019,"New York","United States",aad5f32e-84b0-42dc-9182-179185676a99,"Footwear Show New York Expo | FSNYE",4.9,"New York","United States",ChIJi1DG_BZZwokR7Nvl8mXFnf4,100
760699a4-ea03-43a3-b719-cb626e1e1f72,"Somerset House",Q1344889,"City of Westminster","United Kingdom",f82f7c56-1877-4bbb-9860-4d579a3c1eaf,"The Courtauld Gallery",4.7,"London","United Kingdom",ChIJJUQ-d8oEdkgR-JVIDfRa6aY,58
b1eb1a72-b9a6-4a24-b39d-bfc89c0a1ad7,"Sorvali Cemetery",Q4429000,"Vyborg","Russia",f7ee3487-184f-48b5-90ce-3ee7f09a7d3e,"Sorvalskoe Cemetery",5,"Vyborg","Russia",ChIJ95OyZRwzl0YRb2qroYLP9XI,26
99428be3-4a15-47b3-a262-73e4f04a545c,"South Wimbledon tube station",Q1974760,"London Borough of Merton","United Kingdom",58a5caff-16c5-4103-833b-ca0e3188212d,"South Wimbledon",4.1,"London","United Kingdom",ChIJvcw1tKYIdkgRfgoI9Gm4WL8,11
9d2454c0-0871-4363-8616-5348e0218148,"Soviet Cemetery Weimar",Q2305043,"Weimar","Germany",eec811fc-079d-46ac-ab61-29916174f50d,"Sowjetfriedhof im Ilmpark",5,"Weimar","Germany",ChIJewxI-TwbpEcR5UIxQH7xbww,59
7987c2c6-e5db-422d-9417-07e6853754b9,"Soviet military cemetery in Bielsko-Biała",Q649359,"Bielsko-Biała","Poland",6459947e-15d0-4d92-ab32-284565c7d905,"Cemetery of Soviet Soldiers",3.8,"Bielsko-Biala","Poland",ChIJcS5AvFyfFkcRc2XiBUEtbH4,57
6c639036-abd4-4e85-894b-c668ad71e496,"Soviet military cemetery in Suwałki",Q891571,"Suwałki","Poland",b88269b4-32cf-4411-a1f9-870613ab3e7c,"Cemetery",4.9,"Suwałki","Poland",ChIJj7AznDwD4UYRe4br3VS9azk,35
9416ff1d-cdff-41a2-800c-4263182d5438,"Soviet prisoners of war and soldiers cemetery in Zambrów",Q4222842,"Zambrów","Poland",e5e12138-71d8-4dce-b64d-9bc2e0819d42,"Cmentarz Wojenny Jeńców Sowieckich",4.6,"Zambrów","Poland",ChIJQzqwxBK3H0cRzuRVYjqSGHc,67
b8125fd0-3af1-4c62-967c-0f9b67839f8e,"Soviet War Memorial",Q48441,"Berlin","Germany",9dcb00a5-23e5-4cce-b09d-1158e621155c,"Soviet War Memorial Treptow",4.7,"Berlin","Germany",ChIJi1A2tR5PqEcRQCxyKJbI3AI,32
6f2301c8-24f0-4901-8495-9522246fdebf,"Sovske cemetery",Q4426634,"Kyiv","Ukraine",d7344acf-0fab-48ce-aa27-8aeecd2f4126,"Sovs'ke cemetery",3.8,"Kyiv","Ukraine",ChIJEz5xXSzJ1EAReHEekSBANAA,84
8dca7bfb-8193-4c7c-8569-4138472895ce,"Sowjetische Kriegsgräberstätte Simmerath-Rurberg",Q2305024,"Simmerath","Germany",0b96aafc-da20-403c-a7b4-8b0373b276f0,"Sowjetische Kriegsgräberstätte Simmerath-Rurberg",4.8,"Simmerath","Germany",ChIJq6rqoEB6v0cR3xEPEvYXIwc,100
8f3de000-379b-4e06-85ac-585ee01291cf,"Sowjetischer Ehrenfriedhof Reitwein",Q2305023,"Reitwein","Germany",d8505258-e3e9-4cd8-9d2e-cdbe36f0f758,"Sowjetische Kriegsgräberstätte Reitwein",5,"Reitwein","Germany",ChIJFeoQuZx1B0cRYjaAa7jjWWM,37
9b779890-a4e7-425d-bab6-31592d63e40e,"Sparks Hall",Q43371246,"Chadron","United States",864537ab-d117-4ecf-818c-44aabb233989,"Sparks Hall",,"Chadron","United States",ChIJ1Q-dnWBve4cRdghyFU3kt68,56
8d0ac5c1-1751-4b6d-8c8c-a2699cb4c015,"Speyer Cathedral",Q22720,"Speyer","Germany",02a7aa52-00d8-40cb-a1bc-6c8d624e5df5,"Speyerer Dom",4.7,"Speyer","Germany",ChIJKyWQWbu2l0cR3pf8YRas66c,30
b0a28471-d9d6-475a-8503-635b3cb17307,"Spitalkirche Heilig Geist",Q41217721,"Füssen","Germany",70a683c9-1313-4520-9558-93197a751b8e,"Heilig-Geist-Spitalkirche",4.7,"Füssen","Germany",ChIJg7AyCeL1nEcRMDvRnfhYXeo,7
9a8320d4-697b-4dc9-a5c6-4e0d712be452,"Spring Grove Cemetery",Q2313810,"Cincinnati","United States",b2ef861f-1a82-4007-b0d9-b26e8c7ca7b7,"Spring Grove",4.7,"Cincinnati","United States",ChIJh5T69aG0QYgRYy2pedvhx_0,58
9257552b-ce45-409c-ac49-08349a9ca817,"St Botolph Building",Q20639499,"London","United Kingdom",d781f9d0-fa9d-421f-ada8-48ec3b3eb70c,"The St Botolph Building",4.4,"London","United Kingdom",ChIJT9batkwDdkgR1JKZTmwxyMo,12
7dd11dc0-ef8d-4a7c-8720-fca618806753,"St Gabriel's Church, Blackburn",Q78596928,"Blackburn with Darwen","United Kingdom",54570da9-3b54-4719-8a7a-fe83ead1ca00,"St Gabriel's Church",4,"Blackburn","United Kingdom",ChIJOficlz-ee0gRu6SKDkheIg8,22
d7735605-b311-4aae-97cd-d2a95ad0888e,"St Mark's Campanile",Q754194,"Venice","Italy",2b31e163-358a-45fc-b523-6c1312ebb379,"Saint Mark's Basilica",4.7,"Venice","Italy",ChIJv2xSZNexfkcRBaKsgyfVEgo,96
9458fc66-ab92-4fc0-8dd2-73b16a9977fd,"St Mark's Clocktower",Q966625,"Venice","Italy",2b31e163-358a-45fc-b523-6c1312ebb379,"Saint Mark's Basilica",4.7,"Venice","Italy",ChIJv2xSZNexfkcRBaKsgyfVEgo,93
2884999c-f70a-4577-935e-96124f2a6069,"St Martin-in-the-Fields",Q1335201,"City of Westminster","United Kingdom",95420dcc-a086-438f-b2bb-b31285974a7e,"Café in the Crypt",4.2,"London","United Kingdom",ChIJH-tBOc4EdkgRSJHGvvxILtY,36
836c2669-1008-42f6-928e-2842a85e1e95,"St. Albert",Q2316901,"Saarbrücken","Germany",269f1468-b42b-4abc-98c2-d99f6f63d463,"Pfarramt St. Albert",4.1,"Saarbrücken","Germany",ChIJyxTYKrK2lUcR2zskYaKk-Hg,60
600e4aa9-b4cc-4ab7-9c28-2e81b2c1a781,"St. Gertrud",Q2318650,"Neustadt-Nord","Germany",278d5b4f-66ed-41b4-bea7-900cf9833974,"santa gertrud: church + culture",4.5,"Cologne","Germany",ChIJMe5fYZ8lv0cR7VFHt_nZ6fM,14
96d4f1ab-db60-4747-a4dc-308bcf193143,"St. Hallvard's Church and Monastery",Q2596230,"Oslo Municipality","Norway",b6e7d544-87e3-4be0-9413-7d6746cc9739,"St Hallvards Kirke",4.7,"Oslo","Norway",ChIJk2MpLF9uQUYRo6pGmLJemjg,43
8bed9a80-e12c-4112-b76e-beec06703bfe,"St. John Cemetery",Q3945111,"New York","United States",d641d547-d30c-468c-946a-f488f22b5886,"St. John Cemetery",4,"Middle Village","United States",ChIJLfS4JmtewokR1rH6m_FQl9o,77
954035f3-ea50-4bd8-80e5-0c140c90b088,"St. Maria im Kapitol",Q598352,"Altstadt-Süd","Germany",103596d0-dd3f-4f1c-a325-19eb474a4823,"Basilica of St Mary in the Capitol",4.6,"Cologne","Germany",ChIJPbUDDbIlv0cRyjvJs6_urbU,14
811fd502-5515-4898-a910-cc20bc228db9,"St. Maria Königin (Düsseldorf)",Q1523159,"Lichtenbroich","Germany",f339f810-0dfb-4eaf-8260-a16e0ccce98b,"St. Maria Königin",4.8,"Düsseldorf","Germany",ChIJV2ljaPzJuEcRhzLWfrY64h0,4
ad1e805f-deea-404b-9b78-8721af962eee,"St. Martin-au-Laert Churchyard",Q1882794,"Saint-Martin-lez-Tatinghem","France",dcf35999-67df-4c68-ab0c-786bd780fbff,"Église catholique Saint-Martin à Saint-Martin-au-Laërt et son Cimetière",4.4,"Saint-Martin-lez-Tatinghem","France",ChIJW3d7uhtW3EcRcB4mBzq6Hk4,62
838af208-5eae-470f-89ba-ea1f3574ec21,"St. Mary's Royal Church",Q3586107,"Schaerbeek","Belgium",dbab57dd-a049-4aee-a124-14f987b3d196,"Saint Mary's Royal Church",4.4,"Schaerbeek","Belgium",ChIJUTMpk3DDw0cR1iKfcPVecfY,54
6d44c25f-b8b3-47c2-8cc9-211187b560fb,"St. Matthäus",Q2321428,"Garath","Germany",016f9002-3386-42f8-a1d6-02e0be50c471,"Kath. Parish of St. Matthew",4.8,"Düsseldorf","Germany",ChIJYQKHI9Iyv0cRo-5ZeqNWSPE,29
5d73c469-81a8-44ef-b896-f97e6c8420d1,"St. Olav's Cathedral",Q1552134,"Oslo Municipality","Norway",ce377b4a-76e4-4e39-ab1b-45c721a91ccf,"St. Olav's Catholic Cathedral",4.6,"Oslo","Norway",ChIJs1XfVHtuQUYR6p_dsKGrEFM,34
839e7c0f-690c-4f43-aae8-8442b135d5fb,"St. Paul's Cathedral, Dunedin",Q2972691,"Dunedin City","New Zealand",2757efd7-c2d2-40ba-8a86-2641d2609464,"St Paul's Cathedral",4.5,"Dunedin","New Zealand",ChIJ1W03AQ2sLqgRFIU0dr4Mddw,23
fe71e605-8357-495f-99af-6c583f20d8ca,"St. Peter's Basilica",Q12512,"Vatican City","Vatican City",2cd2c288-2b7e-494d-a3ec-b120d0d63d66,"Vatican Necropolis",4.7,"Vatican City","Vatican City",ChIJ--YjlmVgLxMRunceWcJboGA,85
a55b3783-1860-4439-a57c-71a8ec6ed9a6,"St. Pierre Cathedral",Q666516,"Geneva","Switzerland",9ca013ab-d278-42b6-ab82-9fdf4c07bd8e,"Cathédrale Saint-Pierre Genève",4.6,"Geneva","Switzerland",ChIJjbUkNSxljEcRHZN02UWqxHk,11
9c69633d-22ef-4f8e-99be-24bf9d61272c,"St. Pierre Cemetery",Q2735013,"Amiens","France",5458a6f0-756b-414c-8587-73e735d4f09e,"St. Pierre Cemetery",5,"Amiens","France",ChIJAQAAhNeF50cRUNuJ_1zAw14,57
65c12cce-6170-4bce-9ee2-0f3e20cd86e9,"St. Rochus Cemetery",Q1569173,"Nuremberg","Germany",338a7c1e-18f2-4bb6-8d54-68da665b7520,"St. Rochus Cemetery",4.1,"Nuremberg","Germany",ChIJ93ZaXlVWn0cRUzivfO9Y4xU,89
969e2dce-efd9-408e-b78e-857179d8a605,"St. Sebastian's Cemetery",Q1635749,"Salzburg","Austria",3bd5c81d-de2a-40d9-912e-4f90103a3d07,"St Sebastian's Cemetery",4.8,"Salzburg","Austria",ChIJ_ZGNK2OQdkcRZDtdQarDXcc,27
8100d26f-050b-4e66-9370-40b028ac5cb5,"Stadio Friuli",Q640031,"","",16552054-3a4d-43d4-8c76-1c4c56309c34,"Bluenergy Stadium",4.6,"Udine","Italy",ChIJf88haBg1ekcR1Di3LSIN5Iw,26
748844b8-eb8d-4d35-a33e-908075a060af,"Stadio Renato Dall'Ara",Q757182,"","",04896f10-8f7e-49e4-906f-b69060f509db,"Renato Dall'Ara Stadium",4.4,"Bologna","Italy",ChIJ0UcVD13Uf0cRbxgzXFijvG0,22
94f145c0-8f2f-46f3-a4dd-88146ffe3842,"Stadio Renzo Barbera",Q28500,"","",e37d329d-665b-4212-bec6-e9d31ae96a18,"Renzo Barbera Stadium",4.3,"Palermo","Italy",ChIJd9DrL7roGRMR1rpPvTpcRt8,8
7a183ae9-d76f-4a97-a7f2-bbde7861869f,"Stadion Energa Gdańsk",Q182385,"","",3f782791-2601-4ab7-83cb-068e7af7e102,"Polsat Plus Arena Gdańsk",4.7,"Gdańsk","Poland",ChIJJ3hvTKx0_UYR6w_g8yFeYro,7
6f049ccd-98f4-4163-bb84-1864ba6024c7,"Stadlauer Friedhof",Q1495770,"Donaustadt","Austria",75109837-f15d-454e-9198-de47ec9b2b59,"Friedhof Wien Stadlau",4.3,"Vienna","Austria",ChIJ_95CZCgBbUcRGNWAtgZcs5Q,37
b1fa8b75-60ee-4614-b7b9-686043d2526c,"State Kremlin Palace",Q2033910,"Tverskoy District","Russia",682e43e9-b995-4008-94a8-0919a664a340,"The State Kremlin Palace",4.7,"Moscow","Russia",ChIJARhAKg1KtUYR5U2MDHmVzFg,63
5d454539-91ec-4eb1-9f6e-6ad4d8b80e84,"Ste. Marie-Cappel Churchyard",Q2739022,"Sainte-Marie-Cappel","France",01e51e3c-b400-4497-83e7-eb9256444484,"Kerkhof van Sint-Mariakappel",,"Sainte-Marie-Cappel","France",ChIJc38oR7bl3EcRIhED8E6c1Sw,1
aa87cc0d-76ba-4481-a5b2-c07cfce87a70,"Stephanuskirche (Wolfsburg)",Q11722211,"Wolfsburg","Germany",fac074cd-93a6-4e85-8c09-8a07c10f5bcb,"ev.-luth. Stephanusgemeinde",4.7,"Wolfsburg","Germany",ChIJzw2uq4aSr0cRLvh1BqOF_cM,22
a87a1814-a2ca-474d-9660-51276a1f573d,"Stevens Building",Q7615461,"Texas","United States",358cdce1-8d4c-42cb-a05b-1f80dc265c47,"Staacke Brothers Building",5,"San Antonio","United States",ChIJyW_AXqtYXIYRisNk8hmTztY,35
85900272-36f4-4f5e-86d5-fccf0b6dfeab,"Stockholm Mosque",Q1193675,"Stockholm","Sweden",75a6969e-fa1c-4a97-9287-a76d9890a9ea,"Stockholm Central Mosque",4.7,"Stockholm","Sweden",ChIJYwmCV_p3X0YRnpCJPABuelA,7
ac8442f8-4756-4500-a845-8911eb642ff6,"Stockholm Palace",Q750444,"Stockholm","Sweden",1819759a-2efd-4c89-aa46-1e78d3e11a8d,"The Royal Palace",4.5,"Stockholm","Sweden",ChIJAUpMflidX0YRNj52SJZ6-b0,18
7746be17-c8e6-4c1a-b1d6-a233a524b99c,"Stockholm Synagogue",Q619484,"Stockholm","Sweden",2f07ef91-bafe-407a-8040-20b0ee003b86,"Jewish Community of Stockholm",4.7,"Stockholm","Sweden",ChIJwyKtYVmdX0YR1XkHKSOiiNc,37
65110bd3-114a-46b0-8dce-8cc06e976b74,"Stolzenfels Castle",Q833779,"Koblenz","Germany",e3299e9e-90b2-42f2-acb8-43871e53e2ba,"Stolzenfels Castle",4.5,"Koblenz","Germany",ChIJvaU0V6xkvkcRznsGQabZ6Ds,34
80836432-1ea5-40c1-b5eb-abf24a1da123,"Strawberry Arena",Q1138684,"","",7b391ba0-54ac-4b9e-adb5-1633bd02ff21,"Strawberry Arena",4.2,"Solna","Sweden",ChIJn1QyScCdX0YR2uZ418t__RQ,52
674e45ef-f4ca-4e41-aa34-795688df5a37,"Subotica Synagogue",Q1039834,"Subotica","Serbia",959fac80-30f6-4267-a741-e82b2753a319,"Subotica Synagogue",4.8,"Subotica","Serbia",ChIJL4eDCsZmQ0cRw1F9foiLgYQ,39
4386b47b-e629-4171-9574-144964d15f45,"Suburban Station",Q1531481,"Philadelphia","United States",921b9b7a-e96b-48df-bef8-67f5235239cd,"THE PHOENIX APARTMENTS",3.9,"Philadelphia","United States",ChIJq6pq-DHGxokRIYOyFP0EpxQ,38
8d876e5a-48bf-441e-975c-790fc0f89c9a,"Südwestkirchhof Stahnsdorf",Q882748,"Stahnsdorf","Germany",ec85b2b6-93d2-44a6-ab56-a644ebda3094,"Südwestkirchhof Stahnsdorf",4.8,"Stahnsdorf","Germany",ChIJj36a3sheqEcRqIpxr5QAm4A,82
aa9190f4-f8d3-4072-bb50-f4937c4fff58,"Šukių piliakalnis",Q12680155,"Šeimena Eldership","Lithuania",dd460e3d-de32-466d-95c4-74fbef13bd9c,"Šukių piliakalnis",4.3,"Šeimenos","Lithuania",ChIJXxJihpk34UYR3zMxH8raD4A,43
6950dda2-69df-48ec-ac25-d90dcdc03ea6,"Superjednostka",Q2367681,"Katowice","Poland",69ca3db1-90ed-4698-a52a-e76d2061f9c4,"Aparthotel Superjednostka WoMark Katowice Spodek",5,"Katowice","Poland",ChIJebn6aGfPFkcRrFbDMpPMdic,53
86d2c64e-8b64-49df-9d27-ace7083726ed,"Swissôtel The Stamford",Q1343055,"Downtown Core","Singapore",d05fbb22-2c5a-428e-ab73-289c8f013782,"Swissôtel The Stamford Singapore",4.5,"Singapore","Singapore",ChIJfyNkh6YZ2jERjHsd_P-iL_M,47
8bfc7e97-31f7-417c-a800-bf8fa437fa0f,"Synagogue of Besançon",Q1141086,"Besançon","France",a7783bbb-686a-4940-beb9-f3990f9728e4,"Besançon Synagogue",4.4,"Besançon","France",ChIJk-xi5BdjjUcRKD2XrMQQuZE,10
b134b531-50e8-41dc-9869-f791ea1f4834,"T-Building",Q28464278,"Jyväskylä","Finland",376dee57-9027-48c3-8fc9-ccb497ea4c53,"Jyväskylä University Library",4.6,"Jyväskylä","Finland",ChIJVys0fRh0hUYRaG-ulztV80o,109
9713aaa0-a5cf-41b2-bd1a-ceb2dafabcc3,"Taber Hill",Q180100,"Toronto","Canada",b49bba1f-a6b5-4c94-9be4-d47d4424bb86,"Taber Hill",4.6,"Toronto","Canada",ChIJp1tbckjQ1IkRJlo29rvZin0,111
ae014bd0-a547-45fd-a05b-23b0b5eab90e,"Taichung Metropolitan Opera House",Q555338,"Taichung","Taiwan",4db902b8-8bdc-4173-8032-1a5c06a38cd1,"National Taichung Theater",4.6,"Taichung","Taiwan",ChIJcaKjTOw9aTQR4mAeJzejtdg,79
789c541c-3d53-43a0-b73c-cbf564a3f831,"Taipei 101",Q83101,"Xicun Village","Taiwan",2a82a583-560a-40de-9146-adef0466224a,"Taipei 101",,"Taipei","Taiwan",ChIJH56c2rarQjQRphD9gvC8BhI,45
8dfb9036-fcc2-4070-b998-0ce206fdf216,"Taza Pir Mosque",Q2096562,"Yasamal raion","Azerbaijan",47b9a22f-4141-454e-9e16-37b17a5e6960,"Təzəpir məscidi",4.6,"Baku","Azerbaijan",ChIJ5RKhV7h9MEARZmVebfNh0Gc,5
acd39c05-6d8e-4960-9d6a-bb53f95453ce,"Telfair County Courthouse and Jail",Q17049968,"McRae-Helena","United States",f9ca0e35-cadc-46d4-b2ae-14b6cb7a6eac,"Telfair County superior Court Clerk's Office",1.8,"McRae-Helena","United States",ChIJlZ3jj2RT8IgRwDpRLhKY2uQ,26
77dc7f79-70ef-4c0b-8669-73483d9ab7cc,"Tempietto",Q12960184,"Rome","Italy",2361b8ea-140a-4e56-b389-fa46e59db777,"Tempietto del Bramante",4.7,"Rome","Italy",ChIJy0scopJhLxMR97Yo7w7HckE,3
a087fd7d-6693-4cd4-b33b-22620fcec1dd,"Teruel Cathedral",Q513893,"Teruel","Spain",b133ae79-1801-458f-84ea-22425c87b665,"Cathedral of Santa María de Mediavilla",4.5,"Teruel","Spain",ChIJZ0H8GQhzXg0RJP2Cm_m3vZY,42
a612bd48-5d27-4eaf-90cb-02715fa5c596,"Teshima Art Museum",Q2379884,"Takamatsu","Japan",b78dc456-23ef-4ef7-bab1-6662e940f7dc,"Teshima Art Museum",4.6,"Tonosho","Japan",ChIJ3QaO37P0UzURVNzwCk7YH_Q,74
a87a5ffe-d3cd-4f78-94fd-3c6d5622d1f3,"The Bass Museum of Art",Q4867942,"Miami Beach","United States",22318340-4a05-4d08-a5a6-125083a5973b,"The Bass",4.3,"Miami Beach","United States",ChIJVUQKVZy02YgRGA6_hGKlCQY,3
8756d77a-3db7-4963-ae4d-30a626e393f7,"The Charles Hotel",Q2410189,"Maxvorstadt","Germany",32dc358a-4c8a-46f4-99e0-cd70b6b56908,"The Charles Hotel, a Rocco Forte hotel",4.7,"Munich","Germany",ChIJEfzlQ_p1nkcRGfkuLu6HdxI,6
a4d3ce90-124a-4002-b385-c85fbbb4e550,"The Glasshouse",Q2414046,"Newcastle upon Tyne","United Kingdom",b188138a-2c3d-43f1-9757-11eeda8bdcf9,"The Glasshouse International Centre for Music",4.6,"Gateshead","United Kingdom",ChIJpZA3X6NwfkgRptTVvUkroXs,9
aada2d9d-4634-4949-b2f2-22f20caa3fbb,"The Hacienda",Q7738608,"Monterey County","United States",7a868839-ca4c-4a0e-a42a-eae178d2366d,"Hearst Hacienda Lodge",4.2,"Fort Hunter Liggett","United States",ChIJU_nqqz_rkoARwrDliQK5FsU,60
a0e778d6-313f-4e36-89c2-6bd52bf64a1e,"The King's Grave",Q1540741,"Simrishamn Municipality","Sweden",a09bc774-0dcc-4eb8-9133-d12dbe435aae,"Kiviksgraven",3.9,"Kivik","Sweden",ChIJBdCVL2dqVEYRnlmeKQ1RPEM,15
81a31ad4-0993-47b7-9343-6164d721f496,"The Palazzo",Q1514587,"Paradise","United States",dd49f8e5-40bd-4c44-82e8-6efecd1dbdf5,"The Palazzo at The Venetian Resort",4.6,"Las Vegas","United States",ChIJ9TdsBj7EyIARVQQd4t-9bkU,44
943c48a8-891e-44b3-acfd-f6b433b79700,"The Sackler Wing",Q116981455,"New York City","United States",5b2b0703-cc70-4323-a91c-425b18f5ca5a,"East Pinetum",4.7,"New York","United States",ChIJS5YOZJdYwokR4jwTkDYRP74,80
7c8e1522-4922-4565-83f8-6ba4acbb7fd2,"The Socialists' Memorial",Q1497554,"Lichtenberg","Germany",b71c4d4e-81ee-4350-97e1-bff87540fc9a,"Memorial of the Socialists",4.5,"Berlin","Germany",ChIJh37CNLlOqEcRNbJfahNnPo4,2
a791e9ad-838e-49cf-87a3-9e11a5ee1d6a,"The Ware Center of Millersville University",Q30634451,"Lancaster","United States",232fc58b-5ce3-4027-9cc4-19ffc557326d,"Ware Center for the Arts",4.7,"Lancaster","United States",ChIJDTgVT_IkxokRM5OR3TPJSX8,4
945f6f84-2cbe-4c5f-89cc-7080c41414a4,"Theater St. Gallen",Q2415961,"St. Gallen","Switzerland",45709ee8-29df-42b2-a491-cabab7dd40cb,"Konzert und Theater St. Gallen",4.6,"St Gallen","Switzerland",ChIJ6zeQ_U4em0cRiO4yzVq9a7M,4
11db136f-c0d9-494d-9863-85c543a017e7,"Theme Building",Q3523620,"California","United States",e50d0e5d-f68b-4b05-836c-7e4fec779f18,"The Theme Building",4.3,"Los Angeles","United States",ChIJnaJxWiixwoARMNK5SugetPg,54
a8e2931e-5ca2-42cb-a5cb-10892a567a3e,"Thiennes Churchyard",Q2224766,"Thiennes","France",9d98804c-9f6a-4f42-bbf6-8b19d5f145e8,"Kerkhof van Tienen",,"Thiennes","France",ChIJbR-uVXwd3UcRJy_hQNrc-hg,42
90d280cf-269a-45ba-a975-736ae92bd417,"Thilloy Road Cemetery",Q2098703,"Beaulencourt","France",d509d2f2-7bd6-4981-98b8-c2af1db5da64,"thilloy road british cemetery",,"Beaulencourt","France",ChIJXeAKxWdT3UcRE9UHGjODf9Q,27
72813341-102b-410b-9c5e-11e57400ad95,"Thivencelle Churchyard",Q1887118,"Thivencelle","France",da877781-d577-4cbf-86c1-1d126eda0e2a,"Cimetière de Thivencelle",,"Thivencelle","France",ChIJ__8_ML7wwkcRy1oH9mkbBv8,65
a05056dc-8ad1-4e7c-97a3-5ad52d79ef91,"Thomas Jefferson High School",Q7791264,"Richmond","United States",8d5ac7ec-497b-4f50-8648-59ea21be6fc4,"Thomas Jefferson High School",,"Richmond","United States",ChIJh2xbkg4UsYkRqIYm0f3kvz4,49
72c43ad6-63e7-409d-b5ef-6f554400e3d0,"Thomas Mann House",Q27899343,"Pacific Palisades","United States",54da4735-4132-489e-a75e-da075199c1be,"Thomas Mann House (Not open to the Public)",5,"Pacific Palisades","United States",ChIJIwDhmm6jwoARWmP_NKsI3UE,10
6c228a37-1020-4298-ab61-a4d86770972c,"Thurston Hall (Cornell University)",Q114896051,"Ithaca","United States",400afd7f-810c-47e1-8f75-412ec8746e34,"Thurston Hall",,"Ithaca","United States",ChIJRU5sa4yB0IkRvXSKocEDp-o,6
fd3ff55f-633f-4f21-9e24-d5e41ef4d0c1,"Timber Creek Campground Comfort Station No. 245",Q89033382,"Grand County","United States",0d2cf2cd-28f9-426b-b540-fdc0e890ebeb,"Timber Creek Campground",4.6,"Grand Lake","United States",ChIJLSYC1_ScaYcRVeHzwq4qoG0,84
70c4077f-d862-40bb-9385-8f0fdd4f0073,"Timber Creek Campground Comfort Station No. 246",Q89033425,"Grand County","United States",0d2cf2cd-28f9-426b-b540-fdc0e890ebeb,"Timber Creek Campground",4.6,"Grand Lake","United States",ChIJLSYC1_ScaYcRVeHzwq4qoG0,67
378dfb5a-1163-42c1-a564-61e2526cfbac,"Timber Creek Campground Comfort Station No. 247",Q89033444,"Grand County","United States",0d2cf2cd-28f9-426b-b540-fdc0e890ebeb,"Timber Creek Campground",4.6,"Grand Lake","United States",ChIJLSYC1_ScaYcRVeHzwq4qoG0,109
6310b4bf-36ae-452a-af4f-c75d65eb0d1a,"TIME'S I + II",Q131389013,"Kyoto","Japan",334656f1-11e8-4d32-bf22-b5f1270358f4,"Times",4,"Kyoto","Japan",ChIJq6oWR5MIAWAR3KZwYsjAlg0,5
9946bec1-f12c-4b98-b538-9f2225ebfcc9,"Toki Messe",Q705614,"Niigata","Japan",7e2d9f1b-5f1a-4a42-af48-2b81649b4c1b,"Toki Messe",4,"Niigata","Japan",ChIJSxyXcB7K9F8RkFjx7GwWcZM,54
5927b3ae-e938-4234-baa4-b0b1114e9785,"Tooting Bec",Q1424421,"Wandsworth","United Kingdom",17fb5a59-46ac-4715-a5b8-0471b1bac0a0,"Saint Anselm's Catholic Church",4.7,"London","United Kingdom",ChIJyR7Rpd4FdkgRMpTrlBNa0oM,64
f6aafd93-31d0-46d4-bace-a2fb28806d02,"Torre de Valencia, Madrid",Q11704647,"Ibiza","Spain",1b752170-5728-432c-9c07-91dfeec5de4b,"Montaña Artificial",4.1,"Madrid","Spain",ChIJp5RzVqIoQg0R3_HIJk2_iHc,105
3b66b28c-3318-482e-a94b-fa73db82626f,"Torre Glòries",Q336246,"El Parc i la Llacuna del Poblenou","Spain",ab87da28-4a2a-43e4-8859-c06bd6b7de20,"Viewpoint Torre Glòries",4.5,"Barcelona","Spain",ChIJQ9Zv-OCjpBIRrLNfpmn6BcE,13
af1d296c-df92-4a08-a8f0-4bb1ef7f15fb,"Torre Interbank",Q5818145,"Lima","Peru",09126586-6cb6-45a9-8555-9e753fd61e4e,"Interbank Headquarters",4.6,"La Victoria","Peru",ChIJaa_ER2PIBZERBfqrDGe-1jw,21
7b76631b-5a3e-4817-b018-0d1ac7d1f6cb,"Torre Moeve",Q519568,"Madrid","Spain",19f815fb-9ad7-40e3-a1e6-07c70e036ef1,"Moeve",4.4,"Madrid","Spain",ChIJffK8IVEuQg0RWHqy7yBM8lY,12
9ccad0bd-2b57-4aba-8b7f-e6be4c75c8fd,"Torre Puig",Q16641572,"L'Hospitalet de Llobregat","Spain",c34e0ef2-2f5f-4481-834c-facfc631d1e6,"Antonio Puig SA Barcelona Head Office",4.3,"L'Hospitalet de Llobregat","Spain",ChIJ0YfcOsGYpBIR73gWUVN1h7g,16
37be42ac-d06b-41bb-bfcf-c14217833ec7,"Torre Velasca",Q1156274,"Milan","Italy",d428a55a-a3bb-4315-ad32-037f53aad135,"Velasca Tower",4.1,"Milan","Italy",ChIJCbcsr6nGhkcRS7kfPh2JCGQ,13
76fa296d-163c-43de-8d52-90c2f2111eea,"Tour CIBC",Q3533035,"Ville-Marie","Canada",bbeba525-a290-44d9-bde0-39c4a8d432a4,"CIBC Tower",,"Montreal","Canada",ChIJQZJH-kIayUwRb36bHItip5Q,0
9cc26dbc-7741-4cf4-a7f7-1cf36368f8c4,"Tour Horizons",Q2371224,"Boulogne-Billancourt","France",ce9e5830-8f77-43db-9cfb-d2012e6e53eb,"The Horizons Tower",3.5,"Paris","France",ChIJq6qqquZ65kcRoFTVLoLmysU,23
e7db0938-6eba-41a1-b9eb-72629c77aba3,"Tower of Siza",Q115412393,"Maastricht","Netherlands",1ecd5aaf-5027-4234-a7cc-24c10beaa140,"Centre Céramique",4.3,"Maastricht","Netherlands",ChIJV1KUIZbpwEcRcVlWl8D3Xyg,88
73799609-834e-4dbe-9a7d-b9363cbbdf36,"Tramway Gas Station",Q7833251,"Palm Springs","United States",c22a1c8e-aad2-433d-976f-a9e6c1e26699,"Palm Springs Visitor Center",4.5,"Palm Springs","United States",ChIJ-490KH8Z24AR3O7mZPHUQzo,21
7b82b70a-1473-43ae-a3e4-b59ae915b58c,"Trier Main Cemetery",Q1589467,"Trier","Germany",75ceb353-4336-499e-8629-17c9464a69cc,"Hauptfriedhof Trier",3.8,"Trier","Germany",ChIJfb40sfR8lUcR3vSaJR2y7-w,81
1fecf6b8-0c30-4eaf-8177-f2ea8cf81778,"Trinità dei Monti",Q1229008,"Rome","Italy",1d5ddfd1-9da7-4f6d-80bb-5eee7edf34d1,"Spanish Steps",4.6,"Rome","Italy",ChIJda54FlRgLxMRD2muipfUwH8,94
2138a78b-6de9-4de1-bfb5-190a96802d0a,"Trinity Church",Q866896,"New York","United States",9f8da492-7961-4396-ade7-e2daf14ef0b5,"Trinity Place",4.4,"New York","United States",ChIJ4_AAQhdawokRzbYlVLyzKlk,130
53244b11-351a-4137-bc93-f81424cd036a,"Trump Tower",Q868772,"","",bf643c17-ef5c-47c5-9b07-6d7e428ac97f,"Louis Vuitton ""200 Trunks, 200 Visionaries: The Exhibition"" In New York",4.8,"New York","United States",ChIJr3Bf5hlZwokRDyxOTJ8NSjI,90
925c82fa-59cc-4828-a8df-2a57a2c692da,"Tumulus de la Hogue",Q1798858,"Fontenay-le-Marmion","France",9c52693c-5f76-4293-827f-20655b87cd84,"Maison d’hôtes Galerie Tumulus de la Hogue",4.8,"Fontenay-le-Marmion","France",ChIJCXQwikdBCkgRs4hqYxqhaRA,72
9b057925-34eb-4da6-a57a-743b8abf8730,"Tumulus of Herstappe",Q4641804,"Herstappe","Belgium",48f47001-c5f7-491c-8114-bf9fcad9078f,"Tumulus (Romeinse grafheuvel)",4.6,"Tongeren","Belgium",ChIJYRfCWuPjwEcRHB-sykrr-2I,26
6a60469e-9057-4577-a08f-67032a83cf27,"Tumulus of Hochtumsknopf",Q1820643,"Burg-Reuland","Belgium",2155c2e8-ed29-47e1-9f81-1774b010cd74,"Hochtumsknopf",3.8,"Burg-Reuland","Belgium",ChIJsZIkp6p1wEcRulu2GOgJKKI,55
7188eb5f-148f-4a3d-a676-948c88247dab,"Tumulus of Koninksem",Q2447307,"Tongeren","Belgium",9a7882a3-637d-422a-a5d9-a28c52390c17,"Tumulus (Roman burial mound)",4.8,"Tongeren-Borgloon","Belgium",ChIJobsrGFviwEcRky9OVPUBnD8,3
2e2895df-64f9-40c8-baf6-acb89a45cdb0,"Tumulus of Vaux",Q2085821,"Villers-le-Bouillet","Belgium",a2c5f203-f5d1-4aaa-97b9-32c98d006557,"Tumulus Al Tombe",,"Villers-le-Bouillet","Belgium",ChIJLWFXEAAHwUcR_A3kZ8Im-M8,53
61963a88-2384-4027-9a0e-64d274617129,"Tumulus of Yernawe",Q5092917,"Saint-Georges-sur-Meuse","Belgium",2109a315-098f-4cf0-9a19-f8ff4b93cce8,"Tumulus de Yernawe",,"Saint-Georges-sur-Meuse","Belgium",ChIJVxHW2ksAwUcRsrjgjTEZ-cI,94
8d591855-5442-43f0-b434-08a1d0b967fc,"Tuntex Sky Tower",Q337631,"","",f8a2d5f9-5b78-4c52-8ab5-c378ffa7b9b0,"85 Sky Tower",4.1,"Kaohsiung","Taiwan",ChIJAZBaKn8DbjQRqpQI86o3ryg,15
a91f3bfc-39f7-4ae9-a330-e00f1ea7a949,"Turin Cathedral",Q958699,"Turin","Italy",17a9f30f-04e5-4652-83dc-44a760c250b9,"Cathedral of Saint John the Baptist",4.6,"Turin","Italy",ChIJKajZ1HZtiEcRiyEFwEhLQxs,24
845d8858-d88c-4881-880c-714e3632f77b,"Tyne Cot Cemetery",Q2369533,"Zonnebeke","Belgium",f28d71d9-64f2-4ed6-b615-0565ec5a0be2,"Tyne Cot Cemetery & Visitors Centre",4.9,"Zonnebeke","Belgium",ChIJoxX5ZZ7M3EcRoKTYjdliyTU,58
68d42518-acc3-4cfe-98db-798a3fbff0d6,"U.S. Bank Tower",Q57900,"Los Angeles","United States",7242a627-65a0-474e-950a-a147aa1a6146,"US Bank Tower",4.6,"Los Angeles","United States",ChIJmxAfa7PHwoARSq3AUtHyqGs,35
5da3a6b2-930a-476d-9fa0-a903507e45d0,"UCLA Broad Art Center",Q105771067,"Westside","United States",04b4064a-4ec2-44a3-bb1c-5e14371d5a74,"Broad Art Center",,"Los Angeles","United States",ChIJdWfMFYq8woARJE89pM1iFuE,54
8600e37a-22f7-4e42-9a44-f16e145c3ef6,"Uelzen harbour tumulus",Q1540799,"Uelzen","Germany",878e8d38-36b9-48c6-9b87-03e78b5c0f62,"Bronzezeitliche Grabanlage Am Uelzener Hafen",4.3,"Uelzen","Germany",ChIJX4nZvW0rrkcR3G--bhSf920,8
603075ea-e248-4ca1-ae8f-a274fe1a4431,"United Lutheran Church",Q7888238,"Grand Forks","United States",9745ccab-ef6c-4726-a0a8-c67d52356548,"United Lutheran Church",4.9,"Grand Forks","United States",ChIJ6YECEcSGxlIRcQ7tlTPwNxA,62
7a8edd28-3d22-4137-b54a-9e41ba66163a,"United Nations Secretariat Building",Q7888512,"New York","United States",c0ed742e-0391-43fd-93ed-191b02080899,"United Nations Secretariat Building",,"New York","United States",ChIJ15ZYWxxZwokRaKAA2049b1s,61
61e4c604-2393-447b-9ec5-3372ce4eeef4,"United States Post Office",Q7890947,"New York","United States",f5c55ac7-e223-45c4-91d9-2bbae476f5e5,"United States Postal Service",1.7,"Brooklyn","United States",ChIJq-e0WkBbwokRNPGL37fykmw,35
b6b6c20b-0203-4e4d-b310-72e18bc831e6,"United States Post Office Knickerbocker Station",Q7891148,"New York","United States",f0c257a0-7925-4cb4-b327-ca9740d340b9,"The Little One",4.5,"New York","United States",ChIJi8GFCClawokRaFDt7FMreKY,99
5dea2626-87b0-44ee-87c7-0149cbe340ac,"United States Post Office–Lexington Main",Q7891153,"Lexington","United States",bfe01eb2-647a-418d-9c68-fb9a367e4f1e,"United States Postal Service",2.8,"Lexington","United States",ChIJ5y1Y1cSd44kRPO02bA3kPwQ,52
7f931187-9556-4a15-9ce3-0c0c30d8caa9,"University Hall",Q7894712,"Cambridge","United States",ec9160ee-1a39-4f5f-a487-c5863fe00747,"University Hall",5,"Cambridge","United States",ChIJ26tWUg5344kRQNtmYQDpgNo,111
65ce1060-43a1-4665-aaa9-6be2a0e4cf60,"University of Tartu Old Observatory",Q2346055,"Tartu City","Estonia",a1ecef1d-5e98-4cc7-85c2-2e8687324f6d,"Tartu Tähetorn",4.6,"Tartu","Estonia",ChIJw0Wf4-A260YR1L_KFjeu5Xo,5
99ed7d56-d058-42bd-ae5a-b1f5ae2ee53d,"Utrecht (Soestbergen) General Cemetery",Q1943852,"Utrecht","Netherlands",f29a8fb7-58c0-444f-bcce-7db2cee35c5a,"Cemetery Soestbergen",4.5,"Utrecht","Netherlands",ChIJPRuE_f5lxkcR9WUi1QlhRxA,48
73537ea0-887b-40cc-8ef1-5dd6a4fe16e0,"Valley of the Kings",Q133423,"Luxor","Egypt",d195884d-fe22-45a3-ae03-7a8c09eeeb85,"Valley of the Kings",4.8,"Luxor","Egypt",ChIJ1_7etYo9SRQR2qnjovbMj3E,106
ab525952-ab22-4f77-b95a-81332a3a6c3a,"Valmy Cemetery",Q2972483,"Paris","France",6240fedc-2a5a-49a8-8d9c-309acfd23b99,"Cimitero di Valmy",3.8,"Paris","France",ChIJ-0lhplxy5kcRZuhfYnqrPl8,49
92865c90-dad2-4901-85ad-4903bc069406,"Van Gogh Museum",Q224124,"","",ad096cd8-d6a0-4017-97a5-cf0f0a5f3c34,"Van Gogh Museum",4.6,"Amsterdam","Netherlands",ChIJX1rTlu8JxkcRGsV8-a4oKMI,40
aee6b23a-49ca-4557-8f60-c7e1f2c04548,"Varengeville-Sur-Mer Churchyard",Q2972634,"Varengeville-sur-Mer","France",386975a3-eaba-4a83-9985-b809291345f0,"Église catholique Saint-Valery et son Cimetière à Varengeville-sur-Mer",4.7,"Varengeville-sur-Mer","France",ChIJaXeuMt6b4EcRY7Uba38NC4A,41
67d64330-5e1f-4dd2-97ee-795ead75008e,"Varnum School",Q7916062,"Massachusetts","United States",8f97ad4f-5ded-41e2-ba14-ca17ea4d97b4,"Varnum School",5,"Lowell","United States",ChIJu-1qPwCl44kRFNwVzvdPcmo,54
92ff4c9e-a964-4e3e-9aef-354c1cb21c55,"Vatican Necropolis",Q2119637,"Vatican City","Vatican City",2cd2c288-2b7e-494d-a3ec-b120d0d63d66,"Vatican Necropolis",4.7,"Vatican City","Vatican City",ChIJ--YjlmVgLxMRunceWcJboGA,100
9aff4003-5808-481a-827e-55dd672a8eca,"Victims of Totalitarianism Cemetery in Kharkiv",Q1457486,"Kharkiv","Ukraine",2cfaba79-3c8b-4cfe-8d51-de0fe4977456,"Memorial Zhertv Totalitaryzmu",4.5,"Kharkiv","Ukraine",ChIJA7f40HamJ0ERiAZQuVZw51I,79
a4d24e1d-88fc-45c1-95a5-d2a22e00b994,"Viesly Communal Cemetery",Q2111047,"Viesly","France",4dd218d8-1437-40f7-b06a-4a84e5e751e8,"Viesly Commonwealth War Graves",4.5,"Viesly","France",ChIJEVN8blSRwkcRvX2tmkIjoac,69
76c7ebe9-007d-46c0-81d7-fe38aed2e52c,"Villa Almerico Capra (La Rotonda)",Q505574,"Vicenza","Italy",5d4e235f-7365-4c37-a38f-ac1f28f23d75,"Villa la Rotonda",4.5,"Vicenza","Italy",ChIJh7FZ_5kxf0cRdUHiFcj9Z2I,0
6e77eafa-d8ad-46be-884b-0dc95c23ab66,"Vil·la Hispanoàrab",Q113731933,"Sant Gervasi-la Bonanova","Spain",213bd0c6-884c-42ed-a439-3d582bdb8c58,"Vila hispanoàrab",4.6,"Barcelona","Spain",ChIJjQqGewWYpBIREoxgrEah-LE,22
5f3b06f4-6dbe-439a-8e2e-68321dc018b9,"Villa Mairea",Q2706241,"Pori","Finland",cd778155-253e-4ac0-8c21-d79356829a99,"Villa Mairea – designed by Aino and Alvar Aalto",4.5,"Noormarkku","Finland",ChIJM50z2vgIiUYRld7d9FIHgIw,8
7c73f8b1-0b24-49dd-b918-e51135d53d1a,"Villers-Carbonnel Communal Cemetery",Q2300103,"Villers-Carbonnel","France",09dfe209-8947-4b8b-bc4e-9667c41b5840,"cimetière de villers carbonnel",,"Villers-Carbonnel","France",ChIJf5l3xL7950cRw7MbSgIbxEg,15
f9d9e421-248f-4284-bcca-06d87c3bacdb,"Vingshögarna",Q29372257,"Laholm Municipality","Sweden",7f998fd4-0cc8-425f-be9f-2cee694eb9b7,"Vingshögarna",5,"Laholm Municipality","Sweden",ChIJJ5V1WMV1UUYR7ocfmyGQtcE,53
9e59515b-eec7-42b3-a02a-bbe4f08b5b04,"Virginia Episcopal School",Q7934263,"Lynchburg","United States",f8d57f44-66e1-4ad2-817d-e8ccd374288f,"Virginia Episcopal School",,"Lynchburg","United States",ChIJfY9hGyXYsokR9gM8T4lb2tQ,73
9be1a8d8-5fe6-4ceb-9fff-b2fe72e79594,"Vladykino cemetery",Q4113376,"Moscow","Russia",0fb7b9bd-bbd1-4993-8b2a-0629945148e4,"Vladykinskoe cemetery",4.8,"Moscow","Russia",ChIJtdIM3VM2tUYRCaDQBLC-q2g,77
1b7cd3c4-0bd3-4d03-98d4-f5c10704626c,"Volksbank-Center am Potsdamer Platz",Q130315060,"Berlin","Germany",f53801a0-a68b-4b53-86d7-56047527026a,"Atrium Tower",,"Bezirk Mitte","Germany",ChIJCzz6qctRqEcRVGaOfTZU2J0,102
8ed37093-2830-443d-a5b9-e49823965e24,"Vontz Center for Molecular Studies",Q118636344,"Cincinnati","United States",1cfb76f9-db83-4389-93ff-b605f9ab9a51,"Vontz Center",3.3,"Cincinnati","United States",ChIJA8Lm0ZazQYgRU62woP6BH-0,23
f8144510-fcc6-4019-915a-235f18198a9e,"Vorstengraf Oss",Q2207902,"Oss","Netherlands",3f51e40b-cfd1-4ee9-ac1d-c510f67df0f2,"Vorstengraf",4.3,"Oss","Netherlands",ChIJ050zaDj9xkcRdbvdP-YruVo,3
8244027e-d474-47ea-9ce3-65ad723d45e5,"Vsesvyatskoye cemetery, Krasnodar",Q4127577,"Krasnodar","Russia",32d4b6c7-13fc-4681-a715-b7378acd139d,"Vsesvyatskoye Kladbishche",3.4,"Krasnodar","Russia",ChIJq6qqmndP8EARUgScuj58Pc8,91
af9eb40b-f19f-4187-b665-5bfe1d1a4c9f,"W. R. Grace Building",Q685377,"New York","United States",72de3036-a8da-40a6-b6f9-5987e3689717,"Grace Building",4.4,"New York","United States",ChIJxX2Fp6pZwokR8c5afMlqGNA,40
88c5eba4-e66b-4941-b33c-d4ff5aa11a7e,"Waldfriedhof Dahlem",Q875626,"Steglitz-Zehlendorf","Germany",f26c2a10-e98e-4bfc-8de0-d48c3f09b6b3,"Forest cemetery Dahlem",4.7,"Berlin","Germany",ChIJEWiTiBlaqEcRqHY4gXz9XSQ,106
827a6fc8-4f95-4533-a327-9d764b121c65,"Waldfriedhof Weißer Hirsch",Q2541529,"Dresden","Germany",99113805-460f-44d1-b48d-3a679f092c61,"Waldfriedhof Weißer Hirsch",5,"Dresden","Germany",ChIJqSGtt_nICUcR2I7TvsngMOs,103
992a3e54-6312-4890-86d6-059e93d412b3,"Walsh County Courthouse",Q7963820,"North Dakota","United States",536d675c-55b2-49ce-a85f-f9a3ce3a0333,"Walsh County Clerk of Court",4,"Grafton","United States",ChIJoU97iZIGxFIRMlTpBuD3OQg,76
5f54cffe-646a-40a2-b17a-87de618409fe,"Ward County Courthouse",Q7968993,"North Dakota","United States",79f21445-8908-4b59-8328-8ae408882dd1,"Ward County District Ct Clerk",,"Minot","United States",ChIJRTfbYRAq31IRDnbGS-rVTzo,65
9ecd129e-440e-425f-8008-6c867012b26a,"Watertower Noordwijk",Q4737456,"Noordwijk","Netherlands",96120722-648d-4655-a25f-ef1d5da656ab,"Watertoren",3.5,"Noordwijk","Netherlands",ChIJVR0YT8LBxUcRfhda45QBZB0,3
708b09c1-9d28-4b13-92cf-62e74b6bf1d5,"Weill Institute for Cell and Molecular Biology",Q7980202,"Ithaca","United States",5138dafa-5cb8-44d2-a99b-3256eaa7479c,"Weill Institute for Cell and Molecular Biology",,"Ithaca","United States",ChIJnzKZxaOB0IkRbuc1lMakmjE,60
877ff372-a4ea-4adb-b161-c333db94945a,"Weisman Art Museum",Q1431431,"Minneapolis","United States",d3e8bb6a-0ae5-441a-92ff-02258f57f079,"Weisman Art Museum",4.6,"Minneapolis","United States",ChIJb8naNT4ts1IROphKc-DT8cw,61
73b02fdf-872d-4945-aaab-94ec7b25d40b,"Weißensee Cemetery",Q675174,"Pankow","Germany",b51d3312-c7f3-4d88-abd7-c36573a8c6ea,"Weißensee Cemetery",4.4,"Berlin","Germany",ChIJa_rRe9tNqEcRhA2CglMahmw,71
97b9b5ad-dfee-4295-a3af-6f2dec0d5f80,"Wells Fargo Center",Q1631887,"Denver","United States",1af8b484-43f7-4a6e-b17a-4979ac664eac,"Wells Fargo Private Bank",3.3,"Denver","United States",ChIJVVVF_il5bIcRakNT0dQBBS0,36
6eb979f2-0ed7-49ae-84f2-6f699d2bde10,"Wennigser Friedhof",Q1471738,"Wennigsen","Germany",9b1b5374-05a3-4e18-abd9-a148166ac1db,"Friedhof Wennigsen",5,"Wennigsen","Germany",ChIJxx_pjCqdukcRR_1z7xBbVNw,74
6c94f1b2-2b2b-4ce0-8d5c-620c6f395054,"Westvleteren Belgian Military Cemetery",Q2185004,"Vleteren","Belgium",31f4edb5-4050-4876-9ae6-529449a13155,"Belgische militaire begraafplaats Westvleteren",4.6,"Vleteren","Belgium",ChIJl_515DzB3EcRpMioLCtGlMk,8
a2995076-2121-429b-99b1-d4783c97f2d3,"White Hart Lane",Q186425,"","",bed54e09-f382-4eaa-a87b-94815e83f8e5,"Tottenham Hotspur Stadium",4.2,"London","United Kingdom",ChIJ17zD354edkgR0iyBktlfh4Q,17
7e0cf489-e79c-4b76-ad65-e559c87c7fc9,"White House",Q844124,"Presnensky District","Russia",c8a16d06-8427-4c45-85aa-dbdac1f5dceb,"Russian Federation Government House",3.4,"Moscow","Russia",ChIJ43Kr0kJKtUYRnKq_wF_2aiE,55
999fcdfd-ae9e-40eb-999f-64d863ef1dbb,"Wielsbeke Communal Cemetery",Q2967806,"Wielsbeke","Belgium",ae22d503-c29e-4867-a703-15f023186abb,"Begraafplaats van Wielsbeke",3,"Wielsbeke","Belgium",ChIJSzituF4-w0cR0NZkXW9i078,5
6cc29888-6dda-4752-9418-d8443143513c,"Wilaya Building",Q93361271,"Casablanca","Morocco",384afc2b-1fde-4380-b674-ed92eafb09e9,"Wilaya de Casablanca-Settat",5,"Casablanca","Morocco",ChIJudP5iVjTpw0RAuG94ciWoHg,31
7ea04ae1-21e6-4829-ae3f-d6cc68997faf,"Wild Basin House",Q8000518,"Boulder County","United States",d1fab7b5-afee-4f04-9810-f218f83a660b,"Wild Basin Trailhead",4.9,"Allenspark","United States",ChIJMaq5bmzYa4cRVyjiLBknjdA,115
a21f2fd3-b938-412d-85d2-b21813e73c9a,"Willis Building",Q3109593,"London","United Kingdom",56eb73dd-21bc-408b-b69f-8cbfb6af04d6,"The Willis Building",,"London","United Kingdom",ChIJdXsJe00DdkgRF2pt74PKW7c,11
5eefdcea-2a33-49d1-b09e-bad6cc84a22d,"Windsor Castle",Q42646,"Windsor and Maidenhead","United Kingdom",9fd6835b-f4e5-4c8e-8b04-8313601e8752,"Windsor Castle",4.7,"Windsor","United Kingdom",ChIJm-i1NjsRdkgR5eH3xUZIL84,49
94be6d24-de38-4b61-b342-1f11d5665d24,"Witte Huis",Q2510082,"Rotterdam","Netherlands",b49b401b-a042-4b98-9565-20a1e0ef49c3,"Witte Huis",4.4,"Rotterdam","Netherlands",ChIJX-7F9bkJxkcRmKN7UBzesa0,36
adb029be-cbe7-48b6-8499-a2725a76f706,"Wolvercote Cemetery",Q82162,"Oxford","United Kingdom",78e52bc6-a132-4f53-9cbf-08e206fda932,"Wolvercote Cemetery",4.6,"Oxford","United Kingdom",ChIJDRkPuW_EdkgRaeY4KwmAXQ8,88
63f0f975-2699-491e-af68-5e5a3bef946a,"World War I Cemetery nr 1 in Ożenna",Q2654384,"Ożenna","Poland",563241bf-d2f1-441b-b7b4-dc72cf1d935d,"World War I Cemetery nr.2 Ożenna",4.8,"Krempna","Poland",ChIJ-5ClL7AuPEcRQtljiFwJpyM,105
5e9e435b-c261-49dd-b393-33cf31d98b81,"World War I Cemetery nr 10 in Wola Cieklińska",Q4273870,"Wola Cieklińska","Poland",fbecf0e0-5d46-481b-a41d-9743af954545,"World War I Cemetery no.10 Wola Cieklińska",4.5,"Debowiec","Poland",ChIJs_sNhcrLPUcR1vQrvGvk4B0,58
7d110e7d-37ac-4d5d-87c7-33c674f2d467,"World War I Cemetery nr 15 in Harklowa",Q4473317,"Harklowa, Podkarpackie Voivodeship","Poland",ed763051-0a5f-4a51-9026-88048ed7ab39,"Cmentarz z I Wojny Światowej nr 15 Harklowa",4.5,"Harklowa","Poland",ChIJ-0xyZLW3PUcRnNRL3yoG0b8,19
722e6997-7d3c-49a8-b978-6e8d5a469e46,"World War I Cemetery nr 198 in Błonie",Q136951,"Błonie, Lesser Poland Voivodeship","Poland",0b5fbc02-d4f1-4a88-a07f-9a432dabfb2f,"World War I Cemetery no.198 Błonie",4.7,"Błonie","Poland",ChIJt1iVP26FPUcRwBQyGP507rY,27
948056d0-9487-46f2-9eca-5d03695b28fd,"World War I Cemetery nr 60 in Przełęcz Małastowska",Q3537530,"Pętna","Poland",c7451b61-b37a-4bc6-8d64-f5b86b35a1bb,"War Cemetery I no.60 Magura",4.8,"Małastów","Poland",ChIJqVnVRSLOPUcRsOT-t86TGBo,61
8f65e5b0-61c0-4bd7-9c24-da7b5a5ad171,"World War I Cemetery nr 8 in Nowy Żmigród",Q4122458,"Nowy Żmigród","Poland",fb235238-4d1e-4dc0-aae2-0ac3e2e3bbb2,"World War I Cemetery no.8 Nowy Żmigród",4.7,"Nowy Żmigród","Poland",ChIJzxroxFQ0PEcRHURxl_9xsxo,102
5e87790a-fce4-4687-b631-4851e1cdb218,"World War I Cemetery nr 95 in Stróżówka",Q5361625,"Stróżówka","Poland",e435b4c4-59ae-4b30-9693-ab7275006c75,"World War I Cemetery no. 95 Gorlice",4.4,"Gorlice","Poland",ChIJGW5TZBrHPUcR6UiDGK_vY38,30
6239e5d1-f9ed-4b5c-b47f-fa384e2530c9,"Wrocław water tower",Q1786037,"Wrocław","Poland",81790d0c-95ac-48f0-bf46-a51e3770a2fb,"Wieża ciśnień Borek we Wrocławiu",4.8,"Wrocław","Poland",ChIJS5sMo27DD0cR7r51LJEj_1c,20
8ed32142-437c-4e4a-ba7c-28f26f6a1edb,"Wynne Post Office",Q18706202,"Wynne","United States",3f4ee97d-f514-477c-ac18-6a97d3e02da6,"United States Postal Service",3.2,"Wynne","United States",ChIJrTXa22JY1IcRfk0BibkvAPs,13
7d9476b0-5c94-4989-939c-0736c12c6db1,"Yamanashi Broadcasting and Press Centre",Q11469632,"Yamanashi","Japan",7adc43b6-6ea9-4025-80ab-ef7a99733247,"Yamanashi Culture Hall",3.9,"Kofu","Japan",ChIJ3aYGtM35G2ARn-zqfJp2_T8,14
b225e8d7-1667-44d7-ae8a-37b9dd060391,"Yegoshikha Cemetery",Q2972580,"Sverdlovsky District","Russia",e66ffbf8-abaa-4f52-83fb-6d82e1ed217e,"Yegoshikhinskoye Kladbishche",4.3,"Perm","Russia",ChIJJeXWas7G6EMRRIMfmyXReXQ,0
a4981236-1272-4928-b2ed-c338b9c48ba2,"Yenidze",Q512953,"Dresden","Germany",02e19d2c-46df-47d9-9054-24a977da1b80,"Kuppelrestaurant in der Yenidze - Dresden",4.2,"Dresden","Germany",ChIJW60kinHPCUcRiWVnkk4a64Q,26
9b02d992-a3a0-480e-a06e-52b2c23373ef,"Yokohama Museum of Art",Q861588,"Yokohama","Japan",518ddc42-3d2b-489c-b6ac-9f626ad126dd,"Yokohama Museum of Art",4.2,"Yokohama","Japan",ChIJWUURTV1cGGARBqx4CqSvTOc,42
7e0ec716-51e3-4351-8b43-5606ac597fa3,"Yokosuka Arts Theatre",Q892352,"Tokyo","Japan",dbf3d86e-c53d-454b-853b-03d4413bc48f,"Yokosuka Arts Theatre",4.1,"Yokosuka","Japan",ChIJsUeVMndAGGARQAt_DojxBvM,47
7121b391-b34f-46bc-b1ff-0131d3401cf3,"Yoyogi National Gymnasium",Q1069457,"Tokyo","Japan",52cc838a-e07c-4076-9595-d8220b07ba61,"Yoyogi 1st National Gymnasium",4.2,"Shibuya","Japan",ChIJxeQ_6q-MGGARexvt6BPzdG4,22
64dd8bda-8cd4-40e2-b2be-b8d57bce4ce5,"Zandkasteel",Q2559646,"Amsterdam","Netherlands",683f85a0-f07b-4200-b428-cabf980737aa,"Zandkasteel Amsterdam | Offices, Meetings, Events, Work.Club",4.5,"Amsterdam","Netherlands",ChIJCyXy3o8LxkcR5df2lp2j6T4,7
e8d89dce-c390-46ec-af59-8b7b88d49f1f,"Žatecká 10",Q69421453,"Prague 1","Czech Republic",be1db620-1c6a-4567-86b3-b8fe1fbfb5df,"Old Jewish Cemetery",4.2,"Josefov","Czech Republic",ChIJAQAAAOyUC0cR1V8UnwOCrIc,113
9e84b744-c732-462d-b9ce-b6027b4f987f,"Zemun Cemetery",Q2972576,"Belgrade","Serbia",8ec237d6-9bdc-4537-aef0-3f17d2f1a77c,"Zemunsko Groblje",,"Belgrade","Serbia",ChIJu4Y09LFlWkcRQcj1JnWnEvo,22
94640957-46bb-4581-b599-30b055621e49,"Zentralfriedhof Friedrichsfelde",Q190494,"Lichtenberg","Germany",b71c4d4e-81ee-4350-97e1-bff87540fc9a,"Memorial of the Socialists",4.5,"Berlin","Germany",ChIJh37CNLlOqEcRNbJfahNnPo4,104
96e189b9-1e4a-430c-b849-1169e93a3d76,"Zudausques Churchyard",Q2160139,"Zudausques","France",7a195250-9143-4d57-bc6a-179380e9a2c3,"Cimetière de Zudausques",5,"Zudausques","France",ChIJI4d88qxW3EcRnJs0chLnbAs,33
8b0fcdff-ae63-46ff-a9c8-35d654e64705,"Zuytpeene churchyard",Q2160194,"Zuytpeene","France",ef8aa31e-db32-445a-9c64-fa2880e566fe,"Cimetière",,"Zuytpeene","France",ChIJeUcR8hH73EcRiXKe2MYLGqY,35
6c8bcace-4b05-46f8-9313-f21725bcd78e,"Zwinger",Q155107,"Dresden","Germany",1125467a-35fe-4912-9d52-91703b91b197,"Dresden Zwinger",4.7,"Dresden","Germany",ChIJ4___HmbPCUcRN5Ub3P2ZfmQ,8
9116426a-d2f2-4255-ba95-97329df46846,"Алтуфьевское кладбище",Q4062997,"Moscow","Russia",2208c2e7-ab15-4832-b347-4b335236c40f,"Altuf'yevskoye Kladbishche",2.8,"Moscow","Russia",ChIJxzQbllQ3tUYR3NMb6S3cXfA,83
7a2f5b49-1492-430f-a8f8-8427a8547178,"Воронежская синагога",Q111287126,"Voronezh","Russia",66bf7938-f5f5-4846-8776-c8f7fc708dab,"Sinagoga",4.9,"Voronezh","Russia",ChIJ_RlCQ_YuO0ER71HtjQHb3c0,19
9012fdf7-d745-445c-ad51-131f6b8303eb,"Здание Иркутского областного краеведческого музея",Q123484611,"Irkutsk","Russia",e8c9c688-2007-4ab2-ac21-78e9b2292cee,"Irkutskiy Oblastnoy Krayevedcheskiy Muzey",4.6,"Irkutsk","Russia",ChIJQQx3olI7qF0RlHnvpGKCqVg,7
b0bf55da-8720-441b-9712-57d67db84740,"Здание школы 345",Q131933120,"Saint Petersburg","Russia",c5c94814-252f-4a05-b30e-4b05ed164f11,"School № 345",3.7,"St Petersburg","Russia",ChIJ2RLx9KMvlkYRPtI7ItiLPTM,8
805b26ca-18a3-4cda-9d6a-8434e9fccfa6,"Капотнинское кладбище",Q4213162,"Moscow","Russia",09d6c756-3940-429b-ae2c-0b760b110422,"Kapotninskoye Cemetery",5,"Moscow","Russia",ChIJp1MzBMi2SkER2X0mpWn1S2c,62
921ef332-205a-48cc-8daf-d4dc27ddfbee,"Пуща-Водицкое кладбище",Q4384870,"Obolon Raion","Ukraine",cd4e07c1-acae-4fe6-b160-c3a11d1bdb0f,"Pushcha-Vodytsia Cemetery",4,"Kyiv","Ukraine",ChIJwQZ7gpstK0cRSlpQhqACdkc,81