id,name,coverImage,error
"001a96f5-e76d-4ec3-ac14-dbfef1b00c31","Blue Bottle Coffee - Nakameguro Cafe","https://fastly.4sqi.net/img/general/600x600/13833645_z-15-2x6g66y-L5824Xm36r6i7tB0s3w3r2Q6mU.jpg","HTTP 404"
"0009186f-f2ed-4927-a7e9-191d1945a413","Black Remedy","https://example.com/blackremedy.jpg","HTTP 404"
"00b97759-24f6-4eff-a7ed-f5ce1472383c","PLAYWORKS SHOP&CAFE","https://img.vago.to/places/cover/v1/00/b9/00b97759-24f6-4eff-a7ed-f5ce1472383c.jpg","HTTP 404"
"00fdd300-c6ff-4bf2-bc81-d13b7539d798","KEEN GARAGE HARAJUKU","https://img.vago.to/places/cover/v1/00/fd/00fdd300-c6ff-4bf2-bc81-d13b7539d798.jpg","HTTP 404"
"01368361-763e-4148-8da8-9ee4a25cbb2e","Afuri (Harajuku)","https://example.com/afuri_harajuku.jpg","HTTP 404"
"0178f64a-5d3c-4a25-baa2-4cb9bc305c3b","Hart","https://img.vago.to/places/cover/v1/01/78/0178f64a-5d3c-4a25-baa2-4cb9bc305c3b.jpg","HTTP 404"
"01e5ee8a-876c-4b28-ae8c-3e31acc25046","Wat Si Koet","https://img.vago.to/places/cover/v1/01/e5/01e5ee8a-876c-4b28-ae8c-3e31acc25046.jpg","HTTP 404"
"01dd3d9c-d25c-4941-84cc-0f1266b5e034","383 Madison Avenue","http://commons.wikimedia.org/wiki/Special:FilePath/383%20Madison%20Ave%20Bear%20Stearns%20C%20R%20Flickr%203.jpg","HTTP 429"
"01ee2845-ce7b-4ce3-bd7a-f12dafd17149","Molenpad 10-16","http://commons.wikimedia.org/wiki/Special:FilePath/2025%20Molenpad%2010-16%2C%20Asd%20%28B%29.jpg","HTTP 429"
"01d16429-5c67-4ba3-ab1a-aa745fe16adb","70 St Mary Axe","http://commons.wikimedia.org/wiki/Special:FilePath/70%20St%20Mary%20Axe%20seen%20from%20Bevis%20Marks.jpg","HTTP 429"
"01946811-416e-46a9-afba-a6255ad33400","Alter Jüdischer Friedhof Eisenstadt","http://commons.wikimedia.org/wiki/Special:FilePath/Kirkut%20Eisenstadt.JPG","HTTP 429"
"018d74a1-b3de-4466-b41c-233a9fc931a2","Can Duran i Can Mirabent","http://commons.wikimedia.org/wiki/Special:FilePath/090%20Can%20Duran%20i%20Can%20Mirabent%20%28les%20Cases%20Bessones%29%2C%20av.%20Artur%20Carbonell%206%20i%208.jpg","HTTP 429"
"0249796f-af96-46b5-a239-a28df2b57ebe","Imperial Palace East National Gardens","https://img.vago.to/places/cover/v1/02/49/0249796f-af96-46b5-a239-a28df2b57ebe.jpg","HTTP 404"
"020fb886-79ab-49f9-8813-5493fc73acc5","Het Sieraad","http://commons.wikimedia.org/wiki/Special:FilePath/Postjesweg%201%20%282%29.JPG","HTTP 429"
"01fd398b-d90e-499c-b663-f38200b3ce78","St. Joseph","http://commons.wikimedia.org/wiki/Special:FilePath/St.%20joseph%20koeln%20rodenkirchen%202009.jpg","HTTP 429"
"02404243-d9a5-40e9-9d19-fe695aedb811","Pyhän Henrikin katedraali","http://commons.wikimedia.org/wiki/Special:FilePath/Saint%20Henry%27s%20Cathedral%20Helsinki%202.jpg","HTTP 429"
"0244a33d-04b4-4002-b744-ec20b55f8fb0","Crane Flat Fire Lookout","http://commons.wikimedia.org/wiki/Special:FilePath/Crane%20Flat%20Fire%20Lookout.JPG","HTTP 429"
"0206bf07-07f2-4c31-9e42-8febbda604c4","116 John Street","http://commons.wikimedia.org/wiki/Special:FilePath/116%20John%20Street%2C%20Lower%20Manhattan%2C%20New%20York%20City.jpg","HTTP 429"
"024ec017-c0b9-4bdc-8c68-d6e7f40d7173","Villa Giulia","http://commons.wikimedia.org/wiki/Special:FilePath/Villa%20Giulia%20modified.jpg","HTTP 429"
"020be3d8-0215-47e5-96fb-90df3ea74906","two tumuli northwest of Bilderberglaan near Wolfheze","http://commons.wikimedia.org/wiki/Special:FilePath/Wolfheze-tumuli%20northwest%20of%20Bilderberglaan%20%281%29.jpg","HTTP 429"
"020dbaec-aa3d-48e8-a98b-bb74ed23048e","Terminal Commerce Building","http://commons.wikimedia.org/wiki/Special:FilePath/Terminal%20Commerce%20Philly.JPG","HTTP 429"
"02c1b49e-94f7-42ac-be4c-9ef1d428d43d","Dra' Abu el-Naga","http://commons.wikimedia.org/wiki/Special:FilePath/DraAbuNagaSite.jpg","HTTP 429"
"029f9962-17fa-4195-85ce-82e598cbc14c","Sowjetischer Ehrenfriedhof Baruth/Mark","http://commons.wikimedia.org/wiki/Special:FilePath/Baruth%20Ehrenfriedhof.jpg","HTTP 429"
"0266f846-9a6a-41df-b73c-7dd7193a9943","Terrein waarin grafheuvel en urnenveld","http://commons.wikimedia.org/wiki/Special:FilePath/Goirle-20130904-155004-DSC%205275.JPG","HTTP 429"
"02b9a520-fb97-4110-bf64-8715bc4e4b53","Hirshhorn Museum and Sculpture Garden","http://commons.wikimedia.org/wiki/Special:FilePath/Hirshhorn%20Museum%20DC%202007.jpg","HTTP 429"
"032bba11-9175-4e0f-87c5-bb328050a2c0","Corn Palace","http://commons.wikimedia.org/wiki/Special:FilePath/CornPalace2008.jpg","HTTP 429"
"02f89a27-e1de-4c67-af57-ce04185ea5e7","Califórnia Building (São Paulo)","http://commons.wikimedia.org/wiki/Special:FilePath/Edif%C3%ADcio%20Calif%C3%B3rnia%2004.JPG","HTTP 429"
"02ee9bc5-9636-421d-b2b3-f8fc10dfae8b","Monumento al Corazón de Jesús","http://commons.wikimedia.org/wiki/Special:FilePath/Sagrado%20Coraz%C3%B3n%20Toledo.jpg","HTTP 429"
"033fc91e-e4fb-4d60-8cc5-258fe8639529","Devil's Humps","http://commons.wikimedia.org/wiki/Special:FilePath/The%20Devil%27s%20Humps%20barrows%20on%20Bow%20Hill%20-%20geograph.org.uk%20-%20763644.jpg","HTTP 429"
"0313ab0f-cf42-4d47-91f2-198c065a5d45","Dr Chau Chak Wing Building","http://commons.wikimedia.org/wiki/Special:FilePath/Frank%20Gehry%27s%20Dr%20Chau%20Chak%20Wing%20Building%20%284%29.jpg","HTTP 429"
"03488998-e11b-450a-a5f6-2d448920f409","Neguri","http://commons.wikimedia.org/wiki/Special:FilePath/Estaci%C3%B3n%20de%20Neguri%201.jpg","HTTP 429"
"0340adf3-d71e-4415-b30b-aa2437fc46c1","Friedhof Reinickendorf","http://commons.wikimedia.org/wiki/Special:FilePath/Begas%2C%20R.%201874%20Strousberg-Grabmonument%2C%20Reinickendorf%201.jpg","HTTP 429"
"035f3dd0-c78f-48ac-b5d9-f052a12c24d6","Brunflo 58:1","http://commons.wikimedia.org/wiki/Special:FilePath/Brunflo%20h%C3%B6g%2058%201.jpg","HTTP 429"
"03b0215b-df11-4d81-83f2-40ab4bc6efa9","Aachen East Cemetery","http://commons.wikimedia.org/wiki/Special:FilePath/Ostfriedhof%20Aachen%20%286%29.JPG","HTTP 429"
"03f3b261-ff55-45e3-8d00-d64e65186fbb","Municipal Cemetery of Braço do Norte","http://commons.wikimedia.org/wiki/Special:FilePath/Cemit%C3%A9rio%20BN.jpg","HTTP 429"
"03750332-70ee-491f-98ef-35e7b6bc8d08","Schloss Hohenheim","http://commons.wikimedia.org/wiki/Special:FilePath/SchlossHohenheim%20pan-pjt1.jpg","HTTP 429"
"03b65467-11d3-4129-b208-88a6d792a059","Chase Tower","http://commons.wikimedia.org/wiki/Special:FilePath/Chase%20Tower%20Milwaukee.jpg","HTTP 429"
"0422fb0d-bbd5-4148-8347-3c19a490d0f3","One New Change","http://commons.wikimedia.org/wiki/Special:FilePath/One%20New%20Change%2C%20City%20of%20London.JPG","HTTP 429"
"042e673d-7772-47a7-b983-6094b906c94b","Pine Street School","http://commons.wikimedia.org/wiki/Special:FilePath/NorthfieldMA%20PineStreetSchool.jpg","HTTP 429"
"042e2828-1721-424a-bf7b-a0c55d26e958","Daisen Kofun","http://commons.wikimedia.org/wiki/Special:FilePath/Daisenryo%20Kofun%20zenkei-2.jpg","HTTP 429"
"040e87a1-539f-44ef-b2a2-e7d7230ab550","cimetière Gromovskoïe","http://commons.wikimedia.org/wiki/Special:FilePath/Gromovskoe%20Old%20Believers%20Cemetery%2005.jpg","HTTP 429"
"0431a84a-4513-4e3c-a233-6388bc2d6c9b","Strusshamn Church","http://commons.wikimedia.org/wiki/Special:FilePath/Strusshamn%20kirke.JPG","HTTP 429"
"045a92d6-2916-4341-a6f7-699ab7ebdd45","Deans Grange Cemetery","http://commons.wikimedia.org/wiki/Special:FilePath/Dean%27s%20Grange%20Cemetery%20Main%20Walkway.JPG","HTTP 429"
"0456235d-9313-4e04-af45-a7eca971a27e","Washington Union Station","http://commons.wikimedia.org/wiki/Special:FilePath/Union%20Station%20Washington%20DC%20%28cropped%29.jpg","HTTP 429"
"04069019-b97f-41c1-84cd-fbaca643e2c1","Neuschwanstein Castle","http://commons.wikimedia.org/wiki/Special:FilePath/Schloss%20Neuschwanstein%202013.jpg","HTTP 429"
"04194330-a4c1-4f47-b999-33da1228f7de","Evergreen Cemetery","http://commons.wikimedia.org/wiki/Special:FilePath/Evergreen%20soldier.jpg","HTTP 429"
"0466e887-3c2d-4825-af20-bf28ad8335b4","Montjuïc Communications Tower","http://commons.wikimedia.org/wiki/Special:FilePath/Torre%20de%20comunicacions%20de%20Montjuic%2C%20Barcelona%2C%20Calavatra%2001.jpg","HTTP 429"
"042eabc0-f1f9-4a47-bf64-4966b93099aa","Des Moines Art Center","http://commons.wikimedia.org/wiki/Special:FilePath/Des%20Moines%20Art%20Center.jpg","HTTP 429"
"049b8c79-1efa-4408-b5cb-b1e16a039ba4","Superkilen Park","https://img.vago.to/places/cover/v1/04/9b/049b8c79-1efa-4408-b5cb-b1e16a039ba4.jpg","HTTP 404"
"0482494c-17c3-4de5-9a82-658c071e5a43","Hayashi","https://example.com/hayashi_ramen.jpg","HTTP 404"
"04bceacb-956f-4950-bd9b-110ec0d4d42e","Gothic Quarter","https://example.com/gothic_quarter.jpg","HTTP 404"
"04c111a2-2f0c-45d4-97ae-9481cd914bf2","Federal Cafe Gotic","https://example.com/federal.jpg","HTTP 404"
"04a328d5-8006-4437-8352-0d8a462f3d61","Ottarshögen","http://commons.wikimedia.org/wiki/Special:FilePath/Ottar03.jpg","HTTP 429"
"0488786a-6e93-4cd9-b893-4e805208b960","Singapore Indoor Stadium","http://commons.wikimedia.org/wiki/Special:FilePath/Singapore%20Indoor%20Stadium%2C%20Dec%2005.JPG","HTTP 429"
"04c0b45e-ba72-4dfe-bfba-fe75b65442d6","Choueke House","http://commons.wikimedia.org/wiki/Special:FilePath/Choueke%20house01%202816.jpg","HTTP 429"
"04c7f915-72b9-4570-bcb1-b84915e9da24","Bishopwearmouth Cemetery","http://commons.wikimedia.org/wiki/Special:FilePath/Commonwealth%20War%20Graves%2C%20Bishopwearmouth%20Cemetery.jpg","HTTP 429"
"04a00d8f-bf3a-4f75-ad79-d9472b3a5f3d","Ostankino Tower","http://commons.wikimedia.org/wiki/Special:FilePath/%D0%9E%D1%81%D1%82%D0%B0%D0%BD%D0%BA%D0%B8%D0%BD%D1%81%D0%BA%D0%B0%D1%8F%20%D0%B1%D0%B0%D1%88%D0%BD%D1%8F%20%D0%B2%D0%B5%D1%87%D0%B5%D1%80%D0%BE%D0%BC.jpg","HTTP 429"
"048ad58f-1090-4717-bd09-307e47e28574","Helsinki Olympic Stadium","http://commons.wikimedia.org/wiki/Special:FilePath/Olympiastadion%202%202020-08-12.jpg","HTTP 429"
"04dfb5f9-c518-4270-9cbc-90d262582458","Fraser Tombs","http://commons.wikimedia.org/wiki/Special:FilePath/FraserTombs1.jpg","HTTP 429"
"04f9b01c-fbb1-4e77-b823-8aea7ba47fa3","Vsehsvyatskoe Cemetery","http://commons.wikimedia.org/wiki/Special:FilePath/%D0%9D%D0%B0%D0%B4%D0%B3%D1%80%D0%BE%D0%B1%D0%B8%D0%B5%20%D1%81%20%C2%AB%D0%90%D0%BD%D0%B3%D0%B5%D0%BB%D0%BE%D0%BC%20%D1%81%20%D0%BA%D1%80%D0%B5%D1%81%D1%82%D0%BE%D0%BC%C2%BB%202.jpg","HTTP 429"
"04d9539e-e7a4-4cfc-bbce-fb626874dd8a","Hawkins House","http://commons.wikimedia.org/wiki/Special:FilePath/HAWKINS%20HOUSE%2C%20RENO%2C%20WASHOE%20COUNTY.jpg","HTTP 429"
"04ca6fee-d705-4ec9-b8c8-cb36b4f961f6","Monestir de Sant Benet de Montserrat","http://commons.wikimedia.org/wiki/Special:FilePath/Esgl%C3%A9sia%20de%20Sant%20Benet%20de%20Montserrat%20%28Marganell%29%20-%201.jpg","HTTP 429"
"0556791b-4781-480c-ba57-e9ccfd6ae907","Foochow Mission Cemetery","http://commons.wikimedia.org/wiki/Special:FilePath/Foochow%20mission%20cemetery%20morrison.jpg","HTTP 429"
"05445a71-0e23-4be7-89e6-dd88a96eca84","Everson Museum of Art","http://commons.wikimedia.org/wiki/Special:FilePath/Everson%20Museum%20rear.jpg","HTTP 429"
"053654f8-19e1-4a46-90c3-9705f79344e4","Oulu Cathedral","http://commons.wikimedia.org/wiki/Special:FilePath/Oulu%20Cathedral.jpg","HTTP 429"
"0591306a-7f03-4734-8681-0bc0b79868f7","Soup Curry Okushiba Store Ekimae Soseiji","https://img.vago.to/places/cover/v1/05/91/0591306a-7f03-4734-8681-0bc0b79868f7.jpg","HTTP 404"
"0571c766-62b0-4553-976e-62f3c024fce3","Иорданское кладбище","http://commons.wikimedia.org/wiki/Special:FilePath/Iordanske%20cemetery%20%282%29.JPG","HTTP 429"
"0586fca8-205f-4794-bc80-43d19e2bb575","Congressional Cemetery","http://commons.wikimedia.org/wiki/Special:FilePath/QR%20CC%20cenotaphs%20Tip%20and%20Hale.JPG","HTTP 429"
"0560e5e5-77b1-4cda-870e-c19572edd57c","Glockengasse Synagogue","http://commons.wikimedia.org/wiki/Special:FilePath/Cologne%20Synagogue-Glockengasse-Altes%20Bild1.jpg","HTTP 429"
"05afb630-1e47-4484-b78c-b36bfe582bcd","Finn's Point National Cemetery","http://commons.wikimedia.org/wiki/Special:FilePath/Confederate%20Monument%2C%20Finn%27s%20Point%20National%20Cemetery%2C%20NJ.jpg","HTTP 429"
"05d5a1ea-aa44-4428-b649-ec2cd537301e","Laeken Cemetery","http://commons.wikimedia.org/wiki/Special:FilePath/Cimeti%C3%A8re%20de%20Laeken%2001.JPG","HTTP 429"
"060d48bf-262d-4e44-b47d-b19542ff6eef","Stockholm Olympic Stadium","http://commons.wikimedia.org/wiki/Special:FilePath/Stockholms%20Olympiastadion%2C%20070310.JPG","HTTP 429"
"05fa5085-fae3-455e-a67a-d2a8e5504374","M+","http://commons.wikimedia.org/wiki/Special:FilePath/WKCD%20M%2B%2C%202021.11.jpg","HTTP 429"
"05dd80d3-6cd0-46b2-9d1c-5d742f10d596","Rosersberg Palace","http://commons.wikimedia.org/wiki/Special:FilePath/Rosersberg%20Palace.jpg","HTTP 429"
"05e26819-3a28-464a-b858-66fc03788b03","Palacio Episcopal de Astorga","http://commons.wikimedia.org/wiki/Special:FilePath/Palacio%20episcopal%20de%20Astorga.JPG","HTTP 429"
"05f7d7e2-ce48-49b8-aae0-f805909a6741","122 Calle de Toledo, Madrid","http://commons.wikimedia.org/wiki/Special:FilePath/Calle%20de%20Toledo%20n%C2%BA%20122%20%28Madrid%29%2002.jpg","HTTP 429"
"05be9e47-3538-4398-b553-75d93c6d4328","Haus des Rundfunks","http://commons.wikimedia.org/wiki/Special:FilePath/Westend%20Haus%20des%20Rundfunks%202020.jpg","HTTP 429"
"05c1b6e5-b164-4236-bad5-f14f4c36a022","Royal E. Robbins School","http://commons.wikimedia.org/wiki/Special:FilePath/Waltham%20MA%20Royal%20E%20Robbins%20School.JPG","HTTP 429"
"05c2989b-0deb-4c38-aad5-75ce6e0dc66b","Hinges Communal Cemetery","http://commons.wikimedia.org/wiki/Special:FilePath/Hinges%20Communal%20Cemetery%20-3a.jpg","HTTP 429"
"06893c7c-2b1b-4666-a831-f728efa429ae","Wayne L. Morse United States Courthouse","http://commons.wikimedia.org/wiki/Special:FilePath/Wayne%20L.%20Morse%20United%20States%20Courthouse%20corner%20crop.JPG","HTTP 429"
"06a39820-5edb-4a27-9fd6-ce77efec4845","Parish church of Launsdorf","http://commons.wikimedia.org/wiki/Special:FilePath/Launsdorf%20-%20Kirche.JPG","HTTP 429"
"0645be2a-1d40-48cb-a15d-ae05d5641e34","Grabhügel bei Högersdorf-Rotenhahn","http://commons.wikimedia.org/wiki/Special:FilePath/Hoegersdorf%20-%20Grabhuegel%20Hoegersdorf-Rotenhahn.JPG","HTTP 429"
"0656b9d0-3ccd-44d4-a202-0fc6b6ec3f4a","San Filippo Neri church","http://commons.wikimedia.org/wiki/Special:FilePath/Lodi%2C%20Chiesa%20di%20San%20Filippo%20Neri%20001.JPG","HTTP 429"
"0673f581-fbf8-4f08-b084-a92a21ca6038","Palazzo Strozzi","http://commons.wikimedia.org/wiki/Special:FilePath/Palais%20Strozzi%20-%20Florence%20%28IT52%29%20-%202022-08-31%20-%201.jpg","HTTP 429"
"0649682c-2018-4cb2-8f44-7fddcede4537","Alley of Honor","http://commons.wikimedia.org/wiki/Special:FilePath/Fexri%20Xiyaban%20guller.jpg","HTTP 429"
"06a02605-61fb-4798-bcb1-50dee360eee7","Mitinskoe Cemetery","http://commons.wikimedia.org/wiki/Special:FilePath/Mitinskoe%20cemetery%20entrance.jpg","HTTP 429"
"06287cce-4a45-4783-800a-ab7d1a11216e","William Jennings Bryan House","http://commons.wikimedia.org/wiki/Special:FilePath/William%20Jennings%20Bryan%20House%2002.JPG","HTTP 429"
"066eb488-fd5d-4c79-b942-7ceee82ff049","Grunewald Cemetery","http://commons.wikimedia.org/wiki/Special:FilePath/2006-07-25%20Friedhof%20Grunewald%20Kapelle.jpg","HTTP 429"
"070285e9-2992-4e72-8722-2f383082b1b1","Athies Communal Cemetery","http://commons.wikimedia.org/wiki/Special:FilePath/Athies%20Communal%20Cemetery%20-3.jpg","HTTP 429"
"06aed5a5-9de0-4c06-b614-daf55275b045","Ještěd Tower","http://commons.wikimedia.org/wiki/Special:FilePath/Jested%20002.JPG","HTTP 429"
"06a61885-9e3e-4db0-8b28-a849bde79354","Terrein waarin grafheuvel #45171","http://commons.wikimedia.org/wiki/Special:FilePath/Grafheuvel%2045171.JPG","HTTP 429"
"06bc0cc4-112e-47df-a02c-56617e35e795","Nariwa Museum","http://commons.wikimedia.org/wiki/Special:FilePath/Nariwa-cho%20museum01s4000m.jpg","HTTP 429"
"06cad667-2ba9-47f2-bb35-52aaee451515","Engine Company 26","http://commons.wikimedia.org/wiki/Special:FilePath/Engine%20Company%2026%20DC.jpg","HTTP 429"
"07643576-2412-4cf5-b8c8-9b02d852280f","Original Coffee","https://lh3.googleusercontent.com/p/AF1QipN6Yg_4V9Q5qJ9c1c8oR6N848X2j4n6r0128V-H=s680-w680-h510","HTTP 400"
"077629fd-cf7d-4fdb-af22-6deda2d1aa3b","Thomas Fisher Rare Book Library","http://commons.wikimedia.org/wiki/Special:FilePath/Seminar%20room%20and%20mezzanine.jpg","HTTP 429"
"072a5405-a2c5-4fc6-916d-7f33422eaf14","Tophet of Carthage","http://commons.wikimedia.org/wiki/Special:FilePath/Karthago%20Tophet.JPG","HTTP 429"
"07607239-69d3-401e-b229-dc2f062d49c1","Grabijolų pilkapynas","http://commons.wikimedia.org/wiki/Special:FilePath/Grabijol%C5%B3%20I%20pilkapynas.JPG","HTTP 429"
"076eefa2-7348-44bf-9c2d-6d7f3feb8ad9","Kupfermeisterfriedhof","http://commons.wikimedia.org/wiki/Special:FilePath/Kupfermeisterfriedhof%20010.jpg","HTTP 429"
"07a4b6a7-9465-4354-ae7c-88aec9281515","Run boys! Run girls!","https://img.vago.to/places/cover/v1/07/a4/07a4b6a7-9465-4354-ae7c-88aec9281515.jpg","HTTP 404"
"07a50054-ae45-4a2e-9072-7f6a117833a5","China Media Group Guanghua Road Office Area","http://commons.wikimedia.org/wiki/Special:FilePath/Guanghua%20Road%20Office%20Area%20of%20CMG%20%2820240907141412%29.jpg","HTTP 429"
"079a548b-d996-46c6-98b1-7a049db7505e","cemetery of the victims of the Vajont","http://commons.wikimedia.org/wiki/Special:FilePath/Cimitero%20Vajont%20dopo.jpg","HTTP 429"
"07c55cd4-0d5b-498f-9e33-19e4c4511f23","Westerbegraafplaats","http://commons.wikimedia.org/wiki/Special:FilePath/0453-IJ05-BaarhuisjeWesterbegraafplaats-zij.JPG","HTTP 429"
"079cbc49-45a6-4ce3-86c7-3cf6edd30c46","Kaleva Church","http://commons.wikimedia.org/wiki/Special:FilePath/Kaleva%20Church%204.jpg","HTTP 429"
"07cb9545-d30d-4c97-9feb-1d4868db5127","Fondation Jérôme Seydoux-Pathé","http://commons.wikimedia.org/wiki/Special:FilePath/Th%C3%A9%C3%A2tre%20Gobelins%20vue.jpg","HTTP 429"
"07c4849b-d59a-411a-a41d-369f492b9395","Colón Theater","http://commons.wikimedia.org/wiki/Special:FilePath/Fachada%20del%20Teatro%20Col%C3%B3n%20en%20Buenos%20Aires%2C%20Argentina.jpg","HTTP 429"
"07bad22d-8d67-49df-8cf4-7f81d5c5528d","Palais Brongniart","http://commons.wikimedia.org/wiki/Special:FilePath/Palais%20Brongniart%20Facade.jpg","HTTP 429"
"07bf7ab2-03d7-42e6-8ab9-116fba01ea45","Vignacourt Communal Cemetery","http://commons.wikimedia.org/wiki/Special:FilePath/Le%20cimetiere%20de%20Vignacourt%2C%20Somme.jpg","HTTP 429"
"081cdbed-d6ec-4ad4-8e80-05e7c9cd771b","TANUKI KOJI","https://img.vago.to/places/cover/v1/08/1c/081cdbed-d6ec-4ad4-8e80-05e7c9cd771b.jpg","HTTP 404"
"07ea334f-c292-4170-a82e-02396964db41","Fuunmaru","https://example.com/fuunmaru_ramen.jpg","HTTP 404"
"081ce32b-a47b-4a3d-901c-dbd4521bf066","Osaka Prefectural Chikatsu Asuka Museum","http://commons.wikimedia.org/wiki/Special:FilePath/Chikatsu%20asuka%20museum01s3592.jpg","HTTP 429"
"081179cc-fddb-41b1-9b54-bf42b84c428e","Saddlehorn Caretaker's Residence","http://commons.wikimedia.org/wiki/Special:FilePath/Saddlehorn%20Residence.jpg","HTTP 429"
"07f01920-d193-4f97-9e3a-74ab8dd4bbdd","Begraafplaats Groenesteeg","http://commons.wikimedia.org/wiki/Special:FilePath/Leiden%20-%20Groenesteeg%20%281%29.jpg","HTTP 429"
"0837e363-2903-4813-9a38-9dfb76f4ba0c","United States Post Office","http://commons.wikimedia.org/wiki/Special:FilePath/Lake%20George%2C%20NY%2C%20post%20office.jpg","HTTP 429"
"08322b8d-0c29-493f-9d01-47c051985511","Saint-François-Xavier, Paris","http://commons.wikimedia.org/wiki/Special:FilePath/Saint-Fran%C3%A7ois%20Xavier%202010.jpg","HTTP 429"
"0856a9b9-3a38-45f4-b387-1a713664bffb","Khum Hmon Somm","https://img.vago.to/places/cover/v1/08/56/0856a9b9-3a38-45f4-b387-1a713664bffb.jpg","HTTP 404"
"0854069e-18b1-493a-a455-aabb061344a3","Edirnekapı Martyr's Cemetery","http://commons.wikimedia.org/wiki/Special:FilePath/Edirnekap%C4%B1_%C5%9Fehitli%C4%9Fi5.JPG","HTTP 429"
"08654260-496e-4163-9a2e-4275a6cee659","Sunrise Visitor Center","http://commons.wikimedia.org/wiki/Special:FilePath/2018-06-27%20spring%20opening%20Sunrise%20%2843021506672%29.jpg","HTTP 429"
"088dfd0f-f9d1-4f4a-80fb-a6e7069ff961","MetLife Stadium","http://commons.wikimedia.org/wiki/Special:FilePath/New%20Meadowlands%20Stadium%20Mezz%20Corner.jpg","HTTP 429"
"08859e65-283a-4eda-800a-1e634470931f","Gelehrtenfriedhof (Königsberg)","http://commons.wikimedia.org/wiki/Special:FilePath/Julius-Richelot.jpg","HTTP 429"
"084be516-f8c0-4cbd-96e2-e8b548a880b3","Friedhof (Böckingen)","http://commons.wikimedia.org/wiki/Special:FilePath/Heilbronn%20-%20B%C3%B6ckingen%20-%20Friedhof%20-%20Blick%20aus%20westlicher%20Allee%20zur%20Kapelle%20%281%29.jpg","HTTP 429"
"08638f08-1526-4d91-a99c-63c351056607","St. Nicholas' Church","http://commons.wikimedia.org/wiki/Special:FilePath/Nikolaikirche%20mit%20Tympanon.jpg","HTTP 429"
"088d74fb-8188-44cf-ba93-0cfee01b5d39","Hellighøje","http://commons.wikimedia.org/wiki/Special:FilePath/Postament%20Helligh%C3%B8je1.jpg","HTTP 429"
"08993286-8170-4739-93f7-ef7ff7b89639","Kikanbo","https://example.com/kikanbo_ramen.jpg","HTTP 404"
"08d89870-bb1c-47b2-a849-4832b9c35d71","Menya Itto","https://example.com/menya_itto.jpg","HTTP 404"
"08a6c907-a704-4685-8e78-78f463a71879","Alter Nordfriedhof","http://commons.wikimedia.org/wiki/Special:FilePath/M%C3%BCnchen%20Alter%20Nordfriedhof%20Arkaden.jpg","HTTP 429"
"08b4243a-3d5b-4155-abd3-ae6e6ff90523","Jüdischer Friedhof","http://commons.wikimedia.org/wiki/Special:FilePath/J%C3%BCdischer%20Friedhof%20Dieburg.jpg","HTTP 429"
"09097838-de0d-4f8a-84dc-d370c419ec7c","Levi F. Warren Jr. High School","http://commons.wikimedia.org/wiki/Special:FilePath/Levi%20F%20Warren%20Jr%20High%20School%2C%20West%20Newton%20MA.jpg","HTTP 429"
"08f2a707-5ef0-48ba-b29c-427ff98e2484","Taylor County Courthouse","http://commons.wikimedia.org/wiki/Special:FilePath/Taylor%20County%2C%20GA%20Courthouse.JPG","HTTP 429"
"08c87e07-9b75-49bb-bbff-a958467941c5","Christi Auferstehung","http://commons.wikimedia.org/wiki/Special:FilePath/Christi%20Auferstehung%20006.jpg","HTTP 429"
"08f66261-0075-4b7d-99d9-0737a1a06a60","Bellefontaine Cemetery","http://commons.wikimedia.org/wiki/Special:FilePath/Wainwright%20Tomb%202013.jpg","HTTP 429"
"096bf06f-800d-44b6-b584-fd7381f497e5","Tumulus of Glimes","http://commons.wikimedia.org/wiki/Special:FilePath/Tumulus%20de%20Glimes%2001.jpg","HTTP 429"
"0992d044-11c1-40b0-b438-63e070f5f720","HSBC Building","http://commons.wikimedia.org/wiki/Special:FilePath/HK%20HSBC%20Main%20Building%202008.jpg","HTTP 429"
"09926420-6235-494a-8907-128256b9b152","Stadtcasino Basel","http://commons.wikimedia.org/wiki/Special:FilePath/Musiksaal%20im%20Stadtcasino%20Basel.jpg","HTTP 429"
"0925ec35-39bc-439c-b6e4-a648ec3c63bf","Trade and Exhibition Complex","http://commons.wikimedia.org/wiki/Special:FilePath/%D0%94%D0%BE%D0%BC%20%D1%86%D0%B2%D0%B5%D1%82%D0%BE%D0%B2%2001.jpg","HTTP 429"
"09990262-e097-4a82-8785-c0b43e67f1a7","Pfarrkirche Hll. Petrus und Paulus, Steuerberg","http://commons.wikimedia.org/wiki/Special:FilePath/Steuerberg%201a%20Pfarrkirche%20hll.%20Petrus%20und%20Paulus%20N-Ansicht%2017072007%207031.jpg","HTTP 429"
"096fed4a-6f99-4834-83b5-79b1c8211bb4","Volkovo Cemetery","http://commons.wikimedia.org/wiki/Special:FilePath/Volkovo%20Cemetery%20view%2001.jpg","HTTP 429"
"093b58ff-5725-4c7f-8f9e-240c3d68d29a","St Machar's Cathedral","http://commons.wikimedia.org/wiki/Special:FilePath/Aberdeen%20St%20Machar%20cathedral%2001.jpg","HTTP 429"
"094b50f8-01e3-444f-a4a1-03023eec8471","Cosman Family Cemetery","http://commons.wikimedia.org/wiki/Special:FilePath/Cosman%20Cemetery.jpg","HTTP 429"
"098582c9-2a52-49ad-af80-def5f6510141","Islamic cemetery of Bobigny","http://commons.wikimedia.org/wiki/Special:FilePath/Mosqu%C3%A9e%20de%20la%20Cimeti%C3%A8re%20musulman%20de%20Bobigny.jpg","HTTP 429"
"09cd9a67-2b4d-4fd1-900f-7d84c4622b03","Pfarrkirche St. Leonhard in Weißenstein","http://commons.wikimedia.org/wiki/Special:FilePath/Wei%C3%9Fenstein%20-%20Pfarrkirche2.jpg","HTTP 429"
"09f07bb1-812c-4861-b3fa-48c569dc16ed","Rotonda de las Personas Ilustres","http://commons.wikimedia.org/wiki/Special:FilePath/EnteringRotundaDoloresDF.JPG","HTTP 429"
"09aac6fd-3b1d-46d6-b38f-0c1f30bbc98f","English Cemetery","http://commons.wikimedia.org/wiki/Special:FilePath/Cimitero%20Inglese%20di%20Bagni%20di%20Lucca%2022.jpg","HTTP 429"
"09a5ce05-488e-4339-9da7-3480c64f5765","Center Cemetery","http://commons.wikimedia.org/wiki/Special:FilePath/WorthingtonMA%20CenterCemetery.jpg","HTTP 429"
"09d79f4a-f04f-4905-930e-81ce9d92da68","Winnezeele Churchyard","http://commons.wikimedia.org/wiki/Special:FilePath/Winnezeele%208%201.JPG","HTTP 429"
"09ca53a4-3021-49f3-ba92-56828a5ca05b","Mausoleum of Milan Rastislav Štefánik","http://commons.wikimedia.org/wiki/Special:FilePath/Mohyla%20stefanik.jpg","HTTP 429"
"09bb8ae7-5bff-45d1-bf23-6d7fc5cb40e1","Dickey Ridge Visitor Center","http://commons.wikimedia.org/wiki/Special:FilePath/Shenandoah%20visitors%20center%207075574.jpg","HTTP 429"
"0a514e77-b531-4e96-8f9a-fb2d0b4f32a4","Bro 37:1","http://commons.wikimedia.org/wiki/Special:FilePath/Stens%C3%A4ttning%2C%20Bro%20ra%C3%A4%2037.jpg","HTTP 429"
"0a7bab43-95a6-4848-b095-10be95fbdd5e","Volkovo Cemetery","http://commons.wikimedia.org/wiki/Special:FilePath/Mitsh%20memorial%201.JPG","HTTP 429"
"0a4e1705-ff50-4a24-a52e-135228d57679","Darnytske cemetery, Kyiv","http://commons.wikimedia.org/wiki/Special:FilePath/Darnytske%20cemetery%2079%20full.jpg","HTTP 429"
"0a8842fd-f920-47d9-aaff-330fbc4f4db9","Simmeringer Friedhof","http://commons.wikimedia.org/wiki/Special:FilePath/Simmeringer%20Friedhof.jpg","HTTP 429"
"0a67fb4a-0888-420d-b02a-9e969d8baf6b","Спасское кладбище (Тула)","http://commons.wikimedia.org/wiki/Special:FilePath/Church%20of%20the%20Holy%20Mandylion%20%28Tula%29.jpg","HTTP 429"
"0a7081bf-72ac-4c65-ac0c-52e3f2a5c82d","Bolton Street Memorial Park","http://commons.wikimedia.org/wiki/Special:FilePath/Thorndon%20Cemetery%201.jpg","HTTP 429"
"0a6bfd77-0769-476d-8fba-8a3a56c912d6","Block Realty-Baker House","http://commons.wikimedia.org/wiki/Special:FilePath/Block%20Realty-Baker%20House.JPG","HTTP 429"
"0ab032d8-b473-4f8a-a488-983bd138acb4","Hotel Gellért","http://commons.wikimedia.org/wiki/Special:FilePath/HotelGellert.JPG","HTTP 429"
"0aab21d7-433a-435d-a464-ea7b8b6baad2","Oakdale Cemetery","http://commons.wikimedia.org/wiki/Special:FilePath/Confederate%20Soldier%20Memorial%20Mound%20at%20Oakdale%20Cemetery%2C%20Wilmington%20North%20Carolina.jpg","HTTP 429"
"0a9b8639-4b21-4c36-b226-38c41cc655a1","Masonic Temple","http://commons.wikimedia.org/wiki/Special:FilePath/Masonic%20Temple%20Meridian%2C%20Mississippi.png","HTTP 429"
"0aa562da-48a6-4893-a398-7b3dd8daf6fa","Evergreen Cemetery","http://commons.wikimedia.org/wiki/Special:FilePath/Evergreen%20Cemetery%20%281%29.jpg","HTTP 429"
"0adc983c-5c8e-4a86-9091-98b8c4341b84","Neufchatel-Hardelot New Communal Cemetery","http://commons.wikimedia.org/wiki/Special:FilePath/Neufchatel-Hardelot%20%28Neufchatel%29%20New%20Communal%20Cemetery%202.JPG","HTTP 429"
"0aa8a4a4-990a-414d-9217-ac6e453495d7","Libeskind Tower","http://commons.wikimedia.org/wiki/Special:FilePath/Torre%20Libeskind%20-%20ottobre%202019.jpg","HTTP 429"
"0b844571-ff69-4834-b9fc-5605b1022289","Victoria Eugenia Theater","http://commons.wikimedia.org/wiki/Special:FilePath/Victoria%20Eugenia%20San%20Sebastian.JPG","HTTP 429"
"0adfa10e-56d5-4c00-a355-9fbd630b608f","The building of the ninth Dentistry (Minsk)","http://commons.wikimedia.org/wiki/Special:FilePath/The%20building%20of%20the%20ninth%20Dentistry%2001.jpg","HTTP 429"
"0ae1b7be-5bfe-4819-8124-745670803e73","Handskehøj","http://commons.wikimedia.org/wiki/Special:FilePath/Handskeh%C3%B8j%2007-07-2013.JPG","HTTP 429"
"0bbaffcc-78cf-4a29-93c8-84fe7394d520","ChaTraMue","https://img.vago.to/places/cover/v1/0b/ba/0bbaffcc-78cf-4a29-93c8-84fe7394d520.jpg","HTTP 404"
"0b9da736-4721-424a-bb99-67dfc9e21eb5","Soranoiro Nippon Ramen Rin Tokyo Station","https://example.com/soranoiro.jpg","HTTP 404"
"0c1ecdf0-f5ab-42dd-b9d7-cb90b14e95ad","Waldfriedhof Volksdorf","http://commons.wikimedia.org/wiki/Special:FilePath/FriedhofVolksdorf%20AnomymeGrabfelder%20Skulptur1.JPG","HTTP 429"
"0c1feefb-d8f9-4d8f-8f58-de9776d79112","Winthirfriedhof","http://commons.wikimedia.org/wiki/Special:FilePath/Weg%20im%20Winthirfriedhof%20%28Totale%29.jpg","HTTP 429"
"0bb8041b-e735-4baf-9865-d483a8384a0c","Cimitero di Sassari","http://commons.wikimedia.org/wiki/Special:FilePath/Sassari%20-%20Il%20cimitero%20%281%29.jpg","HTTP 429"
"0bf96f34-ed8e-4a89-961d-a98bb61ba178","Bajus Churchyard","http://commons.wikimedia.org/wiki/Special:FilePath/Bajus%20%C3%89glise%20Saint-Vaast%20%282%29.JPG","HTTP 429"
"0be5a53a-ef8b-4909-9013-ef2fc96b2f73","Arthur C. and Mary S.A. Nash House","http://commons.wikimedia.org/wiki/Special:FilePath/Arthur%20C.%20and%20Mary%20S.A.%20Nash%20House%201.jpg","HTTP 429"
"0bd0793f-1597-4470-9c4a-380eb2b7d9ee","Renescure churchyard","http://commons.wikimedia.org/wiki/Special:FilePath/Renescure%20-%20%C3%89glise%20Notre-Dame-de-l%27Assomption%20-%204.jpg","HTTP 429"
"0c0cfc42-c5f1-4f89-ab7a-093ee58b83e4","International Stadium Yokohama","http://commons.wikimedia.org/wiki/Special:FilePath/Nissan%20International%20Stadium%20Yokohama.jpg","HTTP 429"
"0bac9c1a-ddb6-42ae-b4e8-0ea6c16b4a27","Harvard Art Museums","http://commons.wikimedia.org/wiki/Special:FilePath/Fogg%20Art%20Museum%2C%20Harvard%20University.jpg","HTTP 429"
"0c4e2373-f8d9-4131-961f-90cba3781220","CMA CGM Tower","http://commons.wikimedia.org/wiki/Special:FilePath/Digue%20du%20Fort%20Saint-Jean%2C%20Marseille%20-%20panoramio%20%281%29.jpg","HTTP 429"
"0c635d7d-33ef-4e42-a61e-b989d450fbbb","Tempio Malatestiano","http://commons.wikimedia.org/wiki/Special:FilePath/Tempio%20malatestiano%2C%20esterno%2004.JPG","HTTP 429"
"0c71b4ab-1693-4020-bc44-36ef8634a001","Neues Schloss","http://commons.wikimedia.org/wiki/Special:FilePath/Meersburg%20Neues%20Schloss%20Seefassade%201.jpg","HTTP 429"
"0c5b26a7-2e3a-4df6-accd-aba028191742","Polish Cemetery at Casamassima","http://commons.wikimedia.org/wiki/Special:FilePath/Il%20Silenzio%20degli%20Eroi.%20Cimitero%20Polacco%20di%20Casamassima.jpg","HTTP 429"
"0c6a553d-4b6d-4357-a1b6-bb3ae82e4f2a","425 Park Avenue","http://commons.wikimedia.org/wiki/Special:FilePath/425%20Park%20Avenue%20NYC%2015%20April%202021.jpg","HTTP 429"
"0c931230-23f4-4f97-8d42-f5436b531452","Harry C. Duncan House","http://commons.wikimedia.org/wiki/Special:FilePath/Duncanhouse-Tavares01.jpg","HTTP 429"
"0c352611-1db3-48fa-97cc-15503425b7e0","Church of San Ramón Nonato","http://commons.wikimedia.org/wiki/Special:FilePath/Madrid%20-%20Puente%20de%20Vallecas%20-%20Iglesia%20de%20San%20Ram%C3%B3n%20Nonato%204.JPG","HTTP 429"
"0c49871b-26ae-4319-9c29-50802e3d1dd9","Caroline Brevard Grammar School","http://commons.wikimedia.org/wiki/Special:FilePath/CarolineBrevardSchTLH.JPG","HTTP 429"
"0c2ee5b9-0cee-4cff-9f3d-5a1143a1cd0a","Petrašiūnai Cemetery","http://commons.wikimedia.org/wiki/Special:FilePath/Petra%C5%A1i%C5%ABn%C5%B3%20kapini%C5%B3%20kolumbariumas.JPG","HTTP 429"
"0cb3d09e-1017-45e0-bbdb-62b4044f0667","Arakurayama Sengen Park Observatory","https://img.vago.to/places/cover/v1/0c/b3/0cb3d09e-1017-45e0-bbdb-62b4044f0667.jpg","HTTP 404"
"0cfa59c4-a3e2-47a1-bcce-765ebd87362f","Kalk town hall","http://commons.wikimedia.org/wiki/Special:FilePath/Rathaus-kalk.jpg","HTTP 429"
"0cf35f1f-e49b-49b9-97e8-b158cc9323a0","Millennium Stadium","http://commons.wikimedia.org/wiki/Special:FilePath/Principality%20Stadium%20May%203%2C%202016.jpg","HTTP 429"
"0cd35c46-e265-4cbb-8706-3ca55bb863f1","South Park Street Cemetery","http://commons.wikimedia.org/wiki/Special:FilePath/South%20Park%20Street%20Cemetery%20Kolkata%20%2824455038378%29.jpg","HTTP 429"
"0ceb0b71-cd85-47a6-938b-2186bd70c414","Tranzitní telefonní ústředna","http://commons.wikimedia.org/wiki/Special:FilePath/Tranzitn%C3%AD%20telefonn%C3%AD%20%C3%BAst%C5%99edna%20%28Hradec%20Kr%C3%A1lov%C3%A9%29.jpg","HTTP 429"
"0cdd2d38-3b4f-469c-b55f-cf52f8a40b8d","Vienna Central Cemetery","http://commons.wikimedia.org/wiki/Special:FilePath/Simmering%20%28Wien%29%20-%20Luegerkirche%20%281%29.JPG","HTTP 429"
"0cc1bde6-79da-41b8-86d4-57e28065136d","Edifício da Confraria do Santíssimo da Sé do Funchal","http://commons.wikimedia.org/wiki/Special:FilePath/Capela%20de%20Nossa%20Senhora%20dos%20Anjos%20e%20instala%C3%A7%C3%B5es%20da%20confraria%20do%20Sant%C3%ADssimo%20da%20s%C3%A9%20do%20Funchal%20-%202022-05-11%20-%20Image%20209640.jpg","HTTP 429"
"0ce6925e-7d25-4b77-b94a-c04f29294c02","Friedhof Pasing","http://commons.wikimedia.org/wiki/Special:FilePath/Friedhof%20Pasing%202018b.jpg","HTTP 429"
"0ccd3167-1c96-474f-a270-d535b8effab3","Garnisonfriedhof Schleswig","http://commons.wikimedia.org/wiki/Special:FilePath/Garnisonfriedhof%20SL%20002.jpg","HTTP 429"
"0cf95507-103a-42fd-abce-d9395f7c992d","Ramón Sánchez Pizjuán Stadium","http://commons.wikimedia.org/wiki/Special:FilePath/2022-10-25%201%20Estadio%20Ram%C3%B3n%20S%C3%A1nchez%20Pizju%C3%A1n%20%28Sevilla%20FC%29.jpg","HTTP 429"
"0d6bb41a-7aa4-44bc-83f2-8fcfa655cdea","Tiradentes Palace","http://commons.wikimedia.org/wiki/Special:FilePath/Pal%C3%A1cio%20Tiradentes%202.JPG","HTTP 429"
"0d5d124b-8d9b-4f12-b304-85910239512d","Old English Cemetery, Livorno","http://commons.wikimedia.org/wiki/Special:FilePath/Cimitero%20degli%20inglesi%20-%20Livorno.JPG","HTTP 429"
"0d39a46e-1754-4e52-9c42-d427fd9df98f","Kurländer Palais","http://commons.wikimedia.org/wiki/Special:FilePath/Dresden%20Kurl%C3%A4nder%20Palais.jpg","HTTP 429"
"0cfc2c7c-fbe0-4be0-923e-d4db560a0f8f","Hearst Tower","http://commons.wikimedia.org/wiki/Special:FilePath/Hearstowernyc.JPG","HTTP 429"
"0d1c2a9a-ab2b-463b-801a-402dd1841f86","Shockoe Hill Cemetery","http://commons.wikimedia.org/wiki/Special:FilePath/Shockoe%20cemetery.jpg","HTTP 429"
"0d09bc00-8a5a-4755-a8b0-bbf69e2341ee","Brighton Evangelical Congregational Church","http://commons.wikimedia.org/wiki/Special:FilePath/Brighton%20Evangelical%20Congregational%20Church%20Boston%20MA.jpg","HTTP 429"
"0d5f9d79-16d6-48a4-8289-4ad05121590c","St. Andreas Church","http://commons.wikimedia.org/wiki/Special:FilePath/St.%20Andreas%20K%C3%B6ln%20von%20oben.jpg","HTTP 429"
"0dba060d-74d5-48e5-bb55-fa0118355c99","mont-bell Shibuya","https://img.vago.to/places/cover/v1/0d/ba/0dba060d-74d5-48e5-bb55-fa0118355c99.jpg","HTTP 404"
"0dcda549-3ea0-4ab5-b5c1-e256f084672c","Edifici Colon","http://commons.wikimedia.org/wiki/Special:FilePath/Torre%20ramblas.jpg","HTTP 429"
"0dbb9041-2c92-4c8b-83de-a484ff530a5a","Max Planck Institute for Human Development","http://commons.wikimedia.org/wiki/Special:FilePath/Wilmersdorf%20Lentzeallee-1.jpg","HTTP 429"
"0da9204d-4bde-43f1-a032-450eb68de5b7","Leonhardkirche (Graz)","http://commons.wikimedia.org/wiki/Special:FilePath/Kirche%20Sankt%20Leonhard%20Graz.jpg","HTTP 429"
"0da5a513-2ce6-463a-b23e-6a9e0e9c23dc","San Giacomo degli Spagnoli","http://commons.wikimedia.org/wiki/Special:FilePath/Portale%20Spagn.jpg","HTTP 429"
"0d9b27c3-c488-43dd-86b8-80e60e8a90ff","Alta Mesa Memorial Park","http://commons.wikimedia.org/wiki/Special:FilePath/Pigpen%20gravestone.jpg","HTTP 429"
"0dba4a5e-c408-421d-857e-1a7196439bee","Notre-Dame Basilica","http://commons.wikimedia.org/wiki/Special:FilePath/Bas%C3%ADlica%20de%20Notre-Dame%2C%20Montreal%2C%20Canad%C3%A1%2C%202017-08-11%2C%20DD%2020-22%20HDR%20alt.jpg","HTTP 429"
"0d9d6e3a-c379-4673-97a9-d2bd542c6cae","Abbey Church of St. Anna","http://commons.wikimedia.org/wiki/Special:FilePath/StAnna%20Klosterkirche%20Muenchen.jpg","HTTP 429"
"0dad42cb-4fd9-410c-b4fa-aa79563317d7","Grafheuvel #47521","http://commons.wikimedia.org/wiki/Special:FilePath/Grafheuvel%20Nol%20in%20%27t%20Bos.jpg","HTTP 429"
"0e0d043d-81f9-4fd0-b535-f47050d0568d","Next Door Cafe","https://lh3.googleusercontent.com/p/AF1QipM6v24N3H0N9mJ6_g0H6M5u7vP2sB72-q4jS3h=s680-w680-h510","HTTP 400"
"0de864b2-f84b-4918-8104-f72e880ac1b9","Jing Jai Market Chiang Mai","https://img.vago.to/places/cover/v1/0d/e8/0de864b2-f84b-4918-8104-f72e880ac1b9.jpg","HTTP 404"
"0e0512d2-7953-49d6-bd8a-17b81026cb3c","Amalfi Cathedral","http://commons.wikimedia.org/wiki/Special:FilePath/Amalfi%20-%20Duomo%20di%20Sant%27Andrea.jpg","HTTP 429"
"0e21a397-5b51-464c-92cd-43f659cea6b3","Colegio La Salle-La Paloma","http://commons.wikimedia.org/wiki/Special:FilePath/Colegio%20La%20Salle-La%20Paloma%20%28Madrid%29%2001.jpg","HTTP 429"
"0e25cc10-15da-4a85-a0ad-81ec72a3a45f","Michigan Bell Building","http://commons.wikimedia.org/wiki/Special:FilePath/Michigan%20Bell%20Building%20-%20Saginaw%20Michigan.jpg","HTTP 429"
"0df86d3b-2060-487b-bea1-224c4426ead9","Sittard War Cemetery","http://commons.wikimedia.org/wiki/Special:FilePath/Remembrance%20ceremony%20Sittard%20-%2044028090510.jpg","HTTP 429"
"0e3b89c4-d667-4392-9a5f-2c37bfdd8a95","Söderhamn 1:1","http://commons.wikimedia.org/wiki/Special:FilePath/Gravh%C3%B6g%20%28a%29.JPG","HTTP 429"
"0de537d3-89c3-4358-87ec-c6ca16017047","AnfaPlace Mall","http://commons.wikimedia.org/wiki/Special:FilePath/AnfaPlace%20Mall%20fa%C3%A7ade%20arri%C3%A8re.jpg","HTTP 429"
"0de370e0-9195-400f-a7d3-3c63842f2992","Multihalle","http://commons.wikimedia.org/wiki/Special:FilePath/Herzogenriedpark%20077.jpg","HTTP 429"
"0dd15637-424b-47fe-b9cc-102db38bca89","Trindade metro station","http://commons.wikimedia.org/wiki/Special:FilePath/Metro%20do%20Porto%20-%20Esta%C3%A7%C3%A3o%20Trindade%20%288233762196%29.jpg","HTTP 429"
"0deecea7-cf9e-46d4-8e6e-7a977e5c19c1","Kunsthalle Bielefeld","http://commons.wikimedia.org/wiki/Special:FilePath/Kunsthalle%20Bielefeld%20Mai%202014%202.JPG","HTTP 429"
"0dfc06d9-09d5-4e6c-8fc9-6a4febde3b3f","Ghissignies British Cemetery","http://commons.wikimedia.org/wiki/Special:FilePath/Ghissignies%20British%20Cemetery%20%28Nord%2C%20Fr%29%20CWGC.JPG","HTTP 429"
"0e4eb522-0838-4eea-a9bd-1fb93c43d2f6","Holladay-Harrington House","http://commons.wikimedia.org/wiki/Special:FilePath/Holladay-Harrington%20House.JPG","HTTP 429"
"0eb5e08e-e8e8-4eb2-91bc-cc5a77a16866","Palace of Charles V","http://commons.wikimedia.org/wiki/Special:FilePath/Alhambra%20-%20Palacio%20Carlos%20V.%20-%20South.jpg","HTTP 429"
"0ebcd8d5-6dc2-4d03-9fd2-4689cd124e4c","Naujosios Vilnios pilkapynas","http://commons.wikimedia.org/wiki/Special:FilePath/N%20Vilnios%20pilkapynas.JPG","HTTP 429"
"0e558314-5bb3-4d86-aef0-b83fbe842701","Residenze Libeskind","http://commons.wikimedia.org/wiki/Special:FilePath/Residenzelibeskind.JPG","HTTP 429"
"0e6861d7-2cc0-4d7c-9f8d-3450864829ec","Telecommunications office","http://commons.wikimedia.org/wiki/Special:FilePath/Berlin%2C%20Schoeneberg%2C%20Winterfeldtstrasse%2019-23%2C%20Fernmeldeamt%201.jpg","HTTP 429"
"0e9d99c5-083a-4636-bf5d-5e2d84987b4c","Lenzhaus","http://commons.wikimedia.org/wiki/Special:FilePath/Berlin%2C%20Tiergarten%2C%20Kurfuerstenstrasse%2087%2C%20Lenzhaus.jpg","HTTP 429"
"0e631505-1a94-46d1-8ffa-a417b1c247c3","Riverview Hall","http://commons.wikimedia.org/wiki/Special:FilePath/Riverview%20Hall.jpg","HTTP 429"
"0f1d18b3-fd8f-447e-b16a-4c6999cf8eba","Cove Burying Ground","http://commons.wikimedia.org/wiki/Special:FilePath/Cove%20Burying%20Ground.jpg","HTTP 429"
"0ee61e0f-79ee-4d8c-97c4-3195de1651ee","Rumbach Street synagogue","http://commons.wikimedia.org/wiki/Special:FilePath/Rumbach%20zsinagoga.jpg","HTTP 429"
"0eccb108-09bc-49e2-8888-3aa6d6bc0c0b","Tumuli in Ermelo","http://commons.wikimedia.org/wiki/Special:FilePath/Grafheuvel%20bij%20Ermelo%20uit%20het%20Neoliticum-IJzertijd%2C%20langs%20wandelroute%20in%20natuurgebied%2C--Archeoregio%203%20-%20Ermelo%20-%2020425904%20-%20RCE.jpg","HTTP 429"
"0f330a4b-16b1-4fcc-bd92-e4524aae2275","Szałas","http://commons.wikimedia.org/wiki/Special:FilePath/20250804%20zajazd%20Sza%C5%82as%20%C5%BBory%2012.jpg","HTTP 429"
"0f34a27d-3143-443a-8250-5fa4e2d55a0a","Capt. John Jeffries Burial Marker","http://commons.wikimedia.org/wiki/Special:FilePath/Capt.%20John%20Jeffries%20Burial%20Marker-01.jpg","HTTP 429"
"0ec676ff-322e-421f-baa9-53a471bc7fa9","Basilica of Sainte-Anne-de-Beaupré","http://commons.wikimedia.org/wiki/Special:FilePath/Basilique%20Sainte-Anne-de-Beaupr%C3%A9%205.jpg","HTTP 429"
"0f33d104-c221-4fe9-9a96-93d20cace2a6","Gesù Church","http://commons.wikimedia.org/wiki/Special:FilePath/Ges%C3%B9%20church%20Saint-Josse.jpg","HTTP 429"
"0f9944f3-f2e1-4215-9069-b49c5cbdf6d1","Frederiksborg Palace","http://commons.wikimedia.org/wiki/Special:FilePath/Frederiksborg%20Slot%20i%20sol.jpg","HTTP 429"
"0fb0650c-95e7-403c-a4cb-4f0e8c7405bf","Alter Friedhof","http://commons.wikimedia.org/wiki/Special:FilePath/Heilbronn-boeckingen-alterfriedhof-grabsteine.JPG","HTTP 429"
"0f559135-23d4-4f13-85bd-4dcc883f8c95","Palais Preysing","http://commons.wikimedia.org/wiki/Special:FilePath/Palais%20Preysing%20Muenchen%20Ostseite-1.jpg","HTTP 429"
"0f41be48-4c96-4386-986b-dd0ab9a8019a","New York Marble Cemetery","http://commons.wikimedia.org/wiki/Special:FilePath/NY%20Marble%20Cemetery%20entrance.jpg","HTTP 429"
"0f7a00ee-6bd3-47cc-940e-138d51c2a16e","Renmin Building","http://commons.wikimedia.org/wiki/Special:FilePath/Shanghai%20Government%20Building.jpg","HTTP 429"
"0f65bc9b-ca67-4830-801e-ef141200d9e8","Memory Of Heroes square","http://commons.wikimedia.org/wiki/Special:FilePath/Smolensk%20skver%20pamyati%20geroyev.jpg","HTTP 429"
"0f8ada4d-8882-43a8-9642-ba8228626da0","Edifici Gas Natural","http://commons.wikimedia.org/wiki/Special:FilePath/Barcelona%20-%20Edifici%20Gas%20Natural%20%28Torre%20Mare%20Nostrum%29%2001.jpg","HTTP 429"
"0fb8d132-96f1-4a38-a9a7-02429bce723d","Hepburn Library of Norfolk","http://commons.wikimedia.org/wiki/Special:FilePath/Hepburn%20Library%20Norfolk%20NY%20May%2011.jpg","HTTP 429"
"0f91927b-5581-432c-97cb-5d2fe4fbc264","Cappella Paolina","http://commons.wikimedia.org/wiki/Special:FilePath/Cappella%20paolina%2C%2002%2C0.jpg","HTTP 429"
"0f69af0a-c531-4802-af97-ba8b33e082b4","Buchanan School","http://commons.wikimedia.org/wiki/Special:FilePath/Former%20Buchanan%20School%2C%20Davenport%2C%20Iowa.jpg","HTTP 429"
"0f3794b2-944c-45b5-9c3e-94f8feab631c","Friedrichswerder Church","http://commons.wikimedia.org/wiki/Special:FilePath/Berlin%20friedrichswerdersche%20kirche.jpg","HTTP 429"
"0f57da42-6195-432e-8c8b-5b48862e26d9","Markuskyrkan","http://commons.wikimedia.org/wiki/Special:FilePath/Markuskyrkan%20April%202013%2001.jpg","HTTP 429"
"1051c6e1-7568-4601-be72-28ff001db5dd","colxlab","https://img.vago.to/places/cover/v1/10/51/1051c6e1-7568-4601-be72-28ff001db5dd.jpg","HTTP 404"
"104334a0-f6b3-4a1c-b442-d88903717cef","Gare de Lyon-Part-Dieu","http://commons.wikimedia.org/wiki/Special:FilePath/Gare%20Part-Dieu%20%28Lyon%2C%202025%29.jpg","HTTP 429"
"1009c969-eacb-4c52-a1cc-d1e40d8957e7","21st Century Museum of Contemporary Art","http://commons.wikimedia.org/wiki/Special:FilePath/21st%20Century%20Museum%20of%20Contemporary%20Art%2C%20Kanazawa011.jpg","HTTP 429"
"10455ea2-df73-454c-8f42-9d98a0417834","Château d'Anet","http://commons.wikimedia.org/wiki/Special:FilePath/ChateaudAnetNorthernFront.jpg","HTTP 429"
"0fe5e118-aa54-4d68-834e-f5692fdcbffa","Yusupov Palace on Moika","http://commons.wikimedia.org/wiki/Special:FilePath/Yusupov%20Palace%20on%20the%20Moika%20River%2C%20Saint%20Petersburg.JPG","HTTP 429"
"105840f5-b54c-4fef-a5b1-e9d0732e64a5","Sicily–Rome American Cemetery and Memorial","http://commons.wikimedia.org/wiki/Special:FilePath/Sicily-Rome%20American%20military%20Cemetery%20in%20Nettuno%20near%20Anzio.jpg","HTTP 429"
"102f9fbc-89d4-4ba7-a31f-1b7f445fff9f","Ohel Leah Synagogue","http://commons.wikimedia.org/wiki/Special:FilePath/Ohel%20leah%20hk.jpg","HTTP 429"
"10468730-cec3-4ffa-8ac1-7e019eb219d5","Santi Apostoli","http://commons.wikimedia.org/wiki/Special:FilePath/Santi%20Apostoli%20%28Exterieur%29.jpg","HTTP 429"
"10686b76-0264-4bc7-a4e5-3ddc9fccb25f","Mount Olivet Cemetery","http://commons.wikimedia.org/wiki/Special:FilePath/Mt.%20Olivet%20Cemetery.jpg","HTTP 429"
"10d1bc23-d6bb-4717-aa69-840ad24565fb","Church of Saint-Sulpice","http://commons.wikimedia.org/wiki/Special:FilePath/Paris%20Saint-Sulpice%20Fassade%204-5%20A.jpg","HTTP 429"
"106d50cb-ff4c-40d2-ba66-4d32221be1af","Old Protestant Cemetery","http://commons.wikimedia.org/wiki/Special:FilePath/Macao%20Protestant%20Cemetery.jpg","HTTP 429"
"10e09f3e-9b8d-4956-822c-cb388b6eed4b","Royal Castle of Laeken","http://commons.wikimedia.org/wiki/Special:FilePath/Castle%20of%20Laeken.JPG","HTTP 429"
"10d0ee02-8e63-4017-bf24-3b1414b2529b","Trespiano Cemetery","http://commons.wikimedia.org/wiki/Special:FilePath/Cimitero%20di%20trespiano%2002.JPG","HTTP 429"
"107e2af9-a838-4458-863f-c69f675680c2","Steel Visitor Center","http://commons.wikimedia.org/wiki/Special:FilePath/Munson%20Valley%20Park%20Admin%20Building.jpg","HTTP 429"
"106ff1dc-acef-41f2-b4d4-6a15c41f28d8","Gothenburg Cathedral","http://commons.wikimedia.org/wiki/Special:FilePath/G%C3%B6teborgs%20domkyrka%2C%202019%20%2801%29.jpg","HTTP 429"
"10634b45-bcfa-48b1-9e52-8396a6d3b4ee","Cedar Hill Cemetery","http://commons.wikimedia.org/wiki/Special:FilePath/WTP2%20Mike%20Reali%2009b.jpg","HTTP 429"
"10b51d2a-11f6-4446-8615-fb1affc647b0","Green Bay and Western Railroad Depot","http://commons.wikimedia.org/wiki/Special:FilePath/DepotWhitehallWI.jpg","HTTP 429"
"1064a50a-cb6d-4e60-8b38-663357d76017","Rialto Bridge","http://commons.wikimedia.org/wiki/Special:FilePath/Rialto%202025%204.jpg","HTTP 429"
"10df865b-3bc8-45e6-aa69-f4ecc6a86bf0","Cafe Taxa","https://www.cafetaxa.dk/wp-content/uploads/2023/09/CafeTaxa-Exterior.jpg","Hostname/IP does not match certificate's altnames: Host: www.cafetaxa.dk. is not in the cert's altnames: DNS:simply.com, DNS:*.simply.com, DNS:*.unoeuro.com, DNS:unoeuro.com"
"1132130b-74ec-4194-9043-da088f24b96e","Westwood Village Memorial Park Cemetery","http://commons.wikimedia.org/wiki/Special:FilePath/Westwood%20Village%20Memorial%20Park%20Cemetery%20view%20to%20northeast.jpg","HTTP 429"
"11175cf6-292d-4d4f-b9a9-f40299a0bee7","Anfield Cemetery","http://commons.wikimedia.org/wiki/Special:FilePath/Main%20Entrance%20to%20Anfield%20Cemetery-Wed.jpg","HTTP 429"
"10f210e1-e272-4588-b63d-8a3daa0747d7","Dorfkirche Schöneberg","http://commons.wikimedia.org/wiki/Special:FilePath/Dorfkirche%20B-Schoeneberg%2010-2014.jpg","HTTP 429"
"1104615f-e974-49d6-964e-0d5b1a3915f2","The George Washington Hotel","http://commons.wikimedia.org/wiki/Special:FilePath/The%20George%20Washington%20Hotel%2C%20Winchester%2C%20Virginia.JPG","HTTP 429"
"1137caea-a213-422c-8852-0413f159ba0a","Chapel of St. Mary and St. Nathalan","http://commons.wikimedia.org/wiki/Special:FilePath/Cowie%20chapel%2C%20St%20Mary%27s%20of%20the%20Storms.jpg","HTTP 429"
"10ff5b75-3559-4e0b-8fa6-48736d96ad23","Cross Roads Presbyterian Church and Cemetery and Stainback Store","http://commons.wikimedia.org/wiki/Special:FilePath/Crossroads%20Presbyterian%20Church.jpg","HTTP 429"
"117ff641-ab47-4f41-8b9c-1f967915d6d9","Fern Lake Patrol Cabin","http://commons.wikimedia.org/wiki/Special:FilePath/Fern%20Lake%20Patrol%20Cabin.jpg","HTTP 429"
"11843a13-fd0e-4fd4-bcb5-be3f9b110364","Modiano Market","http://commons.wikimedia.org/wiki/Special:FilePath/Agora%20Modiano%20restoration%20%282%29%2001.jpg","HTTP 429"
"11aba58d-3798-4c98-bd3c-fd1c3bc95232","Hungarian State Opera House","http://commons.wikimedia.org/wiki/Special:FilePath/Hungarian%20State%20Opera%20House%20in%20Budapest.jpg","HTTP 429"
"1185ac69-5d30-4e6e-8376-d058536076ac","Colegio de San Diego y San Nicolás","http://commons.wikimedia.org/wiki/Special:FilePath/Colegio%20de%20San%20Diego%20y%20San%20Nicol%C3%A1s.%20Madrid.JPG","HTTP 429"
"11b9aa2a-3b08-4d88-917d-5e8bfdf39c66","Fishing Bridge Museum","http://commons.wikimedia.org/wiki/Special:FilePath/Fishing%20Bridge%20Visitor%20Center%20%2819319607588%29.jpg","HTTP 429"
"11847a68-f615-4ff1-a165-ba9ff5771a33","Esplanada dos Ministérios, Bloco A","http://commons.wikimedia.org/wiki/Special:FilePath/Bras%C3%ADlia%20-%20Ex-Minist%C3%A9rio%20da%20Damares%20%283%29.jpg","HTTP 429"
"11f90c36-42d6-4c64-b6c3-5f17cd624a2f","Homemade Ramen Muginae","https://example.com/muginae_ramen.jpg","HTTP 404"
"125848c8-5e49-43eb-a63a-86b15f3bdf5d","La Gorgue Communal Cemetery","http://commons.wikimedia.org/wiki/Special:FilePath/La%20Gorgue%20Communal%20Cemetery-10.jpg","HTTP 429"
"11f465eb-2ef4-4fea-bacc-4bbd4a2b617a","C.F. and Mary Singmaster House","http://commons.wikimedia.org/wiki/Special:FilePath/C.F.%20and%20Mary%20Singmaster%20House.jpg","HTTP 429"
"1247d627-944a-451e-b2ee-a7ba756f2407","Fontaine-lavoir et cimetière de Pennesières","http://commons.wikimedia.org/wiki/Special:FilePath/Pennesi%C3%A8re%20round%20cemetery.jpg","HTTP 429"
"1236243f-c6d2-4f29-82d7-0d1a9b4d4001","Vermont State House","http://commons.wikimedia.org/wiki/Special:FilePath/Vermont%20State%20House%20front.jpg","HTTP 429"
"120afcc2-cd24-4edd-a2fa-016c7bd19a35","Tretyakov Gallery","http://commons.wikimedia.org/wiki/Special:FilePath/Moscow%2005-2012%20TretyakovGallery.jpg","HTTP 429"
"126889bb-67d2-4af7-9766-a28443b795e6","South Providence Library-Providence Community Library","http://commons.wikimedia.org/wiki/Special:FilePath/Southprov.JPG","HTTP 429"
"129878b5-b8b4-4b1f-997c-3da4c5111fe9","Holy Cross Cemetery","http://commons.wikimedia.org/wiki/Special:FilePath/Holy%20Cross%20Cemetery%20NW%20snow%20jeh.jpg","HTTP 429"
"12da1bd7-ecfd-48f0-9dc7-0fc90c0fd532","Hollandse Synagoge","http://commons.wikimedia.org/wiki/Special:FilePath/Antwerp-Synagogue.jpg","HTTP 429"
"12ac805b-c8d2-41a8-a918-7d972307c283","Salerno harbor station","http://commons.wikimedia.org/wiki/Special:FilePath/Stazione%20marittima.png","HTTP 429"
"12ee020f-200c-487d-a090-a20d369a7678","World War I Cemetery nr 43 in Radocyna","http://commons.wikimedia.org/wiki/Special:FilePath/42%20Radocyna1.jpg","HTTP 429"
"12c99b22-a09d-4554-92d5-07a056aaaa53","Rathaus","http://commons.wikimedia.org/wiki/Special:FilePath/The%20Town%20Hall%20of%20Augsburg.jpg","HTTP 429"
"12875715-f646-409a-8abf-427bfa8de0b8","Katyn war cemetery","http://commons.wikimedia.org/wiki/Special:FilePath/KatynPL-wejscie.jpg","HTTP 429"
"1377ceec-a27c-44f6-85ea-c94e45f10c19","Deutsche Kriegsgräberstätte Tolmin","http://commons.wikimedia.org/wiki/Special:FilePath/P37.68-01%20Tolmino-Slovenia%2C%20cimitero%20AUSTRIACO.jpg","HTTP 429"
"13021a62-4622-4805-96bd-10b6a2a0cd09","Nordre gravlund","http://commons.wikimedia.org/wiki/Special:FilePath/Martinsen%20Nordre%20gravlund.jpg","HTTP 429"
"12f28c72-f244-42b5-8774-541958983f77","Herz-Jesu-Kirche (Bergisch Gladbach)","http://commons.wikimedia.org/wiki/Special:FilePath/Rueckseite-herz-jesu.jpg","HTTP 429"
"134ffcb0-e6ba-47fb-bc9f-1d47e9762c0d","Kirche und Gemeindezentrum","http://commons.wikimedia.org/wiki/Special:FilePath/Saint%20Mary%20Church%2C%20Marco%20de%20Canaveses%2C%20Portugal.jpg","HTTP 429"
"1393d935-f913-4d28-a134-cc6bed6f4b0b","Freising Cathedral","http://commons.wikimedia.org/wiki/Special:FilePath/Freisinger%20Dom%20%28von%20St.%20Georg%29.jpg","HTTP 429"
"136aa5a6-36bc-4549-818a-579d1331ada9","Princes Road Synagogue, Liverpool","http://commons.wikimedia.org/wiki/Special:FilePath/The%20Synagogue%20of%20the%20Liverpool%20Old%20Hebrew%20Congregation%20-%20geograph.org.uk%20-%201703408%20crop.JPG","HTTP 429"
"130e0a4d-e8d6-4337-939c-cda16b098147","Derveni","http://commons.wikimedia.org/wiki/Special:FilePath/Crat%C3%A8re%20de%20Derveni%200001.jpg","HTTP 429"
"1335d860-4861-402c-b682-c223efede111","St. Peter's Cathedral","http://commons.wikimedia.org/wiki/Special:FilePath/Osnabr%C3%BCck%20Dom%20Westseite.jpg","HTTP 429"
"13bfc4eb-6554-4a0a-923c-cf80c4402fd4","Kekin House","http://commons.wikimedia.org/wiki/Special:FilePath/Kazan%20Kekin%20Building%2008-2016.jpg","HTTP 429"
"13c9279e-f2f7-40b4-8198-a102a4ac6348","Naours churchyard","http://commons.wikimedia.org/wiki/Special:FilePath/Naours%2031.jpg","HTTP 429"
"13d9c0b6-9d68-42cd-9868-8654b6a0c61a","Sowjetischer Garnisonsfriedhof Eberswalde","http://commons.wikimedia.org/wiki/Special:FilePath/2010-01-10-eberswalde-by-RalfR-03.jpg","HTTP 429"
"1394da96-f9db-43b1-8c6c-1baee59ecb66","Juventus Stadium","http://commons.wikimedia.org/wiki/Special:FilePath/Juventus%20v%20Real%20Madrid%2C%20Champions%20League%2C%20Stadium%2C%20Turin%2C%202013.jpg","HTTP 429"
"1395178f-b454-4869-abd8-216453938419","Rohm and Haas Corporate Headquarters","http://commons.wikimedia.org/wiki/Special:FilePath/Rohm%20and%20Haas%20Building.jpg","HTTP 429"
"13d6f613-8be3-4dcd-a062-01857dd48d74","Grafheuvel #45188","http://commons.wikimedia.org/wiki/Special:FilePath/Grafheuvel%20-%20Apeldoorn%20-%20RM%2045188.JPG","HTTP 429"
"1393f6b1-2707-401e-aa28-76212c31dad3","Palais de la Folle Chanson","http://commons.wikimedia.org/wiki/Special:FilePath/Belgique%20-%20Bruxelles%20-%20Folle%20Chanson%20-%20002.jpg","HTTP 429"
"143991cb-a5c1-400d-9d49-ff706337a2e4","Ehrenfriedhof","http://commons.wikimedia.org/wiki/Special:FilePath/Hn-ehrenfrdhf-portal.jpg","HTTP 429"
"1451be04-57f1-4552-8ecc-a9e13cf8a7cd","Palace in Osiek","http://commons.wikimedia.org/wiki/Special:FilePath/Palac%20w%20Osieku.jpg","HTTP 429"
"141dd496-2a22-482f-97ce-36e50b6d3930","Donbass Arena","http://commons.wikimedia.org/wiki/Special:FilePath/Donezk%20Donbass%20Arena%2009.JPG","HTTP 429"
"1476d038-f4a0-47f3-bd46-b2e19f2d03b6","Ida M. Rice House","http://commons.wikimedia.org/wiki/Special:FilePath/Ida%20M.%20Rice%20House.JPG","HTTP 429"
"148ab088-9d64-4f6d-8a57-d06a90339897","Al-Baqi'","http://commons.wikimedia.org/wiki/Special:FilePath/Al-Baqi%20Cemetery%202021.jpg","HTTP 429"
"144967b6-812e-4b16-9593-6c8bd336f30d","Leeza Soho","http://commons.wikimedia.org/wiki/Special:FilePath/Leeza%20SOHO.jpg","HTTP 429"
"14051ce6-6429-44a8-bc7d-e6f37ddd6b5a","Smolensk Armenian cemetery","http://commons.wikimedia.org/wiki/Special:FilePath/Smolensk%20Armenian%20Cemetery%204.JPG","HTTP 429"
"14525af5-aeff-4e83-841a-f4cd067052ea","Oregon State Forester's Office Building","http://commons.wikimedia.org/wiki/Special:FilePath/Oregon%20State%20Forester%27s%20Office%20Building%20angle%20-%20Salem%2C%20Oregon.JPG","HTTP 429"
"14646d47-8127-43c1-8c49-ea041f7cc7e7","Ubora Towers","http://commons.wikimedia.org/wiki/Special:FilePath/Ubora%20Towers%20Under%20Construction%20on%2011%20February%202008.jpg","HTTP 429"
"14dde0d7-b430-4c64-968c-4e8f30e3b7c9","Riverplace Tower","http://commons.wikimedia.org/wiki/Special:FilePath/Riverplace%20Tower%20in%20Jacksonville.jpg","HTTP 429"
"14b00f33-637c-4d2a-8915-2e4a20aed6a1","Giant Forest Ranger Residence","http://commons.wikimedia.org/wiki/Special:FilePath/EXTERIOR%2C%20LOOKING%20EAST%20-%20Camp%20Kaweah%20Historic%20District%2C%20National%20Park%20Service%20Residence%20No.%2055%2C%20Three%20Rivers%2C%20Tulare%20County%2C%20CA%20HABS%20CAL%2C54-GIFO%2C1-E-2.tif","HTTP 429"
"149b402f-d0d1-4322-b13c-4e216f1cc3e9","Tumulo del Principe etrusco","http://commons.wikimedia.org/wiki/Special:FilePath/Pisa%2C%20tumulo%20detto%20del%20Principe%20etrusco%2C%20VII%20secolo%20ac.%2C%2004.jpg","HTTP 429"
"1532c1e9-2704-46a2-84aa-017241728ebd","Investcorp Building","http://commons.wikimedia.org/wiki/Special:FilePath/Investcorp%20Building.jpg","HTTP 429"
"152bd03c-bf27-491a-9917-15c18c1f0448","Piraeus Tower","http://commons.wikimedia.org/wiki/Special:FilePath/Peiraias%20wiezowiec.jpg","HTTP 429"
"1519b566-f71b-4970-8ca5-24356c7421cf","Fred Hottes House","http://commons.wikimedia.org/wiki/Special:FilePath/Fred%20Hottes%20House%20%281%29.jpg","HTTP 429"
"1541f204-89c4-4987-90c4-078df5d2471c","Errancis Cemetery","http://commons.wikimedia.org/wiki/Special:FilePath/Cimetiere%20des%20Errancis.JPG","HTTP 429"
"1506b88b-3fa8-406b-8090-0ab1e8692869","De Producent","http://commons.wikimedia.org/wiki/Special:FilePath/Wachtelstraat%20in%20Gouda.%20De%20Producent%2C%20vooraanzicht.jpg","HTTP 429"
"154b2245-42bd-4eb8-9b60-0546623b4f66","Antic Mercat Municipal del Masnou","http://commons.wikimedia.org/wiki/Special:FilePath/Antic%20mercat%20del%20Masnou.jpg","HTTP 429"
"15563171-3cef-4322-a7d9-5ee31501087b","Marina 1","http://commons.wikimedia.org/wiki/Special:FilePath/Marina%201%20Towers%20on%2015%20June%202007.jpg","HTTP 429"
"14f88412-4d21-48b8-88c5-90bbb98f51cc","Potsdamer Platz-Bürogebäude","http://commons.wikimedia.org/wiki/Special:FilePath/Berlin%2C%20Tiergarten%20Potsdamer%20Platz%2C%20Linkstrasse%202%2C%204%2C%20Wohn-%2C%20Geschaefts-%20und%20Buerohaeuser.jpg","HTTP 429"
"1522109c-8ffe-4121-a4e3-2229c68acbc2","Our Lady of the Rosary church","http://commons.wikimedia.org/wiki/Special:FilePath/Calceranica%2C%20chiesa%20della%20Beata%20Maria%20Vergine%20del%20Rosario%2002.jpg","HTTP 429"
"154ebe01-09b2-465b-8d22-3a9d560d53a0","Iglesia de Las Reparadoras","http://commons.wikimedia.org/wiki/Special:FilePath/Jerez%20de%20la%20Frontera%20-%20Iglesia%20de%20Mar%C3%ADa%20Reparadora%2001.jpg","HTTP 429"
"150662da-6617-450f-aecb-70aa469ab62e","Machy Churchyard","http://commons.wikimedia.org/wiki/Special:FilePath/Machy%20-4-2.jpg","HTTP 429"
"150367bb-6d30-4488-9de3-e056df45c3ad","Cafe Europa 1989","https://www.cafeeuropa1989.dk/wp-content/uploads/2020/09/Cafe-Europa-view-from-the-outside.jpg","getaddrinfo ENOTFOUND www.cafeeuropa1989.dk"
"15723f43-f4b3-402d-9ab2-0e806668cd59","San Fedele Parish Church with cimetry and rectory","http://commons.wikimedia.org/wiki/Special:FilePath/Verscio%20141111.jpg","HTTP 429"
"1587114b-a2e4-438c-b2c2-d87271640d8f","1111 Lincoln Road","http://commons.wikimedia.org/wiki/Special:FilePath/1111%20Lincoln%20Road%20at%20night.jpg","HTTP 429"
"158fe28e-5e4c-4b33-a60a-d1f5d898d0c7","Sint-Jozefkapel (Tielrode)","http://commons.wikimedia.org/wiki/Special:FilePath/Sint-Jozefkapel%20-%20Tielrode%20-%20Belgi%C3%AB.jpg","HTTP 429"
"15b18a73-08d9-42ea-94db-2c8c60afc5e6","Torre Corzana","http://commons.wikimedia.org/wiki/Special:FilePath/Torre%20Corzana%20P1090459.JPG","HTTP 429"
"15ae81cd-e545-4d1d-b397-42fb8acc6698","Fairmount Methodist Churchyard","http://commons.wikimedia.org/wiki/Special:FilePath/Fairmount%20Methodist%20Churchyard%20-%2002.jpg","HTTP 429"
"158093ce-84c6-421d-802d-b84547e322b2","Söderala 33:1","http://commons.wikimedia.org/wiki/Special:FilePath/H%C3%B6g%2010243900330001.JPG","HTTP 429"
"15dafb53-cbae-4d05-aea1-fab5f3456038","Soviet Military Cemetery","http://commons.wikimedia.org/wiki/Special:FilePath/Cmentarz%20Mauzoleum%20Zolnierzy%20Radzieckich%20Warsaw%202022%20aerial.jpg","HTTP 429"
"15ba32b9-db1e-4484-a616-7fbc92d86e3e","Casa Roberto Ivens - Casa da Arquitetura","http://commons.wikimedia.org/wiki/Special:FilePath/Casa%20Roberto%20Ivens.jpg","HTTP 429"
"1584927f-3e95-42ea-afbe-a4fee61761d7","Villa Montfeld","http://commons.wikimedia.org/wiki/Special:FilePath/Villa%20Montfeld.jpg","HTTP 429"
"15eae571-fe60-4d34-962f-ec8be935cbbd","La Nena","https://example.com/lanena.jpg","HTTP 404"
"1617e5bb-38ec-48d3-86de-59d83663b52a","St. Johannes Baptist","http://commons.wikimedia.org/wiki/Special:FilePath/Rheda-Wiedenbr%C3%BCck%20-%20St.%20Johannes%20Baptist.jpg","HTTP 429"
"163a8995-262f-4c69-8545-385dd5097664","Achiet-le-Petit Communal Cemetery","http://commons.wikimedia.org/wiki/Special:FilePath/Achiet-le-Petit%20Cimeti%C3%A8re%20britannique%202.jpg","HTTP 429"
"1628bb07-d3cb-42ce-b602-b485348af0dd","Casa Emili Soler","http://commons.wikimedia.org/wiki/Special:FilePath/Casa%20Emili%20Soler%2C%20c.%20del%20Passeig.jpg","HTTP 429"
"16240453-3b1c-400e-bd8b-cce41ac0c373","Lychakiv Cemetery","http://commons.wikimedia.org/wiki/Special:FilePath/Luetzenhofer%20Friedhof%20006.JPG","HTTP 429"
"164235ef-3338-486e-8ad7-6f4c31e7f64b","Palace of Mafra","http://commons.wikimedia.org/wiki/Special:FilePath/Mafra%20May%202013-2.jpg","HTTP 429"
"16193981-3582-40b0-a00d-0b82e72a05bb","Französischer Friedhof","http://commons.wikimedia.org/wiki/Special:FilePath/Hanau%20Alter%20Franzoesischer%20Friedhof01.jpg","HTTP 429"
"15f8628c-467b-4a98-9368-78a78eb47ae8","Gasimbey Mosque","http://commons.wikimedia.org/wiki/Special:FilePath/Qas%C4%B1mb%C9%99y%20m%C9%99scidi%202024%20%281%29.jpg","HTTP 429"
"15eb0faf-92f6-46a3-b6b2-e636116e99c7","World War I Cemetery nr 58 in Przysłup","http://commons.wikimedia.org/wiki/Special:FilePath/58Magura1a.JPG","HTTP 429"
"16013b02-08a3-4e5a-b7fc-878c4e67256a","World War I Cemetery nr 105 in Biecz","http://commons.wikimedia.org/wiki/Special:FilePath/Biecz%20cm%20105.jpg","HTTP 429"
"161d5a35-f570-421f-b1fc-be99e3a48924","Mudam","http://commons.wikimedia.org/wiki/Special:FilePath/Mudam%2004%20jnl.jpg","HTTP 429"
"161c1afd-78e8-4722-960f-556214bdaef7","St. John's Cemetery","http://commons.wikimedia.org/wiki/Special:FilePath/Johannisfriedhof%20OS%20Hecker.jpg","HTTP 429"
"16a832a1-2c8c-4256-92f7-9c27046d4e8c","St. John's AF & AM Lodge","http://commons.wikimedia.org/wiki/Special:FilePath/StJohns2.JPG","HTTP 429"
"16819639-30fb-480f-8786-1ee3e2e05ccb","Lukoil Arena","http://commons.wikimedia.org/wiki/Special:FilePath/2017%20Confederation%20Cup%20-%20CHIAUS%20-%20Spartak%20Stadium%20Panorama.jpg","HTTP 429"
"16baab38-0dfd-4c60-8d07-f2ff56ca94e0","El Campo Santo Cemetery","http://commons.wikimedia.org/wiki/Special:FilePath/Cemetery.1.JPG","HTTP 429"
"168b5f3f-30dc-44ab-bccc-8cc68e8818f4","Neuilly-sur-Seine Old Communal Cemetery","http://commons.wikimedia.org/wiki/Special:FilePath/Neuilly-sur-Seine%20cimeti%C3%A8re%202.jpg","HTTP 429"
"169ce9c8-6154-491d-929e-c764f3369e00","Kimbell Art Museum","http://commons.wikimedia.org/wiki/Special:FilePath/Kimbell%20Art%20Museum%20Highsmith.jpg","HTTP 429"
"16818515-bd74-4490-b509-68684db5f350","Malo-les-Bains Communal Cemetery","http://commons.wikimedia.org/wiki/Special:FilePath/Malo-les-Bains%20Communal%20Cemetery.JPG","HTTP 429"
"16568ae7-fd87-457a-aeb2-10553cacf71c","Duomo di Pienza","http://commons.wikimedia.org/wiki/Special:FilePath/Dom%20Fassade3-%20s.jpg","HTTP 429"
"168f488c-cf89-43f2-9546-f7d50c80c8f1","Astana Cemetery","http://commons.wikimedia.org/wiki/Special:FilePath/Astana-view.jpg","HTTP 429"
"170cab7e-8fa7-4b28-84cc-62d0a8d8fd71","United States Post Office–Weymouth Landing","http://commons.wikimedia.org/wiki/Special:FilePath/WeymouthMA%20PostOffice.jpg","HTTP 429"
"16eb46b5-2434-4aa4-9ac4-144acbb4921f","Rangers' Club","http://commons.wikimedia.org/wiki/Special:FilePath/Rangers%27%20Club-2.jpg","HTTP 429"
"17111a80-749c-4744-b3ab-950ee9dcf27a","Fiat Tagliero Building","http://commons.wikimedia.org/wiki/Special:FilePath/Fiat%20tagliero%2C%2008.JPG","HTTP 429"
"16e2ac2e-d1bf-4e29-b29c-11ff37ed0cad","Jonava Cemetery","http://commons.wikimedia.org/wiki/Special:FilePath/2020%2C%20Jonavos%20kapin%C4%97s.JPG","HTTP 429"
"16e6ff19-353c-4c36-889a-1d2019f6c309","Mouvaux cemetery","http://commons.wikimedia.org/wiki/Special:FilePath/Mouvaux%20New%20Communal%20Cemetery%20-1.jpg","HTTP 429"
"17420a45-6b30-4e62-b9c1-96cc6493700c","Ramen Nagi","https://example.com/ramen_nagi.jpg","HTTP 404"
"178cf22c-3b48-4ea6-b3f8-1ab36b70d0ac","Second Church in Boston","http://commons.wikimedia.org/wiki/Special:FilePath/BostonMA%20RugglesBaptistChurch.jpg","HTTP 429"
"178b34da-3ab8-48d0-a3d7-82b6ac6982e6","Sains-du-Nord Communal Cemetery","http://commons.wikimedia.org/wiki/Special:FilePath/Sains-du-Nord%20%28Nord%2C%20Fr%29%20cimeti%C3%A8re%20avec%20tombes%20de%20guerre%20de%20la%20CWGC.jpg","HTTP 429"
"175f6e78-a973-49c4-b7b7-b2de6ff35c52","Cimitero della Misericordia","http://commons.wikimedia.org/wiki/Special:FilePath/Livorno%20Cappella%20Cimitero%20della%20Misericordia%2001.JPG","HTTP 429"
"1767a60c-f74b-4000-aa0d-5a313f341d22","R.K. Kerkhof Zwolle","http://commons.wikimedia.org/wiki/Special:FilePath/Zwolle%20RK%20Kerkhof%20Groot%20Dooiermos%20Jezus%20Christus.JPG","HTTP 429"
"1767f509-9943-4d75-a4c3-14d7b2fbea74","Schip van Blaauw","http://commons.wikimedia.org/wiki/Special:FilePath/Schipvanblaauw-2.jpg","HTTP 429"
"1757b206-151c-4d24-89ba-0336e4b09020","Saint-Vincent Cemetery","http://commons.wikimedia.org/wiki/Special:FilePath/Cimeti%C3%A8re%20Saint-Vincent%2C%20Paris%208%20August%202012%20001.jpg","HTTP 429"
"17ee82a2-178a-49a6-ba81-4d55709ebb0a","Kent Kaffe Laboratorium","https://lh3.googleusercontent.com/p/AF1QipM-G_m4x8rYV79_X8iL4uQ0w-Pz3S6t0_7rT8T=s680-w680-h510","HTTP 400"
"17e35d27-40aa-4f57-b989-8687e8e9e399","Cafe Livingstone","https://lh3.googleusercontent.com/p/AF1QipO1c71zQ80mQ-RkLp7u5_y9w9-X9h8w8_7-8L9=s680-w680-h510","HTTP 400"
"17a1abca-be7b-45bb-b74c-6c294a344334","White Market","https://img.vago.to/places/cover/v1/17/a1/17a1abca-be7b-45bb-b74c-6c294a344334.jpg","HTTP 404"
"180e3254-0193-4993-b9da-e6e457c26615","Forest City Cemetery","http://commons.wikimedia.org/wiki/Special:FilePath/Forest%20City%20Cemetery%20Walk%20-%2051317900828.jpg","HTTP 429"
"17dd666e-a7a6-488f-896e-4cbbd5b4a77d","Eringhem churchyard","http://commons.wikimedia.org/wiki/Special:FilePath/Eringhem%20-%20panoramio.jpg","HTTP 429"
"17b691be-e3f4-4fac-9e5f-853035907ca8","Cimetière de Velotte","http://commons.wikimedia.org/wiki/Special:FilePath/Velotte-%20Cimetiere.JPG","HTTP 429"
"17d43d01-6e89-4892-846f-6d18660585ab","Fampoux British Cemetery","http://commons.wikimedia.org/wiki/Special:FilePath/Fampoux%20British%20Cemetery%2022.jpg","HTTP 429"
"1826f600-0bb5-45fa-ba8c-91eb961d43e2","Terrain with 9 tumuli","http://commons.wikimedia.org/wiki/Special:FilePath/Grafheuvels%20De%20Borkeld%20-%20Rijksmonument%2045782%20%28Q17454169%29.jpg","HTTP 429"
"18766b07-ba3e-4de9-b56b-89c9ca1214e3","Sant'Eusebio","http://commons.wikimedia.org/wiki/Special:FilePath/Chiesa%20di%20Sant%27Eusebio.JPG","HTTP 429"
"183e10d8-cb19-442a-8e27-80304e918469","Brigham Cemetery","http://commons.wikimedia.org/wiki/Special:FilePath/Brigham%20Cemetery.jpg","HTTP 429"
"18ab382c-39f5-4b64-83c1-13f9b5ec280a","Mendokoro Haruki","https://tabelog.com/imgview/original?id=r41221724427112","HTTP 404"
"1878cb01-28f8-482b-a35e-0db44766ae9f","Zénith de Lille","http://commons.wikimedia.org/wiki/Special:FilePath/Z%C3%A9nith%20de%20Lille%202014.JPG","HTTP 429"
"18bf9a89-4e07-48a8-8833-9263198e14f8","Santa Rosa Rural Cemetery","http://commons.wikimedia.org/wiki/Special:FilePath/Santa%20Rosa%20Rural%20Cemetery%2C%20April%202012.jpg","HTTP 429"
"18a787d1-ceeb-4735-a1f9-013efd2b162e","Yarkon Cemetery","http://commons.wikimedia.org/wiki/Special:FilePath/Yarkon%20Cemetery.JPG","HTTP 429"
"18e2ab90-1c23-404e-a2d6-79a64213f522","Plaza de toros Real de San Carlos","http://commons.wikimedia.org/wiki/Special:FilePath/Plaza%20de%20Toros%20-%20Colonia%20del%20Sacramento%202.jpg","HTTP 429"
"18af23fa-be05-44ce-b9ed-1e1fb44ab008","Paard van Troje","http://commons.wikimedia.org/wiki/Special:FilePath/Spinvis-Paard.v.Troje14.jpg","HTTP 429"
"18e3efe2-f262-46d6-a0c9-bb92a0a9db25","Aoyama Cemetery","http://commons.wikimedia.org/wiki/Special:FilePath/View%20of%20Aoyama%20Cemetery%20from%20Roppongi%20Hills%20Mori%20Tower%20-%20Dec%202019%20-%201.jpg","HTTP 429"
"190bea3a-a300-4ae7-8ea5-9a2176de34a2","小樽運河","https://img.vago.to/places/cover/v1/19/0b/190bea3a-a300-4ae7-8ea5-9a2176de34a2.jpg","HTTP 404"
"192a8709-9e12-4bac-88fa-fae409beeeb0","National Museum of the Brazilian Republic","http://commons.wikimedia.org/wiki/Special:FilePath/Museu%20Nacional%20da%20Rep%C3%BAblica%20-%20Bras%C3%ADlia%20-%2020201005080343.jpg","HTTP 429"
"190bee62-3bde-4741-9059-55ac48185566","Houghton Memorial Building","http://commons.wikimedia.org/wiki/Special:FilePath/Houghton%20Memorial%20Building%2C%20Littleton%20MA.jpg","HTTP 429"
"194812a1-3bc9-45aa-a223-4110589b8e79","Koumi-machi Kōgen Museum of Art","http://commons.wikimedia.org/wiki/Special:FilePath/Koumi-machi%20Kougen%20Museum%20of%20Art%2C%20Exhibition%20of%20%E2%80%9Dyour%20name%E2%80%9D%2020161113-140815.jpg","HTTP 429"
"195fd222-4304-433d-bbdd-a06e891648da","GUBI","https://img.vago.to/places/cover/v1/19/5f/195fd222-4304-433d-bbdd-a06e891648da.jpg","HTTP 404"
"19958153-8512-4a79-8679-abc0cd3eb24b","Rosenthal Center for Contemporary Art","http://commons.wikimedia.org/wiki/Special:FilePath/Contemporary%20Arts%20Center%2C%20Cincinnati%2C%202019.jpg","HTTP 429"
"19b3e973-11a9-4514-bede-bcaabb8c7cb3","Alte Synagoge","http://commons.wikimedia.org/wiki/Special:FilePath/Wiesbaden%20Synagogue%20burning%20during%20Kristallnacht%20%284408567277%29.png","HTTP 429"
"196d2004-ea02-482e-ac16-bca7dfb9252d","Church of the Dormition","http://commons.wikimedia.org/wiki/Special:FilePath/Ukraina%20%2889%29.jpg","HTTP 429"
"198cf1ef-08ef-43dc-9ddc-2c0f62f9e32b","Henin Crucifix Cemetery","http://commons.wikimedia.org/wiki/Special:FilePath/H%C3%A9nin%20Crucifix%20Cemetery%2012.jpg","HTTP 429"
"19cbd0fa-4093-4c16-863b-fbfd5311a521","Palazzo del Monte dei Paschi di Siena","http://commons.wikimedia.org/wiki/Special:FilePath/Colle%20Val%20d%27Elsa%20-Veduta%20dal%20centro%20storico-.JPG","HTTP 429"
"19c1816d-82ca-46ff-b292-f2f238bdd667","Terdeghem churchyard","http://commons.wikimedia.org/wiki/Special:FilePath/Terdeghem%20L%27%C3%A9glise%20Saint-Martin%20%281%29.jpg","HTTP 429"
"19cf67b3-40a3-42f5-87be-5e40b2b730bb","Palazzo delle Poste","http://commons.wikimedia.org/wiki/Special:FilePath/Agrigento%20PostOffice%20009%208913.jpg","HTTP 429"
"1a16941a-c9f6-4373-9bda-94f2b254f8e1","Gebouw Batavia","http://commons.wikimedia.org/wiki/Special:FilePath/Amsterdam%20Gebouw%20Batavia%20001.JPG","HTTP 429"
"1a227925-e3be-4e3b-9654-77b4e941962d","Neustifter Friedhof","http://commons.wikimedia.org/wiki/Special:FilePath/Neustifter%20Friedhof%20Parkplatz.jpg","HTTP 429"
"1a30317f-de87-4042-b4fb-218dcbda5b70","Турыст","http://commons.wikimedia.org/wiki/Special:FilePath/Partyzanski%20avenue%20%28Minsk%2C%20Belarus%29%20near%20Partyzanskaja%20metro%20station%20%E2%80%94%20p05.jpg","HTTP 429"
"1a7f0e0c-3724-414f-b05b-498623dba7d3","São Bento Palace","http://commons.wikimedia.org/wiki/Special:FilePath/Parlamento%20April%202009-1a.jpg","HTTP 429"
"1a7ed1fd-8c01-45d0-8782-4ab8f61aeb3a","Madani Ustad Maqam","http://commons.wikimedia.org/wiki/Special:FilePath/Madani%20Ustad%20Maqam.jpg","HTTP 429"
"1ab39625-9221-4703-bfbb-4484f5bcc0df","Christuskirchhof","http://commons.wikimedia.org/wiki/Special:FilePath/Kapelle%20auf%20dem%20Christuskirchhof.JPG","HTTP 429"
"1ab1cc23-d423-4d45-864f-34d8f41c35f3","Church of the Holiest Saviour","http://commons.wikimedia.org/wiki/Special:FilePath/Warszawa%2C%20Ko%C5%9Bci%C3%B3%C5%82%20Naj%C5%9Bwi%C4%99tszego%20Zbawiciela%20-%20fotopolska.eu%20%28310289%29.jpg","HTTP 429"
"1aa85eb5-07db-4ddb-bae4-d89ad5b145ac","Gasunie Building","http://commons.wikimedia.org/wiki/Special:FilePath/Gasuniegebouw.jpg","HTTP 429"
"1a8fa118-b7f0-44fb-aa23-60ef62be8a6e","Ehrenfriedhof Weisweiler","http://commons.wikimedia.org/wiki/Special:FilePath/BurgWeisweiler01.jpg","HTTP 429"
"1a984b44-8249-4985-81b0-e03bb8981f27","William H. Martin House","http://commons.wikimedia.org/wiki/Special:FilePath/Quapaw-Prospect%20Historic%20District%20003.jpg","HTTP 429"
"1a8d981c-323f-4aa9-aed1-cfe8e50c30b9","William L. Slayton House","http://commons.wikimedia.org/wiki/Special:FilePath/Wm%20Slayton%20House%20DC.jpg","HTTP 429"
"1b014804-23e6-4fc7-b360-3132d0e43876","Palau de la Música Catalana","https://example.com/palau_musica.jpg","HTTP 404"
"1aee0851-ab95-4eff-a3bd-9d63b314b6f6","Espai Joliu","https://example.com/joliu.jpg","HTTP 404"
"1ad6df8d-25b0-4e05-a6ae-036572d87279","Pfarrkirche Guntramsdorf","http://commons.wikimedia.org/wiki/Special:FilePath/Guntramsdorfer%20Pfarrkirche%20Jakobus.JPG","HTTP 429"
"1af02b54-149e-4f81-ae71-105412e6160d","Cemetery of Agramonte","http://commons.wikimedia.org/wiki/Special:FilePath/Jazigo%20do%20Conde%20da%20Trindade.jpg","HTTP 429"
"1abdacc0-07f2-4bc2-ab44-1800d0bdd658","Mr. J. William de Coursey O'Grady House","http://commons.wikimedia.org/wiki/Special:FilePath/Noel-149KenilworthAveKenilworthIL.JPG","HTTP 429"
"1acab1de-1e84-441c-bb69-a4e6fc27bff3","ONYX theater","http://commons.wikimedia.org/wiki/Special:FilePath/ONYX%20theater.jpg","HTTP 429"
"1ae4cad8-e867-4764-a39c-b1e24767b256","Palacio de las Cortes","http://commons.wikimedia.org/wiki/Special:FilePath/Congreso%20de%20los%20Diputados%20%28Espa%C3%B1a%29%2017.jpg","HTTP 429"
"1b6516e2-62f2-45de-af87-ea1dc2031bbc","Chatei Hatou","https://tblg.k-img.com/restaurant/images/Rvw/16410/640x640_rect_16410462.jpg","HTTP 404"
"1b55f4dd-a978-4bfe-a596-f7b47a91220d","United States Capitol","http://commons.wikimedia.org/wiki/Special:FilePath/United%20States%20Capitol%20west%20front%20edit2.jpg","HTTP 429"
"1b559096-ceec-48ea-822c-21a673c3c0aa","Prince's Mansion","http://commons.wikimedia.org/wiki/Special:FilePath/Frederiksholms%20Kanal%20-%20Prinsens%20Pal%C3%A6.jpg","HTTP 429"
"1b3d186c-d275-4dac-8f5d-e74d48282cf1","Friedhof Trenkebergstraße","http://commons.wikimedia.org/wiki/Special:FilePath/K%C3%B6ln%2C%20Meschenich%2C%20Trenkebergstra%C3%9Fe%2C%20Friedhof%2C%20Baudenkmal%20214%202011.jpg","HTTP 429"
"1b5b683d-bd24-4dab-ab17-f1421664e9b4","G.W. Andrews Federal Building","http://commons.wikimedia.org/wiki/Special:FilePath/George%20W%20Andrews%20Federal%20Building%20Opelika%20Alabama.JPG","HTTP 429"
"1b43d6ef-f89c-4e27-9a83-5c6d4539f17a","Hotel Alfonso XIII y Jardines","http://commons.wikimedia.org/wiki/Special:FilePath/Hotel%20Alfonso%20XIII%20de%20Sevilla.jpg","HTTP 429"
"1b4c0d92-018c-4f73-9588-4b8d44a9e499","San Diego Stadium","http://commons.wikimedia.org/wiki/Special:FilePath/Qualcomm%20Stadium.jpg","HTTP 429"
"1b12a4d6-3460-410c-8522-2aad4f318133","Louvre-Lens","http://commons.wikimedia.org/wiki/Special:FilePath/0%20La%20Libert%C3%A9%20guidant%20le%20peuple%20-%20Eug%C3%A8ne%20Delacroix%20%281%29.JPG","HTTP 429"
"1b0e676e-97d2-4c68-bc1a-8d34e2ed81f5","Friedhof IV der Gemeinde Jerusalems- und Neue Kirche","http://commons.wikimedia.org/wiki/Special:FilePath/Grave%20of%20Margot%20Leonhard-ME%20fec.jpg","HTTP 429"
"1b801e08-6f4a-4cef-a86e-9fa5a38ac517","Camp Nou","https://example.com/camp_nou.jpg","HTTP 404"
"1bbde922-5f05-43ed-b952-2e467abe7e19","Crater Lake Superintendent's Residence","http://commons.wikimedia.org/wiki/Special:FilePath/Crater%20Lake%20Superintendent%20Residence%20-%20Oregon%20-%20NHL.jpg","HTTP 429"
"1bd461b6-b1d8-4cb8-8a00-188711c8fba5","Church of the Light","http://commons.wikimedia.org/wiki/Special:FilePath/Ibaraki%20Kasugaoka%20Church%20Outside.JPG","HTTP 429"
"1b838b46-98b7-4206-b2fd-c2c0f69de6e1","Mount Moriah Cemetery","http://commons.wikimedia.org/wiki/Special:FilePath/Mt%20Moriah%20Cemetery.jpg","HTTP 429"
"1ba67840-e393-435b-8378-4a436ec937c6","World War I Cemetery nr 5 in Grab","http://commons.wikimedia.org/wiki/Special:FilePath/05%20Grab2.JPG","HTTP 429"
"1b8f2206-7c13-4613-91a5-5a5abe4a302f","Begraafplaats Daelwijck","http://commons.wikimedia.org/wiki/Special:FilePath/Crematorium%20Daelwijck%20vijver.JPG","HTTP 429"
"1b7cd3c4-0bd3-4d03-98d4-f5c10704626c","Volksbank-Center am Potsdamer Platz","http://commons.wikimedia.org/wiki/Special:FilePath/Reichpietschufer%20%28Berlin-Tiergarten%29%202090.jpg","HTTP 429"
"1be6eb22-df47-4b13-9ec5-814576e6f7a4","Espai Joliu","https://example.com/espaijoliu.jpg","HTTP 404"
"1c0c5663-686e-4ad0-b522-47eb3ca462fd","Tumulus de la Plate Tombe","http://commons.wikimedia.org/wiki/Special:FilePath/Waremme-Tumulus%20van%20Borgworm%20%281%29.JPG","HTTP 429"
"1c295b6a-fa98-46af-8fd9-35bf4a1fcf5e","Cemetery of Nanterre Mont-Valérien","http://commons.wikimedia.org/wiki/Special:FilePath/Cimetiere%20de%20Nanterre%20Mont-Valerien1.jpg","HTTP 429"
"1bf73824-b2dc-4a98-b332-45971526102f","Cimetière de Chamonix","http://commons.wikimedia.org/wiki/Special:FilePath/Chamonix-Mont-Blanc%20--%20Cimeti%C3%A8re%20%28Monuments%20aux%20morts%29.JPG","HTTP 429"
"1bfabbbd-a20f-4009-a04d-25395599bf1f","Milner Pass Road Camp Mess Hall and House","http://commons.wikimedia.org/wiki/Special:FilePath/Milner%20Pass%20Road%20Camp%20Mess%20Hall%20and%20House.jpg","HTTP 429"
"1c0386a5-ef41-4474-b2d0-ccea00110878","Cases bessones al carrer de l'Hospital","http://commons.wikimedia.org/wiki/Special:FilePath/241%20Cases%20bessones%20al%20c.%20Hospital%2025%20i%20al%20c.%20Esgl%C3%A9sia%201%20%28Sant%20Sadurn%C3%AD%20d%27Anoia%29.jpg","HTTP 429"
"1c2584e7-d924-408c-b31f-bababde14dac","Thiel Gallery","http://commons.wikimedia.org/wiki/Special:FilePath/Thielska%20galleriet%20April%202015.jpg","HTTP 429"
"1c7d6da5-d567-4919-b32e-7e1f1edfea35","Biscay Foral Delegation Palace","http://commons.wikimedia.org/wiki/Special:FilePath/Bilbao%20-%20Diputacion%20Foral%20de%20Vizcaya%202.jpg","HTTP 429"
"1c9c9541-9796-4295-852b-b9867a1ee576","Dampfmaschinenhaus","http://commons.wikimedia.org/wiki/Special:FilePath/Potsdam%20Dampfmaschinenhaus%2020220904%20111023.jpg","HTTP 429"
"1c9e7315-c818-40d2-8364-5a9a576e6c4f","Hotel Yancey","http://commons.wikimedia.org/wiki/Special:FilePath/Hotel%20Yancy%20N%20Platte%20NE.JPG","HTTP 429"
"1c8a8aef-5aff-4b2b-a641-2a400dd649b5","Nacoochee Mound","http://commons.wikimedia.org/wiki/Special:FilePath/Nacoochee%20Indian%20Mound.jpg","HTTP 429"
"1c999410-3f72-4129-8cb5-b2fad693d9c5","Berango","http://commons.wikimedia.org/wiki/Special:FilePath/Berangoko%20geltokia.jpg","HTTP 429"
"1c3e787b-5b96-436e-bbe6-d09cdd885630","World Port Center","http://commons.wikimedia.org/wiki/Special:FilePath/World%20Port%20Center%20from%20Euromast.jpg","HTTP 429"
"1c8c958b-6c44-450e-8847-51b2661167bc","Jewell Building","http://commons.wikimedia.org/wiki/Special:FilePath/Jewell%20building%20%28Omaha%29%20from%20NW%201.JPG","HTTP 429"
"1cafdad4-b805-4f08-b6f3-942e8d2c614e","Toyoko Inn Tokyo Shinagawa Konan-guchi Tennozu Isle","https://img.vago.to/places/cover/v1/1c/af/1cafdad4-b805-4f08-b6f3-942e8d2c614e.jpg","HTTP 404"
"1cb69085-f1a3-41d8-b21b-013a9ed5e731","Cemetery Sihlfeld","http://commons.wikimedia.org/wiki/Special:FilePath/Friedhof%20Sihlfeld%20im%20Schnee%20-%20panoramio.jpg","HTTP 429"
"1cb33c67-89ef-4319-a10e-13e73b401ade","El-Assasif","http://commons.wikimedia.org/wiki/Special:FilePath/ThebesAsasifMonthemhat.jpg","HTTP 429"
"1cccda38-9be3-4389-adeb-bed9e5df221f","Kronprinzenpalais","http://commons.wikimedia.org/wiki/Special:FilePath/Berlin-Mitte%20Kronprinzenpalais%20UdL%20asv2023-10%20img1.jpg","HTTP 429"
"1ca4c7d2-4757-469b-b6d3-15e541346a9a","Torre Europa","http://commons.wikimedia.org/wiki/Special:FilePath/Torre%20Europa%20%28Madrid%29.JPG","HTTP 429"
"1d18c4bc-a322-4cf3-bf6b-9276d129f3fa","Arbed SA Hauptverwaltung","http://commons.wikimedia.org/wiki/Special:FilePath/Technoport%20Schlassgoart%2C%20Esch-Alzette2.JPG","HTTP 429"
"1d3f0054-cc29-426a-b8f5-3020f84253ac","Australian Museum","https://img.vago.to/places/australian-museum-sydney/cover.jpg","HTTP 404"
"1d47bff7-2e45-4f83-b770-53a994e6c0d0","Ginza Kagari Honten","https://example.com/ginza_kagari.jpg","HTTP 404"
"1d532689-69ca-4a95-ada3-d30c75354730","Jewel Changi Airport","http://commons.wikimedia.org/wiki/Special:FilePath/Project%20Jewel%20Photo%201.jpg","HTTP 429"
"1d2509c0-0959-420b-b2f7-f93bbedf5d49","Khusro Bagh","http://commons.wikimedia.org/wiki/Special:FilePath/Khusru%20Bagh%20%28Interior%20View%29-Allahabad-Uttar%20Pradesh-IMG%2020190915%20082854.jpg","HTTP 429"
"1d5031ea-8fa6-43bf-a22c-554cbb24c7f6","Friedhof","http://commons.wikimedia.org/wiki/Special:FilePath/Friedhof%20Merkendorf.JPG","HTTP 429"
"1d27823d-a457-466c-b3b0-e7c4319d62b4","Sam and Ruth VanSickle Ford House","http://commons.wikimedia.org/wiki/Special:FilePath/The%20Sam%20and%20Ruth%20Van%20SicE%20Ford%20House.jpg","HTTP 429"
"1d40779f-8a77-4c79-ae47-dedbdd401036","Tampere Cathedral","http://commons.wikimedia.org/wiki/Special:FilePath/Tampere%20Catherdal%20-%20panoramio.jpg","HTTP 429"
"1da57c4e-82c1-4948-9158-87b2716387c8","Poelzig House","http://commons.wikimedia.org/wiki/Special:FilePath/Villa%20in%20Krefeld%20Kliedbruch%202005.JPG","HTTP 429"
"1d6d2d65-6777-4bfd-b1ea-d117b5f93132","Ostraya mogila","http://commons.wikimedia.org/wiki/Special:FilePath/%D0%9E%D1%81%D1%82%D1%80%D0%B0%D1%8F%20%D0%BC%D0%BE%D0%B3%D0%B8%D0%BB%D0%B0%2C%20%D0%9B%D1%83%D0%B3%D0%B0%D0%BD%D1%81%D0%BA%2C%202005.jpg","HTTP 429"
"1d803ac7-a4e3-4d01-9b2b-6dc26e89c1c2","Forest Lawn Memorial Park","http://commons.wikimedia.org/wiki/Special:FilePath/At%20rest%20%283485696348%29.jpg","HTTP 429"
"1dc8419c-5237-4513-b711-2959fb3dca73","Alter Friedhof Langerfeld","http://commons.wikimedia.org/wiki/Special:FilePath/Wuppertal%20Odoakerstr%200034.jpg","HTTP 429"
"1de27904-4871-42b1-8194-f6aebca404c8","Los Millares","http://commons.wikimedia.org/wiki/Special:FilePath/Los%20Millares%20recreacion%20cuadro.jpg","HTTP 429"
"1d8552d2-50f4-42d9-ab49-453fa0542add","Mount Auburn Cemetery","http://commons.wikimedia.org/wiki/Special:FilePath/Nathaniel%20Bowditch%20in%20Mount%20Auburn%20Cemetery.JPG","HTTP 429"
"1de9a7da-c720-414d-90f7-b859737afc3c","In-N-Out Burger","https://img.vago.to/places/cover/v1/1d/e9/1de9a7da-c720-414d-90f7-b859737afc3c.jpg","HTTP 404"
"1e061309-c98d-4dc0-9345-15a9e1447186","The North Gate Jazz Co-Op","https://img.vago.to/places/cover/v1/1e/06/1e061309-c98d-4dc0-9345-15a9e1447186.jpg","HTTP 404"
"1e67c336-537b-4fb6-aa2f-6fccfae47fb2","Nave Island Chapel","http://commons.wikimedia.org/wiki/Special:FilePath/Nave%20Island%2C%20Islay%20-%20geograph.org.uk%20-%20340976.jpg","HTTP 429"
"1df29522-51da-4e4b-9aa2-649292faf723","Dolgoprudnenskoye Cemetery","http://commons.wikimedia.org/wiki/Special:FilePath/Dolgopkladbishe5.jpg","HTTP 429"
"1df1de36-6a8c-4a17-b6c5-c8653be9cabe","Grand Hyatt Hotel und Bürogebäude","http://commons.wikimedia.org/wiki/Special:FilePath/Potsdamer%20Platz%202009%20PD%2020090321%20006.JPG","HTTP 429"
"1e22d29c-bb94-49d5-aa9c-cc20283f60e5","United States Post Office","http://commons.wikimedia.org/wiki/Special:FilePath/Ptown%20post%20office.jpg","HTTP 429"
"1e29b661-2c3e-4480-a383-04c17873daf1","Georgen-Parochial-Friedhof IV","http://commons.wikimedia.org/wiki/Special:FilePath/Georgen-Parochial-Friedhof%20IV-Tafel.jpg","HTTP 429"
"1e074aa8-a511-48c7-9a07-0efb67ecee7e","Stadionweg 44","http://commons.wikimedia.org/wiki/Special:FilePath/Amsterdam%20-%20woonhuis%20Harry%20Elte%20Stadionweg.jpg","HTTP 429"
"1e320d0e-5203-4bc6-a4c8-3cdfd1874951","Oficina de Artes Manuel Cargaleiro","http://commons.wikimedia.org/wiki/Special:FilePath/Oficina%20de%20Artes%20Manuel%20Cargaleiro%20Seixal%2010.jpg","HTTP 429"
"1e84c49a-f945-42fe-ab53-e64eee328c54","Frauenkirche","http://commons.wikimedia.org/wiki/Special:FilePath/BY%20Guenzburg%2010.jpg","HTTP 429"
"1e82b4ef-55f9-4db5-abc5-29d0c7633194","Kopli cemetery","http://commons.wikimedia.org/wiki/Special:FilePath/Kopli%20park2.jpg","HTTP 429"
"1ecd872b-00cb-45e8-83f5-6aae3ee45ed8","Young Men's and Young Women's Hebrew Association Building","http://commons.wikimedia.org/wiki/Special:FilePath/YMWHA%20Baltimore.JPG","HTTP 429"
"1f55b1ee-ff38-4544-be2a-76ecffb523e3","Montana","https://img.vago.to/places/cover/v1/1f/55/1f55b1ee-ff38-4544-be2a-76ecffb523e3.jpg","HTTP 404"
"1f80c106-580a-488d-a15d-183b57240d72","Havenhuis","http://commons.wikimedia.org/wiki/Special:FilePath/Antwerpen%20-%20Antwerpse%20tram%2C%2023%20juli%202019%20%28134%2C%20draaicirkel%20en%20Havenhuis%29.JPG","HTTP 429"
"1f7c2923-efc3-4d60-841b-f7255e5a6b38","Pontifical basilica of the Holy House of Loreto","http://commons.wikimedia.org/wiki/Special:FilePath/Basilica%20Pontificia%20della%20Santa%20Casa%20di%20Loreto.jpg","HTTP 429"
"1f88e1b0-1c2b-4596-a440-539474089820","South Blockhouse","http://commons.wikimedia.org/wiki/Special:FilePath/Yakima%20Park%20Stockade%20Group%2C%20Longmire%2C%20Pierce%20County%2C%20WA%20HABS%20WA-236-18.tif","HTTP 429"
"1f8a458a-ee27-44a6-8814-857de1c07569","Newhouse Communications Center I","http://commons.wikimedia.org/wiki/Special:FilePath/Newhouse%201%20Building%20at%20Syracuse%20University%2002.jpg","HTTP 429"
"1f7e7aa5-19ec-4d4a-b338-6da9b04d58b6","Nouvel Building","http://commons.wikimedia.org/wiki/Special:FilePath/MNCARS%20ampliaci%C3%B3n%2011.jpg","HTTP 429"
"1f8ffb8b-04d5-46f4-b827-f83b5b9c3c43","Great Synagogue of Rome","http://commons.wikimedia.org/wiki/Special:FilePath/Great%20Synagogue%20of%20Rome.jpg","HTTP 429"
"1f7730a0-3eff-4594-a917-8049e7ef66fc","Eugene J. Carpenter House","http://commons.wikimedia.org/wiki/Special:FilePath/300%20Clifton%2C%20Eugene%20J%20Carpenter%20Mansion.JPG","HTTP 429"
"1f390642-0a19-42cd-886b-97b4d1d58d4c","Dinegro","http://commons.wikimedia.org/wiki/Special:FilePath/Metropolitana%20di%20Genova%20-%20stazione%20Dinegro%20-%20binari.jpg","HTTP 429"
"1f6b16a1-0b80-4f98-8bd9-9031e8560f94","Bavelincourt Communal Cemetery","http://commons.wikimedia.org/wiki/Special:FilePath/Bavelincourt%2C%20cimeti%C3%A8re%20communal%2C%20tombe%20militaire%201870%201.jpg","HTTP 429"
"1f4b396b-d524-4ac1-b5d4-e13e8db91ed5","Nordfriedhof","http://commons.wikimedia.org/wiki/Special:FilePath/NordfriedhofWiesbaden.JPG","HTTP 429"
"1ffa105c-eba5-4c57-84fc-9dada6deda6a","Rompho Thai Massage","https://img.vago.to/places/cover/v1/1f/fa/1ffa105c-eba5-4c57-84fc-9dada6deda6a.jpg","HTTP 404"
"1fbc0696-6265-4f7f-a43d-c30089962cfc","Kiyosumi Gardens","https://example.com/kiyosumi_gardens.jpg","HTTP 404"
"1fb9f31c-6219-4008-88dc-86a7e4d19e9d","Jumeirah Beach Hotel","http://commons.wikimedia.org/wiki/Special:FilePath/MTM%20A8%20in%20Dubai.jpg","HTTP 429"
"1fd36ab7-d6e0-4be3-96e1-415fd0a28a67","Rahlstedt Cemetery","http://commons.wikimedia.org/wiki/Special:FilePath/Friedhof%20rahlstedt%20pastorenkruzifix.jpg","HTTP 429"
"1fc686f7-3a87-4e26-9aa5-0d931ec9c9d3","Capitole de Toulouse","http://commons.wikimedia.org/wiki/Special:FilePath/Toulouse%20capitole%20R.jpg","HTTP 429"
"1fecf6b8-0c30-4eaf-8177-f2ea8cf81778","Trinità dei Monti","http://commons.wikimedia.org/wiki/Special:FilePath/Trinit%C3%A0%20dei%20Monti%20%28Rome%29%20-%20esterno.jpg","HTTP 429"
"1fe0ad78-5269-4077-afb7-4d77d830a7a2","Koski Tl Church","http://commons.wikimedia.org/wiki/Special:FilePath/Kosken%20Tl%20kirkko.JPG","HTTP 429"
"1ffcbe19-5a37-43d1-ba94-bc15d6d48126","Sándor Palace","http://commons.wikimedia.org/wiki/Special:FilePath/S%C3%A1ndor-palota%20naps%C3%BCt%C3%A9sben.jpg","HTTP 429"
"1fb35ec0-38cf-467a-99ee-100a25347943","Old Dutch Church of Sleepy Hollow","http://commons.wikimedia.org/wiki/Special:FilePath/Old%20Dutch%20Church%20taken%20by%20James%20Russiello.JPG","HTTP 429"
"1fab172c-5b40-4905-b023-36f6bd6ff71c","Tallberget","http://commons.wikimedia.org/wiki/Special:FilePath/Tallberget%20-%202012-05-19%20at%2011-49-23.jpg","HTTP 429"
"1fad410d-bf4b-40c1-9f14-92bd93e657ed","Cimetière Sainte-Marie","http://commons.wikimedia.org/wiki/Special:FilePath/Tombe%20d%27Hubert%20Latham%20%281883%E2%80%931912%29%201.jpg","HTTP 429"
"1fdedca8-1c97-44da-b8a1-cc7b79896517","Bratske cemetery, Kyiv","http://commons.wikimedia.org/wiki/Special:FilePath/Bratske%20cemetery%2086%20full.jpg","HTTP 429"
"20041743-21e2-4ad2-a39f-2b2546850dcc","Evergreen Cemetery","http://commons.wikimedia.org/wiki/Special:FilePath/Breed%20monument%20Evergreen%20Cemetery%20Los%20Angeles.jpg","HTTP 429"
"201559df-25a7-42f6-9e8e-72bf30353fb3","Literatorskie mostki","http://commons.wikimedia.org/wiki/Special:FilePath/Literator%20Bridges%20Grave%20Mendeleev.jpg","HTTP 429"
"2039a32c-ea4d-40bd-98af-eabc029af471","Worms Cathedral","http://commons.wikimedia.org/wiki/Special:FilePath/Worms%20Dom%20Ostfassade%20Vierung2005-05-27a.jpg","HTTP 429"
"205cc1e4-c812-4e9b-aaab-a2899e1dd667","Episcopal Cemetery","http://commons.wikimedia.org/wiki/Special:FilePath/Elizabeth%20City%20Episcopal%20Cemetery.jpg","HTTP 429"
"2065adce-965d-4b58-ac5c-5eedb2600e13","Hem cemetery","http://commons.wikimedia.org/wiki/Special:FilePath/Hem%20Communal%20Cemetery%20%28Nord%29-13.jpg","HTTP 429"
"203f2576-f16e-42c2-af74-1664800f39ca","3 Grafheuvels","http://commons.wikimedia.org/wiki/Special:FilePath/Grafheuvel%20-%20Apeldoorn%20-%20RM%2045189.JPG","HTTP 429"
"2052c732-e30b-495a-a993-4852dda5c779","United States Post Office","http://commons.wikimedia.org/wiki/Special:FilePath/Poughkeepsie%2C%20NY%2C%20post%20office.jpg","HTTP 429"
"206c7a3d-6e6b-4820-91eb-67fbc6613e84","Grafheuvel, alsmede een zone","http://commons.wikimedia.org/wiki/Special:FilePath/Wolfheze-bilderberglaan-220482.jpg","HTTP 429"
"205fb03e-e2f4-44c7-9f7d-ad7a033ca11f","Hungerburg","http://commons.wikimedia.org/wiki/Special:FilePath/Hungerburgbahn%202.jpg","HTTP 429"
"2052a1aa-1c2f-48c7-9f52-14d9b5bbbd82","Garfield Building","http://commons.wikimedia.org/wiki/Special:FilePath/Garfield%20Building.JPG","HTTP 429"
"200c7d8c-e1b1-4895-9d8a-387fd8429cd7","Dayton Arcade","http://commons.wikimedia.org/wiki/Special:FilePath/DaytonArcade.JPG","HTTP 429"
"20246be5-7862-466e-a1b4-eea11f29e5ec","Certosa di Pavia","http://commons.wikimedia.org/wiki/Special:FilePath/748CertosaPaviaChiesa.JPG","HTTP 429"
"20087496-be75-4c5f-b102-30d39ef0ce00","Engine House No. 6","http://commons.wikimedia.org/wiki/Special:FilePath/Engine%20House%20No.%206%2C%20Lawrence%2C%20MA.jpg","HTTP 429"
"203d1e41-e958-48dc-90ab-cf02240e3d76","Guthrie Theater","http://commons.wikimedia.org/wiki/Special:FilePath/Guthrie%20Theater-night-2007-03-12.jpg","HTTP 429"
"20e0e9f2-1b50-442c-ba6d-e04557241959","Tekla Copenhagen","https://img.vago.to/places/cover/v1/20/e0/20e0e9f2-1b50-442c-ba6d-e04557241959.jpg","HTTP 404"
"207e8019-d539-4a2a-8ffd-aaff29a5aafc","Jewish cemetery of Besançon","http://commons.wikimedia.org/wiki/Special:FilePath/Cimeti%C3%A8re%20juif%20de%20Besan%C3%A7on%20-%20vue%20g%C3%A9n%C3%A9rale.JPG","HTTP 429"
"20c93ae2-9186-4af4-84a4-dd2fab9db369","Liebfrauenbergkirche","http://commons.wikimedia.org/wiki/Special:FilePath/Rankweil%20Liebfrauenbergkirche%20asv2022-10.jpg","HTTP 429"
"2088e59e-0fc7-45a1-a9d0-f0507367353f","Lancaster House","http://commons.wikimedia.org/wiki/Special:FilePath/Lancaster%20House%20%285880536589%29.jpg","HTTP 429"
"20c16fba-58cc-4c9b-8dbf-64893bcc66d3","US Post Office–Camas Main","http://commons.wikimedia.org/wiki/Special:FilePath/2023-05-06%2C%20Main%20United%20States%20Post%20Office%2C%20Camas%2C%20Washington%2C%2001.jpg","HTTP 429"
"20ebe11b-7732-4a16-894f-ef6cfb1db740","Park East Synagogue","http://commons.wikimedia.org/wiki/Special:FilePath/Park%20East%20Synagogue%20%2851659535757%29.jpg","HTTP 429"
"2136bad7-7cf9-4f3a-9cef-2cd83de7bae8","Bullring of Castro Urdiales","http://commons.wikimedia.org/wiki/Special:FilePath/Plaza%20de%20toros%20de%20Castro%20Urdiales%20-%20panoramio.jpg","HTTP 429"
"2138a78b-6de9-4de1-bfb5-190a96802d0a","Trinity Church","http://commons.wikimedia.org/wiki/Special:FilePath/Trinity%20Church%20NYC%20004b.JPG","HTTP 429"
"2128f119-6264-4669-919a-9558cf5fe5c4","Henry B. Dickson House","http://commons.wikimedia.org/wiki/Special:FilePath/Henry%20B%20Dickson%20House%20%28Portland%2C%20OR%29.JPG","HTTP 429"
"21ca9b48-4c5a-4dc6-905c-e994facccfef","CapitaGreen","http://commons.wikimedia.org/wiki/Special:FilePath/Singapore%20CapitaGreen-Building-01.jpg","HTTP 429"
"218a915b-d368-4273-99e1-1fc1710858a2","Lange Voorhout Palace","http://commons.wikimedia.org/wiki/Special:FilePath/Escher%20Museum.jpg","HTTP 429"
"21850ece-fba4-455b-95f8-26c253fbf13b","English Cemetery in Malaga","http://commons.wikimedia.org/wiki/Special:FilePath/English%20Cemetery%20in%20Malaga%20from%20Gibralfaro.jpg","HTTP 429"
"215eef64-b0d5-4f90-8024-675220299d0c","Montreal Central Station","http://commons.wikimedia.org/wiki/Special:FilePath/Gare%20centrale%20de%20Montreal%2004.jpg","HTTP 429"
"214dff7c-4cd4-43da-a2b3-bfffc4d824a5","Cimetière protestant de Nîmes","http://commons.wikimedia.org/wiki/Special:FilePath/30NimesCim080921MeyerCTr.JPG","HTTP 429"
"217b4711-0142-4cf5-b98a-8e3d39fbc190","Richard B. Fisher Center for the Performing Arts","http://commons.wikimedia.org/wiki/Special:FilePath/Bard%20College%20Fisher%20Center%20front%20view.jpg","HTTP 429"
"2171a0bc-a073-433d-8bee-c8e244a4b06c","New Amsterdam Theatre","http://commons.wikimedia.org/wiki/Special:FilePath/New%20Amsterdam%20Theatre.jpg","HTTP 429"
"2149311f-d064-4e35-ba35-f486f6698be3","Tumuli of Tusson","http://commons.wikimedia.org/wiki/Special:FilePath/TussonTumuli2.JPG","HTTP 429"
"220b37d7-2cdb-4011-86e9-1185b7ba7167","Menya Itto","https://example.com/menya_itto.jpg","HTTP 404"
"21cef0e4-cd1a-43b4-8e42-279066eaf631","1095 Avenue of the Americas","http://commons.wikimedia.org/wiki/Special:FilePath/1095%20Avenue%20of%20the%20Americas%20and%20Bank%20of%20America%20Tower.jpg","HTTP 429"
"22214022-65ca-4630-ab5f-cc2187abd9f0","Pfarrkirche St. Radegundis, St. Radegund bei Graz","http://commons.wikimedia.org/wiki/Special:FilePath/St.%20Radegund%20bei%20Graz%20-%20Kirche%20%28a%29.JPG","HTTP 429"
"221cb40b-3ae5-4308-88c7-021dfd0e9f6f","Hôtel Danois","http://commons.wikimedia.org/wiki/Special:FilePath/B%C3%A2timent%20de%20l%27ambassade%20d%27Alg%C3%A9rie%2C%20rue%20Boileau%2C%20Paris%2016e%203.jpg","HTTP 429"
"22158ac6-97a4-4ffd-9380-b4a702bd842b","Atocha Railway Station","http://commons.wikimedia.org/wiki/Special:FilePath/Estaci%C3%B3n%20de%20Atocha%20%28Madrid%29%2006.jpg","HTTP 429"
"221b2122-d338-490d-8010-6fea3eb084b5","Naval Cemetery (Vladivostok)","http://commons.wikimedia.org/wiki/Special:FilePath/Mor%20vl.jpg","HTTP 429"
"2203a5e2-7ba4-424a-919f-1afb665a3ccc","Selwerderhof","http://commons.wikimedia.org/wiki/Special:FilePath/Selwerderhof.jpg","HTTP 429"
"221355c5-723a-439a-acc6-304bc7dd09ad","Parque de Bombas","http://commons.wikimedia.org/wiki/Special:FilePath/Parque%20de%20Bombas-Ponce%20Puerto%20Rico.jpg","HTTP 429"
"220303b4-d8b3-436f-8e5c-c1cca583f34e","Smolensky Lutheran Cemetery","http://commons.wikimedia.org/wiki/Special:FilePath/%D0%A1%D0%BC%D0%BE%D0%BB%D0%B5%D0%BD%D1%81%D0%BA%D0%BE%D0%B5%20%D0%BB%D1%8E%D1%82%D0%B5%D1%80%D0%B0%D0%BD%D1%81%D0%BA%D0%BE%D0%B5.%20%D0%92%D0%BE%D1%80%D0%BE%D1%82%D0%B002.jpg","HTTP 429"
"22b0c7a8-1ff0-44f0-b59e-e5561c58b604","United States Post Office","http://commons.wikimedia.org/wiki/Special:FilePath/Port%20Jervis%20post%20office.jpg","HTTP 429"
"226659b1-e5a2-48e0-9184-36166b30e708","Federal Building","http://commons.wikimedia.org/wiki/Special:FilePath/WilkesboroFedBldg1.JPG","HTTP 429"
"22763ecf-0023-4ee4-b139-4e60efcbb561","Rhode Island State House","http://commons.wikimedia.org/wiki/Special:FilePath/Rhode%20Island%20State%20House%202.jpg","HTTP 429"
"225661a1-892b-4d20-b6f0-b9ef30479ba0","James Buchanan Duke House","http://commons.wikimedia.org/wiki/Special:FilePath/James%20Buchanan%20Duke%20House%2C%20400%20Hermitage%2C%20Charlotte%20%28Mecklenburg%2C%20North%20Carolina%29.jpg","HTTP 429"
"22400e8e-a3ca-4488-abc1-49978d6ffcbd","Don CeSar","http://commons.wikimedia.org/wiki/Special:FilePath/Don%20Cesar.jpg","HTTP 429"
"2231fce9-b424-43a4-adc1-26b9ad916aad","Zifeng Tower","http://commons.wikimedia.org/wiki/Special:FilePath/Nanjing%20Zifeng%20Tower.jpg","HTTP 429"
"22a3e55c-713b-43ca-9a08-b46d5a13a325","Petersdorff Department Store","http://commons.wikimedia.org/wiki/Special:FilePath/DH%20Kameleon.jpg","HTTP 429"
"2279302d-edf7-4d86-ade2-6da61dd5aa3f","Palazzo dei Diamanti","http://commons.wikimedia.org/wiki/Special:FilePath/01%20Palazzo%20dei%20Diamanti%20-%20Ferrara.jpg","HTTP 429"
"228e5c42-26fa-49b2-8997-8db1db82c9e1","Mohyla (Nymburk)","http://commons.wikimedia.org/wiki/Special:FilePath/Nymburk%2C%20mohyla%20%282%29.jpg","HTTP 429"
"22d7b878-af4d-4993-84d6-0d4e89831fef","Rochester Cathedral","http://commons.wikimedia.org/wiki/Special:FilePath/Rochester%20Cathedral%20from%20west.jpg","HTTP 429"
"23268a52-580e-4a1f-aef3-f7968020606e","The Cairo","http://commons.wikimedia.org/wiki/Special:FilePath/Cairo%20Apartment%20Building%20-%20Washington%2C%20D.C..JPG","HTTP 429"
"23277b69-ddd1-4b5d-b5c6-773944017894","Eastern Cemetery","http://commons.wikimedia.org/wiki/Special:FilePath/Eastern%20Cemetery%2C%20Portland.JPG","HTTP 429"
"22da98cf-a47b-4870-91d3-56c49d35a101","Niemeyer building","http://commons.wikimedia.org/wiki/Special:FilePath/Belo%20Horizonte%20-%20Edif%C3%ADcio%20Niemeyer%20%282%29.jpg","HTTP 429"
"2318940c-12bd-4c58-9e6d-58088b29555f","Ovillers New Communal Cemetery","http://commons.wikimedia.org/wiki/Special:FilePath/Oviller%20Cimeti%C3%A8re%201.jpg","HTTP 429"
"22d07de3-b283-494f-8760-4fc9f8158e19","Jewish cemeteries in Viciebsk","http://commons.wikimedia.org/wiki/Special:FilePath/Jewish%20cemetery%20in%20Vitebsk%201a-2%20may2013.jpg","HTTP 429"
"22d89127-30ff-4f33-abf5-7dec6c767399","Frösö 79:1","http://commons.wikimedia.org/wiki/Special:FilePath/Fr%C3%B6s%C3%B6%20h%C3%B6g%2079%201.jpg","HTTP 429"
"22ee9a18-8b2f-4c17-aa83-424bddde4aed","Facultad de Ciencias de la Comunicación de Santiago de Compostela","http://commons.wikimedia.org/wiki/Special:FilePath/Facultade%20de%20Xornalismo%20USC%20Alvaro%20Siza.JPG","HTTP 429"
"22cb1278-9641-49fc-9a62-28e3322befe0","Malý Fürstenberský palác","http://commons.wikimedia.org/wiki/Special:FilePath/Maly%20furstenbersky%20palac.jpg","HTTP 429"
"237e9276-f049-4d62-9775-db68575b3415","Old Royal Palace","http://commons.wikimedia.org/wiki/Special:FilePath/Attica%2006-13%20Athens%2009%20Parliament.jpg","HTTP 429"
"239e1d5e-994e-4906-941d-5119f0b136cb","Polish Cemetery at Loreto","http://commons.wikimedia.org/wiki/Special:FilePath/Polish%20war%20cemetery%20in%20Loreto%2003.jpg","HTTP 429"
"23529412-ef66-40fa-b8ac-6c67fc4dd719","Cathedral of San Fernando","http://commons.wikimedia.org/wiki/Special:FilePath/San%20Fernando%20Cathedral.jpg","HTTP 429"
"238e5b1f-9413-4f0b-b921-63df21967e20","Saddlehorn Caretaker's House and Garage","http://commons.wikimedia.org/wiki/Special:FilePath/Front%20of%20residence%2C%20view%20to%20southeast%20-%20Saddlehorn%20Area%2C%20Stone%20Residence%2C%20Near%20intersection%20of%20Rim%20Rock%20Drive%20and%20Saddlehorn%20Loop%20Road%2C%20Fruita%2C%20Mesa%20County%2C%20CO%20HABS%20COLO%2C39-FRU.V%2C2A-1.tif","HTTP 429"
"236c3fae-ec83-42cd-aedf-2c64fbbe9140","Palazzo Lechi","http://commons.wikimedia.org/wiki/Special:FilePath/Palazzo%20Lecchi%20Montirone%202015.jpg","HTTP 429"
"238a7c02-9445-4571-a505-a15b553efa7e","Davis Burial Ground","http://commons.wikimedia.org/wiki/Special:FilePath/Davis%20Burial%20Ground%209533.jpg","HTTP 429"
"236464d8-2b12-4ea1-b881-9c4411a7b41e","Terrein waarin vier grafheuvels","http://commons.wikimedia.org/wiki/Special:FilePath/Rm%2045827%20terrein%20vier%20grafheuvels%20Nistelrode%20heuvel%20oost%20met%20infobord.jpg","HTTP 429"
"2343f1c9-ecdd-4f39-93bc-5e7eaefdf421","Dorchester North Burying Ground","http://commons.wikimedia.org/wiki/Special:FilePath/BostonMA%20DorchesterNorthBuryingGround.jpg","HTTP 429"
"2359f7a1-d510-4b05-8ae7-283a8f870074","Gatchina Palace","http://commons.wikimedia.org/wiki/Special:FilePath/Gatchina%20Palace%2C%20Southern%20facade.jpg","HTTP 429"
"237887d0-fede-4975-8fdd-830982b7575f","Orthodox Cemetery in Warsaw","http://commons.wikimedia.org/wiki/Special:FilePath/041012%20Orthodox%20cemetery%20in%20Wola%20-%2024.jpg","HTTP 429"
"242dd1ff-c193-48b9-938a-1a5f9a3cc628","Tapeo","https://example.com/tapeo.jpg","HTTP 404"
"2427989f-1f36-4fab-869a-b95c73166ad6","April Coffee Store & Showroom","https://img.vago.to/places/cover/v1/24/27/2427989f-1f36-4fab-869a-b95c73166ad6.jpg","HTTP 404"
"23ff7ee7-4576-4215-8877-d09f1b38c8cc","Mayflower Manor Apartments","http://commons.wikimedia.org/wiki/Special:FilePath/Mayflower%20Hotel%2C%20Akron%2C%20Ohio%20%2874484%29.jpg","HTTP 429"
"23ea4ca8-3eb0-4822-86ea-eee773a647cb","Cimetière de Gisy-les-Nobles","http://commons.wikimedia.org/wiki/Special:FilePath/Gisy-les-Nobles-FR-89-chapelle-01.jpg","HTTP 429"
"242e6b03-8478-4633-9374-fc2a3d505dba","Taman Prasasti Museum","http://commons.wikimedia.org/wiki/Special:FilePath/Tamanprasasti.jpg","HTTP 429"
"241fec5f-373b-4687-98b3-8cd84cd849a7","Uptown Theatre","http://commons.wikimedia.org/wiki/Special:FilePath/WTP%20B02%20Audrey%202.jpg","HTTP 429"
"23aea63a-a8bc-4d4a-8e7c-67ae511c4346","Hotel Thermal","http://commons.wikimedia.org/wiki/Special:FilePath/Hotel%20Thermal.jpg","HTTP 429"
"24249313-5f82-426f-bbf8-d82d69d1b4e1","Fort Golgotha and the Old Burial Hill Cemetery","http://commons.wikimedia.org/wiki/Special:FilePath/Fort%20Golgotha%3B%20Soldiers%20and%20Sailors%20Memorial%20Building.JPG","HTTP 429"
"23d32d55-b8dd-455d-815c-1c6ebdff5d47","Roka Sensui-sō","http://commons.wikimedia.org/wiki/Special:FilePath/150521%20Rokasensuisou%20Otsu%20Shiga%20pref%20Japan03n.jpg","HTTP 429"
"240a3dea-b402-4b8f-822c-3037f9789dfb","Vicoigne cemetery","http://commons.wikimedia.org/wiki/Special:FilePath/Raismes%20-%20Cimeti%C3%A8re%20de%20Vicoigne%20%2808%29.JPG","HTTP 429"
"24040cfe-e7ea-4777-97d1-f7e92025e41f","Ciutat de la Justícia de Barcelona i l'Hospitalet de Llobregat","http://commons.wikimedia.org/wiki/Special:FilePath/Ciutat%20de%20la%20Just%C3%ADcia%20BCN%20i%20Hosp%20%281%29.jpg","HTTP 429"
"24a9c444-c693-41e0-84d1-9bf8199fe1d8","Skye Coffee Co.","https://example.com/skyecoffee.jpg","HTTP 404"
"243be8b7-af95-4153-8ef8-9a29edb806bb","Old Town Hall, Munich","http://commons.wikimedia.org/wiki/Special:FilePath/Altes%20Rathaus%20in%20M%C3%BCnchen%2C%202023.jpg","HTTP 429"
"249bbc4f-b21c-4464-8476-a918d10bef98","Croisilles Railway Cemetery","http://commons.wikimedia.org/wiki/Special:FilePath/Croisilles%20Railway%20Cemetery%2017.jpg","HTTP 429"
"24ab3ec1-086e-462b-a50a-2d0ae8ecd68f","1345 Avenue of the Americas","http://commons.wikimedia.org/wiki/Special:FilePath/Burlington-house-nyc.jpg","HTTP 429"
"2466219a-c2ba-43be-ae86-8ac41f7607d4","Tumulus de Nillizien","http://commons.wikimedia.org/wiki/Special:FilePath/Pontivy%20-%20Tumulus%20de%20Nillizien%2020200906.jpg","HTTP 429"
"246cbfc4-2605-4005-9944-44088bf51dbb","Algemene Begraafplaats Schoonebeek","http://commons.wikimedia.org/wiki/Special:FilePath/Algemene%20Begraafplaats%20Schoonebeek.JPG","HTTP 429"
"249eb65a-294b-43e5-8e0f-dc215c553bc6","Maisiejūnų pilkapiai","http://commons.wikimedia.org/wiki/Special:FilePath/Maisiej%C5%ABn%C5%B3%20pilkapiai.JPG","HTTP 429"
"2449100f-fc32-4406-aa8e-126af83e51d2","Terrein waarin grafheuvel #45168","http://commons.wikimedia.org/wiki/Special:FilePath/Grafheuvel%2045168.JPG","HTTP 429"
"24aac394-9089-47d6-9c71-1007705bde02","Longhorn Cavern Administration Building","http://commons.wikimedia.org/wiki/Special:FilePath/Administration%20Building%2C%20Longhorn%20State%20Park%2C%20Texas.jpg","HTTP 429"
"24786926-5c2a-4233-9ab6-6a0304533735","Blue Chapel","http://commons.wikimedia.org/wiki/Special:FilePath/BlueChapel.jpg","HTTP 429"
"24a9a8f7-ed62-4553-b89a-489be6e569b3","Haus X1","http://commons.wikimedia.org/wiki/Special:FilePath/Haus-X1.jpg","HTTP 429"
"24f50141-e69a-42a5-b9d6-da10f00ff511","Ichiran Ramen (Shibuya)","https://example.com/ichiran_shibuya.jpg","HTTP 404"
"25065644-1fd1-4ee7-9bea-0108cf2b59f7","St. Basil's Cathedral","http://commons.wikimedia.org/wiki/Special:FilePath/%D0%A5%D1%80%D0%B0%D0%BC%20%D0%92%D0%B0%D1%81%D0%B8%D0%BB%D0%B8%D1%8F%20%D0%91%D0%BB%D0%B0%D0%B6%D0%B5%D0%BD%D0%BD%D0%BE%D0%B3%D0%BE%20%E2%84%962.JPG","HTTP 429"
"24fc2896-bcc7-4a57-a9fc-db4a5f2fb057","Wulsdorfer Friedhof","http://commons.wikimedia.org/wiki/Special:FilePath/BHV%20Gaertnerhaus%20Friedhof%20Wulsdorf%202.jpg","HTTP 429"
"24cb0bdd-752d-4428-b6fe-eda104afbf87","Sarajevo Synagogue","http://commons.wikimedia.org/wiki/Special:FilePath/Ashkenazi%20Synagogue%20Sarajevo.jpg","HTTP 429"
"24e10e50-4c22-4714-bed3-5c655eec6341","Zentralfriedhof","http://commons.wikimedia.org/wiki/Special:FilePath/Zentralfriedhof%20Quedlinburg.JPG","HTTP 429"
"24ddf842-f5f4-4906-a0ac-a0442a7fe64f","Kerimäki Church","http://commons.wikimedia.org/wiki/Special:FilePath/Church%20of%20Kerimaki.jpg","HTTP 429"
"256510c1-3930-4e51-b8a2-1e779974d565","Museum Rodin","https://img.vago.to/places/cover/v1/25/65/256510c1-3930-4e51-b8a2-1e779974d565.jpg","HTTP 404"
"257ff800-62e8-4c24-bf1b-cce7bdaae39b","Cimitero di Piacenza (Piacenza, Italy)","http://commons.wikimedia.org/wiki/Special:FilePath/Cappella%20cimitero%20di%20Piacenza.jpg","HTTP 429"
"2530daaf-525a-4206-9388-188f51906929","Château de Chantilly","http://commons.wikimedia.org/wiki/Special:FilePath/Chateau%20de%20Chantilly%20FRA%20003.JPG","HTTP 429"
"251cb2de-a021-45c6-ac05-23394f1a3a8c","Church of Saint Roch","http://commons.wikimedia.org/wiki/Special:FilePath/San%20Rocco%20Venezia%20%28Facciata%29.jpg","HTTP 429"
"25beaad0-6e6d-43cb-93a9-2b27d9a62a36","Martin W. Carr School","http://commons.wikimedia.org/wiki/Special:FilePath/SomervilleMA%20MartinCarrSchool.jpg","HTTP 429"
"25cd3e66-0687-4bbf-a4fc-030d34f5e9d2","The Dakota","http://commons.wikimedia.org/wiki/Special:FilePath/1%20West%2072nd%20Street%20%28The%20Dakota%29%20by%20David%20Shankbone.jpg","HTTP 429"
"25a322ef-fda4-42aa-8ead-de5e78417d4b","West Point Cemetery","http://commons.wikimedia.org/wiki/Special:FilePath/West%20Point%20Cemetery.JPG","HTTP 429"
"25a2e7dc-ceca-451a-b692-9df22d71d095","National Museum of Finland","http://commons.wikimedia.org/wiki/Special:FilePath/FinlandNationalMuseum.jpg","HTTP 429"
"25cfb11b-1e85-4c73-85c5-7abc9017d768","Roche Tower","http://commons.wikimedia.org/wiki/Special:FilePath/Basel%20-%20Roche%20Tower%20-%20September%202015%203.jpg","HTTP 429"
"2586b557-4d19-43c9-975f-653cc3a7faed","Serafimovskoe Cemetery","http://commons.wikimedia.org/wiki/Special:FilePath/153.%20Serafimovskoe%20Memorial%20Cemetery.JPG","HTTP 429"
"2593a20f-4122-4bfc-b805-493ba56c578c","Bolsheohtinskoe cemetery","http://commons.wikimedia.org/wiki/Special:FilePath/Bolsheohtinskoe%20cemetery%20entrance.jpg","HTTP 429"
"2589f835-a4db-4b73-85fa-115d380a4317","Veitskirche","http://commons.wikimedia.org/wiki/Special:FilePath/Veitskirche%20Passail%2001.jpg","HTTP 429"
"25a6e30d-8bb4-47d1-8416-544f92303643","Neulußheim","http://commons.wikimedia.org/wiki/Special:FilePath/Neulussheim%20Bahnhof%20meph666-2004-Feb-27-a.jpg","HTTP 429"
"2628ab8d-53ce-4227-a1a2-f686d47ab768","Turkish State Cemetery","http://commons.wikimedia.org/wiki/Special:FilePath/Devlet%20Mezarl%C4%B1%C4%9F%C4%B1%20Ota%C4%9F.JPG","HTTP 429"
"260e5f1c-0f54-447b-8753-6cf7b6e0aa65","Evelynton","http://commons.wikimedia.org/wiki/Special:FilePath/EVELYN.jpg","HTTP 429"
"26309538-728c-485d-9390-fe3bb12094a6","Kallio Church","http://commons.wikimedia.org/wiki/Special:FilePath/Kallio%20church%2C%20Helsinki%202004-06.jpg","HTTP 429"
"25def63e-f5fc-4d51-80df-e859292af5ec","Koffee Mameya Kakeru","https://media-cdn.tripadvisor.com/media/photo-s/17/47/84/6e/photo0jpg.jpg","HTTP 404"
"260aa4de-ef62-4968-9357-7c434e0cbee6","Gauche Wood Cemetery","http://commons.wikimedia.org/wiki/Special:FilePath/Villers-Guislain%20Gauche%20Wood%20Cemetery%205-2-2.jpg","HTTP 429"
"26056050-9597-4849-87b6-aaa8d21c4e09","Citrus House","http://commons.wikimedia.org/wiki/Special:FilePath/Beit%20Hadar%20Tel%20Aviv%201946.jpg","HTTP 429"
"25ff0c89-3ef8-4c38-8744-949429ca5176","Vodnikov hospital","http://commons.wikimedia.org/wiki/Special:FilePath/Vodnikov%20hospital%202024%201.jpg","HTTP 429"
"25e0925b-4f67-4dff-a3c8-f5e4b8cf7898","Criel Mound","http://commons.wikimedia.org/wiki/Special:FilePath/Criel%20Mound.jpg","HTTP 429"
"266fd160-0469-4c77-b755-bbe157d04c05","World War I Cemetery nr 45 in Lipna","http://commons.wikimedia.org/wiki/Special:FilePath/Czarne%20%28Lipna%29%2C%20cmentarz%20wojenny%20nr%2045%20%28HB3%29.jpg","HTTP 429"
"26489196-4c26-40f3-a782-32b8b6cf6b29","cimetière de Mailly-le-Château","http://commons.wikimedia.org/wiki/Special:FilePath/Chapelle%20St%20Simeon%20Mailly-le-Chateau%20PA00113735%20%2810%29.jpg","HTTP 429"
"26793758-ee47-43cd-a2df-6e6dc816e705","Carlton Hotel","http://commons.wikimedia.org/wiki/Special:FilePath/The%20Carlton%20Hotel%201.jpg","HTTP 429"
"2637ecf5-0621-435c-9506-4ebf34cc70c3","Reception Hall of Louvre-Lens","http://commons.wikimedia.org/wiki/Special:FilePath/Lens%20-%20Louvre-Lens%20-%20vaults%2003.JPG","HTTP 429"
"26776663-5537-480d-b9f9-909fac5cb5df","Chilean National Museum of Fine Arts","http://commons.wikimedia.org/wiki/Special:FilePath/Museo%20Nacional%20de%20Bellas%20Artes%2C%20Santiago%2020230311.jpg","HTTP 429"
"2634e9fa-854d-4234-8d56-7b454e6985b1","Pfarrkirche Walterskirchen","http://commons.wikimedia.org/wiki/Special:FilePath/Kirche%2023349%20in%20A-2170%20Walterskirchen.jpg","HTTP 429"
"2634747f-9a6a-4340-b1df-c115682a75b9","Cane Hill Cemetery","http://commons.wikimedia.org/wiki/Special:FilePath/Cane%20Hill%20Cemetery.jpg","HTTP 429"
"264e8047-0ffc-4276-9897-87790a376756","Aşiyan Asri Cemetery","http://commons.wikimedia.org/wiki/Special:FilePath/Bosphorus%20from%20asiyan%20cemetery.JPG","HTTP 429"
"265428a4-19e9-4c34-a927-43ace7429b75","Cimetière Saint-Gall de Strasbourg","http://commons.wikimedia.org/wiki/Special:FilePath/Cimeti%C3%A8re%20Saint-Gall%20de%20Strasbourg-Koenigshoffen.jpg","HTTP 429"
"26e4ba52-1e2d-4773-afe4-949e861f426d","Astrabudua","http://commons.wikimedia.org/wiki/Special:FilePath/Estaci%C3%B3n%20de%20Astrabudua%201.jpg","HTTP 429"
"268f1e3a-215d-4439-a7d5-975563451edf","Steenwerck Communal Cemetery","http://commons.wikimedia.org/wiki/Special:FilePath/Steenwerck%20Communal%20Cemetery%20-5.JPG","HTTP 429"
"2681b43d-c63f-4a35-a556-c890e768a1f4","Mohawk Building","http://commons.wikimedia.org/wiki/Special:FilePath/Mohawk%20Building%20-%20Portland%20Oregon.jpg","HTTP 429"
"267f68c0-12ce-4d4f-b695-70f486b19480","Maidam","http://commons.wikimedia.org/wiki/Special:FilePath/Maidams%20%28N-AS-24%29.jpg","HTTP 429"
"26f15d3b-1309-4320-bf40-bec1d721ba21","Friedhof Uemmingen","http://commons.wikimedia.org/wiki/Special:FilePath/Friedhof%20Uemmingen01.jpg","HTTP 429"
"26bbe29e-1cf6-41d8-a780-108a8e158e41","Cmentarz jeńców radzieckich w Kielcach","http://commons.wikimedia.org/wiki/Special:FilePath/Cmentarz%20je%C5%84c%C3%B3w%20radzieckich%20w%20Kielcach.jpg","HTTP 429"
"2744008e-0bd9-4eb6-b271-648b535e4927","Sunshine 60","http://commons.wikimedia.org/wiki/Special:FilePath/Sunshine%2060.JPG","HTTP 429"
"270c0c41-a450-4e17-a396-b25f47b96254","Yıldız Hamidi Mosque","http://commons.wikimedia.org/wiki/Special:FilePath/Istanbul%20asv2021-10%20img15%20Y%C4%B1ld%C4%B1z%20Hamidiye%20Mosque.jpg","HTTP 429"
"2751987b-0de8-4135-aadd-56614bec89af","Municipal House","http://commons.wikimedia.org/wiki/Special:FilePath/Casa%20municipal%2C%20Praga%2C%20Rep%C3%BAblica%20Checa%2C%202022-07-02%2C%20DD%2009.jpg","HTTP 429"
"27172917-7ac9-4c98-94ad-8140f3b691b9","Agape Centro Ecumenico","http://commons.wikimedia.org/wiki/Special:FilePath/Agape%205.JPG","HTTP 429"
"26f6fcf1-f131-4326-8889-099b62a6944c","Gordon Wu Hall, Butler College [Princeton University]","http://commons.wikimedia.org/wiki/Special:FilePath/Wu%20and%201915%20Halls%20Butler%20College%20Princeton.jpg","HTTP 429"
"27a254c1-5d47-4090-acb4-df7d5d6bd50b","Alexis Palace","http://commons.wikimedia.org/wiki/Special:FilePath/Alexis%20palace.jpeg","HTTP 429"
"2769fc81-e7ea-4365-b4a9-41b54dbda180","Sankt Oswald in Bad Kleinkirchheim","http://commons.wikimedia.org/wiki/Special:FilePath/Bad%20Kleinkirchheim%20Sankt%20Oswald%20Pfarrkirche%2012082007%2001.jpg","HTTP 429"
"279182a8-4497-467a-bf9d-0a4a997f2867","Casa de veïns d'Antoni Prats","http://commons.wikimedia.org/wiki/Special:FilePath/Casa%20de%20ve%C3%AFns%20d%27Antoni%20Prats%20%28Sant%20Feliu%20de%20Llobregat%29.jpg","HTTP 429"
"27e23346-c416-4d08-9938-e4f186532c15","World War I Cemetery nr 47 in Konieczna","http://commons.wikimedia.org/wiki/Special:FilePath/47%20konieczna1.jpg","HTTP 429"
"27c43d7c-6656-45d8-ac67-132588935487","Terrein met twee grafheuvels","http://commons.wikimedia.org/wiki/Special:FilePath/Midlaren%20Grafheuvel%20noord.JPG","HTTP 429"
"27e3b87f-f347-4163-96ce-2b21df11517e","Old Synagogue Dresden","http://commons.wikimedia.org/wiki/Special:FilePath/Dresden%20alte%20Synagoge%20Vorderansicht.jpg","HTTP 429"
"27d0dd45-188d-400e-89b0-1607ec5b2fe8","White Pines State Park Lodge and Cabins","http://commons.wikimedia.org/wiki/Special:FilePath/Ogle%20County%20White%20Pines%20Lodge5.JPG","HTTP 429"
"282deb50-871a-46fa-83f5-94ade38e6b63","Urnenfriedhof Gerichtstraße","http://commons.wikimedia.org/wiki/Special:FilePath/Eingang%20Urnenfriedhof%20Gerichtstra%C3%9Fe.jpg","HTTP 429"
"2814ace3-452b-4e23-95ae-048a3ece8992","St. Hedwig's Cathedral","http://commons.wikimedia.org/wiki/Special:FilePath/Berlin%20Bebelplatz%20asv2018-05%20img1.jpg","HTTP 429"
"28427a0e-2973-40a4-9505-ab2dc6badf45","Shinshū Ōtani-ha Hakodate Betsu-in Temple","http://commons.wikimedia.org/wiki/Special:FilePath/Otani%20Honganji%20Hakodate%20Betsuin.jpg","HTTP 429"
"282771fb-b85c-409b-a9ee-35446d515335","Cole's Hill","http://commons.wikimedia.org/wiki/Special:FilePath/Cole%27s%20Hill%2C%20Plymouth%2C%20MA.jpg","HTTP 429"
"2836f5f1-3ad9-4000-b4ca-41186c77a841","Water Tower","http://commons.wikimedia.org/wiki/Special:FilePath/Mother%20neff%20state%20park%20lookout%20tower.jpg","HTTP 429"
"28402d92-9c35-4275-be2b-fc3f0737c139","Shah-i-Zinda","http://commons.wikimedia.org/wiki/Special:FilePath/Shah-i-Zinda.jpg","HTTP 429"
"2837b202-be13-4711-b9b0-abca1af2bc1e","Szeged Synagogue","http://commons.wikimedia.org/wiki/Special:FilePath/Szeged%20synagogue%20SF.jpg","HTTP 429"
"28071f85-2202-44a0-bffe-56918df681d5","Belfast City Cemetery","http://commons.wikimedia.org/wiki/Special:FilePath/Belfast%20City%20Cemetery%20%282%29%20-%20geograph.org.uk%20-%20812741.jpg","HTTP 429"
"28095366-3f76-4311-995e-3f1872355ab1","Naqsh-e Rustam","http://commons.wikimedia.org/wiki/Special:FilePath/The%20Islamic%20Republic%20049%20%288498647398%29.jpg","HTTP 429"
"28192ef0-ef1c-4950-bbfd-37e7406d7811","Georg Kolbe Museum","http://commons.wikimedia.org/wiki/Special:FilePath/Sensburger%20Allee%2025-26%20%2809096432%29%20001.jpg","HTTP 429"
"2884999c-f70a-4577-935e-96124f2a6069","St Martin-in-the-Fields","http://commons.wikimedia.org/wiki/Special:FilePath/St%20martin%20in%20the%20fields%20exterior.jpg","HTTP 429"
"289ef1df-9fa5-43e1-8476-466dc5187e2e","Wappingers Falls Village Hall","http://commons.wikimedia.org/wiki/Special:FilePath/Wappingers%20Falls%20Village%20Hall.jpg","HTTP 429"
"2862d636-591c-404a-946c-facfe54ddd73","Hotel Chelsea","http://commons.wikimedia.org/wiki/Special:FilePath/Chelsea%20Manhattan%20Aug%202025%20102.jpg","HTTP 429"
"2898811c-ef23-45f0-8497-6fc9f2363a0d","Hyatt Regency Barcelona Tower","http://commons.wikimedia.org/wiki/Special:FilePath/Spain.Catalonia.Hospitalet.Hotel.Hesperia.Plantilla.JPG","HTTP 429"
"28b4efce-07af-4c40-bacf-5a7621e1a53e","Uchimura Kanzo Memorial Stone Church","http://commons.wikimedia.org/wiki/Special:FilePath/Ishinokyoukai01.jpg","HTTP 429"
"28768823-f29c-447a-8a66-5e1025915fb0","Alexeevskoe Cemetery","http://commons.wikimedia.org/wiki/Special:FilePath/Russian%20Orthodox%20graveyard%2C%20Moscow%20%2831931733221%29.jpg","HTTP 429"
"28b26a93-eabd-4de8-9cdd-9124a0d33687","Ely L.D.S. Stake Tabernacle","http://commons.wikimedia.org/wiki/Special:FilePath/Old%20Mormon%20Stake%20House.JPG","HTTP 429"
"28a9691f-622b-4fc4-9757-9d1770e093cf","Petronas Towers","http://commons.wikimedia.org/wiki/Special:FilePath/Kuala%20Lumpur%20-%20panoramio%20%2818%29.jpg","HTTP 429"
"285a6372-3393-47c2-bf11-c533a194d363","Terminal Rodoviário de Londrina","http://commons.wikimedia.org/wiki/Special:FilePath/20042017%20-%20Terminal%20Rodovi%C3%A1rio%20de%20Londrina%20-%20Img01.jpg","HTTP 429"
"2853d579-56d5-42e0-8b12-934a8ee31958","Forest Home Cemetery","http://commons.wikimedia.org/wiki/Special:FilePath/Landmark%20Chapel.jpg","HTTP 429"
"28d2d31f-c82e-4da4-a783-ffcb90de5d57","Kirche am Steinhof","http://commons.wikimedia.org/wiki/Special:FilePath/Penzing%20%28Wien%29%20-%20Kirche%20am%20Steinhof%20%287%29.JPG","HTTP 429"
"28f94768-be37-4772-940d-05c115203978","Varaždin City Cemetery","http://commons.wikimedia.org/wiki/Special:FilePath/Varazdin%20Cementry1%2C%20Croatia.JPG","HTTP 429"
"28fe2130-e511-477a-a116-eea97746ae17","Abteiberg Museum","http://commons.wikimedia.org/wiki/Special:FilePath/M%C3%B6nchengladbach%20museum%20mit%20skulpturengarten.jpg","HTTP 429"
"28fefbf2-99f7-4bf9-a602-63c57bfb86fd","Brazilian Military Cemetery of Pistoia","http://commons.wikimedia.org/wiki/Special:FilePath/Pistoia%20sacrario%20dell%20esercito%20brasiliano%204.jpg","HTTP 429"
"28fd4903-64de-4216-85c7-34a715847668","Engine Company 31","http://commons.wikimedia.org/wiki/Special:FilePath/Engine%2031%20DC.JPG","HTTP 429"
"28d8ae70-2a67-43ad-9eea-fa5d2ff6ffd6","Museum of Modern Art in Caracas","http://commons.wikimedia.org/wiki/Special:FilePath/MAM%20Caracas.jpg","HTTP 429"
"290fb788-0be5-4756-83f3-f27e448f45ba","Adolfo Gonzales Chaves town hall","http://commons.wikimedia.org/wiki/Special:FilePath/Municipalidad%20Gonzalez%20Ch%C3%A1vez.jpg","HTTP 429"
"293e3352-3c53-4b10-b409-0aaf8e762737","Palace of Capodimonte","http://commons.wikimedia.org/wiki/Special:FilePath/Reggia%20di%20Capodimonte%201.JPG","HTTP 429"
"2973d7f6-3acc-4e2a-93a1-6ebb5ce5330e","Hitachi Station","http://commons.wikimedia.org/wiki/Special:FilePath/JR%20J%C5%8Dban%20Line%20Hitachi%20Station%20Platform.jpg","HTTP 429"
"2922da4f-c931-4be4-a29d-049d16dacbbf","Novodevichy Cemetery","http://commons.wikimedia.org/wiki/Special:FilePath/Novodevichy%20cemetery.jpg","HTTP 429"
"296e4ca4-c4f0-4bcc-b8d6-dd67cfeafad7","Casa F. Berenguer","http://commons.wikimedia.org/wiki/Special:FilePath/Casa%20Berenguer.jpg","HTTP 429"
"293f2f57-0198-40bc-95cd-294443ac9857","Panteón de Belén","http://commons.wikimedia.org/wiki/Special:FilePath/Atardecer%20en%20el%20pante%C3%B3n%20de%20Bel%C3%A9n%20hacia%20la%20Capilla%20de%20Santa%20Paula.jpg","HTTP 429"
"29782e4c-351c-4be1-9fe1-63b443a632cf","St. Augustinus","http://commons.wikimedia.org/wiki/Special:FilePath/St-Augustinus-Kirche-Stopfenheim.JPG","HTTP 429"
"295e5c73-48f8-44d8-9304-ca617c2b3df8","Toledo Museum of Art","http://commons.wikimedia.org/wiki/Special:FilePath/Toledo%20Museum%20of%20Art%20exterior%2002.jpg","HTTP 429"
"29d9802a-b3dc-4fc9-a0b0-534e49b47493","Enclos des fusillés","http://commons.wikimedia.org/wiki/Special:FilePath/Li%C3%A8ge-Enclos%20des%20Fusill%C3%A9s-001.jpg","HTTP 429"
"29e103f4-162b-4672-91c4-33bb07758c45","Hohøj","http://commons.wikimedia.org/wiki/Special:FilePath/Postament%20p%C3%A5%20Hoh%C3%B8j.jpg","HTTP 429"
"29bcd577-3511-4dac-90a5-4155bc914c3b","Old Astoria City Hall","http://commons.wikimedia.org/wiki/Special:FilePath/Astoria%20City%20Hall%20%28old%29%20in%202012.jpg","HTTP 429"
"298c1e26-0138-45d9-9130-86a70225be07","City-Haus","http://commons.wikimedia.org/wiki/Special:FilePath/City-Haus-2008.jpg","HTTP 429"
"29a022fd-2898-488c-97db-f63835ee088e","House of the Livonian Noble Corporation","http://commons.wikimedia.org/wiki/Special:FilePath/Flickr%20-%20Saeima%20-%204.maijs%20Saeim%C4%81%20%286%29.jpg","HTTP 429"
"2a542b1e-d5d7-4cb0-a7a8-fff5af123e18","Etihad Stadium","http://commons.wikimedia.org/wiki/Special:FilePath/City%20of%20Manchester%20Stadium%202023%20cropped.jpg","HTTP 429"
"2a3d2540-4ab6-4aae-9aa0-02ebe9f172d4","Jardine House","http://commons.wikimedia.org/wiki/Special:FilePath/HK%20Jardine%20House.jpg","HTTP 429"
"2a652593-b09f-46e8-aa47-d0333e2bdd85","Masny Churchyard","http://commons.wikimedia.org/wiki/Special:FilePath/Masny%20-%20Cimeti%C3%A8re%20de%20l%27%C3%A9glise%20Saint-Martin%20%2804%29.JPG","HTTP 429"
"2a2c585a-b869-492e-a3e3-e1d9237c818e","Apollolaan 166, Amsterdam","http://commons.wikimedia.org/wiki/Special:FilePath/Apollolaan%20166.JPG","HTTP 429"
"2a405036-7d9e-4615-a58b-b5414a38fb92","Teatro Farnese","http://commons.wikimedia.org/wiki/Special:FilePath/Parma-teatro-farnese-in-national-gallery.jpg","HTTP 429"
"2a5dc3a9-6758-407d-8476-1c1b4912fad3","Erieview Tower","http://commons.wikimedia.org/wiki/Special:FilePath/Erieviewtower.jpg","HTTP 429"
"2a144aff-0202-4352-bf13-385b8e929d6a","Croatian National Theatre in Zagreb","http://commons.wikimedia.org/wiki/Special:FilePath/Croatian%20National%20Theatre%20in%20Zagreb%2C%20April%2018%2C%202022.jpg","HTTP 429"
"2aad4328-4bba-465d-972b-2c004871d3b3","Saint Thomas Aquinas Church","http://commons.wikimedia.org/wiki/Special:FilePath/St.%20Thomas-von-Aquin-Kirche%20%28Berlin-Charlottenburg%29.jpg","HTTP 429"
"2af3c215-8408-41b5-9527-c8a825944fc2","Arena Amazônia","http://commons.wikimedia.org/wiki/Special:FilePath/Arena%20Amaz%C3%B4nia%20Manaus.jpg","HTTP 429"
"2a92f3dd-9766-4787-9da1-6562413a21bc","860–880 Lake Shore Drive Apartments","http://commons.wikimedia.org/wiki/Special:FilePath/860-880%20Lake%20Shore%20Drive.jpg","HTTP 429"
"2ac6d1bc-fbab-4c40-8ad0-50d14dca88a9","Westerveld","http://commons.wikimedia.org/wiki/Special:FilePath/Anthony.Fokker.grave.jpg","HTTP 429"
"2ae4a699-2970-4ec8-ad80-7f897876cb7a","Valhalla Memorial Park Cemetery","http://commons.wikimedia.org/wiki/Special:FilePath/Valhalla%20Cemetery%20Fountain.jpg","HTTP 429"
"2abe480b-60eb-41f2-9870-6f82be831065","Fernhill Cemetery","http://commons.wikimedia.org/wiki/Special:FilePath/Misses%20McIntyre%20and%20Mr.%20Folkins%20at%20the%20Fernhill%20Cemetery%20%28PR2004-001.39.4-164%29.jpg","HTTP 429"
"2aa177e3-608d-4b64-97bd-7a0652c45bf5","City of Capitals","http://commons.wikimedia.org/wiki/Special:FilePath/City%20Of%20Capitals%2020th%20October%202012.JPG","HTTP 429"
"2b1d1a8c-b723-4065-adb6-33a69c18b306","Yosemite National Park Post Office","http://commons.wikimedia.org/wiki/Special:FilePath/Yosemite%20Village%20Historic%20District-10.jpg","HTTP 429"
"2b39e04e-2ba6-4740-9c51-08451cb9b55a","World War I Cemetery nr 82 in Męcina Wielka","http://commons.wikimedia.org/wiki/Special:FilePath/82MecinaWielka1.jpg","HTTP 429"
"2b847692-c64a-4411-9e7b-3649d7f3c779","Vitebsky railway station","http://commons.wikimedia.org/wiki/Special:FilePath/Vitebsky%20Railway%20Terminal.jpg","HTTP 429"
"2b3b94d0-dcd8-4abd-b846-926323987e83","McLaren Technology Centre","http://commons.wikimedia.org/wiki/Special:FilePath/Mclaren%20Tecnology%20Centre.jpg","HTTP 429"
"2b491379-13eb-4f60-8784-4a0a1b7bbc9b","Cemetery of Steenvoorde","http://commons.wikimedia.org/wiki/Special:FilePath/Cimetiere%20%28Steenvoorde%29.JPG","HTTP 429"
"2b5007a0-5095-44a1-a734-2d2e05366d9f","Ecques Churchyard","http://commons.wikimedia.org/wiki/Special:FilePath/Ecques%20-%20Eglise%20-%202.JPG","HTTP 429"
"2b13bef7-951e-4c80-9f96-6f85fa1fc798","The San Marino","http://commons.wikimedia.org/wiki/Special:FilePath/Miami%20Beach%20-%20The%20San%20Marino.jpg","HTTP 429"
"2b2e1f46-205e-43f1-afbc-9b297cf39dee","Paustian House","http://commons.wikimedia.org/wiki/Special:FilePath/Utzonhuset%20i%20marts%202023.jpg","HTTP 429"
"2b3c5591-0bee-47dc-acde-cd9be40016d7","Pfarrkirche Großstübing","http://commons.wikimedia.org/wiki/Special:FilePath/Kirche%20Gro%C3%9Fst%C3%BCbing%20Seite.jpg","HTTP 429"
"2b75f8f5-9490-4d6f-bfb7-081042f92c54","Hyde Mansion","http://commons.wikimedia.org/wiki/Special:FilePath/BathME%20HydeMansion.jpg","HTTP 429"
"2b475071-2de5-44dd-8e94-5361e85e5a24","Lancy-Bachet railway station","http://commons.wikimedia.org/wiki/Special:FilePath/Rails%20%40%20Gare%20de%20Lancy%20-%20Bachet%20%40%20Lancy%20%2850838212282%29.jpg","HTTP 429"
"2b6a154c-0a24-4479-98d2-4422a2243e87","Grafheuvels 45790, Elsen","http://commons.wikimedia.org/wiki/Special:FilePath/Overzicht%20grafheuvel%20bij%20De%20Friezenberg%20-%20Elsen%20-%2020529908%20-%20RCE.jpg","HTTP 429"
"2bc516c6-46b6-4bce-83c8-86d0283ee084","Chapel on the Water","http://commons.wikimedia.org/wiki/Special:FilePath/Church%20on%20the%20Water%20Exterior1.jpg","HTTP 429"
"2b9cdc32-5761-43f5-912f-51bc8024c982","Kyiv Forest Cemetery","http://commons.wikimedia.org/wiki/Special:FilePath/Desnyans%27kyi%20district%2C%20Kiev%2C%20Ukraine%20-%20panoramio%20%288%29.jpg","HTTP 429"
"2ba68ab7-fa10-4908-b92e-a09b8f55ab8f","Cebeci Asri Cemetery","http://commons.wikimedia.org/wiki/Special:FilePath/Cebeci%20Asri%20Mezarl%C4%B1%C4%9F%C4%B1%2C%202012%20%C5%9Eubat.jpg","HTTP 429"
"2bb04d26-cab4-4cad-90ff-6ae3fa3a9aae","Esplanada dos Ministérios, Bloco P","http://commons.wikimedia.org/wiki/Special:FilePath/Minist%C3%A9rio%20da%20Fazenda%202017%2003%2015%203.jpg","HTTP 429"
"2b939c37-611f-471e-8958-9f223c810192","Santa Maria Assunta","http://commons.wikimedia.org/wiki/Special:FilePath/Genova%2C%20Basilica%20di%20Santa%20Maria%20Assunta%20di%20Carignano%2C%202020%2C%20by%20Luca%20Dea%2C%20crop.jpg","HTTP 429"
"2b9ca6a3-5888-43df-982c-a207377210dd","Sorring Låddenhøj","http://commons.wikimedia.org/wiki/Special:FilePath/Sorring%20ved%20toppen%20af%20Loddenh%C3%B8j.JPG","HTTP 429"
"2c0934db-d703-4cdc-a5a0-513ac507b9b4","Schönbrunn Palace","http://commons.wikimedia.org/wiki/Special:FilePath/Schloss%20Sch%C3%B6nbrunn%20Wien%202014%20%28Zuschnitt%202%29.jpg","HTTP 429"
"2c371870-c5a1-4a92-99a9-fb98e4062bc0","Bab al-Saghir Cemetery","http://commons.wikimedia.org/wiki/Special:FilePath/UmmAlHassan-AsmaBintUmays-BintMuslimIbnAqeel.jpg","HTTP 429"
"2c12f770-add2-4202-a0f6-780ff9b0cec6","Nathaniel Thayer Estate","http://commons.wikimedia.org/wiki/Special:FilePath/Thayer%20music%20building.jpg","HTTP 429"
"2bd8bb19-abb0-4536-b406-963a7d5f9f6d","Lisikhinsk Cemetery","http://commons.wikimedia.org/wiki/Special:FilePath/Olkhon%20A.%20S.%20%282%29.JPG","HTTP 429"
"2bdcb5e4-60b8-4891-9761-494a04ac0e3c","Lexington Cemetery","http://commons.wikimedia.org/wiki/Special:FilePath/LexingtonCemetery.JPG","HTTP 429"
"2bff80ad-762d-4896-be7f-33f0514c6aa9","Dorotheenstadt Cemetery","http://commons.wikimedia.org/wiki/Special:FilePath/Grab-Brecht-Weigel.JPG","HTTP 429"
"2bdba0a5-96a9-45f1-ad1f-57a7a2b94426","Prinsenhof","http://commons.wikimedia.org/wiki/Special:FilePath/Prinsenh1.jpg","HTTP 429"
"2c306860-d936-49fc-b967-420b0e469ca7","Hoofdpostkantoor, Utrecht","http://commons.wikimedia.org/wiki/Special:FilePath/Postkantoor%20Neude1.jpg","HTTP 429"
"2c1c330d-423e-49cf-8414-5457fc4ca934","People's National Bank Building","http://commons.wikimedia.org/wiki/Special:FilePath/Peoples%20National%20Bank%20%281%20of%201%29.jpg","HTTP 429"
"2be5262d-9bb7-468b-b9d1-970fead6dfc8","Tumulus de Kermain","http://commons.wikimedia.org/wiki/Special:FilePath/TumulusdeKermain.jpg","HTTP 429"
"2c6c14a7-b972-4f3e-9606-4eccac4e8e05","Palais Gise","http://commons.wikimedia.org/wiki/Special:FilePath/PalaisGise.jpg","HTTP 429"
"2c79e1b9-1639-454e-93f0-115ea577351a","Thomas V. Porter House","http://commons.wikimedia.org/wiki/Special:FilePath/Jax%20FL%20Thomas%20Porter%20House03.jpg","HTTP 429"
"2ca9c0ef-a91d-4746-9988-5d487812ab2c","Shrine Cemetery","http://commons.wikimedia.org/wiki/Special:FilePath/Bucquoy%20Shrine%20Cemetery%2016.jpg","HTTP 429"
"2c9cc36b-7a85-49b1-be02-12780ccd5070","Dr. Van Buren Knott House","http://commons.wikimedia.org/wiki/Special:FilePath/Knott%20house%20%28Sioux%20City%29%20from%20E%201.JPG","HTTP 429"
"2c834046-4437-4fdd-8651-e463187c8415","Nature Church","http://commons.wikimedia.org/wiki/Special:FilePath/Wooden%20seats%20at%20Nature%20Church.JPG","HTTP 429"
"2cbcedc4-5278-4642-a358-b8a706c2bffd","Pfarrkirche Hl. Drei Könige","http://commons.wikimedia.org/wiki/Special:FilePath/Hl%20Drei%20K%C3%B6nige%20Hittisau%201.JPG","HTTP 429"
"2cfd367b-ddca-4b6b-ad1a-0a9be6c04b63","Eastern Slope Inn","http://commons.wikimedia.org/wiki/Special:FilePath/Eastern%20Slope%20Inn.jpg","HTTP 429"
"2d1dda09-c17d-4fae-816c-ea54abe7930d","Oisemont Communal Cemetery","http://commons.wikimedia.org/wiki/Special:FilePath/Oisemont%2C%20Somme%2C%20Fr%2C%20cimeti%C3%A8re%2C%20monument.jpg","HTTP 429"
"2d8a447b-f784-4ceb-a317-130017e5ca76","Roam Artisan Burgers","https://img.vago.to/places/cover/v1/2d/8a/2d8a447b-f784-4ceb-a317-130017e5ca76.jpg","HTTP 404"
"2da6c067-d7d1-4e5f-ac55-910e65962e20","Adam P. Leighton House","http://commons.wikimedia.org/wiki/Special:FilePath/261%20Western%20Promenade%2C%20Portland%20ME.jpg","HTTP 429"
"2d427aaa-e7db-4304-a42c-1717660f629f","Teatro di San Carlo","http://commons.wikimedia.org/wiki/Special:FilePath/Teatro%20de%20San%20Carlos%2C%20N%C3%A1poles%2C%20Italia%2C%202023-03-25%2C%20DD%20184-186%20HDR.jpg","HTTP 429"
"2d399e6f-9593-49a3-8972-f03f4315d849","Twee grafheuvels, alsmede zones","http://commons.wikimedia.org/wiki/Special:FilePath/06300017grafheuvelbijbegraafplaatsoosterbeek.JPG","HTTP 429"
"2d8ef7fd-d753-4474-bc94-ebd8e1027311","Transfiguration Cathedral","http://commons.wikimedia.org/wiki/Special:FilePath/%D0%A1%D0%BF%D0%B0%D1%81%D0%BE-%D0%9F%D1%80%D0%B5%D0%BE%D0%B1%D1%80%D0%B0%D0%B6%D0%B5%D0%BD%D1%81%D0%BA%D0%B8%D0%B9%20%D1%81%D0%BE%D0%B1%D0%BE%D1%80%20%28Sigma10-20%201%29.jpg","HTTP 429"
"2db5dbdd-a7a6-48e4-ad34-9364c90732d5","Heydar Aliyev Cultural Center","http://commons.wikimedia.org/wiki/Special:FilePath/Baku%2015%2006%2014%20216000.jpeg","HTTP 429"
"2e3009bd-6367-42c2-a354-259ee195bb18","Arakura Fuji Sengen Shrine","https://img.vago.to/places/cover/v1/2e/30/2e3009bd-6367-42c2-a354-259ee195bb18.jpg","HTTP 404"
"2e5f8eac-e3a9-45c2-9fda-9bd1dd450f47","New York Public Library for the Performing Arts","http://commons.wikimedia.org/wiki/Special:FilePath/LPA%20at%20night.jpg","HTTP 429"
"2e4402d4-a46d-4026-92de-5045b62efc22","Bank of Shanghai Headquarters","http://commons.wikimedia.org/wiki/Special:FilePath/Bank%20of%20Shanghai%20Headquarters.jpg","HTTP 429"
"2e241230-9edb-4a63-a014-08d7f40945da","Green Mount Cemetery","http://commons.wikimedia.org/wiki/Special:FilePath/Green%20Mount%20Cemetery%20%28Montpelier%2C%20Vermont%29%20entrance.jpg","HTTP 429"
"2e20cf7b-9ecb-4c7a-b15f-97c3599306d7","Grinzing Cemetery","http://commons.wikimedia.org/wiki/Special:FilePath/Grinzing%20%28Wien%29%20-%20Friedhof.JPG","HTTP 429"
"2e34bb3e-acdb-4f34-b0e5-43d3fa584045","Vitra Fire Station","http://commons.wikimedia.org/wiki/Special:FilePath/Vitra%20Campus%20-%20Hadid%20Fire%20Station%20-%20full%20view%2C%20blue%20sky.jpg","HTTP 429"
"2e470ba7-b9a6-42a5-b340-3203027837e4","Central Cemetery of Bogotá","http://commons.wikimedia.org/wiki/Special:FilePath/Portada%20Cementerio.jpg","HTTP 429"
"2e06fb5f-e70d-4452-ab86-aebb17dbf041","Balmoral Castle","http://commons.wikimedia.org/wiki/Special:FilePath/Balmoral%20Castle.jpg","HTTP 429"
"2df91fca-c625-47de-804e-14a73b2ccc86","Scottish Rite Dormitory","http://commons.wikimedia.org/wiki/Special:FilePath/Scottish%20rite%20dormitory%202007.jpg","HTTP 429"
"2e7567c2-b75e-4a9e-9296-c759c7ff99ca","Ippudo (Ginza)","https://example.com/ippudo_ginza.jpg","HTTP 404"
"2f00bc3f-38a3-4d58-b5b7-d0e371f0f860","Lorraine American Cemetery and Memorial","http://commons.wikimedia.org/wiki/Special:FilePath/Cimeti%C3%A8re%20am%C3%A9ricain%20de%20Saint-Avold.JPG","HTTP 429"
"2ed4669e-4a78-429c-8609-c8ed98b16799","Bernardin-Johnson House","http://commons.wikimedia.org/wiki/Special:FilePath/Bernardin-Johnson%20House%20rear.jpg","HTTP 429"
"2ec23203-6cc3-4ef3-a01b-33006dd4e420","Druzhba Hotel in Vyborg","http://commons.wikimedia.org/wiki/Special:FilePath/Hotel%20Druzhba%20In%20Vyborg.jpg","HTTP 429"
"2ed29cc0-4c11-42f3-8d21-9872eed77f63","Thracian tomb Ostrusha","http://commons.wikimedia.org/wiki/Special:FilePath/Ostrusha.JPG","HTTP 429"
"2e856f72-c593-4ee8-b256-184470f3bcf7","Statistisches Landesamt","http://commons.wikimedia.org/wiki/Special:FilePath/LDS%20NRW%20MainBuilding.jpg","HTTP 429"
"2ef8d380-9dc3-40d7-a1a8-4a5ed1234db5","L Tower","http://commons.wikimedia.org/wiki/Special:FilePath/L%20Tower%20from%20The%20Esplanande.JPG","HTTP 429"
"2f1dd141-8c60-4ee0-bfd1-6602925b5d73","Mind Cafe","https://img.vago.to/places/cover/v1/2f/1d/2f1dd141-8c60-4ee0-bfd1-6602925b5d73.jpg","HTTP 404"
"2f29ce76-4aec-4b26-bc19-374431bba638","New World Center","http://commons.wikimedia.org/wiki/Special:FilePath/New%20World%20Center%20main%20entrance%20and%20lobby.jpg","HTTP 429"
"2f3bbd43-4f1b-4b55-82bc-682a815d7aa1","Fairview Cemetery","http://commons.wikimedia.org/wiki/Special:FilePath/Fairview%20Cemetery%2C%20Westford%20MA.jpg","HTTP 429"
"2f483ed8-30d9-434a-b86d-2056b6098d9d","Shiodome City Center","http://commons.wikimedia.org/wiki/Special:FilePath/Shiodome%20City%20Center%2023.jpg","HTTP 429"
"2f2dd582-de32-4edf-b813-0f2db98a8bf1","Green Building","http://commons.wikimedia.org/wiki/Special:FilePath/Green%20Building%2C%20MIT%2C%20Cambridge%2C%20Massachusetts.JPG","HTTP 429"
"2f33ce8f-7fe2-4ca5-9438-67ff6697295e","Lier Belgian Military Cemetery","http://commons.wikimedia.org/wiki/Special:FilePath/Belgische%20Militaire%20Begraafplaats%20van%20Lier-2.JPG","HTTP 429"
"2f25787d-19d3-4a79-94da-e3adbe2fa51f","Oughter Ard","http://commons.wikimedia.org/wiki/Special:FilePath/Oughterard%20Irish%20Round%20Tower%20County%20Kildare.JPG","HTTP 429"
"2f571b18-b4bf-409d-8c18-91a61cdcf003","Four Domes Pavilion, Wrocław","http://commons.wikimedia.org/wiki/Special:FilePath/Pawilon%20Czterech%20Kopu%C5%82%20po%20remoncie.jpg","HTTP 429"
"2f21e0a6-b16a-472a-81e1-81bc127d1a61","Kirby-Hill House","http://commons.wikimedia.org/wiki/Special:FilePath/Kirby%20hill%20house%20kountze%20texas%202014.jpg","HTTP 429"
"2faaa158-1dd6-4978-b064-3b370fbe8702","Baensch House","http://commons.wikimedia.org/wiki/Special:FilePath/Berlin-Spandau%20H%C3%B6henweg%209%20LDL%2009046213.JPG","HTTP 429"
"2ff5d3d5-43b2-4466-93e5-f10b3399f5b3","Villa Cele-María","http://commons.wikimedia.org/wiki/Special:FilePath/Villa%20Cele%20Mar%C3%ADa.jpg","HTTP 429"
"2fb4a279-8112-46ff-aff0-aeb3e60240f9","First Baptist Church of Bowdoin and Coombs Cemetery","http://commons.wikimedia.org/wiki/Special:FilePath/First%20Baptist%20Church%20of%20Bowdoin%2C%20Bowdoin%20ME.jpg","HTTP 429"
"2fe40f00-04d4-49eb-8629-55e909ef56dc","Golovinskoye Cemetery","http://commons.wikimedia.org/wiki/Special:FilePath/Golovino%20Cemetery%20-%20Entrance.jpg","HTTP 429"
"2ff95c94-31a0-4a5a-a976-3c7598b71b74","Santa Maria in Trastevere","http://commons.wikimedia.org/wiki/Special:FilePath/Roma%20-%20Basilica%20di%20Santa%20Maria%20in%20Trastevere%2020231228-02.jpg","HTTP 429"
"2f7db812-1292-4770-bc80-d09859062200","Kleanthis Vikelidis Stadium","http://commons.wikimedia.org/wiki/Special:FilePath/Aris-Atletiko2010.jpg","HTTP 429"
"2f96d058-9637-4663-9590-63429283b7da","Bazelon-McGovern House","http://commons.wikimedia.org/wiki/Special:FilePath/Bazelon-McGovern%20House.jpg","HTTP 429"
"2f581003-c1e7-401e-b584-8d4ff00f29a4","Annezin Communal Cemetery","http://commons.wikimedia.org/wiki/Special:FilePath/Annezin%20Communal%20Cemetery%20-17.jpg","HTTP 429"
"2f60deb2-a69d-4494-a6a1-0db2c3f88e86","Warenhuis, in oorsprong gebouwd voor Vroom & Dreesmann in expressionistische stijl","http://commons.wikimedia.org/wiki/Special:FilePath/Den%20Haag%20-%20Spui%203.JPG","HTTP 429"
"3040f042-182c-457f-ab1e-926a4486cef5","333 North Michigan","http://commons.wikimedia.org/wiki/Special:FilePath/20070516%20333%20North%20Michigan.JPG","HTTP 429"
"2fff69cb-c677-4b87-b12a-814944b032c4","Ruyaulcourt Military Cemetery","http://commons.wikimedia.org/wiki/Special:FilePath/Ruyaulcourt%20Military%20Cemetery%2032.jpg","HTTP 429"
"3032189d-4128-464f-a176-24cee524b359","Soues churchyard","http://commons.wikimedia.org/wiki/Special:FilePath/Soues%20%C3%A9glise%20et%20cimeti%C3%A8re%201.jpg","HTTP 429"
"30010e1f-b591-43e7-9334-7a44056959b6","Dissignac tumulus","http://commons.wikimedia.org/wiki/Special:FilePath/Tumulus%20Dissignac2.jpg","HTTP 429"
"30091458-2ff7-4c44-8a96-8520e29c2c6b","Tombs of the Kings","http://commons.wikimedia.org/wiki/Special:FilePath/Tombs%20of%20the%20Kings%20%28Paphos%29.jpg","HTTP 429"
"30131999-a120-4ffc-b3cb-8d86c8fe6840","First National Center","http://commons.wikimedia.org/wiki/Special:FilePath/Oklahoma%20City%20May%202016%2019%20%28First%20National%20Center%29.jpg","HTTP 429"
"30354c77-8174-4b9f-bfec-3f06a8852e1c","Great Cemetery","http://commons.wikimedia.org/wiki/Special:FilePath/Great%20Cemetery%20Riga%2006.jpg","HTTP 429"
"303c86bc-2ca2-41bd-9881-a756c52e8ecf","St. Anne's Church","http://commons.wikimedia.org/wiki/Special:FilePath/Ko%C5%9Bci%C3%B3%C5%82%20%C5%9Bw.%20Anny%20w%20Warszawie%202020.jpg","HTTP 429"
"300b6fc8-2120-4b1a-b7d1-6456d1c8f1a9","Georgetown Central School","http://commons.wikimedia.org/wiki/Special:FilePath/GeorgetownMA%20TownHall.jpg","HTTP 429"
"301b7537-32b3-482a-a0b4-ee592f7fea5c","Cimetière de Montrouge","http://commons.wikimedia.org/wiki/Special:FilePath/Cimeti%C3%A8re%20de%20Montrouge%20-%20Vue%20g%C3%A9n%C3%A9rale.jpg","HTTP 429"
"302ad1a7-0e4c-47fb-9cd1-42a08b693571","Palazzo Aldrovandi","http://commons.wikimedia.org/wiki/Special:FilePath/Palazzo%20Aldovrandi%20Montanari%2001.JPG","HTTP 429"
"3009a509-647c-4e15-9a68-17f50b585eeb","Faumont churchyard","http://commons.wikimedia.org/wiki/Special:FilePath/Faumont%20%28Nord%2C%20Fr%29%20Tombes%20de%20guerre%20de%20la%20CWGC.JPG","HTTP 429"
"3050f429-bf59-456b-bd5a-8c66980b09ba","Cathedral of Trier","http://commons.wikimedia.org/wiki/Special:FilePath/Dom%20und%20Liebfrauen%20Trier.jpg","HTTP 429"
"305bcca7-d554-4426-9d51-151ca36db133","Westendstrasse 1","http://commons.wikimedia.org/wiki/Special:FilePath/Frankfurt%20Am%20Main-Westend%20Tower-Ansicht%20vom%20Maintower.jpg","HTTP 429"
"30947145-bc9f-4b0d-b84a-2ed48ab08791","Fontaine-au-Pire Communal Cemetery","http://commons.wikimedia.org/wiki/Special:FilePath/Fontaine-au-Pire%20Communal%20Cemetery%2017.jpg","HTTP 429"
"304e2b15-a334-4832-a48b-e56a4cd33b76","East Finchley Cemetery","http://commons.wikimedia.org/wiki/Special:FilePath/East%20Finchley%20cemetery.jpg","HTTP 429"
"306fa554-0929-4e4a-b3bc-8763bc0fb9d1","Eden Project","http://commons.wikimedia.org/wiki/Special:FilePath/Eden%20Project%20geodesic%20domes%20panorama.jpg","HTTP 429"
"3052f728-736f-4b33-9d39-794041b9c943","Englebelmer Communal Cemetery","http://commons.wikimedia.org/wiki/Special:FilePath/Englebelmer%20cimeti%C3%A8re%201.jpg","HTTP 429"
"308b44e4-2e18-4334-b672-5f684170f4c2","Museum of the History of Polish Jews","http://commons.wikimedia.org/wiki/Special:FilePath/Museum%20of%20the%20History%20of%20Polish%20Jews%20in%20Warsaw%20building%200011.jpg","HTTP 429"
"309cd56e-3c1d-4777-aeea-2ba7ccab9b32","Back Creek Presbyterian Church and Cemetery","http://commons.wikimedia.org/wiki/Special:FilePath/2012-09-28%2017-49-28%2027%20back%20creek%20church.jpg","HTTP 429"
"30f9dae0-f3ee-4a96-aa28-b534e7b90e96","World War I Cemetery nr 61 in Gładyszów","http://commons.wikimedia.org/wiki/Special:FilePath/G%C5%82adysz%C3%B3w-Wirchne%2C%20cmentarz%20wojenny%20nr%2061%2C%20%28HB1%29.jpg","HTTP 429"
"30e7ab7b-286e-476f-9e64-6b7d9f9915ed","Hospital of Innocents","http://commons.wikimedia.org/wiki/Special:FilePath/Spedale%20innocenti%2C%20veduta%2001.JPG","HTTP 429"
"30aa278d-c1e3-4a96-bb48-e2e5fbbb93b9","Soviet officers cemetery in Wrocław","http://commons.wikimedia.org/wiki/Special:FilePath/Cm%20of%20radz%20wroc.jpg","HTTP 429"
"30c7de12-e724-4b39-9090-4156c11d9b1e","Woodlawn Memorial Cemetery","http://commons.wikimedia.org/wiki/Special:FilePath/Woodlawn%20Cemetery%20Elks%20Pavilion.JPG","HTTP 429"
"30bb3c62-5269-40d2-a3aa-be5e4691a3b7","Friedhof Nymphenburg","http://commons.wikimedia.org/wiki/Special:FilePath/Friedhof%20Nymphenburg-1.jpg","HTTP 429"
"30b30543-9c87-4b71-ae00-0e9929c92f07","Noorderbegraafplaats","http://commons.wikimedia.org/wiki/Special:FilePath/Noorderbegraafplaats.jpg","HTTP 429"
"30e42489-3c41-48bd-b626-c16e3a7d80ee","St. Nicholas Roman Catholic Church, Kyiv","http://commons.wikimedia.org/wiki/Special:FilePath/Kiev-StNicholasRomanCatholicCathedral.jpg","HTTP 429"
"30f8b0c8-5f32-4072-8daf-d6c436e3998a","Wurzburg Cathedral","http://commons.wikimedia.org/wiki/Special:FilePath/Dom%20Wuerzburg.jpg","HTTP 429"
"30db2c29-3c80-4f08-ae41-d8fb5e103c8d","monumental cemetery of Forlì","http://commons.wikimedia.org/wiki/Special:FilePath/Forl%C3%AC%2C%20cimitero%20monumentale%20%2803%29.jpg","HTTP 429"
"3167b3ff-9894-4d52-9ac6-d4730cf17889","Cha Tra Mue","https://img.vago.to/places/cover/v1/31/67/3167b3ff-9894-4d52-9ac6-d4730cf17889.jpg","HTTP 404"
"3139fbf2-200f-4503-a571-76d8719da5db","Bümpliz Cemetery","http://commons.wikimedia.org/wiki/Special:FilePath/Gr%C3%A4ber%20im%20Friedhof%20B%C3%BCmpliz.JPG","HTTP 429"
"312dcbf9-e1e7-4134-8f78-43145f7f4844","Terrein waarin 8 grafheuvels","http://commons.wikimedia.org/wiki/Special:FilePath/Rijksmonument-45849-20140609125530.jpg","HTTP 429"
"31465fdd-2e13-42b3-a6fa-5f3ce8075de7","Y Farm Military Cemetery","http://commons.wikimedia.org/wiki/Special:FilePath/Y%20Farm%20Military%20Cemetery.1.JPG","HTTP 429"
"311292fb-58ec-491d-bb6e-9a9eaf668efa","Cementerio Británico","http://commons.wikimedia.org/wiki/Special:FilePath/Cementerio%20Brit%C3%A1nico.JPG","HTTP 429"
"30fd02cd-f26b-489f-b671-ab80c5627d7c","Caudry Old Communal Cemetery","http://commons.wikimedia.org/wiki/Special:FilePath/Caudry%20-%20Vieux%20cimeti%C3%A8re%20%28A%29.JPG","HTTP 429"
"3108400e-0cdb-43e5-8f86-760c1a3e3637","Sestroretsk cemetery","http://commons.wikimedia.org/wiki/Special:FilePath/Sestroretsk%20cemetery%202.JPG","HTTP 429"
"31731892-ce70-4ca8-bd41-58bc9153038a","La Rambla","https://example.com/larambla.jpg","HTTP 404"
"3178f2b5-2f8e-4bd5-a906-21526734e3a3","Le Paquebot","http://commons.wikimedia.org/wiki/Special:FilePath/Immeuble%20de%20Pierre%20Patout%20Bd%20Victor%20Paris%20XV.jpg","HTTP 429"
"319b77ff-ecb5-4390-b339-c26a091d89b4","Agenville Churchyard","http://commons.wikimedia.org/wiki/Special:FilePath/Agenville%202.JPG","HTTP 429"
"3199eb3a-9f4b-4ae7-a7a9-caa6099ee346","Einkehrhaus Waidmannsruh","http://commons.wikimedia.org/wiki/Special:FilePath/K%C3%B6nigswinter%20Einkehrhaus%20Waidmannsruh%20%281%29.jpg","HTTP 429"
"31957612-dc73-41d1-af8c-e8515f61dd66","Ta' Tabibu farmhouse","http://commons.wikimedia.org/wiki/Special:FilePath/Ta%20Tabibu%20Farmhouse.jpeg","HTTP 429"
"31f4aee1-e3c0-4fb6-a109-f61ba4ffc807","World War I Cemetery nr 13 in Cieklin","http://commons.wikimedia.org/wiki/Special:FilePath/Nr13%20Cieklin1b.JPG","HTTP 429"
"31be37f9-84e2-4595-86fc-2c610c36f829","Richardson Building","http://commons.wikimedia.org/wiki/Special:FilePath/Richardson%20building%2C%20Winnipeg%20MB.jpg","HTTP 429"
"317714a7-086a-4d5f-894c-eecfed881eb3","World War I Cemetery nr 70 in Owczary","http://commons.wikimedia.org/wiki/Special:FilePath/70Owczary0.jpg","HTTP 429"
"31db3147-8d69-4eb9-b75c-ca5a5a6baeb9","Pavilion No. 20 Chemical Industry at the VDNKh","http://commons.wikimedia.org/wiki/Special:FilePath/%22%D0%92%D0%92%D0%A6%20-%20%D0%BF%D0%B0%D0%B2%D0%B8%D0%BB%D1%8C%D0%BE%D0%BD%20%E2%84%96%2020%22.JPG","HTTP 429"
"326cd9ae-60a5-40a5-8f51-6e7bed8e0fc7","Munkeruphus","http://commons.wikimedia.org/wiki/Special:FilePath/Munkeruphus%203.JPG","HTTP 429"
"3272ea22-36b4-4aee-90f7-aa931c9cc482","Christ Church Burial Ground","http://commons.wikimedia.org/wiki/Special:FilePath/Christ%20Church%20Burial%20Ground%20Quincy%20MA.jpg","HTTP 429"
"32668749-5582-4b0e-9d9d-373bb40a0cb8","Episcopal Burying Ground and Chapel","http://commons.wikimedia.org/wiki/Special:FilePath/Old%20Episcopal%20Burying%20Ground%20and%20Chapel%2C%20Lexington%20Kentucky.jpg","HTTP 429"
"32539dd4-d768-4a47-a5ae-e1c382ade338","Tikhvin Cemetery","http://commons.wikimedia.org/wiki/Special:FilePath/%D0%9D%D0%B5%D0%BA%D1%80%D0%BE%D0%BF%D0%BE%D0%BB%D1%8C%2010.jpg","HTTP 429"
"321fc298-c197-4024-b7dc-648c14a399d2","Bogoslovskoe cemetery","http://commons.wikimedia.org/wiki/Special:FilePath/Marinesko%20tomb%2001.jpg","HTTP 429"
"32631577-e0ad-4acd-a854-6eec71c53397","Glienicke Palace","http://commons.wikimedia.org/wiki/Special:FilePath/Schloss%20Glienicke%20S%C3%BCden.jpg","HTTP 429"
"3244fcd9-d533-47ba-b71a-df9bfbc25819","Renaissance Paris Arc de Triomphe Hotel","http://commons.wikimedia.org/wiki/Special:FilePath/2003-2008%20Renaissance%20Paris%20Wagram%20Hotel%2C%20Paris.jpg","HTTP 429"
"3291df95-5f71-4128-b667-b92d8eb72acb","Kalvebod Bølge","https://img.vago.to/places/cover/v1/32/91/3291df95-5f71-4128-b667-b92d8eb72acb.jpg","HTTP 404"
"32e77083-f196-49fc-9d57-abc10b6ce7c1","Contemporary Arts Museum of Lyon","http://commons.wikimedia.org/wiki/Special:FilePath/General%20view%20-%20Parc%20de%20la%20T%C3%AAte%20d%27Or%20-%20DSC05248.jpg","HTTP 429"
"32a156f5-13be-4165-b119-0ba597038bfd","Olana State Historic Site","http://commons.wikimedia.org/wiki/Special:FilePath/Olana%2C%20August%202015.jpg","HTTP 429"
"32d395d2-2f1d-4f13-8a8d-f8fcfd6c4c99","Constanța Casino","http://commons.wikimedia.org/wiki/Special:FilePath/Constan%C8%9Ba%20Casino%202025%20%2854606449888%29.jpg","HTTP 429"
"32eb06af-dc6f-44fe-909c-08db6046741b","Genève-Champel railway station","http://commons.wikimedia.org/wiki/Special:FilePath/FLIRT-SL2-Gen%C3%A8ve-Champel-Coppet-quai.jpg","HTTP 429"
"32bf0d67-de0e-4524-84cb-d71e5ff06988","Sun Yard","http://commons.wikimedia.org/wiki/Special:FilePath/Trogen-Sonnenhof.jpg","HTTP 429"
"3303ac0f-1e58-430f-ad3c-aa117b7f3721","Patagonia Shibuya, Tokyo","https://img.vago.to/places/cover/v1/33/03/3303ac0f-1e58-430f-ad3c-aa117b7f3721.jpg","HTTP 404"
"33158400-8760-4d82-8b3a-95de8beeb6c2","1211 Avenue of the Americas","http://commons.wikimedia.org/wiki/Special:FilePath/1211%20Avenue%20of%20the%20Americas.jpg","HTTP 429"
"333cb77b-b372-45d6-a167-09f0f84c8e74","Condorcet Building","http://commons.wikimedia.org/wiki/Special:FilePath/Paris7%20condorcet.jpg","HTTP 429"
"33026a97-b907-4587-845f-7aa055aae849","Abney Park Cemetery","http://commons.wikimedia.org/wiki/Special:FilePath/Abney%20park%20east%20gate.jpg","HTTP 429"
"3328121b-bda2-4227-a01d-bcfa705c4691","Palazzo Senatorio","http://commons.wikimedia.org/wiki/Special:FilePath/Estatua%20ecuestre%20de%20Marco%20Aurelio%20y%20palacio%20Senatorio%2C%20Roma%2C%20Italia%2C%202022-09-16%2C%20DD%2036.jpg","HTTP 429"
"332a81f7-4963-4d5a-83eb-39ec9748093f","Tolentini","http://commons.wikimedia.org/wiki/Special:FilePath/Chiesa%20di%20San%20Nicola%20da%20Tolentino%20%28Venice%29.jpg","HTTP 429"
"331cc2e6-0a35-4faf-8bbb-500a41659bcc","De Dageraad","http://commons.wikimedia.org/wiki/Special:FilePath/Amsterdam%20De%20Dageraad%20007.JPG","HTTP 429"
"33ab8007-5922-4081-b0bf-10a031bc13ad","Rookery British Cemetery","http://commons.wikimedia.org/wiki/Special:FilePath/Rookery%20British%20Cemetery%2021.jpg","HTTP 429"
"33917cc9-128d-4acd-858c-89c7594e670c","Lehmbruck Museum","http://commons.wikimedia.org/wiki/Special:FilePath/Duisburg%20wilh%20lehmbruck%20museum%20au%C3%9Fen.jpg","HTTP 429"
"33a45cf5-8878-401c-b622-4fdc0d37986c","Santa Maria di Loreto","http://commons.wikimedia.org/wiki/Special:FilePath/Santa%20Maria%20di%20Loreto.jpg","HTTP 429"
"334f7a74-6aac-4e1e-b3dc-1c87f051a0d7","Yaoko Kawagoe Museum","http://commons.wikimedia.org/wiki/Special:FilePath/Yaoko%20Kawagoe%20Museum%20aka%20Yuji%20Misu%20Memorial%20Hall.jpg","HTTP 429"
"33b623aa-5ce9-45ca-a109-fa0dd895fa3c","Georgenkirche Frankfurt (Oder)","http://commons.wikimedia.org/wiki/Special:FilePath/2006-03%20Frankfurt%20%28Oder%29%2043.jpg","HTTP 429"
"3386de1d-e720-48da-aef6-8c1dc70f285a","East Perth Cemeteries","http://commons.wikimedia.org/wiki/Special:FilePath/East%20perth%20cemeteries%2011%20gnangarra.jpg","HTTP 429"
"3378f62e-c1bd-4436-a534-ee15186cc78d","Uniqa Nouvel Tower","http://commons.wikimedia.org/wiki/Special:FilePath/Wien%2002%20Taborstra%C3%9Fe%2002%20a.jpg","HTTP 429"
"33ec1162-caea-4651-80af-3518297cf9f7","Munee Hostel Chiangmai - มุนี โฮสเทล เชียงใหม่","https://img.vago.to/places/cover/v1/33/ec/33ec1162-caea-4651-80af-3518297cf9f7.jpg","HTTP 404"
"344255ea-7d8b-48fc-9e3e-687fe0b44d9d","Pfarrkirche Teuchl","http://commons.wikimedia.org/wiki/Special:FilePath/Teuchl%20church%20back.jpg","HTTP 429"
"33d5598c-a5c6-4444-b487-31bc4fed42a8","Church Wetzelsdorf","http://commons.wikimedia.org/wiki/Special:FilePath/NOE%20Wetzelsdorf%20Schulgasse%208.jpg","HTTP 429"
"33e7c9c0-31d8-4739-8090-77e3430c94b7","Mjällby 5:1","http://commons.wikimedia.org/wiki/Special:FilePath/Mj%C3%A4llby%205-1%20-%20KMB%20-%2016001000037624.jpg","HTTP 429"
"3427242c-af79-4972-98f1-7c72f17511e2","Pfarrkirche hl. Jakobus der Ältere, Böheimkirchen","http://commons.wikimedia.org/wiki/Special:FilePath/B%C3%B6heimkirchen%20Kirche.JPG","HTTP 429"
"34aa14b6-f7c7-4b7a-9049-1b06de860e87","Sensō-ji","https://img.vago.to/places/cover/v1/34/aa/34aa14b6-f7c7-4b7a-9049-1b06de860e87.jpg","HTTP 404"
"34506e40-1d0d-4b7b-8351-e0481e5044d9","Urban Glass House","http://commons.wikimedia.org/wiki/Special:FilePath/Urbanglasshouse.png","HTTP 429"
"349a88bc-0304-4eb6-946d-3db36e8d861e","Heidelberg University Library","http://commons.wikimedia.org/wiki/Special:FilePath/Heidelberg%20-%20Universit%C3%A4tsbibliothek.jpg","HTTP 429"
"3536ccc9-e7c1-451d-b439-5bfa5ba784ac","Triangle Building","http://commons.wikimedia.org/wiki/Special:FilePath/At%20S%C3%A3o%20Paulo%2C%20Brazil%202019%20195.jpg","HTTP 429"
"35129532-e0ab-415f-9b9b-5b40ce2a98e1","Royal Theatre of La Monnaie","http://commons.wikimedia.org/wiki/Special:FilePath/Th%C3%A9%C3%A2tre%20de%20la%20Monnaie%201.JPG","HTTP 429"
"34f14226-3802-41e1-8f8c-cf8fbefe91f8","Céramique-Wohn- und Bürohaus","http://commons.wikimedia.org/wiki/Special:FilePath/Maastricht2013%2C%20Avenue%20C%C3%A9ramique06.jpg","HTTP 429"
"352bab0f-4f36-467a-9cad-bcd9439c5fc6","Vercelli Synagogue","http://commons.wikimedia.org/wiki/Special:FilePath/Sinagoga%20di%20Vercelli%202.jpg","HTTP 429"
"34ca0def-0ff1-481e-b7e2-8877b83c237f","Olympic Theatre","http://commons.wikimedia.org/wiki/Special:FilePath/Interior%20of%20Teatro%20Olimpico%20%28Vicenza%29%20scena%20.jpg","HTTP 429"
"34fd4ad4-6999-4831-ae7a-9a13ef34a20c","Palazzo Pianetti","http://commons.wikimedia.org/wiki/Special:FilePath/Jesi%2C%20Palazzo%20Pianetti%20%281%29.jpg","HTTP 429"
"350d7fd0-2cb0-42f4-b3db-daa0bf4cf3d4","Dom dla samotnych WSM Żoliborz Centralny","http://commons.wikimedia.org/wiki/Special:FilePath/Popie%C5%82uszki%2016%20od%20podw%C3%B3rka.jpg","HTTP 429"
"3549cfdb-5942-475b-b8c8-ab0e6efb528f","London Stadium","http://commons.wikimedia.org/wiki/Special:FilePath/London%20Olympic%20Stadium%20West%20Ham.jpg","HTTP 429"
"35688096-18ac-48f2-9967-9f822e52c6bc","Shinjuku Station","https://img.vago.to/places/cover/v1/35/68/35688096-18ac-48f2-9967-9f822e52c6bc.jpg","HTTP 404"
"3558d253-a454-4aee-93f1-7633c3eb5670","Forest Lawn Cemetery","http://commons.wikimedia.org/wiki/Special:FilePath/ForestLawnCemeteryBuffaloNewYork2009-05-21.jpg","HTTP 429"
"35c74ba8-6f19-45c5-a63a-722b215a61ec","Lafayette Anticipations – Galeries Lafayette Corporate Foundation","http://commons.wikimedia.org/wiki/Special:FilePath/Fa%C3%A7ade%20du%209%20rue%20du%20Pl%C3%A2tre%2C%20b%C3%A2timent%20r%C3%A9nov%C3%A9%20par%20Rem%20Koolhaas%20et%20OMA.jpg","HTTP 429"
"359ec92e-e274-4985-9bbc-a1fccafa7197","Safareig de la Canaleta","http://commons.wikimedia.org/wiki/Special:FilePath/Safareig%20de%20la%20Canaleta%2C%20Caldes%20de%20Montbui.jpg","HTTP 429"
"35cc47bf-2a11-4a64-8e5b-8abab8beb30c","Ravenstein Gallery","http://commons.wikimedia.org/wiki/Special:FilePath/Gallery%20Ravenstein%20in%20Brussels.jpg","HTTP 429"
"355f21e5-952a-48bc-87be-3002513fc3a9","Cathedral of Urbino","http://commons.wikimedia.org/wiki/Special:FilePath/Dom%20von%20Urbino.jpg","HTTP 429"
"35710980-ed53-4a7c-a648-595479c3c0fc","Friedhof Kals am Großglockner","http://commons.wikimedia.org/wiki/Special:FilePath/Pfarrkirche%20Kals.jpg","HTTP 429"
"35592f40-7392-4ed1-9e4b-5024ad8b65fc","Ecoust-St. Mein British Cemetery","http://commons.wikimedia.org/wiki/Special:FilePath/Ecoust-Saint-Mein%20British%20Cemetery%2010.jpg","HTTP 429"
"361f2046-9605-4b39-99f5-c52a0ca45695","Kra Phrao Ta Nuat restaurant","https://img.vago.to/places/cover/v1/36/1f/361f2046-9605-4b39-99f5-c52a0ca45695.jpg","HTTP 404"
"3620ce07-f870-41ec-914c-f089f395abd6","New Chambers","http://commons.wikimedia.org/wiki/Special:FilePath/Potsdam%20neue%20kammern.jpg","HTTP 429"
"36297360-4cdb-4ef2-aeaf-f36f9f54de86","Dabuzi","http://commons.wikimedia.org/wiki/Special:FilePath/Gold%20Foil%20Horse%20Head%20Armor%20Ornament%20in%20the%20Shape%20of%20Owl.jpg","HTTP 429"
"36311152-1e9c-4f16-9027-2db53dd74532","Casa de Correos y Telégrafos (Málaga)","http://commons.wikimedia.org/wiki/Special:FilePath/Universidad%20de%20M%C3%A1laga%2002.jpg","HTTP 429"
"35d171b4-30b1-4010-8c45-6c02f3dd4401","urban cemetery of Monza","http://commons.wikimedia.org/wiki/Special:FilePath/Monza%20-%20Accesso%20al%20cimitero%20urbano%20con%20scorcio%20sulla%20chiesa%20della%20Beata%20Vergine%20Addolorata%20%28dicembre%202010%29.jpg","HTTP 429"
"35f3cb18-4347-4d91-8ef7-1359f4fdca4b","Tumuli of Bois des Tombes","http://commons.wikimedia.org/wiki/Special:FilePath/Waremme-Tumuli%20van%20het%20Bois%20des%20Tombes%20%283%29.JPG","HTTP 429"
"35d8869d-2560-4fab-86aa-3fab1c057030","Spencer House","http://commons.wikimedia.org/wiki/Special:FilePath/Spencer%20House%20and%20garage.jpg","HTTP 429"
"361454c1-4c3a-4a72-8e02-47522c10fc06","Central Fire Station","http://commons.wikimedia.org/wiki/Special:FilePath/Central%20Fire%20Station%2C%20399%20Main%20Street%2C%20Falmouth%2C%20MA.JPG","HTTP 429"
"35d4b80e-628c-4020-a897-9cf6235103a1","Nikolo-Arkhangelskoe Cemetery","http://commons.wikimedia.org/wiki/Special:FilePath/Nikolo-Archangelskoe%20Cemetery%2020201029%20111813.jpg","HTTP 429"
"360682b2-9816-4da5-9b98-2d9b09a3be59","Bruay-sur-l'Escaut Communal Cemetery","http://commons.wikimedia.org/wiki/Special:FilePath/Bruay-sur-l%27Escaut%20-%20Cimeti%C3%A8re%20de%20Bruay-sur-l%27Escaut%20%2837%29.JPG","HTTP 429"
"35d8b460-5696-46ed-b8e1-2b24ea2fefdf","Grande Hotel of Ouro Preto","http://commons.wikimedia.org/wiki/Special:FilePath/Grande%20Hotel%20Ouro%20Preto.jpg","HTTP 429"
"35ce3c84-9002-4137-b97b-0a33e4b21f61","Hoofdpostkantoor Maastricht","http://commons.wikimedia.org/wiki/Special:FilePath/Maastricht%20901.jpg","HTTP 429"
"36875f8d-51a5-4e3a-bbd5-3d68c7747704","Yanaka Cemetery","https://img.vago.to/places/cover/v1/36/87/36875f8d-51a5-4e3a-bbd5-3d68c7747704.jpg","HTTP 404"
"36752cfd-c7f2-4142-96b2-e6f24827bcb2","Palmiry Cemetery","http://commons.wikimedia.org/wiki/Special:FilePath/Palmiry%20Cemetery%20aerial%20photograph%202019%20P01.jpg","HTTP 429"
"36b60222-1cd8-4cff-9b4a-615ed4458b64","Casa del Doctor Núñez","http://commons.wikimedia.org/wiki/Special:FilePath/Calle%20de%20Eloy%20Gonzalo%205%2C%20Madrid.jpg","HTTP 429"
"36b50185-ee79-4b03-8d20-a9c428876396","San Pietro di Castello","http://commons.wikimedia.org/wiki/Special:FilePath/San%20Pietro%20di%20Castello%20%28Venice%29%20Abside.jpg","HTTP 429"
"363e7cb9-3317-4e2c-ac66-478fe8372244","Ehrenfriedhof Cap-Arcona Scharbeutz","http://commons.wikimedia.org/wiki/Special:FilePath/Scharbeutz%20Ehrenfriedhof%20Cap-Arcona%20Schild.JPG","HTTP 429"
"36887ffb-c510-4dbe-a617-b2de90ca5dcc","Cimitero comunale dei Lupi","http://commons.wikimedia.org/wiki/Special:FilePath/Livorno%2C%20cimitero%20dei%20lupi%2C%20viale%20principale%2002.jpg","HTTP 429"
"369d9765-2460-4872-b133-20bfe366579f","Wells Fargo Plaza","http://commons.wikimedia.org/wiki/Special:FilePath/Wells%20Fargo%20building1.jpeg","HTTP 429"
"36fedc71-517f-4e62-bb28-34861ed68319","Moji Telecommunication Museum","http://commons.wikimedia.org/wiki/Special:FilePath/Moji%20Telecommunication%20Museum%20ac.jpg","HTTP 429"
"36ce2f7c-f1f0-47b1-859e-4ba4f8250b89","Ligny-en-Cambresis Communal Cemetery","http://commons.wikimedia.org/wiki/Special:FilePath/Ligny-en-Cambr%C3%A9sis%20Communal%20Cemetery%2014.jpg","HTTP 429"
"36debc2f-5b81-450a-9269-1f505ef9ef77","Jetée-Promenade de Nice","http://commons.wikimedia.org/wiki/Special:FilePath/MHNT%20PHa%20912%20Am16R.jpg","HTTP 429"
"3710cc4e-5478-489e-843c-15f6b58cc3a7","Creek Meeting House and Friends' Cemetery","http://commons.wikimedia.org/wiki/Special:FilePath/Creek%20Meeting%20House%20and%20Friends%27%20Cemetery%20Nov%2011.jpg","HTTP 429"
"36bd90b5-36ae-443e-8131-c105e46d7a2e","Grande Hotel","http://commons.wikimedia.org/wiki/Special:FilePath/Grande%20Hotel%20%28Natal%29%20-%20Natal%20-%2020230928175449.jpg","HTTP 429"
"36bbfe26-62f2-46dc-9fd2-5c160d07f264","Studio house","http://commons.wikimedia.org/wiki/Special:FilePath/Heemstede-Willem%20vd%20Veldekade%202.jpg","HTTP 429"
"372283ac-4562-4969-960f-37eec597cfd0","Evergreen Cemetery","http://commons.wikimedia.org/wiki/Special:FilePath/EvergreenCemeteryPortland.JPG","HTTP 429"
"370a8237-ef50-42c8-b2c3-858d22903676","Madrasa of Amir Sunqur Sa'di","http://commons.wikimedia.org/wiki/Special:FilePath/Madrasa%20of%20Sunqur%20Sadi.jpg","HTTP 429"
"37711ded-3c5d-4a2e-8a97-22ddaa69144e","Fontaine-au-Bois Communal Cemetery","http://commons.wikimedia.org/wiki/Special:FilePath/Fontaine-au-Bois%20Communal%20Cemetery%20-1.JPG","HTTP 429"
"37a8658d-cb5d-4d8d-880c-32f072b57732","Noyelles-sur-Sambre Communal Cemetery","http://commons.wikimedia.org/wiki/Special:FilePath/Noyelles-sur-Sambre%20%28Nord%2C%20Fr%29%20tombes%20de%20guerre%20CWCG%20au%20cimeti%C3%A8re.jpg","HTTP 429"
"37a003d7-f5dc-480d-b951-e5022be7044c","Friedhof Heerstraße","http://commons.wikimedia.org/wiki/Special:FilePath/Friedhof%20Heerstrasse%20Berlin%2C%201.jpg","HTTP 429"
"378a3761-f457-441b-9b98-008c71468941","Christian's Church","http://commons.wikimedia.org/wiki/Special:FilePath/Christians%20Kirke%20Copenhagen.jpg","HTTP 429"
"37412965-6ecc-4bf2-b272-4ef3c12b24b8","Saint Stephen church","http://commons.wikimedia.org/wiki/Special:FilePath/Birone%2C%20chiesa%20di%20Santo%20Stefano%2001.jpg","HTTP 429"
"37b1fdbe-8f9e-4e16-8aec-b274f9ba96cb","Ogunquit Playhouse","http://commons.wikimedia.org/wiki/Special:FilePath/Ogunquit%20Playhouse.jpg","HTTP 429"
"37d56fd1-8765-41e8-9b51-e7299161fafc","Pfingstberg","http://commons.wikimedia.org/wiki/Special:FilePath/Latdorf%20Menhir.jpg","HTTP 429"
"37efcc49-2a6b-4361-b499-c8e760c87b77","Coal Creek Patrol Cabin","http://commons.wikimedia.org/wiki/Special:FilePath/Coal%20Creek%20Patrol%20Cabin.jpg","HTTP 429"
"37d5e47a-1fc7-44e0-910b-b499404de5ff","Villa Farnese","http://commons.wikimedia.org/wiki/Special:FilePath/Palazzo%20Farnese%20%28Caprarola%29.jpg","HTTP 429"
"37dc1b50-a580-4b24-a447-ab7d5a407c62","Great Synagogue of Florence","http://commons.wikimedia.org/wiki/Special:FilePath/Firenze%20synagoga%202009.JPG","HTTP 429"
"380e9ead-1e90-48e2-a3df-d9b6c4a029da","Kreuzkirche (Berlin-Schmargendorf)","http://commons.wikimedia.org/wiki/Special:FilePath/Kreuzkirche.JPG","HTTP 429"
"37b6f899-63b0-4192-a35c-e0249f949f1b","St Peter's Seminary","http://commons.wikimedia.org/wiki/Special:FilePath/St%20Peter%27s%20Seminary%2C%20Kilmahew%20-%20geograph.org.uk%20-%20261397.jpg","HTTP 429"
"37d7dfd7-04e4-4d92-b93d-d7b0a3f79966","Eindhoven (Woensel) General Cemetery","http://commons.wikimedia.org/wiki/Special:FilePath/Eindhoven%20Woensel%20general%20cemetery.jpg","HTTP 429"
"38097cf0-791e-438d-9d66-c9b791b8a64d","Rotunda of Mosta","http://commons.wikimedia.org/wiki/Special:FilePath/Rotonda%20de%20Mosta%2C%20isla%20de%20Malta%2C%20Malta%2C%202021-08-25%2C%20DD%2084.jpg","HTTP 429"
"37fc4f2b-8c6e-435d-8119-433f54c3106c","United States Post Office","http://commons.wikimedia.org/wiki/Special:FilePath/Granville%2C%20NY%2C%20post%20office.jpg","HTTP 429"
"37b4187c-73cb-48ce-87b5-5bbd472f4665","Fedyakovskoye Cemetery","http://commons.wikimedia.org/wiki/Special:FilePath/Ease%20My%20Sorrows%20Church%20in%20Fedyakovo%20-%202020-10-12%20%282%29.jpg","HTTP 429"
"37b7a758-bad6-4d3e-94ab-aced65b8055b","DC Towers","http://commons.wikimedia.org/wiki/Special:FilePath/Donau%20City%20Vienna%20from%20Donauinsel%20on%202014-08-28%20crop.jpg","HTTP 429"
"37be42ac-d06b-41bb-bfcf-c14217833ec7","Torre Velasca","http://commons.wikimedia.org/wiki/Special:FilePath/Torre%20Velasca%2001.jpg","HTTP 429"
"380c667f-433c-44d5-ba2b-f27f13852c40","Chester Rural Cemetery","http://commons.wikimedia.org/wiki/Special:FilePath/Chester%20Rural%20Delco%20M%20Milmore.jpg","HTTP 429"
"3844d3d8-dfb7-4ed7-af0b-15e37ff739ec","Cemetery in Komarovo","http://commons.wikimedia.org/wiki/Special:FilePath/Anna%20Ahmatova%27s%20grave.jpg","HTTP 429"
"3832d5ee-1aa2-40ee-98a2-3aa8b0321890","Captain Noble Allen Birge House","http://commons.wikimedia.org/wiki/Special:FilePath/Sherman%20July%202016%2057%20%28Captain%20N.%20A.%20Birge%20House%29.jpg","HTTP 429"
"383aafcf-ad8e-40ae-859a-2101061ab0cf","Sheldon Museum of Art","http://commons.wikimedia.org/wiki/Special:FilePath/Sheldon%20Gallery%20%28Lincoln%2C%20NE%29%20from%20NE%201.JPG","HTTP 429"
"387e8875-dd23-4eb0-80f2-b704294a8d23","Pena Palace","http://commons.wikimedia.org/wiki/Special:FilePath/Pal%C3%A1cio%20Nacional%20da%20Pena%20por%20Rodrigo%20Tetsuo%20Argenton%20%2839%29.jpg","HTTP 429"
"38530445-b256-406e-8fc4-9cf73b8133c7","Cimetière de Grenelle","http://commons.wikimedia.org/wiki/Special:FilePath/Cimetiere%20de%20Grenelle%20-%20Paris%2015%20-%20Septembre%202022.jpg","HTTP 429"
"38912e31-ed03-4d4c-805a-daf02fe6c082","Musée d’Art Moderne","http://commons.wikimedia.org/wiki/Special:FilePath/Amos%20Gitai%20au%20Palais%20de%20Tokyo%20%285477710814%29.jpg","HTTP 429"
"385f426e-b732-4123-8a77-dd235b787d34","Simonscher Friedhof","http://commons.wikimedia.org/wiki/Special:FilePath/Coburg-Friedhof-Fam-Simon.jpg","HTTP 429"
"381ff336-8f6b-41a7-8ee2-741858468eeb","Johnson-Campbell House","http://commons.wikimedia.org/wiki/Special:FilePath/Johnson-Campbell%20House.jpg","HTTP 429"
"3898c903-2aff-470f-aa1f-3836f3fbb2ff","Canary Wharf","http://commons.wikimedia.org/wiki/Special:FilePath/Canary%20Wharf%20Tube%20Station%20-%20July%202009.jpg","HTTP 429"
"38e408ec-201d-413f-b0bc-6e309dd3edbf","Hôtel Wielemans","http://commons.wikimedia.org/wiki/Special:FilePath/H%C3%B4tel%20Wielemans%20et%20son%20jardin%20Rue%20Defacqz%2014.jpg","HTTP 429"
"38bf7126-bb1b-4c7b-994f-1ba7c8b0a66a","National Bunraku Theatre","http://commons.wikimedia.org/wiki/Special:FilePath/National%20Bunraku%20Theatre%20in%20201408.JPG","HTTP 429"
"38da0eb7-b165-4bc4-8319-ace101444b2e","World War I Cemetery nr 51 at Rotunda","http://commons.wikimedia.org/wiki/Special:FilePath/Cmentarz%20wojenny%20na%20Rotundzie.jpg","HTTP 429"
"38d05197-7ac4-452e-b4cd-3a34e4586bdf","The Rocks","https://upload.wikimedia.org/wikipedia/commons/thumb/9/9a/The_Rocks_Sydney_Australia.jpg/1280px-The_Rocks_Sydney_Australia.jpg","HTTP 404"
"38c53aa7-9245-4d7c-a407-6348db03ae88","Hôtel Pieper","http://commons.wikimedia.org/wiki/Special:FilePath/Belgique%20-%20Bruxelles%20-%20H%C3%B4tel%20Pieper%20-%2001.jpg","HTTP 429"
"38d8d885-f5d3-4113-965f-1ab51658c78e","Pfarrkirche hl. Jakobus d. Ä., Gallizien","http://commons.wikimedia.org/wiki/Special:FilePath/Gallizien%20Pfarrkirche%20hl.%20Jakobus%20d.%20%C3%84.%2017112006%2001.jpg","HTTP 429"
"38e21539-078c-4d00-9000-e11d17cb106a","Friedenshügel","http://commons.wikimedia.org/wiki/Special:FilePath/Friedensh%C3%BCgel%2C%20Flensburg%204%20September%202014%2C%20Querformat%2C%20Bild%2003.JPG","HTTP 429"
"38c74983-392e-4bdf-93ac-9ae22b6a3f5f","Madrid-Puerta de Atocha-Almudena Grandes","http://commons.wikimedia.org/wiki/Special:FilePath/Acceso%20a%20la%20estaci%C3%B3n%20de%20Madrid-Puerta%20de%20Atocha-Almudena%20Grandes%20%28cropped%29.jpg","HTTP 429"
"390e5f4b-4859-4606-a775-c41711eafcc8","Kettenbrückengasse","http://commons.wikimedia.org/wiki/Special:FilePath/Stadtbahn%20Vienna%20Kettenbrueckengasse.JPG","HTTP 429"
"396188af-7e84-435f-8871-737f31a3797e","Evergreen Cemetery","http://commons.wikimedia.org/wiki/Special:FilePath/Evergreen%20Cemetery%20Chapel.JPG","HTTP 429"
"395c00c0-cfc6-47ac-b717-9f274dab0349","cimetière Staro-Semionovskoïe","http://commons.wikimedia.org/wiki/Special:FilePath/Starasiamiona%C5%ADskija%20cemetery%20%2805%29.jpg","HTTP 429"
"39378008-4ff7-41c9-9953-631a62b52fb7","Boones Mound","http://commons.wikimedia.org/wiki/Special:FilePath/Boones%20Mounds%2C%20Arkansas%20DSC%200841%20%288564787177%29.jpg","HTTP 429"
"3997cc4a-f77d-47e3-b7b1-50b3fcc0963b","Musashi Imperial Graveyard","http://commons.wikimedia.org/wiki/Special:FilePath/Showa%20Shrine.jpg","HTTP 429"
"39937e8f-abb9-4762-8b93-cbcda82f975f","Prazeres Cemetery","http://commons.wikimedia.org/wiki/Special:FilePath/Cemit%C3%A9rio%20dos%20Prazeres%20%2835106864925%29.jpg","HTTP 429"
"39c4647c-938f-4e92-8e2f-c8c09ddbeb3e","Palazzo Barbaran da Porto","http://commons.wikimedia.org/wiki/Special:FilePath/PalazzoBarbaranDaPorto20070707-2.jpg","HTTP 429"
"39bfd30d-cbcd-491b-becb-194cbab92a98","Synagogue in Opava","http://commons.wikimedia.org/wiki/Special:FilePath/Synagoga%20Opawa.jpg","HTTP 429"
"39cf8377-cbd9-487e-908c-e174577ea129","Clore Gallery","http://commons.wikimedia.org/wiki/Special:FilePath/Clore%20Gallery%20London%20Dec07.JPG","HTTP 429"
"39fbe70b-cce6-4595-8997-48ff8190234b","Alter Friedhof Rüggeberg","http://commons.wikimedia.org/wiki/Special:FilePath/Alter%20Friedhof%20in%20R%C3%BCggeberg%208.jpg","HTTP 429"
"39de604f-8037-487b-9a6a-b01c97368ad2","Stummhaus","http://commons.wikimedia.org/wiki/Special:FilePath/Stummhaus%2C%20Breite%20Stra%C3%9Fe%2067-69%2C%20D%C3%BCsseldorf.jpg","HTTP 429"
"3a02025d-544b-4170-81e1-92827d21f202","Morbecque Churchyard","http://commons.wikimedia.org/wiki/Special:FilePath/Morbecque%20Churchyard%201.JPG","HTTP 429"
"39ed7df4-1a59-4aab-bb5b-8bf7eea87f60","Lutherkirche","http://commons.wikimedia.org/wiki/Special:FilePath/Lutherkirche%20in%20Duesseldorf-Bilk%2C%20von%20Nordwesten.jpg","HTTP 429"
"3a1b93aa-3d39-49cb-aa21-92cf010b5aed","Hôtel Tassel","http://commons.wikimedia.org/wiki/Special:FilePath/Victor%20Horta%20Hotel%20Tassel.JPG","HTTP 429"
"3a07ae8e-cc20-4950-9a87-365ed9cf354c","Filialkirche hl. Geist, Straßburg","http://commons.wikimedia.org/wiki/Special:FilePath/Stra%C3%9Fburg%20-%20Filialkirche%20Heiliger%20Geist.jpg","HTTP 429"
"39ef9c2d-3374-44fc-b3e5-be899ebb583c","Vancouver House","http://commons.wikimedia.org/wiki/Special:FilePath/The%20Tower%20Rises%2C%20Vancouver%20House%2C%20Vancouver.jpg","HTTP 429"
"39dba7bc-da3f-488d-9534-83d0e0a7c58f","Lewis Mountain Lodge","http://commons.wikimedia.org/wiki/Special:FilePath/LEWIS%20MOUNTAIN%20CAMPGROUND.%20VIEW%20OF%20CAMP%20STORE.%20LOOKING%20WEST.%20-%20Skyline%20Drive%2C%20From%20Front%20Royal%2C%20VA%20to%20Rockfish%20Gap%2C%20VA%20%2C%20Luray%2C%20Page%20County%2C%20VA%20HAER%20VA%2C70-LURA.V%2C4-71.tif","HTTP 429"
"3a4c2c8a-3470-4161-9a1a-e2dbd82f1648","Beekman Meeting House and Friends' Cemetery","http://commons.wikimedia.org/wiki/Special:FilePath/Beekman%20Friends%20Meeting%20House%20ruins%2C%20LaGrangeville%2C%20NY.jpg","HTTP 429"
"3a42c9c6-28fd-42a9-b2e3-9a9f7d9d4737","Gregoriuskerk","http://commons.wikimedia.org/wiki/Special:FilePath/Gregorius%20de%20Grote%20Brunssum%202009%208835.jpg","HTTP 429"
"3aa39e88-6c79-4d0a-8b8e-d678211b7377","United States Post Office–Lancaster Main","http://commons.wikimedia.org/wiki/Special:FilePath/Lancaster%20NH%20Post%20Office%205.JPG","HTTP 429"
"3a54db4f-3f2c-40ba-96bd-fb86fd55ea8e","Butovo firing range","http://commons.wikimedia.org/wiki/Special:FilePath/%D0%91%D1%83%D1%82%D0%BE%D0%B2%D1%81%D0%BA%D0%B8%D0%B9%20%D0%BF%D0%BE%D0%BB%D0%B8%D0%B3%D0%BE%D0%BD.%20%D0%A1%D0%B0%D0%B4%20-%D0%9F%D0%B0%D0%BC%D1%8F%D1%82%D0%B8.jpg","HTTP 429"
"3a7c06c8-5cc4-4be6-8474-5085e981c56e","Arras Communal Cemetery","http://commons.wikimedia.org/wiki/Special:FilePath/Arras%20Communal%20Cemetery%20-2.jpg","HTTP 429"
"3a8c47e0-3d34-4511-8643-4b0d44f74be3","Macau Mosque and Cemetery","http://commons.wikimedia.org/wiki/Special:FilePath/Macau%20Mosque.JPG","HTTP 429"
"3a657fb3-fc35-43d4-a0c5-2706f93ddd41","One Raffles Place","http://commons.wikimedia.org/wiki/Special:FilePath/OUB%20Centre%20Skyward.JPG","HTTP 429"
"3a7a92db-3618-40be-8bb6-7a0161ca2594","Oakland Museum of California","http://commons.wikimedia.org/wiki/Special:FilePath/Sign%20outside%20the%20Oakland%20Museum%20of%20California.jpg","HTTP 429"
"3a7c0480-119e-4bbf-8ee5-6b4e99b2e17a","Palmetto State Park Refectory","http://commons.wikimedia.org/wiki/Special:FilePath/Palmetto%20state%20park%20refectory.jpg","HTTP 429"
"3b3ddd48-6bb3-4258-93bd-1cf8d03a8d6e","Shedhalle","http://commons.wikimedia.org/wiki/Special:FilePath/Sankt%20P%C3%B6lten%20-%20Regierungsviertel%20-%20Museumsgarten%20und%20Shedhalle.jpg","HTTP 429"
"3ac8e895-4ddb-4853-9a2d-b6af8e1bd33f","Great St. Martin Church","http://commons.wikimedia.org/wiki/Special:FilePath/Koeln%20gross%20st%20martin%20rheinseite.jpg","HTTP 429"
"3ad83dd9-c375-48fc-b7e8-fad41e8c3378","Hames-Boucres Churchyard","http://commons.wikimedia.org/wiki/Special:FilePath/Hames-Boucres%20%28Pas-de-Calais%29%20cimeti%C3%A8re%2C%20tombes%20de%20guerre%20de%20la%20CWGC.JPG","HTTP 429"
"3aff905e-9b76-40ed-8399-87ca0c04e16b","Eyüpsultan Cemetery","http://commons.wikimedia.org/wiki/Special:FilePath/4713%20Istanbul%20-%20Cimitero%20-%20Foto%20G.%20Dall%27Orto%2030-5-2006.jpg","HTTP 429"
"3aebc72e-ffb6-4d4d-a74c-030288ed813c","Powązki Military Cemetery","http://commons.wikimedia.org/wiki/Special:FilePath/Kwatera%20Batalionu%20Zo%C5%9Bka%20Cmentarz%20Wojskowy%20na%20Pow%C4%85zkach%20010.JPG","HTTP 429"
"3b061250-c4ed-4aee-9c61-7346a9e8a2a0","Kazanskoe cemetery","http://commons.wikimedia.org/wiki/Special:FilePath/Tserkvy%20SPb%2002%202012%204403.jpg","HTTP 429"
"3b7b19fe-2e3d-4821-b850-ce5bdd460c4a","Glasnevin Cemetery","http://commons.wikimedia.org/wiki/Special:FilePath/Cemetery%2C%20Glasnevin%2C%20Co.%20Dublin%20%2835284885854%29.jpg","HTTP 429"
"3b6ce8d4-a976-4473-891c-8814ee60ea11","J. Leslie Sensenbrenner House","http://commons.wikimedia.org/wiki/Special:FilePath/JLeslieSensenbrennerHouseFrontNeenahWisconsin.jpg","HTTP 429"
"3b654aca-b7a5-4e41-9c85-9ccbe72479f0","Peter and Paul Church","http://commons.wikimedia.org/wiki/Special:FilePath/00%203568%20Kirche%20Sankt-Peter-und-Paul%20in%20Potsdam.jpg","HTTP 429"
"3baacf8a-c2f7-418a-b331-2f6778d430e5","Cimetière marin de Saint-Paul","http://commons.wikimedia.org/wiki/Special:FilePath/Marine%20Cemetery%20of%20Saint-Paul%20%28R%C3%A9union%20Island%29.jpg","HTTP 429"
"3b8b21c0-3f28-4ce2-87e9-b14e1e7dffbb","Civil Cemetery, Madrid","http://commons.wikimedia.org/wiki/Special:FilePath/Servicios_Funerarios_de_Madrid_ampl%C3%ADa_su_programa_cultural_con_visitas_nocturnas_teatralizadas_al_Cementerio_Civil_03.jpg","HTTP 429"
"3b8351e1-50f2-4f5b-9391-f3bbf10c64ec","Old Administration Building","http://commons.wikimedia.org/wiki/Special:FilePath/Bryce%20Canyon%20Nature%20Center.jpg","HTTP 429"
"3b7c1ce8-ebdd-4b0b-b710-f19c4cc4172b","Immanuel Church, Stockholm","http://commons.wikimedia.org/wiki/Special:FilePath/Immanuelskyrkan%20Stockholm.JPG","HTTP 429"
"3b57b7fe-2922-4ac8-8fe1-11fbd3dc91b5","King Baudouin Stadium","http://commons.wikimedia.org/wiki/Special:FilePath/Stade%20Roi%20Baudouin.JPG","HTTP 429"
"3b5e17e7-9701-430d-bf78-c41851b1a552","Théâtre national de la Colline","http://commons.wikimedia.org/wiki/Special:FilePath/Citation%20d%27Hermann%20Broch%2C%20Th%C3%A9%C3%A2tre%20de%20la%20Colline%2C%20Paris.jpg","HTTP 429"
"3b8760f2-a5d5-442c-adc7-24dbdfd4a424","Tumulus de Run-er-Sinzen","http://commons.wikimedia.org/wiki/Special:FilePath/Tumulus%20de%20Run-er-Sinzen%204904.JPG","HTTP 429"
"3b604650-08d5-44e1-a87b-1e61b53e2931","Symphony Center","http://commons.wikimedia.org/wiki/Special:FilePath/Orchestra%20Hall%20Chicago.jpg","HTTP 429"
"3c139265-d32a-446e-abac-3e35e4d67d83","Lolita Taperia","https://example.com/lolita_taperia.jpg","HTTP 404"
"3c0fd040-5b4d-4991-b349-20653a67e65e","Telecentre building","http://commons.wikimedia.org/wiki/Special:FilePath/Georgian%20Public%20Broadcaster.JPG","HTTP 429"
"3bb97004-3aa4-4b2c-9a04-56168b0d69f9","Leulinghem Churchyard","http://commons.wikimedia.org/wiki/Special:FilePath/Leulinghem%20%C3%A9glise.jpg","HTTP 429"
"3bd0a8cb-6cf1-455e-b067-73c4958db001","De Rotterdam","http://commons.wikimedia.org/wiki/Special:FilePath/De%20Rotterdam%20south%20side.jpg","HTTP 429"
"3bc4cac8-06bc-476d-9086-5bb0fb33dfb3","Church of Our Lady","http://commons.wikimedia.org/wiki/Special:FilePath/Church%20Of%20Our%20Lady%20Bruges.jpg","HTTP 429"
"3c024cf6-b20b-43f9-8ed9-8f52f1b2c0e0","Pearce–McAllister Cottage","http://commons.wikimedia.org/wiki/Special:FilePath/Pearce-McAllister%20Cottage.JPG","HTTP 429"
"3c6afaab-fb0b-4a2c-adac-c17e2bf236fd","Kitakyushu Municipal Museum of Art","http://commons.wikimedia.org/wiki/Special:FilePath/Kitakyushu%20Municipal%20Museum%20of%20Art%2020090728.JPG","HTTP 429"
"3c3ee45e-5968-4aba-a164-a4d6ec2c6629","Cimitero dei colerosi di Barra","http://commons.wikimedia.org/wiki/Special:FilePath/Cimitero%20colerosi%20di%20Barra%20-%20cancello%20esterno%203.jpg","HTTP 429"
"3c77312f-e9d4-4143-9c46-bef15406ecb5","Catete Palace","http://commons.wikimedia.org/wiki/Special:FilePath/Pal%C3%A1cio%20do%20Catete%20-%20Museu%20da%20Rep%C3%BAblica.jpg","HTTP 429"
"3c3c8165-d1c2-412b-8388-c133ca365eb3","Huis Maarnbergen: grafheuvel op de Foldocusheuvel","http://commons.wikimedia.org/wiki/Special:FilePath/Grafheuvel%202.jpg","HTTP 429"
"3c597d67-16e4-4606-9b29-d42d2f91a1c6","Nordfriedhof","http://commons.wikimedia.org/wiki/Special:FilePath/Nordfriedhof%20Hauptweg.jpg","HTTP 429"
"3c3c0691-4256-45d5-9916-f048efcd7004","St. Josef","http://commons.wikimedia.org/wiki/Special:FilePath/Grevenbroich%20St.%20Joseph%201%202009.jpg","HTTP 429"
"3c5bb83e-0175-416c-a09c-42f5ee3fe2f2","Chapelle expiatoire","http://commons.wikimedia.org/wiki/Special:FilePath/Chapelle%20expiatoire%20Louis%20XVI%20mg%204546.jpg","HTTP 429"
"3c956b17-903b-4c36-aa52-ffed62e6bd5d","Sun Rays Cafe - Breakfast & Brunch","https://img.vago.to/places/cover/v1/3c/95/3c956b17-903b-4c36-aa52-ffed62e6bd5d.jpg","HTTP 404"
"3cbbf1f6-c9ee-47bb-82a3-80e83458e2eb","Sapporo TV Tower","https://img.vago.to/places/cover/v1/3c/bb/3cbbf1f6-c9ee-47bb-82a3-80e83458e2eb.jpg","HTTP 404"
"3d0f004a-bba7-4d85-b9a4-183df68e4c0c","Borgel cemetery","http://commons.wikimedia.org/wiki/Special:FilePath/Tunis%20Jewish%20cemetery.jpg","HTTP 429"
"3ca3856d-ad59-46ff-94ae-11110378f266","Noyes Mansion","http://commons.wikimedia.org/wiki/Special:FilePath/Noyes%20Mansion%2C%201750%20First%20St.%2C%20Napa%2C%20CA%209-5-2010%206-22-35%20PM.%2C%20Napa%2C%20CA%209-5-2010%206-22-35%20PM.JPG","HTTP 429"
"3cabcd99-2e05-4e4b-a254-9d346ce199ba","Воинское мемориальное кладбище (Ярославль)","http://commons.wikimedia.org/wiki/Special:FilePath/Military%20memorial%20cemetery%20in%20Yaroslavl%2001.JPG","HTTP 429"
"3cbaac52-0591-4558-b9d7-68f858711ff8","Evergreen Cemetery","http://commons.wikimedia.org/wiki/Special:FilePath/Evergreen%20cemetery%20juneau%20alaska%2020040825.jpg","HTTP 429"
"3c8bcf16-7f60-428b-b3bf-5dbff8993694","Vertigneul Churchyard","http://commons.wikimedia.org/wiki/Special:FilePath/Vertigneul%20Cimeti%C3%A8re%201.jpg","HTTP 429"
"3c9ac375-1825-40ac-84c1-6e74309e1f8c","Begraafplaats Rijnhof","http://commons.wikimedia.org/wiki/Special:FilePath/Woerden%20Begraafplaats%20Rijnhof%202.JPG","HTTP 429"
"3d208b66-a752-42f1-937b-c50137eacad0","Commack United Methodist Church and Cemetery","http://commons.wikimedia.org/wiki/Special:FilePath/Comac%20Church.jpg","HTTP 429"
"3d28a42d-80c1-425b-becf-f6ce417f602f","Noraduz cemetery","http://commons.wikimedia.org/wiki/Special:FilePath/NoraduzKhachkars.JPG","HTTP 429"
"3d7f144a-1ae3-4a08-8408-c83793f8386b","Norrent-Fontes Churchyard","http://commons.wikimedia.org/wiki/Special:FilePath/Norrent-Fontes%20Churchyard-6.jpg","HTTP 429"
"3d526dc1-05df-4ca9-a7f5-893b44994508","Vaduz Cathedral","http://commons.wikimedia.org/wiki/Special:FilePath/Liechtenstein%20asv2022-10%20img21%20Vaduz%20Kathedrale%20StFlorin.jpg","HTTP 429"
"3d84d49f-1c37-4d3e-b71c-b5c0d0acd3d1","Bois-de-Vaux Cemetery","http://commons.wikimedia.org/wiki/Special:FilePath/BoisVaux5.JPG","HTTP 429"
"3d567b40-9aed-4cb4-9c49-d18610341599","Alter Friedhof","http://commons.wikimedia.org/wiki/Special:FilePath/Radebeul%20Alter%20Friedhof%20Diakonissengr%C3%A4ber.jpg","HTTP 429"
"3d54f9b3-59e6-4f61-8e15-64e46bf27f9d","Trade Fairs and Congress Center of Málaga","http://commons.wikimedia.org/wiki/Special:FilePath/Palacio%20de%20Ferias%20y%20Congresos%20de%20M%C3%A1laga.jpg","HTTP 429"
"3d50495b-7ef9-4077-950f-07f18eff1418","Shizuoka Press and Broadcasting Center","http://commons.wikimedia.org/wiki/Special:FilePath/Shizuoka%20Press%20and%20Broadcasting%20Center.%20Ginza%2C%20Tokyo..jpg","HTTP 429"
"3d959da8-b18d-4d27-a044-5ae208b2a623","Kerameikos","http://commons.wikimedia.org/wiki/Special:FilePath/Kerameikos%20Cemetery%20from%20Melidone%20Street%20on%20June%2019%2C%202020.jpg","HTTP 429"
"3d4b3bf3-26cc-4af8-8cd6-aa323d87fd50","Kotlyakovo Cemetery","http://commons.wikimedia.org/wiki/Special:FilePath/%D0%A6%D0%B5%D1%80%D0%BA%D0%BE%D0%B2%D1%8C%20%D0%A3%D1%81%D0%BF%D0%B5%D0%BD%D0%B8%D1%8F%20%D0%91%D0%BE%D0%B3%D0%BE%D1%80%D0%BE%D0%B4%D0%B8%D1%86%D1%8B%20%D0%BD%D0%B0%20%D0%9A%D0%BE%D1%82%D0%BB%D1%8F%D0%BA%D0%BE%D0%B2%D1%81%D0%BA%D0%BE%D0%BC%20%D0%BA%D0%BB%D0%B0%D0%B4%D0%B1%D0%B8%D1%89%D0%B5.jpg","HTTP 429"
"3d25960a-db41-439f-9151-815b78e45d4a","Mexico City Metropolitan Cathedral","http://commons.wikimedia.org/wiki/Special:FilePath/Catedral%20Metropolitana%20de%20la%20Ciudad%20de%20M%C3%A9xico%201.jpg","HTTP 429"
"3d2f40d4-dbd3-43d0-91ae-57234655d044","Fontanelle cemetery","http://commons.wikimedia.org/wiki/Special:FilePath/Napoli%20-%20Fontanelle%20crocevia%201030852.JPG","HTTP 429"
"3d3ce343-8c1f-4ae6-a065-5e3e7321151e","Plaza de toros de Granada","http://commons.wikimedia.org/wiki/Special:FilePath/Plaza%20de%20toros%20de%20Granada.jpg","HTTP 429"
"3e1fa7b0-94c0-47c6-ad0a-12c6bcdcf36f","Louvre Museum","http://commons.wikimedia.org/wiki/Special:FilePath/Cour%20Napol%C3%A9on%20at%20night%20-%20Louvre.jpg","HTTP 429"
"3e0f9267-5c58-4308-8f9a-91724855b974","Overtoom 39","http://commons.wikimedia.org/wiki/Special:FilePath/Overtoom%2039.JPG","HTTP 429"
"3e2d2c0d-71bd-414d-8577-babd2a37dcf2","Ambleteuse Communal Cemetery","http://commons.wikimedia.org/wiki/Special:FilePath/Ambleteuse%20Communal%20Cemetery-3.jpg","HTTP 429"
"3e23fc01-c870-4b99-9d01-833ddd1b5d53","Mushketovo cemetery","http://commons.wikimedia.org/wiki/Special:FilePath/Mass%20grave%20of%20victims%20of%20fascism%20in%20Mushketove%2C%20Donetsk%2005.jpg","HTTP 429"
"3e2c3fa6-4693-426d-b2e7-7ae0ed0064c4","LUMA Arles","http://commons.wikimedia.org/wiki/Special:FilePath/Arles%20Frankreich%20Stationsschild%20am%20Bahnhof%20Bahngleise.jpg","HTTP 429"
"3e03aba2-1bac-403f-8179-0cd066eda7c4","monumental military cemetery of Arsiero","http://commons.wikimedia.org/wiki/Special:FilePath/Cimitero%20militare%20di%20Arsiero%2003.jpg","HTTP 429"
"3dcd4f41-c646-4296-94ce-874738ea024a","Flower Hill Cemetery","http://commons.wikimedia.org/wiki/Special:FilePath/Louis%20Julius%20Freudenberg%20I%20%281894-1918%29%20tombstone.jpg","HTTP 429"
"3da329c4-ff4d-46e5-8015-5cc591283264","Stata Center","http://commons.wikimedia.org/wiki/Special:FilePath/Ray%20and%20Maria%20Stata%20Center%20-%20MIT%2C%20Cambridge%20%2816868722144%29.jpg","HTTP 429"
"3db5dc95-3507-41a8-aaae-315448c40010","Rennes Eastern Cemetery","http://commons.wikimedia.org/wiki/Special:FilePath/Cimeti%C3%A8re%20de%20l%27Est%20Rennes.JPG","HTTP 429"
"3e8419a1-fdb9-4f5a-99fa-53c2dbfdb140","Sapporo Stellar Place","https://img.vago.to/places/cover/v1/3e/84/3e8419a1-fdb9-4f5a-99fa-53c2dbfdb140.jpg","HTTP 404"
"3e4d9a49-1f0e-48ae-bc17-457d30cff171","Fukagawa Fudou-dō (Naritasan Tokyo branch temple)","https://img.vago.to/places/cover/v1/3e/4d/3e4d9a49-1f0e-48ae-bc17-457d30cff171.jpg","HTTP 404"
"3e5ef0ee-b953-49f4-b669-53a0144ae001","He Art Museum","http://commons.wikimedia.org/wiki/Special:FilePath/He%20Art%20Museum%20Entry.jpg","HTTP 429"
"3e550661-c552-46ba-992e-8ee23638ef42","Santa Maria del Popolo","http://commons.wikimedia.org/wiki/Special:FilePath/Church%20St%20Maria%20del%20popolo%201.jpg","HTTP 429"
"3e7d1bdf-e3d2-42d9-9a64-2115c3793443","Kolpashevsky Yar","http://commons.wikimedia.org/wiki/Special:FilePath/%D0%9A%D0%BE%D0%BB%D0%BF%D0%B0%D1%88%D0%B5%D0%B2%D1%81%D0%BA%D0%B8%D0%B9%20%D1%8F%D1%80%20%282015%20%D0%B3%D0%BE%D0%B4%29.jpg","HTTP 429"
"3e9a6a33-0a37-4548-a2a0-d351b6238a1e","Gustavo Capanema Palace","http://commons.wikimedia.org/wiki/Special:FilePath/MESP4.jpg","HTTP 429"
"3e99defd-27d5-4f82-a4fe-ba68f72ea62b","cimetière Kortchevatskoïe","http://commons.wikimedia.org/wiki/Special:FilePath/%D0%9A%D0%BE%D1%80%D1%87%D1%83%D0%B2%D0%B0%D1%82%D1%81%D1%8C%D0%BA%D0%B5%20%D0%BA%D0%BB%D0%B0%D0%B4%D0%BE%D0%B2%D0%B8%D1%89%D0%B5.jpg","HTTP 429"
"3e5a9a6a-cdd0-4783-816d-ebcd25cb497a","tumulus #46022","http://commons.wikimedia.org/wiki/Special:FilePath/Swalmen-Grafheuvel%20Kroppestraat%20oost%20%283%29.JPG","HTTP 429"
"3e5e7710-b859-4fef-9c1d-bec98607cc1d","Biblioteca Joaquín Leguina building","http://commons.wikimedia.org/wiki/Special:FilePath/Biblioteca%20Joaqu%C3%ADn%20Leguina%20%28Madrid%29%2003.jpg","HTTP 429"
"3e512734-acc2-4091-af69-f9a38b7a9db3","Messeturm","http://commons.wikimedia.org/wiki/Special:FilePath/Frankfurt%20am%20Main%2C%20MesseTurm.jpg","HTTP 429"
"3e73a711-2ea7-4e0e-9881-37bd841b287d","Terrein waarin grafheuvel #45352","http://commons.wikimedia.org/wiki/Special:FilePath/Grafheuvel%20rijksmonument%2045352.jpg","HTTP 429"
"3e486170-3273-4090-8847-2dc1e4767fca","Maria Laach Abbey","http://commons.wikimedia.org/wiki/Special:FilePath/00%201438%20Abteikirche%20Maria%20Laach.jpg","HTTP 429"
"3ecae0cc-fffd-4b5d-a79b-82658bb7baad","Fairview Cemetery","http://commons.wikimedia.org/wiki/Special:FilePath/Grave%20of%20Jayne%20Mansfield%202007.jpg","HTTP 429"
"3edfd355-4403-47d5-84b8-c27c2cf23215","Cimetière de Pantin","http://commons.wikimedia.org/wiki/Special:FilePath/Pantin%20cimetiere%20parisien%20Avenue%20des%20peupliers%20argent%C3%A9s.jpg","HTTP 429"
"3eebc575-08a7-49d5-bff9-6b0723bd03b9","Armenian Church of the Holy Nazareth","http://commons.wikimedia.org/wiki/Special:FilePath/Armenian%20Church%2C%20Calcutta%20%28Kolkata%29%2004.JPG","HTTP 429"
"3ebcfcc0-6610-479a-bdea-9f5e44acb225","Rijeka Synagogue","http://commons.wikimedia.org/wiki/Special:FilePath/Fiume%20synagogue%20-2.jpg","HTTP 429"
"3f02ccc1-b2e8-40be-a587-e9d69c9f3648","Old Martin County Courthouse","http://commons.wikimedia.org/wiki/Special:FilePath/OldMartinCountyFlaCourthouse%20012.JPG","HTTP 429"
"3f3ed7f3-4904-4962-a9e2-5b1e93c4b838","Rookwood Necropolis","http://commons.wikimedia.org/wiki/Special:FilePath/Rookwood%20Necropolis.JPG","HTTP 429"
"3f560817-06ab-46dc-92ea-d79cd3851330","Riverside Church","http://commons.wikimedia.org/wiki/Special:FilePath/Riverside%20Church%2005.JPG","HTTP 429"
"3f4f72bb-4aa1-415f-90ae-ecdba021a000","Mykolaiv Necropolis","http://commons.wikimedia.org/wiki/Special:FilePath/All%20Saints%20Church%2C%20Mykolaiv%20necropolis.jpg","HTTP 429"
"3f15c01d-f41a-49e8-84b5-0eac15c2ac4f","Círculo de Contribuyentes","http://commons.wikimedia.org/wiki/Special:FilePath/C%C3%ADrculo%20de%20Contribuyentes%2C%20Alcal%C3%A1%20de%20Henares.JPG","HTTP 429"
"3f3a7551-9d47-4434-b07b-ed6ae23ce6c1","Lee Ufan Museum","http://commons.wikimedia.org/wiki/Special:FilePath/Lee%20U-Fan%20museum%20%E6%9D%8E%E7%A6%B9%E7%85%A5%E7%BE%8E%E8%A1%93%E9%A4%A8%20%E9%A6%99%E5%B7%9D%E7%9C%8C%E9%A6%99%E5%B7%9D%E9%83%A1%E7%9B%B4%E5%B3%B6%E7%94%BA%E5%AD%97%E5%80%89%E6%B5%A6%20PC192973.jpg","HTTP 429"
"3fbb96f1-e192-4562-bf3f-06f0639b478d","Sheats Goldstein Residence","http://commons.wikimedia.org/wiki/Special:FilePath/USA%20CA%20Sheats-Goldstein%2008.jpg","HTTP 429"
"3fe354a1-6770-4139-9555-7bc9d0dd4ae1","Esquerchin Communal Cemetery","http://commons.wikimedia.org/wiki/Special:FilePath/Esquerchin%20-%20Cimeti%C3%A8re%20d%27Esquerchin%20%2803%29.JPG","HTTP 429"
"3f80cc0f-479f-4bfe-9355-9c1e1af48373","Cemetery of Confucius","http://commons.wikimedia.org/wiki/Special:FilePath/Qufu%20kong%20lin%20spiritway%202010%2006%2005.jpg","HTTP 429"
"3fd07f70-de47-4bee-9a14-cf790dc61cf6","Saint Michael's Castle","http://commons.wikimedia.org/wiki/Special:FilePath/Saint%20Michael%27s%20Castle%20South.jpg","HTTP 429"
"3fd4736b-5802-4e8b-a9b9-1fe766eefcee","Nieuw Eykenduynen","http://commons.wikimedia.org/wiki/Special:FilePath/Nieuw%20Eykenduynen%2C%20The%20Hague%2C%20January%202021.png","HTTP 429"
"3ff990c6-c6f0-4e2f-bf12-b4bbd618028e","Plaza de toros de Santander","http://commons.wikimedia.org/wiki/Special:FilePath/Plaza%20de%20toros%20de%20Santander.jpg","HTTP 429"
"3f8a1e10-6153-4036-9d81-b38245504031","Holten Canadian War Cemetery","http://commons.wikimedia.org/wiki/Special:FilePath/Holten%20Canadian%20War%20Cemetery-3.jpg","HTTP 429"
"3fd023a7-02b4-4524-af7b-dcffcad78ef0","Pfarrkirche Sachsenburg","http://commons.wikimedia.org/wiki/Special:FilePath/Sachsenburg%2C%20Pfarrkirche.jpg","HTTP 429"
"4015e809-f12d-43bb-89d7-c9f4d92c22c8","FamilyMart Funatsu Trailhead","https://img.vago.to/places/cover/v1/40/15/4015e809-f12d-43bb-89d7-c9f4d92c22c8.jpg","HTTP 404"
"4029c5bf-a1ee-4a41-8ae2-e27e5edb6c9d","Ramen Jiro (Mita)","https://example.com/ramen_jiro_mita.jpg","HTTP 404"
"4064644f-603a-4bcd-8a4a-0741af9337f5","Hourensou Ramen","https://tblg.k-img.com/restaurant/images/Rvw/186141/640x640_rect_186141482.jpg","HTTP 404"
"40717841-eccc-4278-8cf1-4be6fe808087","St. Fronleichnam","http://commons.wikimedia.org/wiki/Special:FilePath/St.%20fronleichnam%20koeln%20porz%20urbach%202009.jpg","HTTP 429"
"4084f82d-ec4a-4f6a-8c9c-a7ef1c4449f5","Torre de la Fàbrica Gutterman","http://commons.wikimedia.org/wiki/Special:FilePath/Torre%20de%20la%20Fabrica%20Gutterman.jpg","HTTP 429"
"40521a9d-44b2-4414-8539-752a49f21985","Hôtel de Crillon","http://commons.wikimedia.org/wiki/Special:FilePath/H%C3%B4tel%20de%20Crillon%2025%2008%202007%20n3.jpg","HTTP 429"
"405b2f29-c289-49e8-bc93-35b08c95db32","Cláudio Santoro National Theater","http://commons.wikimedia.org/wiki/Special:FilePath/Bras%C3%ADlia%20-%20Teatro%20nacional.jpg","HTTP 429"
"407044f1-9625-4858-ac34-55bc296640b0","Центральные бани","http://commons.wikimedia.org/wiki/Special:FilePath/%D0%9C%D0%BE%D1%81%D0%BA%D0%B2%D0%B0%2C%20%D0%A2%D0%B5%D0%B0%D1%82%D1%80%D0%B0%D0%BB%D1%8C%D0%BD%D1%8B%D0%B9%20%D0%BF%D1%80%D0%BE%D0%B5%D0%B7%D0%B4%2C%203%2C%20%D1%81%D1%82%D1%80%D0%BE%D0%B5%D0%BD%D0%B8%D0%B5%203.jpg","HTTP 429"
"404d0959-c5f0-4ebc-a1b6-42c3d8e9d6b7","C. C. Cavanah House","http://commons.wikimedia.org/wiki/Special:FilePath/C.%20C.%20Cavanah%20House%20%282%29.jpg","HTTP 429"
"40294f9a-5169-42a8-bce6-21137b93a013","Sharp Centre for Design","http://commons.wikimedia.org/wiki/Special:FilePath/Toronto%20-%20ON%20-%20Ontario%20College%20of%20Art%20%26%20Design3.jpg","HTTP 429"
"40a103f0-8004-444c-8fe1-213b5b304a30","Weizmann House","http://commons.wikimedia.org/wiki/Special:FilePath/PikiWiki%20Israel%201262%20House%20of%20Dr.%20Haim%20Weizman%20Rehovot%20-%20Israel%20%D7%91%D7%99%D7%AA%20%D7%94%D7%A0%D7%A9%D7%99%D7%90%20%D7%97%D7%99%D7%99%D7%9D%20%D7%95%D7%99%D7%A6%D7%9E%D7%9F%20%D7%91%D7%A8%D7%97%D7%95%D7%91%D7%95%D7%AA.jpg","HTTP 429"
"4130ab14-7106-4760-ab9d-62ca683993b9","Tha Phae Gate","https://img.vago.to/places/cover/v1/41/30/4130ab14-7106-4760-ab9d-62ca683993b9.jpg","HTTP 404"
"41384020-9ee4-4154-8570-a81cb0625224","Abusir","http://commons.wikimedia.org/wiki/Special:FilePath/Abusir.jpg","HTTP 429"
"41187b79-6b25-48e7-a77f-2a92ad186dc5","Challenger","http://commons.wikimedia.org/wiki/Special:FilePath/Challenger2020.jpg","HTTP 429"
"40dda1e4-8dc2-4cca-ada4-e94494ce046c","Peter B. Lewis Building","http://commons.wikimedia.org/wiki/Special:FilePath/Peter%20B.%20Lewis%20Building%20-%20oblique%201.jpg","HTTP 429"
"40f71fc1-3159-4c65-a6ed-44dbbce0be38","Campo Verano","http://commons.wikimedia.org/wiki/Special:FilePath/Verano%20ingresso%20principale.jpg","HTTP 429"
"4107b15e-b557-4554-83e9-3a8b27f887be","Ostankino Technical Center","http://commons.wikimedia.org/wiki/Special:FilePath/OTC-1.jpg","HTTP 429"
"41451bfb-a9b6-44d9-bf95-be598fa8b2cd","Johannisfriedhof","http://commons.wikimedia.org/wiki/Special:FilePath/Johannisfriedhof%20Bielefeld%20-%20Allee.jpg","HTTP 429"
"41062f5d-18a8-4f14-a448-7941cb1a1922","Grafheuvel #45122","http://commons.wikimedia.org/wiki/Special:FilePath/Arnhem-molenheuvel-grafheuvel.JPG","HTTP 429"
"40ce0582-ec91-400b-a40b-d80ae0403663","Pavia Cathedral","http://commons.wikimedia.org/wiki/Special:FilePath/Pavia%20Cattedrale%20di%20Santa%20Maria%20Assunta%20e%20Santo%20Stefano%20Protomartire%20Esterno%20Facciata%2002.jpg","HTTP 429"
"415b0355-433f-4e53-8ef4-1ad2c326b40e","Gazi Husrev-beg Mosque","http://commons.wikimedia.org/wiki/Special:FilePath/Gazi%20Husrev-beg%27s%20Mosque%20IMG%209523%20sarajevo.jpg","HTTP 429"
"4178374d-b46f-47c7-829c-79243ba74000","Blackwood-Harwood Plantations Cemetery","http://commons.wikimedia.org/wiki/Special:FilePath/Tallahassee%20FL%20Blackwood-Harwood%20Cemetery03.jpg","HTTP 429"
"416d194b-edad-4a80-b371-d199ef0fff3f","Benjamin Church House","http://commons.wikimedia.org/wiki/Special:FilePath/Benjamin%20Church%20Senior%20Center%2C%20Bristol%20RI.jpg","HTTP 429"
"419128ac-bb10-4dce-881a-221c9a1768d8","Tower 25","http://commons.wikimedia.org/wiki/Special:FilePath/Nicosia%2001-2017%20img16%20View%20from%20Shacolas%20Tower.jpg","HTTP 429"
"417c56c6-f971-4df7-9bfe-eb31b6d71f6a","Bakersfield National Cemetery","http://commons.wikimedia.org/wiki/Special:FilePath/Bakersfield%20National%20Cemetery.jpg","HTTP 429"
"41853267-f80b-4b8f-b3e8-281509cede5a","Roeulx Communal Cemetery","http://commons.wikimedia.org/wiki/Special:FilePath/R%C5%93ulx%20-%20Cimeti%C3%A8re%20de%20R%C5%93ulx%20%2811%29.JPG","HTTP 429"
"4171a4a3-fd2d-4526-b93a-f537c0bd9fae","Grünwald Woodland Cemetery","http://commons.wikimedia.org/wiki/Special:FilePath/Aussegnungshalle%20Waldfriedhof%20Gr%C3%BCnwald.jpg","HTTP 429"
"415d2b02-0851-4baa-9fb8-7ab065729789","Asilo de Convalecientes, Madrid","http://commons.wikimedia.org/wiki/Special:FilePath/Asilo%20de%20Convalecientes%20%28Madrid%29%2002.jpg","HTTP 429"
"416bad8a-ee65-4dae-a845-bea4207bb64c","Cross Creek Cemetery","http://commons.wikimedia.org/wiki/Special:FilePath/Cross%20Creek%20Cemetery.jpg","HTTP 429"
"41a2ffc1-3f5a-4370-ba3c-08e1a3f9610f","Cimetière de Maurin","http://commons.wikimedia.org/wiki/Special:FilePath/Saint-Paul-sur-Ubaye%20-%20Enclos%20de%20l%27%C3%A9glise%20de%20Maurin%20-916.jpg","HTTP 429"
"4202fb58-4dc8-40cd-af51-46bee81717ae","Gopuek Godum Chiangmai","https://img.vago.to/places/cover/v1/42/02/4202fb58-4dc8-40cd-af51-46bee81717ae.jpg","HTTP 404"
"423d2706-8ef6-4c23-85c7-dffc271fdec7","Original Coffee","https://www.originalcoffee.dk/wp-content/uploads/2023/05/DSC_3347-scaled.jpg","HTTP 400"
"4211a758-f354-4db3-be09-0cfa88b5058e","San Giorgio dei Greci","http://commons.wikimedia.org/wiki/Special:FilePath/Chiesa%20di%20S.Giorgio%20dei%20Greci.jpg","HTTP 429"
"421acf39-511f-47f6-83d7-72d81cbe8226","Lipstick Building","http://commons.wikimedia.org/wiki/Special:FilePath/Lipstick%20Building%20%28cropped%29.JPG","HTTP 429"
"41d22838-8bf1-49e2-96fd-99ed8c872240","West Virginia State Capitol","http://commons.wikimedia.org/wiki/Special:FilePath/U.S.%20Route%2060%20Charleston%2C%20WV%20%2824144490219%29.jpg","HTTP 429"
"41de5df1-e52d-46c8-9930-4c13b29ddcf5","St. Paul's Church, Frankfurt am Main","http://commons.wikimedia.org/wiki/Special:FilePath/Frankfurter-Paulskirche-vor-Dom-Roemer-Areal-2018-Ffm-10054.jpg","HTTP 429"
"420db7dd-0464-4354-82fb-122f8e875b96","Hatch's Department Store","http://commons.wikimedia.org/wiki/Special:FilePath/Hatch%27sDeptStoreWPB.JPG","HTTP 429"
"41bc9ddd-5d38-494b-90f5-2fcb5f22baa5","Clinton Grove Cemetery","http://commons.wikimedia.org/wiki/Special:FilePath/ClintonGroveCemeteryMountClemensMI1.jpg","HTTP 429"
"425e41f8-9fb1-4091-ad48-0f5ffbbe0983","Château de Saint-Cloud","http://commons.wikimedia.org/wiki/Special:FilePath/Saint-Cloud%2C%20general%20view%2C%20painting%20by%20Allegrain%20%E2%80%93%20Ch%C3%A2teau%20de%20Versailles%20%28adjusted%29.jpg","HTTP 429"
"429464ee-7e24-4525-95e2-680690236899","Cranfield University Library","http://commons.wikimedia.org/wiki/Special:FilePath/Cranfield%20University%20Library%202012.jpg","HTTP 429"
"42851cb2-e292-4cae-91c1-37d054b00bf0","Champs Bruley cemetery","http://commons.wikimedia.org/wiki/Special:FilePath/Cimeti%C3%A8re%20des%20Champs%20Bruley%20-%201.JPG","HTTP 429"
"427046f8-4a8b-42be-9d6e-3542124b7656","Cimitero delle Ballodole","http://commons.wikimedia.org/wiki/Special:FilePath/Ballodole%2001.JPG","HTTP 429"
"42525cd2-0c89-400e-bf2d-339c10eddcb6","Alter Garnisonfriedhof Berlin","http://commons.wikimedia.org/wiki/Special:FilePath/Alter%20Garnisonfriedhof%202.jpg","HTTP 429"
"42ad2e77-1198-4b7c-abee-e84daba0c7a5","EDP Headquarters","http://commons.wikimedia.org/wiki/Special:FilePath/Edif%C3%ADcio%20EDP%20%28Av.%2024%20de%20Julho%2C%20Lisboa%29%2001.jpg","HTTP 429"
"4251f6f6-1410-4ff8-9d3d-24b80a265273","US Post Office-Old Hickory","http://commons.wikimedia.org/wiki/Special:FilePath/U.S.%20Post%20Office-Old%20Hickory.jpg","HTTP 429"
"4293dfc6-2b77-4585-b287-03ad91cf9ac5","Bourecq Churchyard","http://commons.wikimedia.org/wiki/Special:FilePath/Bourecq%20Churchyard-5.jpg","HTTP 429"
"42494336-c3ba-48fb-9720-64dd1640f98b","Vjesnik Building","http://commons.wikimedia.org/wiki/Special:FilePath/Vjesnik%20building%2020150319%20DSC%200141.JPG","HTTP 429"
"42808adf-870e-404e-ad6a-66d6c8388392","Pillar of Eliseg","http://commons.wikimedia.org/wiki/Special:FilePath/Elisegs%20Pfeiler%205%20S%C3%BCdost.jpg","HTTP 429"
"43000a98-1a08-48c9-8f2a-bf892083e935","Jonkerbos War Cemetery","http://commons.wikimedia.org/wiki/Special:FilePath/Nijmegen%20militaire%20begraafplaats%20Jonkerbosch%20ingang.JPG","HTTP 429"
"430ea29d-5b9e-4330-9fa1-41df82f166c4","Bintepe","http://commons.wikimedia.org/wiki/Special:FilePath/Bin%20Tepe%2C%20large%20tumulus.jpg","HTTP 429"
"42e163b7-77aa-4b54-bd17-9605d0517fbe","Liercourt Churchyard","http://commons.wikimedia.org/wiki/Special:FilePath/Liercourt%20%C3%A9glise%20et%20cimeti%C3%A8re%201.jpg","HTTP 429"
"42e33117-839c-4b4e-96f8-aea07add34e8","East Entrance Checking Station","http://commons.wikimedia.org/wiki/Special:FilePath/South%20at%20East%20Entrance%20Checking%20Station%2C%20Zion%20National%20Park%2C%20Oct%2016.jpg","HTTP 429"
"42e01cf4-aac4-4f20-badd-f3c6f16caeba","Providence Court","http://commons.wikimedia.org/wiki/Special:FilePath/Providence%20Court%2C%20Pittsfield%20MA.jpg","HTTP 429"
"4316aaf9-4060-4bf1-9c85-1ab0be288b10","McMichael Canadian Art Collection","http://commons.wikimedia.org/wiki/Special:FilePath/McMichael.JPG","HTTP 429"
"42ff6b87-fdff-4c23-bb00-1abcd7b32539","Rosehill Cemetery","http://commons.wikimedia.org/wiki/Special:FilePath/Rosehill%20Cemetery%20Grand%20Entrance.jpg","HTTP 429"
"42e35b36-377a-4169-bf48-941f54bb1d36","La Banchina","https://labanchina.dk/wp-content/uploads/2019/05/La-Banchina-Restaurant-Copenhagen-19.jpg","HTTP 404"
"43386560-606f-4d25-9ce6-eb7908b7b77e","Saint Roch Cemetery","http://commons.wikimedia.org/wiki/Special:FilePath/Cimeti%C3%A8re%20Saint-Roch%20-%20Grenoble.JPG","HTTP 429"
"43819d3c-6a63-4047-982c-c1386ce05f54","Teatro Falla","http://commons.wikimedia.org/wiki/Special:FilePath/Teatro%20falla%202019An002.jpg","HTTP 429"
"43384294-9daa-41c2-ae46-91850de6f185","Fenain Communal Cemetery","http://commons.wikimedia.org/wiki/Special:FilePath/Fenain%20-%20Cimeti%C3%A8re%20de%20Fenain%20%2810%29.JPG","HTTP 429"
"43830497-c469-49d9-9c4a-7fb1ca9f3669","Supremo Tribunal Federal building","http://commons.wikimedia.org/wiki/Special:FilePath/Brasilia%20Cour%20Supr%C3%AAme.jpg","HTTP 429"
"436ce9e4-b7f7-4045-ade7-b4621e695104","Cathedral of Valladolid","http://commons.wikimedia.org/wiki/Special:FilePath/Valladolid%20Cathedral%202023%20-%20Main%20Fa%C3%A7ade%20with%20Sunstar.jpg","HTTP 429"
"4338b0f6-b206-449b-87b7-6fad0ed2dc8e","Devil's Farmhouse","http://commons.wikimedia.org/wiki/Special:FilePath/The%20Devil%27s%20Farmhouse%20in%20Mellieha%2C%20Malta.jpeg","HTTP 429"
"43cb0b4c-2805-4c85-bd06-503b59bc3f9c","DOLCE TACUBO","https://img.vago.to/places/cover/v1/43/cb/43cb0b4c-2805-4c85-bd06-503b59bc3f9c.jpg","HTTP 404"
"43b997f6-4931-4e2f-a550-53f35ef10a54","Church of San Matías, Madrid","http://commons.wikimedia.org/wiki/Special:FilePath/Frontal%20de%20la%20iglesia%20de%20San%20Mat%C3%ADas%2C%20Madrid.jpg","HTTP 429"
"43fda1da-e0a0-4fd7-82ae-10e3d903be82","Sugarloaf Mound","http://commons.wikimedia.org/wiki/Special:FilePath/Sugar%20Loaf%20Mound%20at%204420%20Ohio%20in%20St%20Louis%20MO%2021.jpg","HTTP 429"
"441d42cb-236e-4c91-974b-ded81b15315e","Robert C. Weaver Federal Building","http://commons.wikimedia.org/wiki/Special:FilePath/Department%20of%20Housing%20and%20Urban%20Development.JPG","HTTP 429"
"43f2b5f4-7e2f-405a-b53a-af7a7cc276e4","Tokyo Dome Hotel","http://commons.wikimedia.org/wiki/Special:FilePath/Tokyo%20Dome%20Hotel%2C%202018.jpg","HTTP 429"
"43e6fbeb-a80e-452d-8041-04a5c9d09a49","Begraafplaats Oostergaarde","http://commons.wikimedia.org/wiki/Special:FilePath/Harderwijk%20General%20Cemetery%20-1.jpg","HTTP 429"
"43d29156-e5de-40b9-8a7d-7c91bdc34eea","Ben Rose House","http://commons.wikimedia.org/wiki/Special:FilePath/Cameron%27s%20House.jpg","HTTP 429"
"43f8f181-93ba-4a58-819c-2ace1dc83820","Igreja Matriz","http://commons.wikimedia.org/wiki/Special:FilePath/Igreja%20em%20Presidente%20Get%C3%BAlio%20-%20SC.jpg","HTTP 429"
"43e535aa-59e8-46d1-9c24-0586485ce49e","Schloss Haimhausen","http://commons.wikimedia.org/wiki/Special:FilePath/Schloss%20Haimhausen%201.jpg","HTTP 429"
"44672179-397c-47bb-befd-bf8039e48970","Can Nonell","http://commons.wikimedia.org/wiki/Special:FilePath/Can%20Nonell%20%28Tiana%29.jpg","HTTP 429"
"44847a30-a882-4aba-bec6-80d05c75c1c8","Artillery Park","http://commons.wikimedia.org/wiki/Special:FilePath/ArtilleryPark-7651.jpg","HTTP 429"
"44806f3e-b7e5-48da-a581-6b68a7514d2b","United States Post Office","http://commons.wikimedia.org/wiki/Special:FilePath/Rhinebeck%2C%20NY%2C%20post%20office.jpg","HTTP 429"
"447e3a0b-25a2-4fba-a13d-362909e587a4","Aiken Colored Cemetery","http://commons.wikimedia.org/wiki/Special:FilePath/Aiken%20Colored%20Cemetery.jpg","HTTP 429"
"4493fdaa-8d26-49f4-8de3-5d76d4bfc802","Chester Village Cemetery","http://commons.wikimedia.org/wiki/Special:FilePath/ChesterNH%20VillageCemetery.jpg","HTTP 429"
"445fc308-cf77-49ef-8491-18fe3266c7f0","Lake Point Tower","http://commons.wikimedia.org/wiki/Special:FilePath/Lake%20Point%20Tower.jpg","HTTP 429"
"44712817-67bd-4d2a-8d8b-37b7ad64a4da","St. Kolumba, Cologne","http://commons.wikimedia.org/wiki/Special:FilePath/St-Kolumba-K%C3%B6ln-Kolumbahof-009.jpg","HTTP 429"
"445969e6-55be-452c-822f-7d02c3ecbab8","Linkeho dům","http://commons.wikimedia.org/wiki/Special:FilePath/Jablonec%20nad%20Nisou%20187%20-%20roh%20Machovy%20a%20Komenskeho.jpg","HTTP 429"
"4482eb59-18cf-4545-890a-981c56e41470","Rifredi Cemetery","http://commons.wikimedia.org/wiki/Special:FilePath/Firenze%2C%20cimitero%20di%20rifredi%2003.JPG","HTTP 429"
"44b98bba-3f8a-4258-9c6c-f6a1d3f62c9a","Grafheuvel #341312","http://commons.wikimedia.org/wiki/Special:FilePath/Grafheuvel%20nabij%20Hazeleger%20in%20Wolfheze%20-01.jpg","HTTP 429"
"44ea6355-1add-4d5c-bd61-f46e6955888c","Waverley Cemetery","http://commons.wikimedia.org/wiki/Special:FilePath/Waverly%20cemetery%20Sydney.jpg","HTTP 429"
"44de9ad5-ded6-445c-98c5-07e14e23f4bf","Igrejinha Nossa Senhora de Fátima","http://commons.wikimedia.org/wiki/Special:FilePath/Capilla%20de%20Nuestra%20Se%C3%B1ora%20de%20Fatima%20Brasilia.jpg","HTTP 429"
"45193043-a6c5-46a3-8aa1-7ae0851a29b1","Quend Communal Cemetery","http://commons.wikimedia.org/wiki/Special:FilePath/Quend%20Communal%20Cemetery%201%201.JPG","HTTP 429"
"45072c78-567f-4f7d-ae14-78cbfdb23e84","New Town Hall","http://commons.wikimedia.org/wiki/Special:FilePath/Neues%20Rathaus%20Hannover%202013.jpg","HTTP 429"
"44ff3efa-d255-4d00-a141-5fa70e623646","Chesme Church","http://commons.wikimedia.org/wiki/Special:FilePath/Spb%2006-2012%20Chesme%20Church.jpg","HTTP 429"
"44ca2e79-26da-4b72-b502-4a84e12819fe","St. Sava's Serbian Orthodox Seminary","http://commons.wikimedia.org/wiki/Special:FilePath/Warren%20Township%2C%20IL%2C%20USA%20-%20panoramio.jpg","HTTP 429"
"450e3936-029e-4026-a271-d3d43377dfbe","Warren McGuirk Alumni Stadium","http://commons.wikimedia.org/wiki/Special:FilePath/Umassstadium2.jpg","HTTP 429"
"44f69f34-2781-4f17-bc17-d92c848349da","Tripoli Shrine Temple","http://commons.wikimedia.org/wiki/Special:FilePath/Tripoli%20Shrine%20Temple.jpg","HTTP 429"
"451bcfa5-eb19-4654-8338-ce60e521bed9","Notre-Dame-de-Lorette","http://commons.wikimedia.org/wiki/Special:FilePath/Notre-Dame-de-Lorette-Paris-DSC%206121.jpg","HTTP 429"
"45961986-0cdc-4a02-9c9e-350ecb0291a2","Mantua Cathedral","http://commons.wikimedia.org/wiki/Special:FilePath/Cattedrale%20di%20San%20Pietro%20Apostolo%2C%20Mantova.jpg","HTTP 429"
"452e3138-5b46-434e-9812-141f1f768951","Hotel Nacional de Cuba","http://commons.wikimedia.org/wiki/Special:FilePath/Hotelnacionale.jpg","HTTP 429"
"45606d83-c758-437c-98b3-e4e97b871e44","Roman catholic cemetery Montfoort","http://commons.wikimedia.org/wiki/Special:FilePath/RK%20Begraafplaats%20Montfoort%20Lodewijkstraat%2009.JPG","HTTP 429"
"459ca0ce-47b8-4675-ab64-e246bf9ae9df","Basilica of Sant'Eustorgio","http://commons.wikimedia.org/wiki/Special:FilePath/7172MilanoSEustorgio.JPG","HTTP 429"
"455f213c-2b3f-4dba-89d3-6c07a0e3b6a7","Trump International Hotel and Tower","http://commons.wikimedia.org/wiki/Special:FilePath/20090518%20Trump%20International%20Hotel%20and%20Tower%2C%20Chicago.jpg","HTTP 429"
"45befa99-5c88-46a3-8a13-bd1783020b63","Writers House","http://commons.wikimedia.org/wiki/Special:FilePath/Writers%20House%20%28Minsk%29%2013.jpg","HTTP 429"
"4610e4c8-8b94-454e-b7c9-811b9e4219af","Lallaing Communal Cemetery","http://commons.wikimedia.org/wiki/Special:FilePath/Lallaing%20-%20Cimeti%C3%A8re%20de%20Lallaing%20%2802%29.JPG","HTTP 429"
"4610126a-6b25-4665-97f2-538c7ae35d85","Portcullis House","http://commons.wikimedia.org/wiki/Special:FilePath/Westminster%20Station%20Building.jpg","HTTP 429"
"45f3957b-7fcf-4784-ad2b-ca240b930699","Colestown Cemetery","http://commons.wikimedia.org/wiki/Special:FilePath/GATEHOUSE%20AT%20COLESTOWN%20CEMETERY%2C%20CAMDEN%20COUNTY%20%28cropped%29.jpg","HTTP 429"
"45fbe30b-4bbb-4982-90d9-f1bf25cfa70f","Bryce Canyon Lodge","http://commons.wikimedia.org/wiki/Special:FilePath/Bryce%20Canyon%20Lodge.jpg","HTTP 429"
"45a81d5f-8634-49fc-80a7-faff53694c9c","Martenastate, grafheuvel (familiebegraafplaats Van Burmania) en dam met hek","http://commons.wikimedia.org/wiki/Special:FilePath/Heuvel%20met%20familiegraven%20Martenastate%203.jpg","HTTP 429"
"45e50ef4-314e-42f6-b635-77b2f106f366","Citigroup Center","http://commons.wikimedia.org/wiki/Special:FilePath/The%20Hugh%202025%20jeh%20%2875772%29.jpg","HTTP 429"
"464bfb23-36aa-4672-9f76-a69ad0fc37b7","Hayashida","https://example.com/hayashida_ramen.jpg","HTTP 404"
"463f4cf5-21db-49f3-926f-0938e2d9d3aa","Basilica of Candelaria","http://commons.wikimedia.org/wiki/Special:FilePath/Candelaria%20Basilica.jpg","HTTP 429"
"4625ad78-3b99-4145-8b1c-275bfb82f9e0","Noordelijk Olympisch Huisje","http://commons.wikimedia.org/wiki/Special:FilePath/Noordelijk%20Olympisch%20huisje.jpg","HTTP 429"
"46494585-5414-4773-b4db-0ca6dd713ab8","Oak Ridge Cemetery","http://commons.wikimedia.org/wiki/Special:FilePath/Wwii02.jpg","HTTP 429"
"461ffc33-5f9e-419f-990b-38014d9b8f67","Mrs. A. F. Rossi House","http://commons.wikimedia.org/wiki/Special:FilePath/Mrs.%20A.F.%20Rossi%20House%20%281%29.jpg","HTTP 429"
"463993a8-2315-43e2-a158-cf2d79d55876","Parish Church Oberdrauberg","http://commons.wikimedia.org/wiki/Special:FilePath/Oberdrauburg%20Pfarrkirche%20St%20Oswald.JPG","HTTP 429"
"465623e1-fe30-4fbf-871a-9dc4b5464769","Cimetière des Juifs portugais de Paris","http://commons.wikimedia.org/wiki/Special:FilePath/Cimeti%C3%A8re%20juif%20portugais%20de%20la%20Villette%2001.jpg","HTTP 429"
"463e155b-1577-48c4-bb93-ab854b0843de","Dayton National Cemetery","http://commons.wikimedia.org/wiki/Special:FilePath/Soldiers%20monument%20Dayton%20Natl%20Cemetery.jpg","HTTP 429"
"46eca565-dd97-4e3d-9d5f-6b1b5bc3196f","Buck Camp Ranger Station","http://commons.wikimedia.org/wiki/Special:FilePath/Buck%20Camp%20Patrol%20Cabin.jpg","HTTP 429"
"46883512-b23f-4fb1-9a7e-9a5c4e8aeb66","Terrein met zes en vermoedelijk acht grafheuvels","http://commons.wikimedia.org/wiki/Special:FilePath/Grafheuvels%20ten%20zuidoosten%20van%20hunebed%20D11%20v1.jpg","HTTP 429"
"46d57af2-1b5e-4782-adbb-3c8780247578","Wervicq-Sud cemetery","http://commons.wikimedia.org/wiki/Special:FilePath/Wervicq%20%28Sud%29%20Communal%20Cemetery-13.jpg","HTTP 429"
"466ff5e0-9798-4d09-bdb2-52b32c844c87","Santa Maria in Traspontina","http://commons.wikimedia.org/wiki/Special:FilePath/Santuario%20di%20Santa%20Maria%20in%20Traspontina%20-%20esterno.jpg","HTTP 429"
"46e1c117-d8f6-474f-93f0-2e85520df92f","Cimetière de Pacy-sur-Armançon","http://commons.wikimedia.org/wiki/Special:FilePath/08%20-%20BFC%20-%20Yonne%20-%20Pacy-sur-Arman%C3%A7on%20%282025-09-16%2017-49-04%29.jpg","HTTP 429"
"46c3b608-4e07-4bd8-b4ee-03321792f17f","United States Post Office and Federal Building","http://commons.wikimedia.org/wiki/Special:FilePath/U.S.%20Courthouse%2C%20Wichita%2C%20KS.jpg","HTTP 429"
"46f56ce2-b7c5-49ae-b663-1054ecee57ba","Chinese Theatre in Tsarskoe Selo","http://commons.wikimedia.org/wiki/Special:FilePath/Chinatheatre.jpg","HTTP 429"
"46a1a4c6-0293-4f74-b915-f10388d92b9f","Soestdijk Palace","http://commons.wikimedia.org/wiki/Special:FilePath/Palace%20Soestdijk.jpg","HTTP 429"
"467ae561-68c8-4e39-b648-5ea959656c07","Leipzig South Cemetery","http://commons.wikimedia.org/wiki/Special:FilePath/L-S%C3%BCdfriedhofWi2.JPG","HTTP 429"
"466da85b-c73b-4ca0-a835-059b74282c0c","Komitas Chamber Music Hall","http://commons.wikimedia.org/wiki/Special:FilePath/Yerevan%20Music%20house%20after%20Komitas%2002.jpg","HTTP 429"
"474dc9ed-779d-49f3-9db8-64683f650a88","First Bank of the United States","http://commons.wikimedia.org/wiki/Special:FilePath/First%20Bank%20of%20the%20United%20States%2C%20Philadelphia%2C%20Pennsylvania%20LCCN2011633532%20%28edited%29.jpg","HTTP 429"
"472b069a-64d7-48e0-8ae2-eb5e17f38b68","cemeteries at Hallesches Tor","http://commons.wikimedia.org/wiki/Special:FilePath/Graveyards%20Hallesches%20Tor2%20Berlin.JPG","HTTP 429"
"470d1209-1db1-4987-953c-648f4c85cb03","German Chancellery in Berlin","http://commons.wikimedia.org/wiki/Special:FilePath/07.08.21.Bundeskanzleramt.jpg","HTTP 429"
"46f6d03f-514b-4866-8ade-fbd0a313bd16","Glageon Communal Cemetery Extension","http://commons.wikimedia.org/wiki/Special:FilePath/Glageon%20%28Nord%2C%20Fr%29%20CWCG%20Glageon%20Communal%20Cemetery%20extension.jpg","HTTP 429"
"4708bce3-8753-420a-8cfa-3498aa56db62","Santa Maria della Passione Church","http://commons.wikimedia.org/wiki/Special:FilePath/2964MilanoSMariaPassione.jpg","HTTP 429"
"46fbf9d6-c72f-46aa-9533-b9c3aae895ce","Menara Mesiniaga","http://commons.wikimedia.org/wiki/Special:FilePath/Menara%20Mesiniaga%20aerial%20view.jpg","HTTP 429"
"4793d56d-a9ae-4384-8419-4888dc39467a","GRAPH contemporary","https://img.vago.to/places/cover/v1/47/93/4793d56d-a9ae-4384-8419-4888dc39467a.jpg","HTTP 404"
"47a2f392-bd56-4399-a360-98756927cb5c","Bank Al Maghrib Building","http://commons.wikimedia.org/wiki/Special:FilePath/Rabat%2C%20Bank%20al-Maghrib.jpg","HTTP 429"
"475f21f3-ca70-4848-bb0b-b9fde6dec2a8","Strazeele cemetery","http://commons.wikimedia.org/wiki/Special:FilePath/Strazeele%20Communal%20Cemetery%20-11.jpg","HTTP 429"
"475dea59-470b-4f5d-ab0d-094ade2b2a20","Casa Miquel Mach","http://commons.wikimedia.org/wiki/Special:FilePath/Casa%20Miquel%20Mach%20Oller%2C%20c.%20Esgl%C3%A9sia.jpg","HTTP 429"
"47662775-e356-40b2-8a62-b50d66b57b29","Montjuïc Cemetery","http://commons.wikimedia.org/wiki/Special:FilePath/Montiju%C3%AFc%20Cemetery.jpg","HTTP 429"
"47a79c24-b474-4442-8f83-ccc9539ab653","Florida National Cemetery","http://commons.wikimedia.org/wiki/Special:FilePath/Florida%20National%20Cemetery%20downsized.jpg","HTTP 429"
"4764cf78-0479-4d41-8b4c-cae81be113fd","Pilgramgasse","http://commons.wikimedia.org/wiki/Special:FilePath/Vienna%20subway%20%283948671356%29.jpg","HTTP 429"
"480a0266-1509-49bc-8512-b25216dcd1c6","Naka-meguro Sta.","https://img.vago.to/places/cover/v1/48/0a/480a0266-1509-49bc-8512-b25216dcd1c6.jpg","HTTP 404"
"47ce61c0-24f3-4f32-8593-6888c81bea38","Old Faithful Lodge","http://commons.wikimedia.org/wiki/Special:FilePath/Old%20Faithful%20Lodge%20cropped.jpg","HTTP 429"
"47b8e2b1-c85f-445e-a250-72d724e1de1e","Pedrocchi Café","http://commons.wikimedia.org/wiki/Special:FilePath/Caff%C3%A8%20Pedrocchi.JPG","HTTP 429"
"47e4594b-de30-48cb-abf4-e780add8f71c","Cimetière des Gonards","http://commons.wikimedia.org/wiki/Special:FilePath/Versailles%2C%20Cimeti%C3%A8re%20des%20Gonards%2C%20Entr%C3%A9e.jpg","HTTP 429"
"47d5b39d-cf1f-448e-9ab7-497eae8d70e5","New Grodno Castle","http://commons.wikimedia.org/wiki/Special:FilePath/%D0%9D%D0%BE%D0%B2%D1%8B%20%D0%B7%D0%B0%D0%BC%D0%B0%D0%BA%28%D0%93%D0%B0%D1%80%D0%BE%D0%B4%D0%BD%D1%8F%29%201.jpg","HTTP 429"
"47baeaea-7ad6-4feb-888a-54af98f9ae2f","Filialkirche St. Martin, Launsdorf","http://commons.wikimedia.org/wiki/Special:FilePath/Sankt%20Georgen%20am%20L%C3%A4ngsee%20Sankt%20Martin%20Filialkirche%20hl.%20Martin%2001082007%2001.jpg","HTTP 429"
"47b44528-ece8-4d2a-a4ee-91fc279279f1","World War I Cemetery nr 54 in Krzywa","http://commons.wikimedia.org/wiki/Special:FilePath/Krzywa%2C%20cmentarz%20wojenny%20nr%2054.jpg","HTTP 429"
"4861fb8a-4832-40bc-96c8-18446655541d","Karrakatta Cemetery","http://commons.wikimedia.org/wiki/Special:FilePath/Karrakatta%20Cemetery.JPG","HTTP 429"
"4844866b-ff55-4221-b5cb-f761c957cdfa","Adolfo Gonzales Chaves municipal market","http://commons.wikimedia.org/wiki/Special:FilePath/Centro%20Cultural%20de%20Gonz%C3%A1lez%20Chavez.JPG","HTTP 429"
"482d5420-942d-4e5f-bacf-4ec92793ecca","Pavilhão de Portugal","http://commons.wikimedia.org/wiki/Special:FilePath/Pavilhao%20Portugal%202.JPG","HTTP 429"
"48775942-26a4-4c5a-af7b-45af8f1620e7","Mozu Tombs","http://commons.wikimedia.org/wiki/Special:FilePath/Mozu%20Kofun%20Group%20Aerial%20photograph%202007.jpg","HTTP 429"
"4858bb47-7d9b-46d9-85c9-816dc0afd453","quadrilatère du Manio","http://commons.wikimedia.org/wiki/Special:FilePath/Tumulus%2C%20quadrilat%C3%A8re%20et%20menhir%20de%20Manio%202005%2003.jpg","HTTP 429"
"4851981f-d3ae-41a1-b2f0-fd663ed4eb5f","Pučkalaukio pilkapynas","http://commons.wikimedia.org/wiki/Special:FilePath/Puckalaukio%20pilkapynas2015.JPG","HTTP 429"
"4823a525-dfa8-45cf-a725-8d62ba39013f","Jewish Cemetery","http://commons.wikimedia.org/wiki/Special:FilePath/Jewish%20cemetery%20Worms.jpg","HTTP 429"
"485ea6e6-7072-469a-b928-bbd9c4147c0f","Wancourt British Cemetery","http://commons.wikimedia.org/wiki/Special:FilePath/Wancourt%20British%20Cemetery%2014.jpg","HTTP 429"
"4870e87b-a4b5-4387-992b-8124373f4e69","Bergfriedhof","http://commons.wikimedia.org/wiki/Special:FilePath/Bergfriedhof%20Haupteingang.JPG","HTTP 429"
"482ab965-d0a4-4d46-b7c8-b0bf6d1a3f48","Fernsehturm Berlin","http://commons.wikimedia.org/wiki/Special:FilePath/Weltzeituhr%20mit%20Fernsehturm%20-%20Alexanderplatz.jpg","HTTP 429"
"48e18f97-7c0f-46ee-8c5e-d584182c1950","Loop C Comfort Station","http://commons.wikimedia.org/wiki/Special:FilePath/Bryce%20Canyon%20Loop%20C%20Comfort%20Station.jpg","HTTP 429"
"48cd2571-19a8-4a3c-8d2d-e95c2fa90990","Mohyla v Chotouni","http://commons.wikimedia.org/wiki/Special:FilePath/Mohyla%20Chotoun.jpg","HTTP 429"
"48e858bb-9b37-4a78-bef5-6cc2e85794dc","Kriegsgräberstätte Pfaffenheck","http://commons.wikimedia.org/wiki/Special:FilePath/Eiserne%20Kreuze%20Pfaffenheck%20M%C3%A4rz%202010.JPG","HTTP 429"
"48d12018-1481-4678-b9af-2262a34f2539","Polish Cemetery in Grainville-Langannerie","http://commons.wikimedia.org/wiki/Special:FilePath/Cimeti%C3%A8re%20Polonais%20002.JPG","HTTP 429"
"48b51a78-1aa9-4155-aa0f-72dbc0c8631c","Cathedral of Brasília","http://commons.wikimedia.org/wiki/Special:FilePath/Brasilia%20Catedral%2008%202005%2003.jpg","HTTP 429"
"48b58ed7-d8ab-49e3-b4c5-d652c8c8debf","Złota 44","http://commons.wikimedia.org/wiki/Special:FilePath/2018%20Warszawa%20Z%C5%82ota%2044%20z%20PKiN.jpg","HTTP 429"
"48baa21a-fc28-4fde-8e6a-93664b6976da","Cimetière Nord de Strasbourg","http://commons.wikimedia.org/wiki/Special:FilePath/Cimeti%C3%A8re%20Nord%20de%20Strasbourg%20%285%29.jpg","HTTP 429"
"497a3612-f960-4e7e-b4d1-92103a3749a4","Mouko Tanmen Nakamoto","https://example.com/nakamoto_ramen.jpg","HTTP 404"
"49720176-218b-428e-8491-04cff890ad92","Cathedral of Jesus' Heart","http://commons.wikimedia.org/wiki/Special:FilePath/JesusesHearthCathedral.jpg","HTTP 429"
"493733d5-e4e2-4566-8009-5b52efe0aa8f","Chippiannock Cemetery","http://commons.wikimedia.org/wiki/Special:FilePath/Chippiannock%20Calder.JPG","HTTP 429"
"48f87501-3167-4f88-ac74-07bab5a4fe33","Jewish cemetery in Berezhany","http://commons.wikimedia.org/wiki/Special:FilePath/Berezhany%20Jewish%20Cemetery%20%2812%29.jpg","HTTP 429"
"493eb45e-3618-4863-bb6d-1c0a3382f7c8","Genech cemetery","http://commons.wikimedia.org/wiki/Special:FilePath/Genech%20-%20Cimeti%C3%A8re%20de%20Genech%20%2835%29.JPG","HTTP 429"
"491b7f70-8e98-4370-9c65-e79af728cd73","Palacio Pascual de Riquelme","http://commons.wikimedia.org/wiki/Special:FilePath/Museo%20Teatro%20Romano%20Cartagena%20fachada.jpg","HTTP 429"
"490a8a51-bd4d-41bf-bc1f-4b1111afc646","Newport News Public Library","http://commons.wikimedia.org/wiki/Special:FilePath/Newport%20News%20Public%20Library%20%28Front%20Left%29.JPG","HTTP 429"
"49896e9d-61a0-4b64-b9df-7548b8b354c4","Five Scattered Houses, Ningbo","http://commons.wikimedia.org/wiki/Special:FilePath/Five%20Scattered%20Houses%20in%20Yinzhou%20Park.svg","HTTP 429"
"49777a7c-0f9c-4e6b-8be5-f897b9cc67c0","Palazzo dei Conservatori","http://commons.wikimedia.org/wiki/Special:FilePath/Muzeum%20Kapitolinskie.JPG","HTTP 429"
"499bedc6-0a54-41e6-82fc-c2fccdbf51ee","Coffee Collective Bernikow","https://img.vago.to/places/cover/v1/49/9b/499bedc6-0a54-41e6-82fc-c2fccdbf51ee.jpg","HTTP 404"
"49e63247-ffa0-4dfd-9a75-5a70391e6acf","Copenhagen Opera House","http://commons.wikimedia.org/wiki/Special:FilePath/Copenhagen%20Opera%20House%202014%2004.jpg","HTTP 429"
"4a188519-9710-498b-b5b3-630723720845","City Tower","http://commons.wikimedia.org/wiki/Special:FilePath/Pank%C3%A1c%20City%20Tower%202.jpg","HTTP 429"
"49d14d8b-6169-4fc4-8642-f310e2142814","Minaret in Lednice","http://commons.wikimedia.org/wiki/Special:FilePath/Minaret%20in%20Lednice%20-%20se%20stromy.JPG","HTTP 429"
"4a09b517-11be-4165-96b9-a009ec7e739c","Thomas Durham School","http://commons.wikimedia.org/wiki/Special:FilePath/Durham%20School%20in%20Philly.JPG","HTTP 429"
"499e2822-22c3-4e3a-93f6-49f0f4c5f100","Polish Cemetery at Monte Cassino","http://commons.wikimedia.org/wiki/Special:FilePath/Cassino%20-%20Cimitero%20militare%20polacco%20di%20Montecassino%20-%202025-09-18%2019-20-49%20001.JPG","HTTP 429"
"49b4e51d-387b-4040-a464-a9916c9b4f05","Avalon Cemetery","http://commons.wikimedia.org/wiki/Special:FilePath/Helen%20Joseph%20Avalon.jpg","HTTP 429"
"49977ffe-736e-4434-b3a2-eefa063e3dfb","Stadio comunale","http://commons.wikimedia.org/wiki/Special:FilePath/Comunaletrani.jpg","HTTP 429"
"4a28fbe3-2eda-4fa4-8971-47a017635d65","Shussemae Hiroba","https://img.vago.to/places/cover/v1/4a/28/4a28fbe3-2eda-4fa4-8971-47a017635d65.jpg","HTTP 404"
"4a22eca6-5a0b-4ceb-9195-2cc6888ac637","Dr. James Davies House","http://commons.wikimedia.org/wiki/Special:FilePath/Dr.%20James%20Davies%20House%20%281%29.jpg","HTTP 429"
"4a594efe-9bf5-43db-8dac-9fb112758975","Intelsat headquarters","http://commons.wikimedia.org/wiki/Special:FilePath/Intelsat%20Headquarters%20side%20by%20Matthew%20Bisanz.jpg","HTTP 429"
"4a1ed7c8-d5c0-4ddf-8434-ff9440e16a04","Vicq Communal Cemetery","http://commons.wikimedia.org/wiki/Special:FilePath/Vicq%20Communal%20Cemetery-2.jpg","HTTP 429"
"4a493075-e459-4b41-9863-d371238b9834","Friedhof","http://commons.wikimedia.org/wiki/Special:FilePath/Mainbernheim%20Friedhof%2047.JPG","HTTP 429"
"4a742cf9-b977-4ded-a989-efc834225667","Palace of Laredo","http://commons.wikimedia.org/wiki/Special:FilePath/Universidad%20de%20Alcal%C3%A1%20-%20Palacio%20Laredo%20conjunto.jpg","HTTP 429"
"4a353ebb-2c9d-426a-bcd7-3cb375beb0a1","Washington Navy Yard","http://commons.wikimedia.org/wiki/Special:FilePath/USS%20Barry%20%28DD-933%29%20berthed%20at%20Washington%20Navy%20Yard.jpg","HTTP 429"
"4a3b029a-2b26-4a88-92f6-8226e8a10381","Cathedral of the Sacred Heart of Jesus, Algiers","http://commons.wikimedia.org/wiki/Special:FilePath/Cath%C3%A9drale%20du%20Sacr%C3%A9-Coeur%2C%20Alger.jpg","HTTP 429"
"4ae047f9-efc7-4a8c-b186-7a5b5b7184a3","Mole Antonelliana","http://commons.wikimedia.org/wiki/Special:FilePath/Mole%20Antonelliana%20in%20Turin.jpg","HTTP 429"
"4b070c7a-2c2b-46c1-8f0e-b5c869bd30c7","Terrein waarin grafheuvel #45193","http://commons.wikimedia.org/wiki/Special:FilePath/Grafheuvel%20Loenen.jpg","HTTP 429"
"4ae8abe2-d1fd-48bc-add0-b80332892e90","Musée du quai Branly","http://commons.wikimedia.org/wiki/Special:FilePath/Mus%C3%A9e%20du%20quai%20Branly%20-%2020150801%2016h07%20%2810629%29.jpg","HTTP 429"
"4ace0b52-b33c-441f-8aab-1fbf591a6cb4","Svartsjö Palace","http://commons.wikimedia.org/wiki/Special:FilePath/Svartsj%C3%B6%20slott%20August%202012%2001.jpg","HTTP 429"
"4abaa3ab-4b1d-43e7-b27b-ecf1c30e2e39","Hart Bageri","https://www.hartbageri.com/wp-content/uploads/2020/03/HART_EXTERIOR_01-scaled.jpg","HTTP 404"
"4b148c88-55ce-4c17-a50e-dad0d1a1ce64","Avril Kichijōji","https://img.vago.to/places/cover/v1/4b/14/4b148c88-55ce-4c17-a50e-dad0d1a1ce64.jpg","HTTP 404"
"4b5ae43d-31ef-4489-8d62-584c3301432d","St. Pölten dome","http://commons.wikimedia.org/wiki/Special:FilePath/St.%20P%C3%B6lten%20-%20Dom.JPG","HTTP 429"
"4b1bf9d0-a950-4032-8094-1b94b2ca8c04","Uris Hall","http://commons.wikimedia.org/wiki/Special:FilePath/Uris%20Hall%20and%20cyclist.jpg","HTTP 429"
"4b2d1a62-5c35-480f-b7ff-51a228842210","Yves du Manoir Stadium","http://commons.wikimedia.org/wiki/Special:FilePath/Netherlands%20vs.%20Germany%2C%202024%20Summer%20Olympics%20men%27s%20field%20hockey%2C%202024-08-08%20-%201.jpg","HTTP 429"
"4b739f17-5353-47de-95bc-84ed12c81cdd","Cmentarz Hołoskowski we Lwowie","http://commons.wikimedia.org/wiki/Special:FilePath/Petro%20Zadorozhnyy%20Holoskivskyi%20cemetery%200232.JPG","HTTP 429"
"4b2309d8-3ca6-48cf-b59c-5a0afd500584","III. Städtischer Friedhof Stubenrauchstraße","http://commons.wikimedia.org/wiki/Special:FilePath/2006-07-24%20Friedhof%20Schoeneberg%20III%20Kapelle.jpg","HTTP 429"
"4b12410a-c016-48c0-aefd-a20debd06729","monumental cemetery of Milan","http://commons.wikimedia.org/wiki/Special:FilePath/Cimitero%20Monumentale%20di%20Milano%20nella%20sua%20vista%20esterna%20frontale.jpg","HTTP 429"
"4b0a91e5-56c7-4a3b-9f1d-45cc5c727dac","Alfonse M. D'Amato United States Courthouse","http://commons.wikimedia.org/wiki/Special:FilePath/Damato-courthouse.jpg","HTTP 429"
"4b786f7e-528b-4a00-9285-fef70bb020c6","Munttoren","http://commons.wikimedia.org/wiki/Special:FilePath/Munttoren%20in%20Amsterdam%202015.jpg","HTTP 429"
"4beddce8-eee4-4eac-9f8d-f21db86daf2f","Parkway Plaza Supermarket","http://commons.wikimedia.org/wiki/Special:FilePath/Metro%20%28Parkway%20Mall%29%20-%20Toronto%2C%20ON.jpg","HTTP 429"
"4be0f826-cba1-4fab-84f9-6a55d8709afc","San Zaccaria","http://commons.wikimedia.org/wiki/Special:FilePath/Chiesa%20di%20San%20Zaccaria%20Venezia.jpg","HTTP 429"
"4bcf4ddf-6abc-487d-9782-a5e950bba5ba","Maximilianskirche","http://commons.wikimedia.org/wiki/Special:FilePath/Ellingen%20Maxkirche1.jpg","HTTP 429"
"4bc3deee-d90d-496f-8c40-0d84f6e48850","Saint-Véran Cemetery","http://commons.wikimedia.org/wiki/Special:FilePath/St%20V%C3%A9ran%20-%20entr%C3%A9e.JPG","HTTP 429"
"4babda6f-80ca-46ae-98f4-226bf618ea23","Pfarrkirche Sankt Stefan am Krappfeld","http://commons.wikimedia.org/wiki/Special:FilePath/M%C3%B6lbling%20St.%20Stefan%20am%20Krappfeld%20Pfarrkirche%20hl.%20Stefan%2018102012%204978.jpg","HTTP 429"
"4bb88ec0-3bfb-42e9-ab39-6eff3acb2376","Galeries Lafayette","http://commons.wikimedia.org/wiki/Special:FilePath/Berlin%20-%20Galeries%20Lafayette%20Berlin.jpg","HTTP 429"
"4b9f2708-c572-409f-a6d5-60e4c87d24d1","Merkur Spiel-Arena","http://commons.wikimedia.org/wiki/Special:FilePath/LTU%20arena%20panorama.jpg","HTTP 429"
"4c38ad30-3e2b-4938-be29-407c09d11757","Cemetery of Saint-Denis","http://commons.wikimedia.org/wiki/Special:FilePath/Cimeti%C3%A8re%20St%20Denis%20Seine%20St%20Denis%208.jpg","HTTP 429"
"4c4451b2-47eb-4361-a21d-93f8779fcdbb","Vvedenskoye Cemetery","http://commons.wikimedia.org/wiki/Special:FilePath/Vvedenskoe%20-%20Building%2004.jpg","HTTP 429"
"4c0c3345-d928-4e37-a4d3-11fc1fa0c9de","Wallfahrtskirche Frauenstein","http://commons.wikimedia.org/wiki/Special:FilePath/Wallfahrtskirche%20Frauenstein%20%28Molln%29.jpg","HTTP 429"
"4c3eb152-92af-45fd-805f-e2698af58693","Gartenfriedhof","http://commons.wikimedia.org/wiki/Special:FilePath/Grabstein%20von%20Franz%20Ernst%20und%20G.%20Wolhelmine%20auf%20dem%20Gartenfriedhof%20in%20Hannover.jpg","HTTP 429"
"4c164dfa-a64b-45ce-be04-9e9404f7ac18","Water Tower Radio Kootwijk","http://commons.wikimedia.org/wiki/Special:FilePath/Radio%20Kootwijk%20Watertoren.JPG","HTTP 429"
"4c0048cd-a902-4e2f-9662-03206dec89d2","Chapelle Notre-Dame-de-la-Sagesse","http://commons.wikimedia.org/wiki/Special:FilePath/Paris%2013e%20-%20Notre-Dame-de-la-Sagesse%20-%20ext%201.JPG","HTTP 429"
"4c1cc6e6-d95d-4797-b72e-1346964d1179","Brunflo 58:2","http://commons.wikimedia.org/wiki/Special:FilePath/Brunflo%20h%C3%B6g%2058%202.jpg","HTTP 429"
"4c18f693-f6fd-492b-b15b-7ee7c34b107f","Mramorje","http://commons.wikimedia.org/wiki/Special:FilePath/Mramorje%202012%206.JPG","HTTP 429"
"4bf44d9c-fbe1-4ca9-8aba-b5fb51b95d78","Polish National Home","http://commons.wikimedia.org/wiki/Special:FilePath/Polish%20National%20Home%2C%20Chicopee%20MA.jpg","HTTP 429"
"4cce7e05-77cb-4070-bb3d-c8e7566409e4","Villa Holme","http://commons.wikimedia.org/wiki/Special:FilePath/Villa%20Holme-4009.jpg","HTTP 429"
"4c9c3dfb-c17c-48f4-ba1e-2e3510a4e52f","Timberline Cabin","http://commons.wikimedia.org/wiki/Special:FilePath/Timberline%20Cabin%2C%20RMNP.jpg","HTTP 429"
"4cc8bec8-94ad-496d-a3a0-1f120a6ad283","Chilton Post Office","http://commons.wikimedia.org/wiki/Special:FilePath/ChiltonPostOffice.jpg","HTTP 429"
"4cbd5125-cc71-4674-a251-ce5cba0dc67d","Dourges cemetery","http://commons.wikimedia.org/wiki/Special:FilePath/Dourges%20%28Pas-de-Calais%2C%20Fr%29%20cimeti%C3%A8re.%20carr%C3%A9%20militaire%20fran%C3%A7ais.JPG","HTTP 429"
"4cc05a75-f8f0-4db3-9209-ade48519022a","Saddlehorn Caretaker's Garage","http://commons.wikimedia.org/wiki/Special:FilePath/North%20front%20and%20east%20side%2C%20view%20to%20southeast%20-%20Saddlehorn%20Area%2C%20Garage%2C%20At%20rear%20%28southwest%29%20of%20Stone%20Residence%2C%20Fruita%2C%20Mesa%20County%2C%20CO%20HABS%20COLO%2C39-FRU.V%2C2B-1.tif","HTTP 429"
"4cc53c87-881c-4730-973d-4337cfe6739e","École régionale des Beaux-Arts de Rouen","http://commons.wikimedia.org/wiki/Special:FilePath/Erba%20Rouen%20jnl%202.jpg","HTTP 429"
"4c5144ab-fe94-4288-8d62-f23afd4bacbb","Gomel Palace","http://commons.wikimedia.org/wiki/Special:FilePath/%D0%9F%D0%B0%D0%BB%D0%B0%D1%86%D0%B0%D0%B2%D0%B0-%D0%BF%D0%B0%D1%80%D0%BA%D0%B0%D0%B2%D1%8B%20%D0%BA%D0%BE%D0%BC%D0%BF%D0%BB%D0%B5%D0%BA%D1%81%20%D1%9E%20%D0%93%D0%BE%D0%BC%D0%B5%D0%BB%D1%96.%20%D0%A4%D0%B0%D1%81%D0%B0%D0%B4%20%D0%BF%D0%B0%D0%BB%D0%B0%D1%86%D0%B0.jpg","HTTP 429"
"4c64ff6f-81cb-41e1-b721-49049268908e","Lund Cathedral","http://commons.wikimedia.org/wiki/Special:FilePath/Lunds%20domkyrka1.jpeg","HTTP 429"
"4c5706c5-08f6-4abc-bb05-f9bf9a04b8f0","Fondation des États-Unis","http://commons.wikimedia.org/wiki/Special:FilePath/FEUSA%2001%20exterieure.JPG","HTTP 429"
"4c6ce12d-7b81-4fe8-ab93-91d1e1f39935","St. John Useknovensky cemetery","http://commons.wikimedia.org/wiki/Special:FilePath/%D0%AD%D0%BB%D0%BB%D0%B0%D0%BD%20%D0%91%D0%BB%D0%B0%D0%BA%D0%B8%D1%82%D0%BD%D1%8B%D0%B9.%20%D0%A5%D0%B0%D1%80%D1%8C%D0%BA%D0%BE%D0%B2.jpg","HTTP 429"
"4cd3adb5-74e1-477b-8317-d302137eda0e","Konzerthaus","http://commons.wikimedia.org/wiki/Special:FilePath/Konzerthaus%20110606.jpg","HTTP 429"
"4cf09838-cbd6-4c15-b778-108485d6665a","Friedhof II der Sophiengemeinde Berlin","http://commons.wikimedia.org/wiki/Special:FilePath/Friedhof%20II%20der%20Sophiengemeinde%20Berlin%20Grabm%C3%A4ler%201.jpg","HTTP 429"
"4ce98a48-2dc9-47d1-96e5-e9414e667b4e","Santa Maria Formosa","http://commons.wikimedia.org/wiki/Special:FilePath/Santa%20Maria%20Formosa%20Facciata%20e%20campanile.jpg","HTTP 429"
"4cf35751-a5f8-4977-92e2-ec72a7fc936a","Kumamoto Prefectural Ancient Burial Mound Museum","http://commons.wikimedia.org/wiki/Special:FilePath/Kumamoto%20Prefectural%20Ancient%20Burial%20Mound%20Museum%2002.jpg","HTTP 429"
"4cd07c91-8774-46c4-9984-35f51339bc01","Dancing House","http://commons.wikimedia.org/wiki/Special:FilePath/La%20Casa%20Danzante%20de%20Praga%201.JPG","HTTP 429"
"4cd2aee1-794b-4e4f-8e8d-f40efa15ca3f","Brion tomb","http://commons.wikimedia.org/wiki/Special:FilePath/06%20Tomba%20Brion%20-%20San%20Vito%20d%27Altivole%2C%20Treviso%2C%20Italy%20-%20Carlo%20Scarpa-FPPL2915.jpg","HTTP 429"
"4dbc131c-edbf-4838-b8c4-a3bb35221a59","Takahata Fudoson","https://img.vago.to/places/cover/v1/4d/bc/4dbc131c-edbf-4838-b8c4-a3bb35221a59.jpg","HTTP 404"
"4da89449-8b8e-4dac-93f3-e41f5afe0a34","Tumulus Bill","http://commons.wikimedia.org/wiki/Special:FilePath/Finsterthal%20Bill%20Tumulus%20%2851168340228%29.jpg","HTTP 429"
"4db357d6-7d00-4bfe-8fd9-8296f3a2e5d8","H. A. Schmelzel House","http://commons.wikimedia.org/wiki/Special:FilePath/H.A.%20Schmelzel%20House%20%282%29.jpg","HTTP 429"
"4d721a3c-473a-4b33-9c1c-aec2ae7a7a57","Paula Modersohn-Becker Museum","http://commons.wikimedia.org/wiki/Special:FilePath/PMB%20museum.jpg","HTTP 429"
"4d7fd8f6-4d26-4290-afee-e0a2a9922c97","Old General Cemetery Hengelo","http://commons.wikimedia.org/wiki/Special:FilePath/Algemene%20Begraafplaats%20Hengelo.jpg","HTTP 429"
"4d5f8c67-af55-4cf0-a2bf-8fdd04bc972e","Alexander Nevsky Cathedral","http://commons.wikimedia.org/wiki/Special:FilePath/AlexanderNevskyCathedral-Sofia-6.jpg","HTTP 429"
"4dc4012e-5ec3-4d6b-9364-c0db6329729f","Normal School for Colored Girls","http://commons.wikimedia.org/wiki/Special:FilePath/Miner%20Teachers%20College%20-%20Washington%2C%20D.C..jpg","HTTP 429"
"4dba4974-4386-49e3-b55a-d98076f4a099","Midlands","http://commons.wikimedia.org/wiki/Special:FilePath/Midlands%2C%20Louisville.jpg","HTTP 429"
"4e2131ad-c761-4949-ad0d-e9ebac4d3253","Engine Company 29","http://commons.wikimedia.org/wiki/Special:FilePath/DC%20firehouse%2029.JPG","HTTP 429"
"4e27cfce-6735-43d5-b03b-5ea48e49b06a","Łazienki Palace","http://commons.wikimedia.org/wiki/Special:FilePath/Warszawa%20-%20Pa%C5%82ac%20%C5%81azienkowski%20%2813%29.jpg","HTTP 429"
"4e11b080-e23f-40d1-87ff-20a873fb61b7","Edifici de Correus i Telègrafs","http://commons.wikimedia.org/wiki/Special:FilePath/Edificio%20de%20Correos%20de%20Castell%C3%B3n%20de%20la%20Plana.JPG","HTTP 429"
"4e05d342-e129-4bd3-bc12-e9def3809473","Crawford Hall","http://commons.wikimedia.org/wiki/Special:FilePath/CrawfordHallFlowers.jpg","HTTP 429"
"4e29b035-fbee-4ac1-8f1b-f2330a6e8f6d","One Detroit Center","http://commons.wikimedia.org/wiki/Special:FilePath/Ally%20Detroit%20Center%20%282025%29.jpg","HTTP 429"
"4dd73f58-8a07-44af-8ec4-8c1904a805f4","Church of Our Lady","http://commons.wikimedia.org/wiki/Special:FilePath/Rundet%C3%A5rn%20view%202%20new%20version.jpg","HTTP 429"
"4dd2a1a2-723e-4419-92a5-0e173fcef8b7","Progrés 19","http://commons.wikimedia.org/wiki/Special:FilePath/Habitatge%20al%20carrer%20Progr%C3%A9s%2C%2019-3.JPG","HTTP 429"
"4de0b6b3-f0ba-4cd0-b3b4-6285aba8e748","Palácio da Alvorada","http://commons.wikimedia.org/wiki/Special:FilePath/Pal%C3%A1cio%20da%20Alvorada%20brasilia.jpg","HTTP 429"
"4e09e3a7-eba8-437b-b538-62b54b5496e9","World War I Cemetery nr 223 in Brzostek","http://commons.wikimedia.org/wiki/Special:FilePath/255%20Brzostek%201a.JPG","HTTP 429"
"4e3447bc-b436-4029-8126-968adadec0dc","Nuremberg Central Station","http://commons.wikimedia.org/wiki/Special:FilePath/Nuremberg.Central%20railway%20station.jpg","HTTP 429"
"4e584ad3-21db-4659-848e-05df3ab7080c","Logroño town hall","http://commons.wikimedia.org/wiki/Special:FilePath/Ayuntamiento%20de%20Logro%C3%B1o.jpg","HTTP 429"
"4e62010d-eed7-4857-bffd-cf0507d4f1f3","IDS Center","http://commons.wikimedia.org/wiki/Special:FilePath/IDS%20reflecting%20Wells%20Fargo.jpg","HTTP 429"
"4e2d84d5-596d-4fae-87d3-ea3dd76e4ef0","Jellhaugen","http://commons.wikimedia.org/wiki/Special:FilePath/Halden%20jellhaugen%20500sAD%20ironage%20Viksletta%20IMG%207435.JPG","HTTP 429"
"4e3b23e9-ea57-4ab7-b0ca-f65f024c9f6e","Faffemont Isolated Grave","http://commons.wikimedia.org/wiki/Special:FilePath/Combles%2C%2080-Fr%2C%20tombe%20Tr%C3%A9dez%201.jpg","HTTP 429"
"4e658387-623d-4c02-841a-01b2e90dabab","ancien presbytère de Sainte-Monique-des-Saules","http://commons.wikimedia.org/wiki/Special:FilePath/Presbyt%C3%A8re%20de%20Sainte-Monique-des-Saules.jpg","HTTP 429"
"4e7bc444-e160-4285-a9d6-b141154e4705","H. Russell Albee House","http://commons.wikimedia.org/wiki/Special:FilePath/Albee%20House%20-%20Portland%20Oregon.jpg","HTTP 429"
"4ee95e5f-3081-4f0a-bf4e-df774bf24e60","La Monumental","http://commons.wikimedia.org/wiki/Special:FilePath/050529%20Barcelona%20027.jpg","HTTP 429"
"4ef71e02-4d2f-4637-b819-6ce7cf398fb9","Staple churchyard","http://commons.wikimedia.org/wiki/Special:FilePath/Staple%20%28Nord%2C%20Fr%29%20%C3%A9glise%20%2801%29.JPG","HTTP 429"
"4f1f5c4d-d3bc-4e2d-a1f8-437ff41dab24","Helsinki Synagogue","http://commons.wikimedia.org/wiki/Special:FilePath/Helsingin%20synagoga%20-%20G39087%20-%20hkm.HKMS000005-km0000p68w.jpg","HTTP 429"
"4efaa544-0373-48be-aee6-875e793c0a99","Angelus-Rosedale Cemetery","http://commons.wikimedia.org/wiki/Special:FilePath/Rosedale%20Cemetery%20%28Los%20Angeles%29.jpg","HTTP 429"
"4f19e81b-58a7-4368-adda-c9ad7c9aadf9","One Worldwide Plaza","http://commons.wikimedia.org/wiki/Special:FilePath/OneWorldwidePlaza%20%28cropped%202%29.JPG","HTTP 429"
"4f091b83-dd07-4414-9e3b-ab5b1f9c81b2","Cimetière de Louyat","http://commons.wikimedia.org/wiki/Special:FilePath/Cimeti%C3%A8re%20de%20Louyat.jpg","HTTP 429"
"4f13bf8f-85e7-4664-891a-b9674ea89a91","Notre-Dame Basilica-Cathedral","http://commons.wikimedia.org/wiki/Special:FilePath/Cath%C3%A9drale%20Notre-Dame%20de%20Qu%C3%A9bec.jpg","HTTP 429"
"4e91095c-f534-452a-a1f9-ce975c8dc456","Friedhof Hadersdorf-Weidlingau","http://commons.wikimedia.org/wiki/Special:FilePath/Friedhof%20Hadersdorf-Weidlingau%2002.jpg","HTTP 429"
"4ee4a493-70df-4233-825e-4fd161acc84b","Cemetery Eichbühl","http://commons.wikimedia.org/wiki/Special:FilePath/Friedhof%20Eichb%C3%BChl%20Pavillon.jpg","HTTP 429"
"4f1cb0e2-33a1-4827-8306-dc8784ec2e61","Valley Cemetery","http://commons.wikimedia.org/wiki/Special:FilePath/ManchesterNH%20ValleyCemetery%20Chapel.jpg","HTTP 429"
"4eb54736-0bf4-4577-88c3-83f193d506f1","St. Mihiel American Cemetery and Memorial","http://commons.wikimedia.org/wiki/Special:FilePath/WWI%20Centennial%20St%20Mihiel%20Ceremony%20Preparation%20%284769929%29.jpg","HTTP 429"
"4f67b76f-50fd-41cd-a359-3dcd3071b402","Lápide de Marighella","http://commons.wikimedia.org/wiki/Special:FilePath/L%C3%A1pide%20de%20Marighella%207831.jpg","HTTP 429"
"4f5a96d3-bdf3-4671-9daa-ee1784f8c624","Братское кладбище Никольского единоверческого монастыря","http://commons.wikimedia.org/wiki/Special:FilePath/Church%20of%20Saint%20Nicholas%20in%20Preobrazhenskoye%20Cemetery%2090.jpg","HTTP 429"
"4f79ac44-24f9-4231-92a4-0e9b70adda56","San Sebastiano","http://commons.wikimedia.org/wiki/Special:FilePath/San%20Sebastiano%20%28Venice%29%20Facade.jpg","HTTP 429"
"4f39fd06-de52-4fbc-934f-22e190f63e2f","One North LaSalle","http://commons.wikimedia.org/wiki/Special:FilePath/20120929%20One%20North%20LaSalle.JPG","HTTP 429"
"4f42647d-30f7-4173-8e49-6d9ed0a18713","Cimetière Saint-Michel","http://commons.wikimedia.org/wiki/Special:FilePath/Calvaire%20du%20cimeti%C3%A8re%20Saint-Michel.JPG","HTTP 429"
"4f7c5feb-18b3-434a-8160-910d341653d6","Cimetière de Roubaix","http://commons.wikimedia.org/wiki/Special:FilePath/Entr%C3%A9e%20du%20cimeti%C3%A8re%20de%20Roubaix%20c%C3%B4t%C3%A9%20Place%20Chaptal.jpg","HTTP 429"
"4f62e561-6754-4f88-ad1b-c2e542b654a4","Zirl parish church","http://commons.wikimedia.org/wiki/Special:FilePath/Pfarrkirche%20Zirl%20vorne.jpg","HTTP 429"
"4f37cb8f-ed05-408e-a01a-90b235fd3bf0","Kochubey House","http://commons.wikimedia.org/wiki/Special:FilePath/Petersburg%20German%20architects%20%28%2065%20%29.jpg","HTTP 429"
"4fa2ad24-ae72-4242-9e9b-0137a6d55778","Putney Vale Cemetery","http://commons.wikimedia.org/wiki/Special:FilePath/Putney%20Vale%20Crematorium.jpg","HTTP 429"
"4fd72a78-3b2a-4ee1-ab29-44ad19a87939","Rock-cut tombs of San Liberatore","http://commons.wikimedia.org/wiki/Special:FilePath/Serramonacesca%2001.jpg","HTTP 429"
"4f8486b2-e97f-48a0-81d1-fe1996bc7d3a","Zentralfriedhof Graz","http://commons.wikimedia.org/wiki/Special:FilePath/21%2005%2019%20Graz%20RalfR%20DJI%200995.jpg","HTTP 429"
"4fbc5b0c-9f7c-4a35-8fba-f8ba5d5f41b3","Ostenfriedhof Dortmund","http://commons.wikimedia.org/wiki/Special:FilePath/IMG%206380-Ostfriedhof.JPG","HTTP 429"
"4f88d7c3-74c0-4b17-9dd5-b1744b887b14","Kent Kaffe Laboratorium","https://cdn.shopify.com/s/files/1/0256/4415/files/Kent_Kaffe_Laboratorium_1024x1024.jpg?v=1509456968","HTTP 404"
"4fccc402-2d34-40c5-80cb-41520ec21da8","Rolex Learning Center","http://commons.wikimedia.org/wiki/Special:FilePath/Rolex%20Learning%20center.jpg","HTTP 429"
"4fe3b63d-e463-4e2b-951e-3d64a18a72a6","Camp Nelson National Cemetery","http://commons.wikimedia.org/wiki/Special:FilePath/Camp%20Nelson%20NC-2.jpg","HTTP 429"
"4f8b6059-91f8-49de-82ea-711865a2339e","Estádio Municipal de Braga","http://commons.wikimedia.org/wiki/Special:FilePath/Estadio%20Braga.JPG","HTTP 429"
"503913cd-7b5e-4d32-a6b4-5b7188e18128","Asa Hotel","https://img.vago.to/places/cover/v1/50/39/503913cd-7b5e-4d32-a6b4-5b7188e18128.jpg","HTTP 404"
"50248c8d-aea2-485f-a11a-3207d348ce95","Czapski Palace","http://commons.wikimedia.org/wiki/Special:FilePath/Warszawa%20pa%C5%82ac%20Czapskich%202009.jpg","HTTP 429"
"5030ee6c-daeb-4ab3-a145-fd28d9efa4e5","Derby Cathedral","http://commons.wikimedia.org/wiki/Special:FilePath/Derby%20Cathedral%20England.JPG","HTTP 429"
"504da398-0898-4027-8ab7-9be990dd43e6","Jingtai Tomb","http://commons.wikimedia.org/wiki/Special:FilePath/%E6%99%AF%E6%B3%B0%E9%99%B5%E5%85%A8%E6%99%AF.JPG","HTTP 429"
"500078ba-9708-4ae3-8b81-015378ad2353","Lynde churchyard","http://commons.wikimedia.org/wiki/Special:FilePath/Lynde%20Eglise%20St%20Vaast.jpg","HTTP 429"
"508c8622-f57a-408a-bef1-61515a5aff6f","Hotel Porta Fira","http://commons.wikimedia.org/wiki/Special:FilePath/Hospitalet%20de%20Llobregat%20-%20Plaza%20de%20Europa%2C%20Torres%20de%20Toyo%20Ito%20%28Torres%20Porta%20Fira%29%2C%20Hotel%20Porta%20Fira%2016.JPG","HTTP 429"
"504eac05-6922-41b8-a7fe-53c75022d4f5","Cedar Lawn Cemetery","http://commons.wikimedia.org/wiki/Special:FilePath/CedarLawnCemetery%20%28Jackson%2C%20MS%29.jpg","HTTP 429"
"50ba2d40-f9e1-42de-b7ca-e12ca182f028","Cimetière de Saint-Paul-de-Vence","http://commons.wikimedia.org/wiki/Special:FilePath/St-Paul-de-Vence%2C%20Cimeti%C3%A8re%20%28Lunon%29.jpg","HTTP 429"
"50ad8609-ff05-4b2a-9bda-c6ec3f0e3835","Molineux Stadium","http://commons.wikimedia.org/wiki/Special:FilePath/Molineux%20Ground%2C%20Wolverhampton.jpg","HTTP 429"
"5097d0bb-078d-4785-8869-8f4d041605c7","Anchorage Memorial Park","http://commons.wikimedia.org/wiki/Special:FilePath/Anchorage%20Memorial%20Park%20Cemetery.jpg","HTTP 429"
"504ed312-a640-4fa7-8dc0-25b3187bed60","Baptistry San Giovanni","http://commons.wikimedia.org/wiki/Special:FilePath/The%20Baptistery%20in%20Pisa%20Italy.jpg","HTTP 429"
"506310ca-a74c-4805-8c35-f0dc6c11d158","875 North Michigan Avenue","http://commons.wikimedia.org/wiki/Special:FilePath/Hancock%20from%20Navy%20Pier.jpg","HTTP 429"
"504efed4-f5c1-4273-9d39-21ba920d7c1d","Kalevankangas cemetery","http://commons.wikimedia.org/wiki/Special:FilePath/Main%20gate%20of%20the%20Kalevankangas%20cemetery.jpg","HTTP 429"
"51033afb-8890-4238-b4f7-9592815a20a2","Montbell Sapporo Akarenga Terrace","https://img.vago.to/places/cover/v1/51/03/51033afb-8890-4238-b4f7-9592815a20a2.jpg","HTTP 404"
"50fcffbc-e396-4371-b87b-aef1b46797a5","Kotva Department Store","http://commons.wikimedia.org/wiki/Special:FilePath/Od%20kotva%202014.jpg","HTTP 429"
"50cca359-fa3e-43ff-9f62-cabd76e3161e","Lever House","http://commons.wikimedia.org/wiki/Special:FilePath/Lever%20House%20390%20Park%20Avenue.jpg","HTTP 429"
"50d285b3-05a2-4db5-8d6b-8b747d480498","Concordia Cemetery","http://commons.wikimedia.org/wiki/Special:FilePath/Concordia%20Cemetery1.jpg","HTTP 429"
"50e00bd5-a7d6-48c4-942f-109b2cb2d420","Fubon Xinyi A25","http://commons.wikimedia.org/wiki/Special:FilePath/Taipei%20City%20Fire%20Department%2C%20Fubon%20Xinyi%20A25%20and%20CPC%20Building%2020230705.jpg","HTTP 429"
"50cb6878-3d8e-442b-ac62-06302e8a62e0","Highpoint I","http://commons.wikimedia.org/wiki/Special:FilePath/Highpoint%20I%201.jpg","HTTP 429"
"50fab56d-7526-4f1b-b396-744a162cb9b7","World War I Cemetery nr 4 in Grab","http://commons.wikimedia.org/wiki/Special:FilePath/Cmentarz%20nr%204%20w%20Grabiu%2010.JPG","HTTP 429"
"50be3b97-ff8e-431d-87b5-60c73aaa593e","El-Kurru","http://commons.wikimedia.org/wiki/Special:FilePath/Al-Kurru%2Cmain%20pyramid.jpg","HTTP 429"
"50f6ce8d-26a1-425d-8d82-e72c48ed8a14","Czernowitz Synagogue","http://commons.wikimedia.org/wiki/Special:FilePath/Czernowitz.%20Israelitischer%20Tempel%20%2808%29.jpg","HTTP 429"
"5146ca9b-d352-4d92-8896-dd3e41a15531","niap.cnx","https://img.vago.to/places/cover/v1/51/46/5146ca9b-d352-4d92-8896-dd3e41a15531.jpg","HTTP 404"
"517ab02f-cce7-4c55-8878-7d09cd2f05a6","Warorot Market (Kad Luang)","https://img.vago.to/places/cover/v1/51/7a/517ab02f-cce7-4c55-8878-7d09cd2f05a6.jpg","HTTP 404"
"510d9d09-4e34-4ad2-bba6-dd3262b4bfca","Bernardine Cemetery","http://commons.wikimedia.org/wiki/Special:FilePath/Bernardine%20Cemetery4.jpg","HTTP 429"
"51202373-b244-4f8a-afcd-a3f05f60e261","Torre Picasso","http://commons.wikimedia.org/wiki/Special:FilePath/Torre%20Picasso%20-%2001.jpg","HTTP 429"
"51775275-ff39-4ebf-bbc3-3dcddd114af9","Saddlehorn Comfort Station","http://commons.wikimedia.org/wiki/Special:FilePath/Saddlehorn%20Comfort%20Station.jpg","HTTP 429"
"512ae30c-d086-40de-843d-3621f1b26b9e","Bellevue Cemetery","http://commons.wikimedia.org/wiki/Special:FilePath/Bellevue%20Cemetery%20Lawrence.jpg","HTTP 429"
"5145d7da-3f5d-4e7e-ad64-a782911b72ca","Escorxador municipal","http://commons.wikimedia.org/wiki/Special:FilePath/01%20Antic%20Escorxador%20Ripoll.jpg","HTTP 429"
"51f4549c-07f7-48e4-812d-0b1c663569c9","Central Library, Des Moines","http://commons.wikimedia.org/wiki/Special:FilePath/Central%20Library%20Des%20Moines%20Iowa%202019-1830.jpg","HTTP 429"
"51894545-a766-4d1c-b8ad-e2a2852c1b98","Evergreen Cemetery","http://commons.wikimedia.org/wiki/Special:FilePath/Evergreen%20Cemetery%20Boston%20MA%2001.jpg","HTTP 429"
"519bc0d2-8faf-4676-85b3-8df4e16ad6c1","Saint Andreas in Wachsenberg","http://commons.wikimedia.org/wiki/Special:FilePath/Steuerberg%20Wachsenberg%20Pfarrkirche%20Heiliger%20Andreas%2014102011%20441.jpg","HTTP 429"
"51eaab34-ffd3-45aa-ab26-01473da31473","Maritim Hotel Köln","http://commons.wikimedia.org/wiki/Special:FilePath/Maritim%20Hotel%20K%C3%B6ln%2C%20Ansicht%20von%20S%C3%BCdosten-1204.jpg","HTTP 429"
"51c4532b-df56-4e00-a974-a1961bd95e81","St. Ansgar's Cathedral","http://commons.wikimedia.org/wiki/Special:FilePath/SanktAnsgar01.jpg","HTTP 429"
"51fde3bf-a610-473b-a983-965905ba9d75","GRAPH Cafe","https://img.vago.to/places/cover/v1/51/fd/51fde3bf-a610-473b-a983-965905ba9d75.jpg","HTTP 404"
"521c568f-3dd4-4a48-811e-41c44cdb3f8d","Bear Pond Espresso","https://fastly.4sqi.net/img/general/600x600/4453395_aE_m9b3i7f-Y5U9gN3uQo46e75FwYt6-eN8W5XFh2o.jpg","HTTP 404"
"5255914a-ba5f-464f-9da9-551f90e66b38","Tel Aviv City Hall","http://commons.wikimedia.org/wiki/Special:FilePath/99595%20tel%20aviv%20-%20city%20hall%20PikiWiki%20Israel.jpg","HTTP 429"
"51f5778d-b15c-409c-8502-126e32606459","St. Konrad und Elisabeth (Freiburg)","http://commons.wikimedia.org/wiki/Special:FilePath/St.%20Konrad%20und%20Elisabeth%20%28Freiburg%29.jpg","HTTP 429"
"523db098-7a78-438e-9a42-51afd5b3a912","Moskovsky railway station","http://commons.wikimedia.org/wiki/Special:FilePath/Moskovskiy%20rail%20terminal%20in%20SPB.jpg","HTTP 429"
"52178777-c04d-4805-8137-721b337aa03a","1818 Market Street","http://commons.wikimedia.org/wiki/Special:FilePath/1818%20Market%20Street%20d.jpg","HTTP 429"
"51fcb761-db84-45aa-ba30-83f1fd190273","Grafton Post Office","http://commons.wikimedia.org/wiki/Special:FilePath/20221019%20101021%20Grafton%2C%20ND.jpg","HTTP 429"
"523cbe16-e3dd-4e84-9648-8acc5f46b84c","Pragfriedhof Stuttgart","http://commons.wikimedia.org/wiki/Special:FilePath/Pragfriedhof%20Stuttgart%20-%20panoramio.jpg","HTTP 429"
"527ab213-1b54-491a-816a-3b43b6648621","Museu de Arte Contemporânea (Fundação de Serralves)","http://commons.wikimedia.org/wiki/Special:FilePath/Funda%C3%A7%C3%A3o%20serralves%20%2839740223333%29.jpg","HTTP 429"
"52561e86-873e-4425-842b-63de67dbce0b","Synagogue Beuel","http://commons.wikimedia.org/wiki/Special:FilePath/Synagoge%201903.jpg","HTTP 429"
"526c3b46-24c4-4821-98e3-f9f905f5d3ec","Neely-Sieber House","http://commons.wikimedia.org/wiki/Special:FilePath/Neely-Sieber%20House%2C%20front.jpg","HTTP 429"
"52560408-ce23-4f72-b654-f9d255403da8","Friedhof Pankow II","http://commons.wikimedia.org/wiki/Special:FilePath/Pankow%20Gaillardstr%20Friedhofskapelle.jpg","HTTP 429"
"52b1e2b4-98be-42e7-b551-541cab59538a","United Nations Memorial Cemetery","http://commons.wikimedia.org/wiki/Special:FilePath/UN%20Memorial%20Cemetery.JPG","HTTP 429"
"530cfa72-d92b-4f06-9e01-1a535126c2d0","Huis De Lange","http://commons.wikimedia.org/wiki/Special:FilePath/J.%20Wils%20Huis%20de%20Lange%20Alkmaar%201916-1917%20front.jpg","HTTP 429"
"5301c0c2-ba95-42b5-a037-f4e54e4ed34d","Maria-Loreto-Kirche in St Andrä","http://commons.wikimedia.org/wiki/Special:FilePath/Sankt%20Andrae%20Lavanttal%20Maria%20Loreto.jpg","HTTP 429"
"52ea903d-9bdd-440f-ab9b-07f413461edc","Cimetière d'Aixe-sur-Vienne","http://commons.wikimedia.org/wiki/Special:FilePath/Chapelle%2C%20cimeti%C3%A8re%2C%20Aixe-sur-Vienne.JPG","HTTP 429"
"52bada1e-5c87-4bc2-b743-e913237a556c","Kungliga begravningsplatsen","http://commons.wikimedia.org/wiki/Special:FilePath/Haga%20Friedhof%201.jpg","HTTP 429"
"52ca787b-1f5b-4745-8ebf-ee4a17a3e4f4","Kasteel Laarhof","http://commons.wikimedia.org/wiki/Special:FilePath/Ch%C3%A2teau%20de%20Reet.jpg","HTTP 429"
"5324c306-e467-45d8-8e3a-fa563c5b1c21","St. Nechtan's Chapel and Burial Ground","http://commons.wikimedia.org/wiki/Special:FilePath/Kilnaughton%20Chapel%20-%20geograph.org.uk%20-%201475044.jpg","HTTP 429"
"5331aac0-046f-4a94-9e2f-808db70e4923","Meidlinger Friedhof","http://commons.wikimedia.org/wiki/Special:FilePath/Kunstgewerbegrab.jpg","HTTP 429"
"5352e3af-e786-43cc-b701-99fc5fd4c5f4","Woman's Christian Temperance Union Administration Building","http://commons.wikimedia.org/wiki/Special:FilePath/Woman%27s%20Christian%20Temperance%20Union%20Administration%20Building%201.JPG","HTTP 429"
"533da3bc-569d-4e4a-a189-9387d2ca5b2f","St. Stephan, Brühl","http://commons.wikimedia.org/wiki/Special:FilePath/St.%20Stephan%2C%20Br%C3%BChl%2C%20Rheinland-7647.jpg","HTTP 429"
"537d11e0-ae6b-4488-a983-9254d1fd8aee","Cimetière des Chiens et Autres Animaux Domestiques","http://commons.wikimedia.org/wiki/Special:FilePath/AsnieresSurSeine%20CimetiereDesChiens%20Portail.jpg","HTTP 429"
"536823f6-a969-44cc-aa02-aa9a25b14d56","Municipal Theater of São Paulo","http://commons.wikimedia.org/wiki/Special:FilePath/Teatro%20Municipal%20de%20S%C3%A3o%20Paulo%208.jpg","HTTP 429"
"5331e79a-86b8-4e8a-9a88-7180622e7e1c","Pazzi Chapel","http://commons.wikimedia.org/wiki/Special:FilePath/Pazzi%20Chapel%20Santa%20Croce%20Apr%202008%20P.JPG","HTTP 429"
"533082ca-7570-494d-8904-bd33221e720d","Anichkov Palace","http://commons.wikimedia.org/wiki/Special:FilePath/Spb%2006-2012%20Nevsky%20various%2004.jpg","HTTP 429"
"53e4fcd2-4d91-484c-8f4e-cc237c8e888f","Presidential Palace of Lithuania","http://commons.wikimedia.org/wiki/Special:FilePath/Vilnius%20presidential%20palace.jpg","HTTP 429"
"53d80b16-7181-44c9-9442-3134f9236334","Santa Croce, Padua","http://commons.wikimedia.org/wiki/Special:FilePath/Santa%20Croce%20Padova%20-%208.jpg","HTTP 429"
"53dfd5d7-8f26-433c-a63d-2ed5021ad61c","Denain Communal Cemetery","http://commons.wikimedia.org/wiki/Special:FilePath/Denain%20-%20Cimeti%C3%A8re%20de%20Denain%20%28A013%29.JPG","HTTP 429"
"53eb8b0d-6e70-4b73-a0fa-49bab651b72e","Landakotskirkja","http://commons.wikimedia.org/wiki/Special:FilePath/Bas%C3%ADlica%20de%20Cristo%20el%20Rey%2C%20Reikiavik%2C%20Distrito%20de%20la%20Capital%2C%20Islandia%2C%202014-08-13%2C%20DD%20093.JPG","HTTP 429"
"53c2a93e-1bc4-4743-baaf-c78c89f535ad","Bortnychanske cemetery","http://commons.wikimedia.org/wiki/Special:FilePath/%D0%9F%D0%B0%D0%BC%D1%8F%D1%82%D0%BD%D0%B8%D0%BA%20%D0%BD%D0%B0%20%D0%91%D0%BE%D1%80%D1%82%D0%BD%D0%B8%D1%86%D0%BA%D0%BE%D0%BC%20%D0%BA%D0%BB%D0%B0%D0%B4%D0%B1%D0%B8%D1%89%D0%B5.JPG","HTTP 429"
"539aba8c-5251-42d6-8283-28244fc92684","cathedral of the Magdalene","http://commons.wikimedia.org/wiki/Special:FilePath/Getafe%20Cathedral%202021%20-%20West%20Facade%20Frontal.jpg","HTTP 429"
"53c6e385-7e40-4aba-9c88-b1573a25fbba","Arskoe cemetery","http://commons.wikimedia.org/wiki/Special:FilePath/Arskoe%20cemetery2769.jpg","HTTP 429"
"53c0b27a-8016-4c8c-b4bf-fb62b086e7a8","Bonifacio cemetery","http://commons.wikimedia.org/wiki/Special:FilePath/Bonifacio%20Graveyard%20inside.jpg","HTTP 429"
"53a6a572-a380-4de9-819d-6e4d260cda8c","Frijoles Canyon Visitor Center","http://commons.wikimedia.org/wiki/Special:FilePath/Welcome%20Center%20at%20Bandelier%20National%20Monument%2C%20Los%20Alamos%2C%20New%20Mexico%20-%20Stierch.jpg","HTTP 429"
"5430d6ed-ff4a-4433-8912-2e5615d7166a","Lot of Taste","https://img.vago.to/places/cover/v1/54/30/5430d6ed-ff4a-4433-8912-2e5615d7166a.jpg","HTTP 404"
"543a572d-384e-4e72-8098-367f3ca414f3","King's Cross Cafe","https://encrypted-tbn0.gstatic.com/images?q=tbn:ANd9GcR6_y3w5g24lM4YvJ6z5lV2z6fS8h9pQ0gC3w&usqp=CAU","HTTP 404"
"5478a953-169d-412e-a33b-4bcd1fd87722","Valley of the Kings","http://commons.wikimedia.org/wiki/Special:FilePath/Valley%20of%20Tibetan%20kings.jpg","HTTP 429"
"546d8952-d025-4ce4-9cfa-2a0682529e5a","Grand National Theatre of Rabat","http://commons.wikimedia.org/wiki/Special:FilePath/Grand%20th%C3%A9%C3%A2tre%20rabat.jpg","HTTP 429"
"540d4fec-3b0e-43c3-937c-3fc27bc44f4d","Escuela de Artes y Oficios, Zaragoza","http://commons.wikimedia.org/wiki/Special:FilePath/Zaragoza%20-%20Escuela%20de%20Artes%20y%20Oficios.jpg","HTTP 429"
"546be842-863c-4d88-b160-5cfc693fef03","Houses of Parliament","http://commons.wikimedia.org/wiki/Special:FilePath/Houses%20of%20Parliament%20%28Cape%20Town%29.jpg","HTTP 429"
"53ff4937-9466-48ae-bc22-c50bce1b0949","Eecke churchyard","http://commons.wikimedia.org/wiki/Special:FilePath/Eecke%20%28Nord%2C%20Fr%29%2011%20Commonwealth%20war%20graves.JPG","HTTP 429"
"5494cdb7-681e-4bb4-b828-9bb48bda9821","Kaktus Towers","https://img.vago.to/places/cover/v1/54/94/5494cdb7-681e-4bb4-b828-9bb48bda9821.jpg","HTTP 404"
"54beff3e-a15b-4d52-af16-f815688a7f4b","Broxeele churchyard","http://commons.wikimedia.org/wiki/Special:FilePath/BrokseleKerk.jpg","HTTP 429"
"54a2c2d3-b217-4824-845d-2001ae80fd07","Luisenfriedhof I","http://commons.wikimedia.org/wiki/Special:FilePath/Luisenfriedhof%20I%20-%20Mausoleum%20Ida%20von%20Bl%C3%BCcher.jpg","HTTP 429"
"547f35a1-e4a9-469a-a9e9-005bf611b6cb","Städtischer Friedhof Pankow IX","http://commons.wikimedia.org/wiki/Special:FilePath/FriedhofIX-erbbegraebniswand.jpg","HTTP 429"
"54901120-94d5-428f-a945-198b282a9fdf","Evergreen Cemetery","http://commons.wikimedia.org/wiki/Special:FilePath/Evergreen%20Cemetery%20Owego.jpg","HTTP 429"
"549e59c9-f215-4a95-b5ed-c980a67d8602","Santa Maria della Croce Sanctuary","http://commons.wikimedia.org/wiki/Special:FilePath/Crema%20%28CR%29%20-%20basilica%20di%20Santa%20Maria%20della%20Croce.jpg","HTTP 429"
"54881b14-5896-4301-9c78-588fb15d7c91","San Francisco Federal Building","http://commons.wikimedia.org/wiki/Special:FilePath/San%20Francisco%20Federal%20Building.jpg","HTTP 429"
"553bd02a-6f18-4762-8690-ddc2d21f5db8","Palazzo Barolo","http://commons.wikimedia.org/wiki/Special:FilePath/Palazzo%20barolo%2C%2013.JPG","HTTP 429"
"552694e0-8a13-4296-8554-1730a5d989e1","Ivan Vazov National Theatre","http://commons.wikimedia.org/wiki/Special:FilePath/National-theatre-Bulgaria%202022.jpg","HTTP 429"
"5530eaec-8bc6-4388-875c-76e64760edf6","Cefn Golau Cholera Cemetery","http://commons.wikimedia.org/wiki/Special:FilePath/Cefn%20golau%20tredegar.jpg","HTTP 429"
"555620f6-33c4-409a-83bd-a3b8f772fbe2","Synagogue of Turin","http://commons.wikimedia.org/wiki/Special:FilePath/Synagogue%20de%20Turin%20%28Torino%29.JPG","HTTP 429"
"54ecd03a-a2a6-4a43-9981-8663e7ba24bc","Cathedral Basilica of St. Ann","http://commons.wikimedia.org/wiki/Special:FilePath/Catedral%20de%20santa%20ana%2003.JPG","HTTP 429"
"55613ef1-83af-4205-ae03-b2e6a4c789a8","Ramen Jiro (Mita Honten)","https://example.com/ramen_jiro.jpg","HTTP 404"
"55c0c816-a362-45ff-9cd0-d88992e4d8c1","Friedhof Riem","http://commons.wikimedia.org/wiki/Special:FilePath/Riem%20Friedhof.JPG","HTTP 429"
"55902757-dca0-4fb3-87fc-185c87db6d26","Algorta","http://commons.wikimedia.org/wiki/Special:FilePath/Estaci%C3%B3n%20de%20Algorta.jpg","HTTP 429"
"55c02127-84e3-4205-9104-7d89f365557d","Beijing Daxing International Airport","http://commons.wikimedia.org/wiki/Special:FilePath/%E5%8C%97%E4%BA%AC%E5%A4%A7%E5%85%B4%E6%9C%BA%E5%9C%BA%E8%88%AA%E7%AB%99%E6%A5%BC%2C%202023-02-20%20%2820240113195424%29.jpg","HTTP 429"
"55a97b33-98cb-41b0-aa6d-6be690abff83","Villa van Buuren","http://commons.wikimedia.org/wiki/Special:FilePath/Museum%20van%20Buuren%20Brussels%20Belgium.jpg","HTTP 429"
"55bc8f1a-d8ab-4bf2-b1f4-062a0a0606ea","Paradox Vancouver","http://commons.wikimedia.org/wiki/Special:FilePath/Trump%20Vancouver%20under%20construction%2C%20January%202015.jpg","HTTP 429"
"55640e70-88ab-47af-b899-6602a46d685e","Pfarrkirche St. Oswald bei Plankenwarth","http://commons.wikimedia.org/wiki/Special:FilePath/Kirche%20St.%20Oswald%20bei%20Plankenwarth%20Friedhof.JPG","HTTP 429"
"55713e77-f2b0-4d91-81ee-1312c5ff3c36","Bunshaft Residence","http://commons.wikimedia.org/wiki/Special:FilePath/Gordon%20Bunshaft%20House%20-%20Flickr%20-%20I%20have%20got%20the%20style.jpg","HTTP 429"
"55767331-0205-4ccd-b7ee-9ca50366e4f1","101 California Street","http://commons.wikimedia.org/wiki/Special:FilePath/101%20California%20Street.JPG","HTTP 429"
"558ab915-9086-4576-ba45-6ac7ef7b1187","Hammond House","http://commons.wikimedia.org/wiki/Special:FilePath/Hammond%20House%2C%20Chestnut%20Hill%20MA.jpg","HTTP 429"
"5633480c-7c8f-48f2-8cbe-ac8a0dde1f4c","Montmartre Cemetery","http://commons.wikimedia.org/wiki/Special:FilePath/Monmartre%20Cemetery.JPG","HTTP 429"
"56139209-7614-4353-904d-5e2089203e82","Maria Waitschach","http://commons.wikimedia.org/wiki/Special:FilePath/Guttaring%20Waitschach%20Pfarrkirche%20Unsere%20Liebe%20Frau%20S-Ansicht%2021032017%206848.jpg","HTTP 429"
"55dcf353-8d2c-47b1-981f-bdc31603f919","Torres Atrio","http://commons.wikimedia.org/wiki/Special:FilePath/2019%20Bogot%C3%A1%20-%20Edificio%20Torre%20Atrio%20y%20estaci%C3%B3n%20de%20TransMilenio%20Calle%2026.jpg","HTTP 429"
"55d6eb2e-2cf9-48f4-8bbf-b7a8693b12c3","Grafheuvel #45196","http://commons.wikimedia.org/wiki/Special:FilePath/Wiesel%20Wieselseweg%20grafheuvel%2045196.jpg","HTTP 429"
"562648bf-704d-4b27-9b83-bf0639ebe15c","Tumulus de Portzmeur","http://commons.wikimedia.org/wiki/Special:FilePath/Plegad-Gwerann%20%2829%29%20Run-ar-Bleiz%2005.JPG","HTTP 429"
"55f27cca-7cea-47a4-89f6-261b46626f44","Abraj Al Bait","http://commons.wikimedia.org/wiki/Special:FilePath/%E0%B4%85%E0%B4%AC%E0%B5%8D%E0%B4%B0%E0%B4%BE%E0%B4%9C%E0%B5%8D%20%E0%B4%85%E0%B5%BD-%E0%B4%AC%E0%B5%88%E0%B4%A4%E0%B5%8D%E0%B4%A4%E0%B5%8D%20%E0%B4%9F%E0%B4%B5%E0%B5%BC.jpg","HTTP 429"
"56312de7-f4c2-4322-a935-21d807bf45e3","Highseas","http://commons.wikimedia.org/wiki/Special:FilePath/Highseas.jpg","HTTP 429"
"56484130-eb13-4c2f-81fd-dc856d251404","Bishops Palace in Ciążeń","http://commons.wikimedia.org/wiki/Special:FilePath/Barokowy%20pa%C5%82ac%2002.JPG","HTTP 429"
"56ca1226-8e2e-4629-b733-ad7077f049ad","New Cemetery","http://commons.wikimedia.org/wiki/Special:FilePath/The%20group%20burial%20with%20a%20memorial%20pilots%20killed%20in%20plane%20crash%20in%201983%202.JPG","HTTP 429"
"56779c0b-44cb-40e6-90c3-b27b4e95ae23","Esplanada dos Ministérios, Bloco B","http://commons.wikimedia.org/wiki/Special:FilePath/Esplanada%20dos%20Minist%C3%A9rios%20-%2050494596486.jpg","HTTP 429"
"56c9d32e-bbb6-44c1-96d3-5ed85eb17e2e","Ephraim-Palais","http://commons.wikimedia.org/wiki/Special:FilePath/Berlin%2C%20Mitte%2C%20Nikolaiviertel%2C%20Palais%20Ephraim.jpg","HTTP 429"
"56a4d103-878d-464f-9400-d57b75457158","Battlefield in Tovačov","http://commons.wikimedia.org/wiki/Special:FilePath/Mohyla%20Eduarda%20z%20Behru.jpg","HTTP 429"
"5684cfe7-73a2-4799-a0ed-c54c46944b3c","Flers-en-Escrebieux Communal Cemetery","http://commons.wikimedia.org/wiki/Special:FilePath/Flers-en-Escrebieux%20-%20Cimeti%C3%A8re%20de%20Flers-en-Escrebieux%20%2825%29.JPG","HTTP 429"
"56807561-3560-4401-8198-814b3715cd0f","Casa Dr. Klein","http://commons.wikimedia.org/wiki/Special:FilePath/272%20Casa%20del%20Doctor%20Klein%2C%20o%20Casa%20Morgades%2C%20c.%20Dr.%20Klein%209%20%28Cardedeu%29.jpg","HTTP 429"
"5699d97c-90b0-41ff-9f90-36a53ed24536","Anthony Overton Elementary School","http://commons.wikimedia.org/wiki/Special:FilePath/Anthony%20Overton%20Elementary%20School.jpg","HTTP 429"
"5679bb7a-d1d7-4599-9c97-5dd8ac5b0568","Chapultepec Castle","http://commons.wikimedia.org/wiki/Special:FilePath/Vista%20a%C3%A9rea%20del%20Castillo%20de%20Chapultepec%207.jpg","HTTP 429"
"567c9f9e-698e-4824-9f49-62ad116e92e0","Luella Garvey House","http://commons.wikimedia.org/wiki/Special:FilePath/Luella%20Garvey%20House%20Courtyard%202.jpg","HTTP 429"
"568bf81a-f67f-4dda-b7ed-990e1bb590a4","Secession Building","http://commons.wikimedia.org/wiki/Special:FilePath/Wien%20-%20Secessionsgeb%C3%A4ude.JPG","HTTP 429"
"5661759a-59f1-4ed3-9566-25375f2ea55e","J.W. Schaffer House","http://commons.wikimedia.org/wiki/Special:FilePath/J.W.%20SCHAFFER%20HOUSE%20GLENDALE%20LOS%20ANGELES%20COUNTY%20CA.jpg","HTTP 429"
"576cc46e-0e00-41d2-9992-8c69fc358b62","Det Kgl. Bibliotek, The Royal Library","https://img.vago.to/places/cover/v1/57/6c/576cc46e-0e00-41d2-9992-8c69fc358b62.jpg","HTTP 404"
"56f7b520-b99e-4c33-8938-1bd8071c3bba","Sleepy Hollow Cemetery","http://commons.wikimedia.org/wiki/Special:FilePath/SleepyHollowNY-entrance.jpg","HTTP 429"
"574f725f-d827-4a3a-9bf9-1ded6b926701","Gran Teatre del Liceu","http://commons.wikimedia.org/wiki/Special:FilePath/Th%C3%A9%C3%A2tre%20Liceu%20Barcelone%203.jpg","HTTP 429"
"573d6e03-8570-4ef3-b243-ac6dc9b69165","Petit Palais","http://commons.wikimedia.org/wiki/Special:FilePath/Petit%20Palais%20Paris%202.jpg","HTTP 429"
"56eff8f2-ba8a-4b7d-be9b-5527441f24fb","Ahrensfelde East Churchyard","http://commons.wikimedia.org/wiki/Special:FilePath/Ostkirchhof%20Hauptachse%2001.jpg","HTTP 429"
"5789fcde-bc22-46d0-a147-5ea2fb3f7b51","Noir cmi","https://img.vago.to/places/cover/v1/57/89/5789fcde-bc22-46d0-a147-5ea2fb3f7b51.jpg","HTTP 404"
"57a36a80-0593-402c-8d34-3b125583b9fe","studio x kitchen","https://img.vago.to/places/cover/v1/57/a3/57a36a80-0593-402c-8d34-3b125583b9fe.jpg","HTTP 404"
"57cf2322-9b5d-4229-9c1e-d94bcfc0276d","Forest cemetery (cemetery grounds and funeral parlour)","http://commons.wikimedia.org/wiki/Special:FilePath/Waldfriedhof-Schaffhausen-Denkmalgr%C3%A4ber.jpg","HTTP 429"
"57b51bae-7263-4606-bc79-d82be564ece0","Tivoli Concert Hall","http://commons.wikimedia.org/wiki/Special:FilePath/Kbh-museum-64616-original.jpg","HTTP 429"
"57bf3997-cd88-48ee-a6e4-a1ff9c19514d","ABC Serrano","http://commons.wikimedia.org/wiki/Special:FilePath/ABC%20BLANCO%20Y%20NEGRO%20%282%29.jpg","HTTP 429"
"5779154c-d061-47df-bdaf-b2190c0233c4","Ancient Burying Ground","http://commons.wikimedia.org/wiki/Special:FilePath/BarnstableMA%20AncientBuryingGround.jpg","HTTP 429"
"57c6fd7f-50e3-4131-adb1-8f568edf9836","Saint Andrew's cemetery","http://commons.wikimedia.org/wiki/Special:FilePath/Bratislava%20Ondrejsk%C3%BD%20cintor%C3%ADn%203455.jpg","HTTP 429"
"57b35599-dfc2-4df8-a83e-01c2c3c4231e","Lucent Danstheater","http://commons.wikimedia.org/wiki/Special:FilePath/2010-05-22-den-haag-by-RalfR-07.jpg","HTTP 429"
"578cec1c-b0ed-4fcd-919e-6e57729662f1","tumulus de Mussig","http://commons.wikimedia.org/wiki/Special:FilePath/Tumulus%20de%20Mussig.jpg","HTTP 429"
"581a2567-0b7c-4b04-b2bf-8c15ebe9a670","Moscow Belorussky railway station","http://commons.wikimedia.org/wiki/Special:FilePath/Vokzal%20BLR.jpg","HTTP 429"
"57d711f8-2d7e-4594-9fa6-6c3a51f32698","Schimmelkirche","http://commons.wikimedia.org/wiki/Special:FilePath/Pichlwang%20-%20Schimmelkirche.JPG","HTTP 429"
"58003118-6f7d-4604-b681-4da8240c8751","Oscar Niemeyer International Cultural Centre","http://commons.wikimedia.org/wiki/Special:FilePath/CentroNiemeyer72.jpg","HTTP 429"
"584a5e39-a2d2-4146-8e0d-53c23a849e89","Esplanada dos Ministérios, Bloco C","http://commons.wikimedia.org/wiki/Special:FilePath/Bras%C3%ADlia%20-%20Minist%C3%A9rios%20%286%29.jpg","HTTP 429"
"58b92ffa-6f1e-4470-b9a5-6a603a06ad8b","Krnov Synagogue","http://commons.wikimedia.org/wiki/Special:FilePath/Krnovska%20synagoga%202015.JPG","HTTP 429"
"58b8a390-8c7e-44f4-b988-55e1f2c5cbe6","World War I Cemetery nr 108 in Biecz","http://commons.wikimedia.org/wiki/Special:FilePath/Cmentarz%20108%20Biecz.JPG","HTTP 429"
"58c2d92b-3e0e-4703-bbd2-1640c8f48afd","United States Post Office","http://commons.wikimedia.org/wiki/Special:FilePath/Dolgeville%20post%20office.jpg","HTTP 429"
"58a0a332-9bb7-4713-ac5b-257a9cb7fae9","Torre de les Aigües","http://commons.wikimedia.org/wiki/Special:FilePath/Torre%20de%20la%20Mina%2C%20pla%C3%A7a%20del%20Doctor%20Robert.jpg","HTTP 429"
"58614234-039b-48b8-abf9-306c2eae3e48","Palazzo del Nuoto","http://commons.wikimedia.org/wiki/Special:FilePath/Palanuoto%20Torino.jpg","HTTP 429"
"593f3527-c0a0-4b31-8c2b-91034170aa6e","Elli.Am","https://img.vago.to/places/cover/v1/59/3f/593f3527-c0a0-4b31-8c2b-91034170aa6e.jpg","HTTP 404"
"592cd092-6ca9-4b7d-8289-4043d1c3b81b","TAKETO STAY PREMIERE SAPPORO EKI","https://img.vago.to/places/cover/v1/59/2c/592cd092-6ca9-4b7d-8289-4043d1c3b81b.jpg","HTTP 404"
"5905796a-c468-4be3-9f28-c7d214b62e61","Hausdülmen War Cemetery","http://commons.wikimedia.org/wiki/Special:FilePath/Hausd%C3%BClmen%2C%20Ehrenfriedhof%20--%202014%20--%203270.jpg","HTTP 429"
"58f66059-9ae6-47d8-aefd-3a49fd33bc97","Former Reidsville High School","http://commons.wikimedia.org/wiki/Special:FilePath/Reidsville%20High%20School%201920s.jpg","HTTP 429"
"5927b3ae-e938-4234-baa4-b0b1114e9785","Tooting Bec","http://commons.wikimedia.org/wiki/Special:FilePath/Tooting%20Bec%20Northern%20building.jpg","HTTP 429"
"5912f9c4-6722-4cc6-81b5-aad6b011f810","Parliament House of Sweden (Riksdagshuset)","http://commons.wikimedia.org/wiki/Special:FilePath/Riksdagshuset%20i%20Stockholm.jpg","HTTP 429"
"59390c74-7177-40b1-8c97-74735e1098e5","Hardwick Hall","http://commons.wikimedia.org/wiki/Special:FilePath/Hardwick%20Hall%20in%20Doe%20Lea%20-%20Derbyshire.jpg","HTTP 429"
"5946c7ac-5ba2-4d59-a1b6-291fecb71e4f","French Embassy building","http://commons.wikimedia.org/wiki/Special:FilePath/Ambassade%20de%20France%20%28Berlin%29.jpg","HTTP 429"
"59f5dc80-4b81-4b1e-bdc8-a3849bdab2a3","St.-Pauli-Friedhof","http://commons.wikimedia.org/wiki/Special:FilePath/Feierhalle%20Schilling%20und%20Graebner%20St.-Pauli-Friedhof.jpg","HTTP 429"
"5a0d4c5b-1554-432d-8352-d2e39e577502","Larimer Memorial Library","http://commons.wikimedia.org/wiki/Special:FilePath/Palatka%20Larimer01.jpg","HTTP 429"
"59dc48b9-599c-4423-8eeb-76bb01cfce4f","Planetarium in Minsk","http://commons.wikimedia.org/wiki/Special:FilePath/Belarus-Minsk-Planetarium.jpg","HTTP 429"
"59858e34-1c14-4b04-b42a-49087337e59e","Eiffel Building","http://commons.wikimedia.org/wiki/Special:FilePath/Edif%C3%ADcio%20Eiffel%2003.JPG","HTTP 429"
"5a01ef5e-1679-4096-a907-9c4b564a8b80","Stanislav-Adziogol Lighthouse","http://commons.wikimedia.org/wiki/Special:FilePath/Adziogol%20hyperboloid%20Lighthouse%20by%20Vladimir%20Shukhov%201911.jpg","HTTP 429"
"5973cb5e-2600-4ccc-bbbb-e6bca89ec158","Terrein met grafheuvel","http://commons.wikimedia.org/wiki/Special:FilePath/Archeologisch%20monument%2046218%20-%20Harderwijk.jpg","HTTP 429"
"59bed2e6-3cbe-4ef5-a68a-30f835489f5c","Hôtel Solvay","http://commons.wikimedia.org/wiki/Special:FilePath/Avenue%20Louise%20224%20Louizalaan%20Brussels%202012-08.jpg","HTTP 429"
"5987ea33-d471-4a79-8a1b-34e16a238e7b","Pfarrkirche Statzendorf","http://commons.wikimedia.org/wiki/Special:FilePath/Pfarrkirche%20Statzendorf1.JPG","HTTP 429"
"59c27707-82eb-457c-9162-32186bc1e0a8","Oosterkerk","http://commons.wikimedia.org/wiki/Special:FilePath/20090628%20Oosterkerk%20Groningen%20NL.jpg","HTTP 429"
"59de1cb5-8dd1-49d4-b012-adc5fcb774f9","Santa Francesca Romana","http://commons.wikimedia.org/wiki/Special:FilePath/Santa%20Francesca%20Romana%20Forum%20Romanum%20Rome.jpg","HTTP 429"
"5a23e103-f969-4d21-a7be-37f2d44832b1","CDRI RTC building","http://commons.wikimedia.org/wiki/Special:FilePath/%D0%A6%D0%9D%D0%98%D0%98%20%D0%A0%D0%A2%D0%9A%20%D0%BD%D0%BE%D1%87%D1%8C%D1%8E%20%D1%81%D0%B2%D0%B5%D1%80%D1%85%D1%83.jpg","HTTP 429"
"5a724ef1-52ab-4cd0-8685-ed55af7dd3fb","Teatro Maria Della Costa","http://commons.wikimedia.org/wiki/Special:FilePath/S%C3%A3o%20Paulo%20-%20Teatro%20Maria%20della%20Costa%2002.jpg","HTTP 429"
"5a718fec-483b-4496-a8cf-e0e8a573f93a","Fontainebleau Miami Beach","http://commons.wikimedia.org/wiki/Special:FilePath/Miami%20Beach%20FL%20Fontainebleau01.jpg","HTTP 429"
"5a75e4c4-5d77-4d71-bea8-03363c5836d0","Piskaryovskoye Memorial Cemetery","http://commons.wikimedia.org/wiki/Special:FilePath/%D0%A1%D0%B0%D0%BD%D0%BA%D1%82-%D0%9F%D0%B5%D1%82%D0%B5%D1%80%D0%B1%D1%83%D1%80%D0%B3.%20%D0%9F%D0%B8%D1%81%D0%BA%D0%B0%D1%80%D0%B5%D0%B2%D1%81%D0%BA%D0%BE%D0%B5%20%D0%BC%D0%B5%D0%BC%D0%BE%D1%80%D0%B8%D0%B0%D0%BB%D1%8C%D0%BD%D0%BE%D0%B5%20%D0%BA%D0%BB%D0%B0%D0%B4%D0%B1%D0%B8%D1%89%D0%B5.%20%D0%92%D0%B5%D1%87%D0%BD%D1%8B%D0%B9%20%D0%BE%D0%B3%D0%BE%D0%BD%D1%8C..JPG","HTTP 429"
"5a4068d7-dc74-4c23-bad4-0b5d1e8e8c91","Clifton Street Cemetery","http://commons.wikimedia.org/wiki/Special:FilePath/Clifton%20Street%20graveyard%2C%20Belfast%20%281%29%20-%20geograph.org.uk%20-%202598957.jpg","HTTP 429"
"5a3701ef-29be-4248-b844-9a0dcd98bd53","East Building of the National Gallery of Art","http://commons.wikimedia.org/wiki/Special:FilePath/East%20Building%20of%20the%20National%20Gallery%20of%20Art.jpg","HTTP 429"
"5a3ddc00-8254-4174-9293-bd5ef99c29aa","Kumanokodo Nakahechi Museum of Art","http://commons.wikimedia.org/wiki/Special:FilePath/Nakahechi%20artsalon%20exterior.jpg","HTTP 429"
"5a13c59a-37ba-4b08-b681-9947d7090568","East Entrance Residence","http://commons.wikimedia.org/wiki/Special:FilePath/Zion%20National%20Park%2C%20East%20Ranger%27s%20House%2C%20Springdale%2C%20Washington%20County%2C%20UT%20HABS%20UTAH%2C27-SPDA.V%2C7H-2.tif","HTTP 429"
"5aae1d96-5f02-4d56-891b-fcd302c5ddab","Granja Viader","https://example.com/viader.jpg","HTTP 404"
"5aba16ef-811b-4ece-b66f-a901b515399a","Garden of the Missing Soldiers","http://commons.wikimedia.org/wiki/Special:FilePath/%D7%92%D7%9F%20%D7%94%D7%A0%D7%A2%D7%93%D7%A8%D7%99%D7%9D%20-%20%D7%94%D7%A8%20%D7%94%D7%A8%D7%A6%D7%9C%201.jpg","HTTP 429"
"5a9dd5c0-f6b9-47dd-b921-4993e7737112","Pokrovskoye Cemetery","http://commons.wikimedia.org/wiki/Special:FilePath/Pokr%20cemetery%20Kukarka.JPG","HTTP 429"
"5aa57548-3065-4383-ad7b-ee106f2b616b","English Cemetery, Florence","http://commons.wikimedia.org/wiki/Special:FilePath/Cimetero%20degli%20Inglesi%201.jpg","HTTP 429"
"5ae2a4a9-8fe8-44ed-bfba-a1711fd1a468","Burj al-Arab","http://commons.wikimedia.org/wiki/Special:FilePath/Burj%20Al-Arab%20%2813996844503%29.jpg","HTTP 429"
"5b1dc395-ddf2-4354-8aa8-731ca19d1ac1","Melaten-Friedhof","http://commons.wikimedia.org/wiki/Special:FilePath/Melaten%20Millionenallee%20Ansicht.jpg","HTTP 429"
"5b3f0fa6-f9fa-4d8b-8bf0-62f30c8d7652","Shingleside","http://commons.wikimedia.org/wiki/Special:FilePath/ShinglesideMainLookingWest.JPG","HTTP 429"
"5b5bf294-019f-4e76-bb34-c65fba670357","pont Saint-Bénézet","http://commons.wikimedia.org/wiki/Special:FilePath/Le%20pont%20d%27Avignon%20depuis%20l%27%C3%AEle%20de%20la%20Barthelasse.jpg","HTTP 429"
"5b41143b-04bf-479c-a196-3983d3ce56a8","Huize Eikenhoven","http://commons.wikimedia.org/wiki/Special:FilePath/RM384670%20Huize%20Eikenhoven.JPG","HTTP 429"
"5b823fab-44a6-46fe-899a-aac88e319ab4","Broad Contemporary Art Museum","http://commons.wikimedia.org/wiki/Special:FilePath/LACMA.JPG","HTTP 429"
"5b47d685-b515-4c8d-aef4-df94e0cfd17a","Goharshad Mosque","http://commons.wikimedia.org/wiki/Special:FilePath/Goharshad%20Mosque%20-%201977.jpg","HTTP 429"
"5b6171b2-0483-4c9e-b313-81f85845fe90","Seoul National Cemetery","http://commons.wikimedia.org/wiki/Special:FilePath/Korean%20War%20Veterans%2020160726%2008%20%2827941236813%29.jpg","HTTP 429"
"5be9a438-766a-4750-81be-ba9244c7322e","Menya Itto","https://example.com/menya_itto.jpg","HTTP 404"
"5bec41a9-3a22-416c-9188-acc034d2bd7e","Reichspostzentralamt","http://commons.wikimedia.org/wiki/Special:FilePath/Ringbahnstra%C3%9Fe%20126-134%20%28Berlin-Tempelhof%29%20Reichspostzentralamt.JPG","HTTP 429"
"5bed16cd-ee22-4462-a9c1-3a626008eee5","Schwetzingen Palace","http://commons.wikimedia.org/wiki/Special:FilePath/Schwetzingen%20BW%202014-07-22%2016-43-37.jpg","HTTP 429"
"5bf4988b-8b18-4408-8b32-06103ffb3f6a","cemetery Graafseweg","http://commons.wikimedia.org/wiki/Special:FilePath/Nijmegen%20Rijksmonument%20523030%20aula%20begraafplaats%20Graafseweg%20%2B%20monument.JPG","HTTP 429"
"5bf7c5c2-33ee-4c36-a579-6641d3416d8d","Mile High Center","http://commons.wikimedia.org/wiki/Special:FilePath/1700%20Broadway%2C%20west%20entrance%20and%20facade%2C%20Denver%202019.jpg","HTTP 429"
"5bf6e346-5e07-427f-a4ee-443ccd861988","The Sahara","http://commons.wikimedia.org/wiki/Special:FilePath/Miami%20Beach%20-%20The%20Sahara%2001.jpg","HTTP 429"
"5bbe8470-139e-406e-acfa-f999e0640bdf","Villetta Cemetery","http://commons.wikimedia.org/wiki/Special:FilePath/Cimitero%20della%20Villetta%20%28Parma%29%20-%20ingresso%201%202019-06-25.jpg","HTTP 429"
"5bac3bcf-d38c-49d0-badf-ea231e92cc8a","Private Cemetery High Promenade","http://commons.wikimedia.org/wiki/Special:FilePath/Z%C3%BCrich%20-%20Privatfriedhof%20Hohe%20Promenade%20IMG%207367.JPG","HTTP 429"
"5bbafbca-f183-4e09-a854-bfebde41fa9f","Cimetière Sud de Saint-Mandé","http://commons.wikimedia.org/wiki/Special:FilePath/Cimeti%C3%A8re%20Sud%20de%20Saint-Mand%C3%A9.JPG","HTTP 429"
"5c14e914-29a5-44eb-89ab-e1a0db2241c2","HAY House","https://img.vago.to/places/cover/v1/5c/14/5c14e914-29a5-44eb-89ab-e1a0db2241c2.jpg","HTTP 404"
"5c46ae4e-33ac-467e-b14b-3154bbc24ce5","Municipal Library Hanover","http://commons.wikimedia.org/wiki/Special:FilePath/City%20library%20Hanover%20Germany.jpg","HTTP 429"
"5c45e5df-a044-4e0c-8d58-7c5f0326f1c1","King Abdullah Financial District","http://commons.wikimedia.org/wiki/Special:FilePath/KAFD%E9%A7%85%E3%81%AE%E9%A7%85%E8%88%8E.jpg","HTTP 429"
"5c0c0fe7-782a-405d-acbe-e9587113e4d6","Altmannsdorfer Friedhof","http://commons.wikimedia.org/wiki/Special:FilePath/Altmannsdorfer%20Friedhof3.JPG","HTTP 429"
"5c3f5bb3-e427-4267-bf29-8507f7501022","Lviv Theatre of Opera and Ballet","http://commons.wikimedia.org/wiki/Special:FilePath/Lviv.Theatre.of.Opera.and.Ballet.jpg","HTTP 429"
"5c575904-c9e9-4ff7-ba2d-f2e1c8a82652","Детский сад","http://commons.wikimedia.org/wiki/Special:FilePath/%D0%94%D0%B5%D1%82%D1%81%D0%BA%D0%B8%D0%B9%20%D1%81%D0%B0%D0%B4%20%E2%84%96%2019%20%D0%BD%D0%B0%20%D0%94%D0%B6%D0%B0%D0%BC%D0%B1%D1%83%D0%BB%D0%B0%208.jpg","HTTP 429"
"5cf379a8-c69e-45d5-96fb-11606c48038c","Argoules Communal Cemetery","http://commons.wikimedia.org/wiki/Special:FilePath/Argoules%2C%20Somme%2C%20Fr%2C%20cimeti%C3%A8re%2C%20monument%20aux%20morts.jpg","HTTP 429"
"5cea3ae2-ea5a-4093-ae99-928e013ce76b","New Perry Hotel","http://commons.wikimedia.org/wiki/Special:FilePath/New%20Perry%20Hotel%2C%20Perry%2C%20GA%2C%20US.jpg","HTTP 429"
"5c8bfdfc-09a1-43ef-acb5-335cea070819","Old Cemetery","http://commons.wikimedia.org/wiki/Special:FilePath/170924-Speyer-05.jpg","HTTP 429"
"5cc03440-9f08-4c58-90f8-26c762b0909e","Chellah","http://commons.wikimedia.org/wiki/Special:FilePath/Chellah%20landscape.jpg","HTTP 429"
"5cd0e1ad-1eab-409e-9532-3b928392effd","Nunhead Cemetery","http://commons.wikimedia.org/wiki/Special:FilePath/Gates%20of%20Nunhead%20Cemetery.JPG","HTTP 429"
"5c6abee6-7854-4945-b419-bda29c67b4d4","Selridge British Cemetery","http://commons.wikimedia.org/wiki/Special:FilePath/Selridge%20British%20Cemetery.jpg","HTTP 429"
"5d131cdd-3393-4506-b85d-5fdff40d5de1","Pad Thai 5 Rod","https://img.vago.to/places/cover/v1/5d/13/5d131cdd-3393-4506-b85d-5fdff40d5de1.jpg","HTTP 404"
"5d73c469-81a8-44ef-b896-f97e6c8420d1","St. Olav's Cathedral","http://commons.wikimedia.org/wiki/Special:FilePath/StOlavsOsloFeb2009.jpg","HTTP 429"
"5d680f26-a215-477e-a83d-5121c31727cf","Urduliz","http://commons.wikimedia.org/wiki/Special:FilePath/Estaci%C3%B3n%20de%20Urduliz%204.jpg","HTTP 429"
"5d65108e-9797-4477-89e0-c6436f16e0f7","Royal Burial Ground","http://commons.wikimedia.org/wiki/Special:FilePath/Royal%20Mausoleum%20of%20Queen%20Victoria%20and%20Prince%20Albert%2C%20Frogmore%2C%20Berkshire.jpg","HTTP 429"
"5d0270ab-dde6-46b6-b41d-fd733f3717e1","Palazzo delle Poste","http://commons.wikimedia.org/wiki/Special:FilePath/Palazzo%20delle%20Poste%20di%20Trento%2002.jpg","HTTP 429"
"5d5b935e-28fb-4399-a174-6e6f4fae42f7","Östra kyrkogården","http://commons.wikimedia.org/wiki/Special:FilePath/%C3%96stra%20kg%20i%20oktober%202009.JPG","HTTP 429"
"5d454539-91ec-4eb1-9f6e-6ad4d8b80e84","Ste. Marie-Cappel Churchyard","http://commons.wikimedia.org/wiki/Special:FilePath/Sainte-Marie-Cappel.-%20l%27%C3%A9glise-Notre-Dame-de-l%27Assomption%20%282%29.jpg","HTTP 429"
"5d77460a-08a0-4aa0-9788-1357eababd1d","City hall of Texel","http://commons.wikimedia.org/wiki/Special:FilePath/Den%20Burg%2C%20Gemeentehuis%2C%20Emmalaan%2001.jpg","HTTP 429"
"5e2bbade-a784-40c5-9053-910c555b5919","10 Lafayette Square","http://commons.wikimedia.org/wiki/Special:FilePath/Tishman%20Building%20Apr%2012.JPG","HTTP 429"
"5e2cd2be-86aa-45ad-afeb-8000a2743e79","Hotel Pez Espada","http://commons.wikimedia.org/wiki/Special:FilePath/Hotel%20Pez%20Espada.jpg","HTTP 429"
"5e083570-df92-4b89-bec0-bf3880c9124d","Schoorl General Cemetery","http://commons.wikimedia.org/wiki/Special:FilePath/Schoorl%20General%20Cemetery.JPG","HTTP 429"
"5d9bc614-0679-432d-becd-2f4c2da7159b","Von-Alten-Garten","http://commons.wikimedia.org/wiki/Special:FilePath/Alten%20Park%20Park.jpg","HTTP 429"
"5da3fa28-745e-46ea-8490-a784f75639fd","The Boardman","http://commons.wikimedia.org/wiki/Special:FilePath/The%20Boardman%20North%20Adams%202.jpg","HTTP 429"
"5e87790a-fce4-4687-b631-4851e1cdb218","World War I Cemetery nr 95 in Stróżówka","http://commons.wikimedia.org/wiki/Special:FilePath/Cmentarz%20wojenny%20nr%2095%20w%20Str%C3%B3%C5%BC%C3%B3wce.JPG","HTTP 429"
"5e9a8ea4-beab-4ce6-945f-23049cbd9de6","Terrein waarin een galgenberg (zeer waarschijnlijk oorspronkelijk grafheuvel)","http://commons.wikimedia.org/wiki/Special:FilePath/Overzicht%20-%20Amersfoort%20-%2020009777%20-%20RCE.jpg","HTTP 429"
"5e871605-9f56-4996-b49d-2835808dfc4b","Santa Maria presso San Satiro","http://commons.wikimedia.org/wiki/Special:FilePath/Milan%20Santa%20Maria%20presso%20San%20Satiro%20016%204771.jpg","HTTP 429"
"5e82ece9-f41a-45b8-a749-689a904beaaa","Sleep Train Pavilion","http://commons.wikimedia.org/wiki/Special:FilePath/Sleep%20Train%20Pavilion.jpg","HTTP 429"
"5e88072c-7123-47a9-911a-539edb09ed22","San Giovanni Battista, Highway A11","http://commons.wikimedia.org/wiki/Special:FilePath/Paolo%20Monti%20-%20Servizio%20fotografico%20-%20BEIC%206346984.jpg","HTTP 429"
"5e81b60e-c828-473d-aaa6-7ab5406769c7","Serbisch-orthodoxe Kirche St. Sava, Landstraße","http://commons.wikimedia.org/wiki/Special:FilePath/Serbisch-orthodoxe%20Kirche%20Rennweg.JPG","HTTP 429"
"5e84db17-e2b1-4605-a74e-9b1fb4bb1f89","Tsaritsyno Park + palace","http://commons.wikimedia.org/wiki/Special:FilePath/Tsaritsino%20from%20helicopter-1.jpg","HTTP 429"
"5e9e435b-c261-49dd-b393-33cf31d98b81","World War I Cemetery nr 10 in Wola Cieklińska","http://commons.wikimedia.org/wiki/Special:FilePath/WolaCelkinskaNr10.jpg","HTTP 429"
"5f0901b6-7d3e-450a-862a-4af042feaab4","Pagoda Forest at Shaolin Temple","http://commons.wikimedia.org/wiki/Special:FilePath/Shaolinsi%20talin.JPG","HTTP 429"
"5f3de5a6-9b0e-40f1-a282-89c9e8c2fe43","monumental cemetery of Legnano","http://commons.wikimedia.org/wiki/Special:FilePath/Cimitero%20Legnano%202.JPG","HTTP 429"
"5ec7eab2-4952-4f1c-9098-e1c5290f59ad","Feltrinelli Porta Volta","http://commons.wikimedia.org/wiki/Special:FilePath/Porta%20Volta%20Feltrinelli.jpg","HTTP 429"
"5f4129e5-2b34-43a3-8c90-0e2814ec2ef2","Thaba Bosiu","http://commons.wikimedia.org/wiki/Special:FilePath/685%20Thaba%20Bosiu.jpg","HTTP 429"
"5ebe266b-95ff-4020-9377-ef12a2fc9122","Lensic Theater","http://commons.wikimedia.org/wiki/Special:FilePath/Lensic%20Theater.JPG","HTTP 429"
"5efe774e-7f08-42ad-89fc-d80f0f1ad5ac","La Creche Communal Cemetery","http://commons.wikimedia.org/wiki/Special:FilePath/La%20Creche%20Communal%20Cemetery.JPG","HTTP 429"
"5fb63e34-adc3-4238-b5cd-f3eeee279731","Forest-l'Abbaye Churchyard","http://commons.wikimedia.org/wiki/Special:FilePath/Forest-l%27Abbaye%20Churchyard%201.JPG","HTTP 429"
"5fc51c47-fc28-4dcb-8831-ac4853bca245","Erandio","http://commons.wikimedia.org/wiki/Special:FilePath/Erandio%2016.jpg","HTTP 429"
"5f5efe8e-ea62-479a-9076-9253bcc9563e","Hauptfriedhof Koblenz","http://commons.wikimedia.org/wiki/Special:FilePath/Kreuz%20Hauptfriedhof%20Koblenz.jpg","HTTP 429"
"5f596cba-1c94-4291-9a34-5e80799fa1d0","Brookwood Cemetery","http://commons.wikimedia.org/wiki/Special:FilePath/Avenue%20leading%20from%20Brookwood%20cemetery.jpg","HTTP 429"
"5f834b12-110a-4fc7-a51c-30c39592afd5","Cave Hill Cemetery","http://commons.wikimedia.org/wiki/Special:FilePath/Cave%20hill-rework.jpg","HTTP 429"
"5fcc6c2a-86b0-4af6-916c-9c6a218061fb","SOUP CURRY KING ゲートウェイ店","https://img.vago.to/places/cover/v1/5f/cc/5fcc6c2a-86b0-4af6-916c-9c6a218061fb.jpg","HTTP 404"
"600e4aa9-b4cc-4ab7-9c28-2e81b2c1a781","St. Gertrud","http://commons.wikimedia.org/wiki/Special:FilePath/St%20gertrud%20koeln%20ostseite%20mit%20turm%2020090911.jpg","HTTP 429"
"60450070-f20f-4471-b40a-118f8ddabf94","Plummer-Motz School","http://commons.wikimedia.org/wiki/Special:FilePath/FalmouthME%20PlummerMotzSchool2.jpg","HTTP 429"
"5fcea8f3-8ef2-4186-a8de-2216966bfdfa","Frösö 58:4","http://commons.wikimedia.org/wiki/Special:FilePath/Fr%C3%B6s%C3%B6%20h%C3%B6g%2058%204.jpg","HTTP 429"
"5ff7d153-cb20-45b5-ae3b-b18601110e02","Edifício Itália","http://commons.wikimedia.org/wiki/Special:FilePath/Edif%C3%ADcio%20It%C3%A1lia%2C%20SP.jpg","HTTP 429"
"6027a9c4-78bc-40bf-8981-9720d3a26176","Garfield School","http://commons.wikimedia.org/wiki/Special:FilePath/Garfield%20School%20-%20Lewiston%20Idaho.jpg","HTTP 429"
"5fdb8a3c-26d7-4fad-9750-2f3d90c01550","Parish Church of Our Lady of Pilar and Saint Lucy","http://commons.wikimedia.org/wiki/Special:FilePath/Igreja%20de%20Nossa%20Senhora%20do%20Pilar%20Salvador%202018-0194.jpg","HTTP 429"
"5fc538ec-3ef8-4497-b3da-a8052757fc27","Crouse House","http://commons.wikimedia.org/wiki/Special:FilePath/Crouse%20House%201156%20Peri%20Street.JPG","HTTP 429"
"6058e966-39e2-4e78-a1d0-700eb46e5e83","Muak","https://img.vago.to/places/cover/v1/60/58/6058e966-39e2-4e78-a1d0-700eb46e5e83.jpg","HTTP 404"
"60b8dcd9-9268-42f0-b3bc-f4c3d7277c49","Odori Park","https://img.vago.to/places/cover/v1/60/b8/60b8dcd9-9268-42f0-b3bc-f4c3d7277c49.jpg","HTTP 404"
"60c047d6-726b-4a85-8eae-6c218e699a5a","Odd Fellows Mansion","http://commons.wikimedia.org/wiki/Special:FilePath/FVNP%20-%20Odd%20Fellow%201.jpg","HTTP 429"
"60b2c3c0-c75f-4e31-9d72-c77e006b29aa","Old Niendorf Cemetery","http://commons.wikimedia.org/wiki/Special:FilePath/Hamburg%20Alter%20Niendorfer%20Friedhof%2001.jpg","HTTP 429"
"60b72211-2840-4dbd-9650-6f26f30fa894","Hotel Saljut","http://commons.wikimedia.org/wiki/Special:FilePath/%D0%9F%D0%B0%D0%BC%27%D1%8F%D1%82%D0%BD%D0%B8%D0%BA%20%D0%9F%D1%83%D1%88%D0%BA%D1%96%D0%BD%D1%83%20%D0%9E.%D0%A1.%2C%20%D0%A1%D1%83%D0%B2%D0%BE%D1%80%D0%BE%D0%B2%D0%B0%201-20.JPG","HTTP 429"
"60b989a2-94c7-4cec-8a2a-5d8941fcd362","Calvary Cemetery","http://commons.wikimedia.org/wiki/Special:FilePath/Atuona%2C%20Gauguin%27s%20grave%20-%205.9.05.jpg","HTTP 429"
"60714f30-953c-45a7-98e7-1f3023922117","Socx Churchyard","http://commons.wikimedia.org/wiki/Special:FilePath/Socx%20Eglise%20St%20leger%202.jpg","HTTP 429"
"60cb1fc0-6868-4a25-b407-6d62a49d12a9","Orpheum Theatre","http://commons.wikimedia.org/wiki/Special:FilePath/Orpheum%20Theatre%20%281%29.jpg","HTTP 429"
"612f17bc-4b55-40ce-81bf-d4004084caed","Aigues Vives","https://img.vago.to/places/cover/v1/61/2f/612f17bc-4b55-40ce-81bf-d4004084caed.jpg","HTTP 404"
"60f64ebc-16ab-4606-b358-c3c700d42829","Experimental Theater","http://commons.wikimedia.org/wiki/Special:FilePath/NCPA%20building%2C%20Nariman%20Point%2C%20Mumbai.JPG","HTTP 429"
"60df4153-08fe-47f8-84d2-9dc2092dfbea","Cross Bones","http://commons.wikimedia.org/wiki/Special:FilePath/Cross%20Bones%2C%20Southwark%2C%20London%2C%20September%202014.jpg","HTTP 429"
"612ff872-7303-4a91-ae44-e6e133c3d0a9","Okopowa Street Jewish Cemetery","http://commons.wikimedia.org/wiki/Special:FilePath/POL%20JCP%20ohel4.jpg","HTTP 429"
"60e93911-432e-4dcf-bb04-77c9d0f55155","Ås 14:1","http://commons.wikimedia.org/wiki/Special:FilePath/%C3%85s%2014%201%20H%C3%B6g.jpg","HTTP 429"
"60dc4712-9933-46ea-8d45-1de3281fddc2","Huize Lydia","http://commons.wikimedia.org/wiki/Special:FilePath/Amsterdam%20Huize%20Lydia%20001.JPG","HTTP 429"
"60f4fc85-5c8d-4114-8de5-2825eeb4bbd2","Hôtel Loews Le Concorde","http://commons.wikimedia.org/wiki/Special:FilePath/Leconcorde%20quebec.JPG","HTTP 429"
"60d74f19-03b0-41fe-a2c4-eec943e6fc8e","Soccer City Stadium","http://commons.wikimedia.org/wiki/Special:FilePath/FIFA%20World%20Cup%202010%20Argentina%20South%20Korea.jpg","HTTP 429"
"6197ff8e-ce44-469a-a919-b555fc4d0bda","Hanazono Shrine","https://img.vago.to/places/cover/v1/61/97/6197ff8e-ce44-469a-a919-b555fc4d0bda.jpg","HTTP 404"
"61f4b17d-961d-4029-9028-e8f884162fd4","Knights of Columbus Building","http://commons.wikimedia.org/wiki/Special:FilePath/Knights%20of%20Columbus%20headquarters.jpg","HTTP 429"
"61fff27a-806c-492e-9f75-85b2f3c94017","Samara Choral Synagogue","http://commons.wikimedia.org/wiki/Special:FilePath/S%20Sinagoga.jpg","HTTP 429"
"61b8c9e2-93b4-42d9-877c-222118bb38a1","Dearborn City Hall Complex","http://commons.wikimedia.org/wiki/Special:FilePath/Dearborn%2C%20Michigan%20City%20Hall.JPG","HTTP 429"
"61c63f11-7c1e-487b-a975-bd848284a042","St. Colman Roman Catholic Church","http://commons.wikimedia.org/wiki/Special:FilePath/St%20Colmans.jpg","HTTP 429"
"61e4c604-2393-447b-9ec5-3372ce4eeef4","United States Post Office","http://commons.wikimedia.org/wiki/Special:FilePath/Flatbush%20PO%20jeh.JPG","HTTP 429"
"61e452bb-6e17-4020-b7fc-6a393d349a8c","Cappella Colleoni","http://commons.wikimedia.org/wiki/Special:FilePath/Bergamo%2C%20Cappella%20Colleoni%202021.jpg","HTTP 429"
"6235b43d-2d74-4c90-8435-62a20830b478","J. Paul Getty Museum","http://commons.wikimedia.org/wiki/Special:FilePath/Aerial%20Getty%20Museum.jpg","HTTP 429"
"6221509b-b762-45ae-8836-f05cb52b80b0","Castello Estense","http://commons.wikimedia.org/wiki/Special:FilePath/Castello%20dall%27alto.jpg","HTTP 429"
"6239e5d1-f9ed-4b5c-b47f-fa384e2530c9","Wrocław water tower","http://commons.wikimedia.org/wiki/Special:FilePath/Breslau%20Wroclaw%20Wasserturm.jpg","HTTP 429"
"62586f35-86c2-4c4f-99aa-83cf02134c3e","National Centre for the Performing Arts","http://commons.wikimedia.org/wiki/Special:FilePath/Campus%20of%20National%20Centre%20for%20the%20Performing%20Arts%20in%20Mumbai.jpg","HTTP 429"
"6227c6d4-dbbe-4fdb-8a99-3481313110d9","53W53","http://commons.wikimedia.org/wiki/Special:FilePath/53%20W53%20fr%2057%20St%202020%20jeh.jpg","HTTP 429"
"620339ad-d1bb-4be4-be99-3cd9f4ca9750","Terrein waarin 6 grafheuvels","http://commons.wikimedia.org/wiki/Special:FilePath/Lage%20Vuursche%20grafheuvels%20Drakensteyn%2090.JPG","HTTP 429"
"621fba0a-691a-4cf3-88aa-900360cbf1eb","Olšany Cemetery","http://commons.wikimedia.org/wiki/Special:FilePath/Ol%C5%A1ansk%C3%A9%20h%C5%99bitovy%20br%C3%A1na%201.jpg","HTTP 429"
"62519056-9e4b-4845-81c0-4c1f89f35b1d","Topkapı Palace","http://commons.wikimedia.org/wiki/Special:FilePath/Topkapi%20Palace%20Seen%20From%20Harem.JPG","HTTP 429"
"627e8e0f-8a34-46ca-8e2c-35b314feccc4","Eastern Suburbs Memorial Park","http://commons.wikimedia.org/wiki/Special:FilePath/Matraville%20Eastern%20Suburbs%20Memorial%20Park%201.JPG","HTTP 429"
"6295efba-88fb-4f73-9e88-ad747e931804","Royal Palace of Milan","http://commons.wikimedia.org/wiki/Special:FilePath/Veduta%20di%20tre%20quarti%20del%20Palazzo%20Reale%20di%20Milano.jpg","HTTP 429"
"62922216-5c75-4f44-b3b6-4690c4b373bf","Old Scarborough High School","http://commons.wikimedia.org/wiki/Special:FilePath/ScarboroughME%20BesseyCommon1.jpg","HTTP 429"
"629c6299-29c8-4dc6-b9af-05d85c080589","Sant Marçal de Colomer","http://commons.wikimedia.org/wiki/Special:FilePath/Sant%20Mar%C3%A7al%20del%20Colomer%20d%27Amer%202.jpg","HTTP 429"
"62a2d638-5264-486d-93c5-e1c41a10d902","Begraafplaats Buitenveldert","http://commons.wikimedia.org/wiki/Special:FilePath/Begraafplaats%20Buitenveldert%20brug%20%282%29.jpg","HTTP 429"
"6270c248-7da3-4284-a74e-62c622ef492e","Deutscher Friedhof","http://commons.wikimedia.org/wiki/Special:FilePath/Hanau%20Alter%20Deutscher%20Friedhof02.jpg","HTTP 429"
"62a72d84-5ee3-4bd1-add2-476e5c2c3b06","Minerva Pavilion","http://commons.wikimedia.org/wiki/Special:FilePath/Fotopersbureau%20Holland%2C%20Afb%20OSIM00008001505.jpg","HTTP 429"
"629c8841-1417-426f-b10d-d967eafd6fe0","Karaite Kenesa","http://commons.wikimedia.org/wiki/Special:FilePath/%D0%9A%D0%B0%D1%80%D0%B0%D0%B8%D0%BC%D1%81%D0%BA%D0%B0%D1%8F%20%D0%BA%D0%B5%D0%BD%D0%B0%D1%81%D1%81%D0%B0%20%D0%B2%20%D0%9A%D0%B8%D0%B5%D0%B2%D0%B5.jpg","HTTP 429"
"62898e97-8339-48e6-b8ee-57234b865802","333 South Wabash","http://commons.wikimedia.org/wiki/Special:FilePath/CNA%20Center.jpg","HTTP 429"
"63185bc3-1fe6-4ce7-b57c-3ab7b4e4153e","Super Duper Burgers","https://img.vago.to/places/cover/v1/63/18/63185bc3-1fe6-4ce7-b57c-3ab7b4e4153e.jpg","HTTP 404"
"62f2de05-eab3-4891-911f-2dbabcdedf68","Can Solé","https://example.com/can_sole.jpg","HTTP 404"
"62cb1524-5901-4035-ac15-12fb2e3d829e","Ilmenau Cemetery","http://commons.wikimedia.org/wiki/Special:FilePath/Cemetery%20Ilmenau%2025.jpg","HTTP 429"
"630f9e58-b5b3-451e-9ec6-17f6838da8c3","Forest Lawn Cemetery","http://commons.wikimedia.org/wiki/Special:FilePath/Forest%20Lawn%20Cemetery%20Richmond.jpg","HTTP 429"
"63214b3c-80f7-4610-8bf2-ff23b4a81f03","Dryburgh Abbey","http://commons.wikimedia.org/wiki/Special:FilePath/Dryburgh%20Abbey%20spring.jpg","HTTP 429"
"631128cb-c6ba-4360-a89b-690e9eb77195","Casa Antoni Pous","http://commons.wikimedia.org/wiki/Special:FilePath/Casa%20Antoni%20Pous%2C%20c.%20del%20Passeig.jpg","HTTP 429"
"6318c2ea-7894-4dc2-a6ee-7289dae52976","Forest Cemetery","http://commons.wikimedia.org/wiki/Special:FilePath/J.%20Chakstes%20piemineklis.JPG","HTTP 429"
"6345fe97-c542-427b-a3da-655b1d659913","Victor Cullen Center, Old Administration Building","http://commons.wikimedia.org/wiki/Special:FilePath/Victor%20Cullen%20Main%201.jpg","HTTP 429"
"6346f7ee-2ec0-4cf3-b0a0-e5a3ddc494cc","Edificio Urumea","https://commons.wikimedia.org/wiki/Special:FilePath/Edificio%20Urumea%2C%20San%20Sebasti%C3%A1n.jpg","HTTP 429"
"6396604b-80e1-411a-9d0c-4501b66bb0b7","Pearl River Tower","http://commons.wikimedia.org/wiki/Special:FilePath/PearlRiverTower%20Jan.jpg","HTTP 429"
"636b568b-8d79-4187-87ce-6dc037fbf998","Kuratienkirche Innerberg","http://commons.wikimedia.org/wiki/Special:FilePath/Kuratienkirche%20zu%20Unserer%20Lieben%20Frau%20Mari%C3%A4%20Unbefleckte%20Empf%C3%A4ngnis%2C%20Innerberg%204.JPG","HTTP 429"
"633d102b-e35a-49f9-8e48-ecc5024c1834","Cimetière de Balham","http://commons.wikimedia.org/wiki/Special:FilePath/Balham%20%28Ardennes%29%20%C3%89glise%20avec%20portail%20du%20cimeti%C3%A8re.jpg","HTTP 429"
"633e3524-edf3-4472-8b96-97bf62873bbe","Hohenstein power station","http://commons.wikimedia.org/wiki/Special:FilePath/Witten%20Kraftwerk%20Hohenstein.JPG","HTTP 429"
"63bc31af-093b-4ae8-a8f2-c6ed1fe1e5f1","HolyBelly","https://img.vago.to/places/cover/v1/63/bc/63bc31af-093b-4ae8-a8f2-c6ed1fe1e5f1.jpg","HTTP 404"
"63a78e10-4848-4f6a-9916-531c2624338d","Mrs. Isaac D. Adler House","http://commons.wikimedia.org/wiki/Special:FilePath/Mrs.%20Isaac%20D.%20Adler%20House.JPG","HTTP 429"
"63f0f975-2699-491e-af68-5e5a3bef946a","World War I Cemetery nr 1 in Ożenna","http://commons.wikimedia.org/wiki/Special:FilePath/Nr1Ozenna1b.jpg","HTTP 429"
"63f977b0-e4e5-40ce-b6fd-28bd21b92e7f","Kirche Sankt Jakob bei Straßburg","http://commons.wikimedia.org/wiki/Special:FilePath/Stra%C3%9Fburg%20Sankt%20Jakob%203%20Pfarrkirche%20hl.%20Jakob%20SW-Ansicht%2025102012%201934.jpg","HTTP 429"
"6397ed32-05a2-41bc-9b0c-bdfae44100a2","Fairfield Street School","http://commons.wikimedia.org/wiki/Special:FilePath/FairfieldStSchool.JPG","HTTP 429"
"639b5d9f-9a30-4273-98ec-2119da0e038a","Terrein waarin resten van een grafheuvel","http://commons.wikimedia.org/wiki/Special:FilePath/Woestenesch.JPG","HTTP 429"
"63985521-adf3-419b-b8f7-b8e1ba94fd75","Church of the Transfiguration in Tarnogród","http://commons.wikimedia.org/wiki/Special:FilePath/Tarnogr%C3%B3d%20Ko%C5%9Bci%C3%B3%C5%82%20Parafialny.jpg","HTTP 429"
"642e8605-b741-4f8e-a53e-5a635e4cbce8","Quimet & Quimet","https://example.com/quimet_quimet.jpg","HTTP 404"
"6425912e-1785-4958-aacd-55cd4588bc71","Art Institute of Chicago building","http://commons.wikimedia.org/wiki/Special:FilePath/20070622%20Art%20Institute%20of%20Chicago%20Front%20View.JPG","HTTP 429"
"64812006-049d-4473-8d2b-61b175cb7515","Monumental Cemetery of Messina","http://commons.wikimedia.org/wiki/Special:FilePath/Entrata%20principale%20Gran%20camposanto%20di%20Messina.JPG","HTTP 429"
"6438d0d5-52a3-4727-a9bd-a5cb4df3b1af","Haus Armanda Passos","http://commons.wikimedia.org/wiki/Special:FilePath/Casa%20Armanda%20Passos.%20%286083603185%29.jpg","HTTP 429"
"647f92cb-de44-45b1-9251-81a4892a24dc","Superintendent's Residence, Great Sand Dunes National Monument","http://commons.wikimedia.org/wiki/Special:FilePath/MoscaCO%20DunesSuperintendentsHouse.jpg","HTTP 429"
"64696a22-b49b-477c-8cc0-ab0d881e91aa","Saint Germain-en-Laye Old Communal Cemetery","http://commons.wikimedia.org/wiki/Special:FilePath/Cimeti%C3%A8re%20ancien%20de%20Saint-Germain-en-Laye%20entr%C3%A9e.jpg","HTTP 429"
"6474a585-0111-45db-a828-261f39c36ecc","First Presbyterian Church Cemetery","http://commons.wikimedia.org/wiki/Special:FilePath/First-presbyterian-church-cemetery-tn1.jpg","HTTP 429"
"64170247-4da3-4369-855a-2bf5eb3ef125","Dunedin Northern Cemetery","http://commons.wikimedia.org/wiki/Special:FilePath/Thomas%20Bracken%20memorial%20Dunedin%20Northern%20Cemetery.jpg","HTTP 429"
"6463a57b-b0de-4654-8cfc-b9d4edf88400","Prédio na Avenida António Augusto de Aguiar, 100","http://commons.wikimedia.org/wiki/Special:FilePath/Av.%20Antonio%20Augusto%20de%20Aguiar%20-%20panoramio.jpg","HTTP 429"
"645c3443-5e5a-4a71-9027-d1e184386f10","1101 New York Avenue","http://commons.wikimedia.org/wiki/Special:FilePath/1101%20New%20York%20Avenue%2C%20NW%20-%20Washington%2C%20D.C..jpg","HTTP 429"
"64cad422-0c0b-4016-8647-70a72c6c80b0","Tokachi Butadon Ippin (Stellar Place -Sapporo Station)","https://img.vago.to/places/cover/v1/64/ca/64cad422-0c0b-4016-8647-70a72c6c80b0.jpg","HTTP 404"
"64a29be5-1557-4652-bcee-02bb3ad9a470","Friedhof Solln","http://commons.wikimedia.org/wiki/Special:FilePath/Friedhof%20Solln.jpg","HTTP 429"
"64f7895d-7a3e-4715-9105-9055a9b6308b","Novozapadnoe Cemetery, Penza","http://commons.wikimedia.org/wiki/Special:FilePath/%D0%9D%D0%BE%D0%B2%D0%BE%D0%B7%D0%B0%D0%BF%D0%B0%D0%B4%D0%BD%D0%BE%D0%B5%20%D0%BA%D0%BB%D0%B0%D0%B4%D0%B1%D0%B8%D1%89%D0%B5%20%D0%9F%D0%B5%D0%BD%D0%B7%D1%8B.jpg","HTTP 429"
"64b3954c-e4d8-4953-a6a7-b605a6085e3f","Everton Cemetery","http://commons.wikimedia.org/wiki/Special:FilePath/Everton%20Cemetery%20Gatehouse%20and%20Chapel%20-%20geograph.org.uk%20-%20105859.jpg","HTTP 429"
"64c9a44d-22ac-40ba-8bc0-405c1ef24c9e","Engine Company 12","http://commons.wikimedia.org/wiki/Special:FilePath/Engine%20Co%2012%20DC.jpg","HTTP 429"
"64efe6b6-83fe-4150-8f63-cd5472308f44","Plentzia","http://commons.wikimedia.org/wiki/Special:FilePath/Estaci%C3%B3n%20de%20Plentzia.jpg","HTTP 429"
"64e4f65a-ebab-4acb-9a24-0702702f35f4","Sieveringer Friedhof","http://commons.wikimedia.org/wiki/Special:FilePath/Sieveringer%20Friedhof%20-%20Oberer%20Friedhofsbereich.jpg","HTTP 429"
"64942044-19b9-43c8-9bdf-957a6d3120cf","Leubingen tumulus","http://commons.wikimedia.org/wiki/Special:FilePath/Grabhuegel%20Leubingen.jpg","HTTP 429"
"65434e14-542e-4e19-9e8a-e516a347d0e5","Popsons Burgers","https://img.vago.to/places/cover/v1/65/43/65434e14-542e-4e19-9e8a-e516a347d0e5.jpg","HTTP 404"
"65525952-45ad-4320-90a7-8f59fc602cf3","Bath Abbey Cemetery","http://commons.wikimedia.org/wiki/Special:FilePath/View%20up%20the%20path%20to%20the%20Mortuary%20Chapel%20%28geograph%202902833%29.jpg","HTTP 429"
"65579857-838d-4bef-802d-ba9aa26c6e27","Academie Brochu","http://commons.wikimedia.org/wiki/Special:FilePath/Academie%20Brochu%2C%20Southbridge%20MA.jpg","HTTP 429"
"65fdad3e-283b-412f-b4a2-7a1ed1f0c7dd","オカダヤ 新宿アルタ 生地館","https://img.vago.to/places/cover/v1/65/fd/65fdad3e-283b-412f-b4a2-7a1ed1f0c7dd.jpg","HTTP 404"
"658a113d-483a-45f7-8fcd-efbb702959f4","Menya Musashi","https://example.com/musashi.jpg","HTTP 404"
"65ceb119-2756-4a6d-a0d2-9a4c018db0f7","Østerport Station","http://commons.wikimedia.org/wiki/Special:FilePath/%C3%98sterport%20station%202012.jpg","HTTP 429"
"65d7e82b-ceb3-4f38-8dd1-d497a98f5e14","Kulturpalast Dresden","http://commons.wikimedia.org/wiki/Special:FilePath/Kulturpalast%20von%20der%20Kreuzkirche%20Dresden-1.jpg","HTTP 429"
"6607df95-ad2e-4ba8-86b0-9649a9e7ecb3","H. C. Burnett House","http://commons.wikimedia.org/wiki/Special:FilePath/H.C.%20Burnett%20House%20%281%29.jpg","HTTP 429"
"65cfacd9-0826-4c11-b96d-470d670ee65f","Cape Town Stadium","http://commons.wikimedia.org/wiki/Special:FilePath/2011-02-06%2014-57-32%20South%20Africa%20-%20Bakoven.jpg","HTTP 429"
"65bb8cbe-58e5-4af8-81e0-03620d0941b9","Porokhovskoye Cemetery","http://commons.wikimedia.org/wiki/Special:FilePath/%D0%91%D1%80%D0%B0%D1%82%D1%81%D0%BA%D0%B0%D1%8F%20%D0%BC%D0%BE%D0%B3%D0%B8%D0%BB%D0%B0%20%D0%BB%D0%B5%D1%82%D1%87%D0%B8%D0%BA%D0%BE%D0%B2.jpg","HTTP 429"
"65ce1060-43a1-4665-aaa9-6be2a0e4cf60","University of Tartu Old Observatory","http://commons.wikimedia.org/wiki/Special:FilePath/Tartu%20asv2022-04%20img06%20Old%20Observatory.jpg","HTTP 429"
"667a3a3c-565d-414b-9822-470429e08a9e","Navenne military cemetery","http://commons.wikimedia.org/wiki/Special:FilePath/Vesoul%20Tombes%20chr%C3%A9tiennes%20du%20cimeti%C3%A8re%20militaire%20de%20Navenne%203.jpg","HTTP 429"
"663225f6-6e42-4840-965b-b57116ad8bc5","Grafheuvel van de familie Van Sminia","http://commons.wikimedia.org/wiki/Special:FilePath/Oudkerk%20Grafheuvel%20Van%20Sminia.JPG","HTTP 429"
"667949b3-02ff-45a4-a10e-94859821d85d","The Evergreens Cemetery","http://commons.wikimedia.org/wiki/Special:FilePath/Evergreen%20Cemetery%20ENY%20Bklyn%20jeh.jpg","HTTP 429"
"6697dc5a-94e8-42c9-b292-c16eb4c09d8e","Presbítero Matias Maestro","http://commons.wikimedia.org/wiki/Special:FilePath/CapillaPresbiteroMaestro.jpg","HTTP 429"
"67207487-f8b5-438c-8966-103abbb98af1","1717 East Ninth Building","http://commons.wikimedia.org/wiki/Special:FilePath/East%20Ohio%20Building.jpg","HTTP 429"
"66c68a1a-1e69-40b4-8919-5fc62ce80c52","Bielsko Synagogue","http://commons.wikimedia.org/wiki/Special:FilePath/Bielsko-Bia%C5%82a%201910%2C%20Synagoga%20i%20ul.%203%20Maja.jpg","HTTP 429"
"66ce5b18-dcc9-4102-b7a3-282d28c52622","Bohemian National Cemetery","http://commons.wikimedia.org/wiki/Special:FilePath/Bohemian%20National%20Cemetery%202012-09-30%2023-39-40.jpg","HTTP 429"
"66afca69-4723-4fdd-94d4-dcce8b6938c5","Osterholzer Friedhof","http://commons.wikimedia.org/wiki/Special:FilePath/OsterholzerFriedhof%2005.jpg","HTTP 429"
"66f01bb6-b84a-4254-ab52-a489b2df7b91","Mazingarbe Communal Cemetery","http://commons.wikimedia.org/wiki/Special:FilePath/Mazingarbe%20Communal%20Cemetery%20-6.jpg","HTTP 429"
"66e9a687-5f44-4bb5-bb9a-f29910e5ffcb","Hotel National","http://commons.wikimedia.org/wiki/Special:FilePath/Hotel%20National%20Moscow.jpg","HTTP 429"
"66c63126-45ce-4ff3-8ebe-9eac0c81de34","Ivan Skvartsov family vault","http://commons.wikimedia.org/wiki/Special:FilePath/Grobowiec%20kaplica%20Iwana%20Skwarcowa%202017.jpg","HTTP 429"
"66c24984-7cd3-4982-925a-f95d5cffa1a4","Hedemora 67:2","http://commons.wikimedia.org/wiki/Special:FilePath/Hedemora%2067-2.jpg","HTTP 429"
"66bf1bb2-26f8-4f6f-91df-aa43f5fec429","Skogskyrkogården","http://commons.wikimedia.org/wiki/Special:FilePath/Skogskyrk%20Grav%202006.jpg","HTTP 429"
"677aea77-a24a-44f6-99dd-5c4cd0c77023","Strong's Block","http://commons.wikimedia.org/wiki/Special:FilePath/Strong%27s%20Block%2C%20Waban%20MA.jpg","HTTP 429"
"67783018-bca1-4441-87e0-e32156fb3be0","Schubertpark (Währing)","http://commons.wikimedia.org/wiki/Special:FilePath/Schubertpark%20W%C3%A4hring%2013.JPG","HTTP 429"
"679f988c-7424-40a8-b748-1c9520d6e52e","Assistens Cemetery","http://commons.wikimedia.org/wiki/Special:FilePath/Assistens%20Kirkeg%C3%A5rd%201.jpg","HTTP 429"
"68536cd5-ba4d-44c1-9ddd-7aa58979eefc","Hervormde begraafplaats (Hoogezand)","http://commons.wikimedia.org/wiki/Special:FilePath/Hervormde%20begraafplaats%20Hoogezand.jpg","HTTP 429"
"6832e376-647c-4936-8088-d1b22dcbb423","Arsenal Stadium","http://commons.wikimedia.org/wiki/Special:FilePath/Arsenal%20Stadium%20Highbury%20east%20facade.jpg","HTTP 429"
"684457a8-03da-490c-99ba-71dd0a6134df","Bayview – New York Bay Cemetery","http://commons.wikimedia.org/wiki/Special:FilePath/Bayview%20-%20New%20York%20Bay%20Cemetery%2C%20Jersey%20City%20at%20the%20grave%20of%20Helen%20Eloise%20Freudenberg%20%281928-1989%29.jpg","HTTP 429"
"682f5cf2-b8d0-4b63-b6c5-b8d2b6dd1736","Central Sofia Cemetery","http://commons.wikimedia.org/wiki/Special:FilePath/Central-cemetry-park-Sofia.jpg","HTTP 429"
"68085443-275e-4002-9703-4669e6f021d8","Leers Communal Cemetery","http://commons.wikimedia.org/wiki/Special:FilePath/Leers%20Communal%20Cemetery-20.jpg","HTTP 429"
"68c7b87f-0d01-4aba-8a94-774d204bdbb6","Kiryat Shaul Cemetery","http://commons.wikimedia.org/wiki/Special:FilePath/Kshaul%20007.jpg","HTTP 429"
"68f6af99-4cc1-4a44-bdb0-9154f1aa77b4","Дом сувязі","http://commons.wikimedia.org/wiki/Special:FilePath/%D0%93%D0%BE%D0%BC%D0%B5%D0%BB%D1%8C%D1%81%D0%BA%D1%96%20%D0%B3%D0%B0%D0%BB%D0%BE%D1%9E%D0%BF%D0%B0%D1%88%D1%82%D0%B0%D0%BC%D1%82.jpg","HTTP 429"
"6877b375-d857-41f4-bf06-4495d7be8cbd","Apartment house of Chirikov (Rostov-on-Don)","http://commons.wikimedia.org/wiki/Special:FilePath/%D0%94%D0%BE%D1%85%D0%BE%D0%B4%D0%BD%D1%8B%D0%B9%20%D0%94%D0%BE%D0%BC%20%D0%A7%D0%B8%D1%80%D0%B8%D0%BA%D0%BE%D0%B2%D0%B0%201.jpg","HTTP 429"
"687b14d6-cc41-4901-a1a8-ec643799bee7","Christ Church Tashua","http://commons.wikimedia.org/wiki/Special:FilePath/Christ%20Episcopal%20Church%20from%20graveyard.jpg","HTTP 429"
"68e43bb3-3386-410d-95fa-a1b1aee4c343","church of Santa Cristina","http://commons.wikimedia.org/wiki/Special:FilePath/Parroquia%20de%20santa%20Cristina%20-%20Madrid.jpg","HTTP 429"
"68af1eee-6588-4a0e-889d-7979de01162a","Cathedral of Santa Maria d'Urgell","http://commons.wikimedia.org/wiki/Special:FilePath/Seu%20urgell.jpg","HTTP 429"
"68727388-9fcc-40a3-a955-52548d23d344","Church of Virgen de la Paloma and San Pedro el Real","http://commons.wikimedia.org/wiki/Special:FilePath/Iglesia%20de%20la%20Paloma%20%28Madrid%29%2001.jpg","HTTP 429"
"69a7faa3-df21-4e13-9e29-bab98f761b31","Funamizaka","https://img.vago.to/places/cover/v1/69/a7/69a7faa3-df21-4e13-9e29-bab98f761b31.jpg","HTTP 404"
"693ff1f7-fc52-4615-a58b-030e68059004","Old Synagogue, Aachen","http://commons.wikimedia.org/wiki/Special:FilePath/Aachen%20synagogue%20facade.jpg","HTTP 429"
"69a1e111-214d-4e5d-ac60-b65d95386b6a","Former Mitsui & Co. Moji branch","http://commons.wikimedia.org/wiki/Special:FilePath/Former%20Headquarters%20Building%20of%20JR%20Kyushu%20Northern%20Kyushu%20Area.JPG","HTTP 429"
"6947c8f8-9c66-43f1-80ef-33356cf91436","Vitra Design Museum","http://commons.wikimedia.org/wiki/Special:FilePath/Vitra%20Design%20Museum.JPG","HTTP 429"
"6970fa8f-c020-4bb8-9b01-55af9c35ced3","Carleton Crematorium and Cemetery","http://commons.wikimedia.org/wiki/Special:FilePath/Carleton%20Crematorium%20-%20geograph.org.uk%20-%201534202.jpg","HTTP 429"
"6981ec7e-b317-48a7-919c-5a96a1ba3903","East London Cemetery","http://commons.wikimedia.org/wiki/Special:FilePath/Catherine%20Eddowes%20grave%20at%20City%20of%20London%20Cemetery.jpg","HTTP 429"
"69306923-144a-4fb4-b1c8-549914d57eb9","Taichung Condominium Tower","http://commons.wikimedia.org/wiki/Special:FilePath/%E5%AF%8C%E9%82%A6%E6%96%B0%E5%B8%82%E6%94%BF%28%E5%B7%A6%29%E8%81%AF%E8%81%9A%E4%BF%9D%E5%92%8C%E5%A4%A7%E6%A8%93%28%E5%8F%B3%29.jpg","HTTP 429"
"69e5e46f-c005-4efa-b10c-5ccb9cd666bd","Roppongi Hills","https://img.vago.to/places/cover/v1/69/e5/69e5e46f-c005-4efa-b10c-5ccb9cd666bd.jpg","HTTP 404"
"6a2877f1-3424-49ac-8e61-489dc6984416","Inzersdorfer Friedhof","http://commons.wikimedia.org/wiki/Special:FilePath/Inzersdorfer-Friedhof-02-.jpg","HTTP 429"
"6a4c9cde-01de-4bbb-bc36-62ca3e443b07","Máj Národní","http://commons.wikimedia.org/wiki/Special:FilePath/M%C3%A1j%20%28007%29%20%28cropped%29.jpg","HTTP 429"
"6a2dcfd4-dad7-4303-9561-b6861f263a7f","Ernst & Young Building","http://commons.wikimedia.org/wiki/Special:FilePath/Rotterdam%20toren%20boompjes%20ernst%20en%20young.jpg","HTTP 429"
"69f38e90-63df-45cb-83e0-c6db98b6a14a","Erie Cemetery","http://commons.wikimedia.org/wiki/Special:FilePath/Erie%20Cemetery%20gate.jpg","HTTP 429"
"69ffd3fc-c3de-4cdc-bc18-596dd1a4a43b","Monumental Cemetery of Bonaria","http://commons.wikimedia.org/wiki/Special:FilePath/MonFrancescaWarzee.JPG","HTTP 429"
"6ae65d2a-3938-4d99-aede-b0f558e320f4","Ramen Jiro","https://example.com/jiro.jpg","HTTP 404"
"6aed913a-8d29-4cc0-8a68-aa244a779940","Headquarters Administration Building","http://commons.wikimedia.org/wiki/Special:FilePath/Big%20Basin%20Headquarters.jpg","HTTP 429"
"6b0964c5-0f2b-401f-a582-de4879ff67c9","Shuljavskiy Cemetery","http://commons.wikimedia.org/wiki/Special:FilePath/%D0%A8%D1%83%D0%BB%D1%8F%D0%B2%D1%81%D1%8C%D0%BA%D0%B5%20%D0%BA%D0%BB%D0%B0%D0%B4%D0%BE%D0%B2%D0%B8%D1%89%D0%B5.jpg","HTTP 429"
"6ac5778e-69d3-44a6-8879-857cf53aa684","Building of TVP Warsaw","http://commons.wikimedia.org/wiki/Special:FilePath/Siedziba%20Telewizji%20Polskiej%20w%20Warszawie%202017.jpg","HTTP 429"
"6b0de037-d62d-4381-a3d3-9245c0352ac6","Schaerbeek Cemetery","http://commons.wikimedia.org/wiki/Special:FilePath/Evere-Cimeti%C3%A8re%20de%20Schaerbeek-001.JPG","HTTP 429"
"6a8f6856-a25e-4c0f-8392-f10c013b916a","Marles-sur-Canche Churchyard","http://commons.wikimedia.org/wiki/Special:FilePath/Marles-Sur-Canche%20Eglise%203.jpg","HTTP 429"
"6ac7106e-d58b-4aca-8896-c14d1ecfedc1","Chilehaus","http://commons.wikimedia.org/wiki/Special:FilePath/Chilehaus%20-%20Hamburg.jpg","HTTP 429"
"6b27fe3b-5c78-42d1-9b8a-7f6ad1b0ad9a","Kommunarka shooting ground","http://commons.wikimedia.org/wiki/Special:FilePath/PolKommunarka2.jpg","HTTP 429"
"6b6f5f7c-be19-4a42-a7a6-3aee441230dc","Milmoral","http://commons.wikimedia.org/wiki/Special:FilePath/Milmoral.JPG","HTTP 429"
"6b53b5c2-b9e3-4c44-a926-bf24185510df","Afrikahuis, Amsterdam","http://commons.wikimedia.org/wiki/Special:FilePath/Afrikahuis%2C%20Van%20Ostadestraat.jpg","HTTP 429"
"6b6a9307-38fc-42cf-ac34-97a1ac39693d","Coddington Cemetery","http://commons.wikimedia.org/wiki/Special:FilePath/Coddington.Cemetery.entrance.20110722.jpg","HTTP 429"
"6b4267c0-4bb0-4fa4-b68b-eb3a683049b9","Cappelle-en-Pévèle cemetery","http://commons.wikimedia.org/wiki/Special:FilePath/Cappelle-en-P%C3%A9v%C3%A8le%20-%20Cimeti%C3%A8re%20de%20Cappelle-en-P%C3%A9v%C3%A8le%20%2811%29.JPG","HTTP 429"
"6b2c3987-c0bb-4b3c-abd4-d1bffc5014db","Archcathedral Basilica of St. Stanislaus Kostka, Łódź","http://commons.wikimedia.org/wiki/Special:FilePath/Lodz%20katedra%20%28dron%29.jpg","HTTP 429"
"6b73efd9-3aa6-4179-aaa5-9302b5a65e4e","Ceramics Park Mino","http://commons.wikimedia.org/wiki/Special:FilePath/Ceramics%20Park%20MINO2007-1.jpg","HTTP 429"
"6bdd319d-d516-4aef-a480-736735786d02","Am Rheinberg 5","http://commons.wikimedia.org/wiki/Special:FilePath/Am%20Rheinberg%205%2C%20K%C3%B6ln-Wei%C3%9F%20-%207017.jpg","HTTP 429"
"6b77f7d4-ac68-4073-b53b-1116b5fa9d43","Chiesa di San Vitale Martire","http://commons.wikimedia.org/wiki/Special:FilePath/Chiesa%20di%20San%20Vitale%20%28Salsomaggiore%20Terme%29%20-%20facciata%203%202022-05-15.jpg","HTTP 429"
"6b9a7875-daef-4f6b-9fb2-caac38992cae","Heating plant and main controls cabin, Florence","http://commons.wikimedia.org/wiki/Special:FilePath/Stazione%20smn%20squadra%20rialzo%2003.JPG","HTTP 429"
"6ba7f7c4-c8a1-45fd-ad60-fa102677e02a","Tumulus d'Etal-Berder","http://commons.wikimedia.org/wiki/Special:FilePath/TumulusEtalBerder1.jpg","HTTP 429"
"6be78cd5-a981-46e1-ae53-c786c35d62fc","Grafheuvel, alsmede een zone","http://commons.wikimedia.org/wiki/Special:FilePath/Renkum-grafheuvel-220487.jpg","HTTP 429"
"6ba7dfe9-9a84-45c6-a49c-02cd16de9a7d","Fragrant Hill Hotel","http://commons.wikimedia.org/wiki/Special:FilePath/Back%20of%20Fragrant%20Hill%20Hotel%20%2820170825140542%29.jpg","HTTP 429"
"6c3b6eec-6de3-462b-bf2b-c62c6fa4fc42","Nezu Shrine","https://img.vago.to/places/cover/v1/6c/3b/6c3b6eec-6de3-462b-bf2b-c62c6fa4fc42.jpg","HTTP 404"
"6c5b3f11-4dc2-41a3-8387-85cbf204a019","Trinity Cathedral","http://commons.wikimedia.org/wiki/Special:FilePath/Spb%2006-2017%20img06%20Trinity%20Cathedral.jpg","HTTP 429"
"6c5d79a5-7d6c-4423-bf78-807f065be2d4","Fundación Instituto San José","http://commons.wikimedia.org/wiki/Special:FilePath/Pabell%C3%B3n%20de%20administraci%C3%B3n.%20Asilo%20de%20San%20Jos%C3%A9%20para%20epil%C3%A9pticos%2C%20en%20las%20Pique%C3%B1as%2C%20Carabanchel%2C%20de%20Enrique%20Fort%20y%20Guyenet%20y%20Federico%20Aparici%2C%20Arquitectura%20y%20Construcci%C3%B3n%2C%20enero%20de%201909.jpg","HTTP 429"
"6c585d89-89c8-41a6-ba20-0e7796561c43","Appomattox Court House National Historical Park cemeteries","http://commons.wikimedia.org/wiki/Special:FilePath/Appomattox%20Court%20House%20Confederate%20Cemetery%20IMG%204176.JPG","HTTP 429"
"6bf3ef7c-d3e7-4b22-939e-f044cc4ea7d4","Schirdingovský palác","http://commons.wikimedia.org/wiki/Special:FilePath/Schirdingovsk%C3%BD%20pal%C3%A1c%20ze%20strany.JPG","HTTP 429"
"6c499ab4-443c-4579-b100-cd81e28f7a6c","Évêques-de-Trois-Rivières Mausoleum","http://commons.wikimedia.org/wiki/Special:FilePath/Mausol%C3%A9e%20des%20%C3%89v%C3%AAques-de-Trois-Rivi%C3%A8res%20-%20octobre%202020%2005.jpg","HTTP 429"
"6d131238-a2c2-4b08-b302-da2972fb994b","Chiang Mai International Airport","https://img.vago.to/places/cover/v1/6d/13/6d131238-a2c2-4b08-b302-da2972fb994b.jpg","HTTP 404"
"6ce26863-de06-4549-9a3d-33ba7b3d25de","Raffles City Hangzhou","http://commons.wikimedia.org/wiki/Special:FilePath/Hangzhou%20Raffles%2020170512.jpg","HTTP 429"
"6c94f1b2-2b2b-4ce0-8d5c-620c6f395054","Westvleteren Belgian Military Cemetery","http://commons.wikimedia.org/wiki/Special:FilePath/Westvleteren%20Belg.%20Milit.%20Cem.%203%201.JPG","HTTP 429"
"6c75cef5-0053-404e-899c-9b0bf1774690","Hancock Whitney Center","http://commons.wikimedia.org/wiki/Special:FilePath/CBD11Oct07OneShellSqFromPoydrasBack.jpg","HTTP 429"
"6d02649e-1fdd-4116-a742-081d5436d4f4","United States Post Office and Courthouse–Baton Rouge","http://commons.wikimedia.org/wiki/Special:FilePath/U.S.%20Post%20Office%20and%20Court%20House%2C%201933%2C%20Baton%20Rouge%20%28East%20Baton%20Rouge%20Parish%2C%20Louisiana%29.jpg","HTTP 429"
"6d05aac3-8791-4b3c-8ac5-183e4645f28a","Sec-Bois Communal Cemetery","http://commons.wikimedia.org/wiki/Special:FilePath/Sec-Bois%20Communal%20Cemetery%202.JPG","HTTP 429"
"6c828100-24f0-48f0-95d9-7d5a3c04f512","Brytestuhög","http://commons.wikimedia.org/wiki/Special:FilePath/Brytestuh%C3%B6g.jpg","HTTP 429"
"6cc29888-6dda-4752-9418-d8443143513c","Wilaya Building","http://commons.wikimedia.org/wiki/Special:FilePath/Wilaya%20Building%20%D8%B9%D9%84%D8%A8%D8%A9%20%D8%A7%D9%84%D8%A7%D9%86%D8%AA%D8%AE%D8%A7%D8%A8%D8%A7%D8%AA%D8%8C%20%D9%88%D9%84%D8%A7%D9%8A%D8%A9%20%D8%A7%D9%84%D8%AF%D8%A7%D8%B1%20%D8%A7%D9%84%D8%A8%D9%8A%D8%B6%D8%A7%D8%A1.jpg","HTTP 429"
"6d6c696b-b25a-4416-9cc9-259b0378330d","POR Santitham","https://img.vago.to/places/cover/v1/6d/6c/6d6c696b-b25a-4416-9cc9-259b0378330d.jpg","HTTP 404"
"6d44c25f-b8b3-47c2-8cc9-211187b560fb","St. Matthäus","http://commons.wikimedia.org/wiki/Special:FilePath/St.%20Matthaeus%20in%20Duesseldorf-Garath%2C%20von%20Sueden.jpg","HTTP 429"
"6d5c7660-3078-4753-8053-926fd6d0523f","Metro Theater","http://commons.wikimedia.org/wiki/Special:FilePath/Metro%20Theater%2099%20Bwy%20jeh.JPG","HTTP 429"
"6d298d14-660b-4005-8fa4-55ff4dcdc6df","World War I Cemetery nr 62 in Banica","http://commons.wikimedia.org/wiki/Special:FilePath/Banica%2C%20cmentarz%20wojenny%20nr%2062%20%28HB1%29.jpg","HTTP 429"
"6d516719-b988-41a7-bd78-36f4d4a3fbef","Laventie Communal Cemetery","http://commons.wikimedia.org/wiki/Special:FilePath/Laventie%20Communal%20Cemetery-3.jpg","HTTP 429"
"6d79dc27-852c-4481-9342-7179fae7fc2d","Metropolitan Cathedral of Athens","http://commons.wikimedia.org/wiki/Special:FilePath/%CE%9C%CE%B7%CF%84%CF%81%CF%8C%CF%80%CE%BF%CE%BB%CE%B7%20%CE%91%CE%B8%CE%B7%CE%BD%CF%8E%CE%BD%203321.jpg","HTTP 429"
"6d236477-f133-45f6-965e-74b670382ab1","International Museum of the Baroque","http://commons.wikimedia.org/wiki/Special:FilePath/Museo%20Internacional%20del%20Barroco.jpg","HTTP 429"
"6de760a4-37ec-4078-b0a0-903f20e75b4f","MINTNIMAL","https://img.vago.to/places/cover/v1/6d/e7/6de760a4-37ec-4078-b0a0-903f20e75b4f.jpg","HTTP 404"
"6dd7f091-55d4-4655-89da-96794cab3e34","Cypress Cemetery","http://commons.wikimedia.org/wiki/Special:FilePath/OldSaybrookCT%20CypressCemetery.jpg","HTTP 429"
"6e1d9ea3-771c-4c6d-89dc-303f7b743a41","Matthew Whaley School","http://commons.wikimedia.org/wiki/Special:FilePath/Matthew%20Whaley%20School%2C%20Williamsburg.JPG","HTTP 429"
"6df6057a-bed2-40ee-80d6-86f50e75ee89","Oak Hill Cemetery","http://commons.wikimedia.org/wiki/Special:FilePath/Oak%20Hill%20Cemetery%20Chapel%2C%20DC.jpg","HTTP 429"
"6deb6422-7f94-4b25-b005-fcaf208c9dd2","Gate of Europe","http://commons.wikimedia.org/wiki/Special:FilePath/Castellana300308.JPG","HTTP 429"
"6e26bcdc-a26d-4f73-a705-67e456809f9c","Lee Creek Snowshoe Cabin","http://commons.wikimedia.org/wiki/Special:FilePath/Lee%20Creek%20Snowshoe%20Cabin.jpg","HTTP 429"
"6ddd1d14-055b-4ee6-8772-5dcbe656c674","Sebourg Communal Cemetery","http://commons.wikimedia.org/wiki/Special:FilePath/Cimetiere%20sebourg.JPG","HTTP 429"
"6db92f5b-3668-44a9-b1e9-02c25f03de56","Old Dallas Central Library","http://commons.wikimedia.org/wiki/Special:FilePath/DallasOldLibrary01.jpg","HTTP 429"
"6dcbe904-91aa-4d52-ac9d-b03bc7c1d375","One57","http://commons.wikimedia.org/wiki/Special:FilePath/One57%20from%20Columbus%20Circle%2C%20May%202014.png","HTTP 429"
"6e4416af-2602-43c8-b10c-fee4983ea820","Pokrovskoye cemetery","http://commons.wikimedia.org/wiki/Special:FilePath/Pokrovskoye%20cemetery%2020220627%20081819.jpg","HTTP 429"
"6eb4518b-e99b-4966-baba-165eac73e2f0","Rayevskoye cementry","http://commons.wikimedia.org/wiki/Special:FilePath/Moscow%2C%20Olonetsky%20Proezd%2C%20gates%20of%20Rayovskoe%20cemetery%20%2830817961044%29.jpg","HTTP 429"
"6e73b9b5-b956-40b2-865b-5f4204ec80fd","Santa Maria della Quercia, Rome","http://commons.wikimedia.org/wiki/Special:FilePath/Regola%20-%20S.%20Maria%20della%20Quercia.JPG","HTTP 429"
"6ea658b3-2c3d-4158-9f7d-6be0e57e2521","Crematorium, Csömör","http://commons.wikimedia.org/wiki/Special:FilePath/Cs%C3%B6m%C3%B6r%20Crematorium%202011%201.jpg","HTTP 429"
"6e39b093-97dd-4c38-8e17-f86e0737cd8e","Meier building","http://commons.wikimedia.org/wiki/Special:FilePath/Barcelona%20-%20Museu%20d%27Art%20Contemporani%20de%20Barcelona%20.jpg","HTTP 429"
"6e45b8f4-7c5c-4883-8629-ed77a5ef3000","Museu Casa Kubitschek","http://commons.wikimedia.org/wiki/Special:FilePath/Casa%20Kubitschek%20frente%2001.jpg","HTTP 429"
"6e77eafa-d8ad-46be-884b-0dc95c23ab66","Vil·la Hispanoàrab","http://commons.wikimedia.org/wiki/Special:FilePath/Vil%C2%B7la%20Hispano%C3%A0rab%20-%20sala.jpg","HTTP 429"
"6f2301c8-24f0-4901-8495-9522246fdebf","Sovske cemetery","http://commons.wikimedia.org/wiki/Special:FilePath/%D0%A1%D0%BE%D0%B2%D1%81%D1%8C%D0%BA%D0%B5%20%D0%BA%D0%BB%D0%B0%D0%B4%D0%BE%D0%B2%D0%B8%D1%89%D0%B5%2C%20%D1%85%D1%80%D0%B0%D0%BC.jpg","HTTP 429"
"6f27a672-5a43-4815-a532-61201d333ddf","Kumamoto Station","http://commons.wikimedia.org/wiki/Special:FilePath/%E7%86%8A%E6%9C%AC%E9%A7%85%E5%85%A8%E6%99%AF%28%E7%99%BD%E5%B7%9D%E5%8F%A3%29.jpg","HTTP 429"
"6eb979f2-0ed7-49ae-84f2-6f699d2bde10","Wennigser Friedhof","http://commons.wikimedia.org/wiki/Special:FilePath/Wennigser%20Friedhof%202.jpg","HTTP 429"
"6ec8430e-68c1-491c-85d2-4dc6eea7d567","Archbasilica of St. John Lateran","http://commons.wikimedia.org/wiki/Special:FilePath/San%20Giovanni%20in%20Laterano%202021.jpg","HTTP 429"
"6f285b97-3387-4f87-bdd4-288fa1afcc1b","United States Post Office","http://commons.wikimedia.org/wiki/Special:FilePath/U.S.%20Post%20Office%20Clyde%20NY%20Jul%2008.jpg","HTTP 429"
"6ed78e16-c1f6-4847-a505-1c2727be84ad","Botkin Street Cemetery","http://commons.wikimedia.org/wiki/Special:FilePath/St.%20Alexander%20Nevsky%20Orthodox%20church%20in%20Tashkent%2016-02.JPG","HTTP 429"
"6ee0481c-8092-46ff-bd90-b8da7f68029a","Cathays Cemetery","http://commons.wikimedia.org/wiki/Special:FilePath/Victorian%20graves%20in%20Cathays%20Cemetery%20-%20geograph.org.uk%20-%201405099.jpg","HTTP 429"
"6f0d5644-c2e0-4724-a762-a7d1a8d3244c","Hoosac Street School","http://commons.wikimedia.org/wiki/Special:FilePath/Hoosac%20Street%20School%2C%20Adams%20MA.jpg","HTTP 429"
"6eb4f284-5170-4dea-8d47-f5a7c464a2b7","Bankinter building","http://commons.wikimedia.org/wiki/Special:FilePath/Edificio%20Bankinter%20%28Madrid%29%2001.jpg","HTTP 429"
"6f743f40-5162-4b84-a74b-7a076eedaf98","MAYA Lifestyle Shopping Center","https://img.vago.to/places/cover/v1/6f/74/6f743f40-5162-4b84-a74b-7a076eedaf98.jpg","HTTP 404"
"6f71a293-2835-4401-9301-e72b0d57bc68","Biblioteca Municipal de Viana do Castelo","http://commons.wikimedia.org/wiki/Special:FilePath/Biblioteca%20Municipal%20de%20Viana%20do%20Castelo.jpg","HTTP 429"
"6f6aab82-2734-42d0-9e3b-2de9e01d9cce","Annappes Churchyard","http://commons.wikimedia.org/wiki/Special:FilePath/Villeneuve%20d%27Ascq%20Enclos%20de%20l%27%C3%A9glise%20Saint-S%C3%A9bastien%20d%27Annappes%20-%20carr%C3%A9%20militaire%20-%20guerre1914-1918%20%281%29.jpg","HTTP 429"
"6fb1b23c-ff1e-47b0-afd6-8d03da64b762","Soldatenfriedhof Böddeken","http://commons.wikimedia.org/wiki/Special:FilePath/Soldatenfriedhof%20B%C3%B6ddeken%20003.jpg","HTTP 429"
"6fcee1e0-8068-4dd4-92a0-cf003473a311","Shangyin Opera House","http://commons.wikimedia.org/wiki/Special:FilePath/Shangyin%20Opera%20House%20%2820191021081912%29.jpg","HTTP 429"
"6f438c49-5c0b-4bba-b89d-9836b80b7330","Colonial House","http://commons.wikimedia.org/wiki/Special:FilePath/Colonial%20House%2C%20West%20Hollywood.JPG","HTTP 429"
"6fd94526-f941-4aa4-9e1e-25a5f07b7871","Ise Sueyoshi","https://img.vago.to/places/cover/v1/6f/d9/6fd94526-f941-4aa4-9e1e-25a5f07b7871.jpg","HTTP 404"
"7013863f-ad21-401a-89a1-a139c8aa0777","El Bosc de les Fades","https://example.com/bosc.jpg","HTTP 404"
"70585d28-d947-4fe8-b7e4-fe3e95af6b12","Greem Cafe","https://media-cdn.tripadvisor.com/media/photo-s/1b/a6/12/8a/greem-cafe.jpg","HTTP 404"
"6fe1238a-d6ea-43cc-83ca-2b77e24763e0","World War I Cemetery nr 106 in Biecz","http://commons.wikimedia.org/wiki/Special:FilePath/Biecz2005.2.jpg","HTTP 429"
"7029532f-864c-4d9a-b31f-715cd6383804","Ochancourt Churchyard","http://commons.wikimedia.org/wiki/Special:FilePath/Ochancourt%20Tombes%20Guerre%2039-45.jpg","HTTP 429"
"70e86991-d4da-452f-8a1b-b9b3d1482dd2","NTT Docomo Yoyogi Building","http://commons.wikimedia.org/wiki/Special:FilePath/NTT%20DoCoMo%20Yoyogi%20Building%202009%20cropped.jpg","HTTP 429"
"7081bddd-6862-4786-a22d-cee7b4c225b0","Zhao Mausoleum","http://commons.wikimedia.org/wiki/Special:FilePath/Zhao%20Mausoleum.JPG","HTTP 429"
"70b08b61-7340-4a89-9ac8-e9b71e23e4cc","Loyola Law School [Loyola Marymount University]","http://commons.wikimedia.org/wiki/Special:FilePath/Loyola%20Law%20School%20by%20Frank%20Gehry%20in%20Los%20Angeles%2C%20CA%20on%206-2-2019.jpg","HTTP 429"
"706d0b73-272b-463c-9bf0-3610393daecd","Terrein waarin 2 grafheuvels","http://commons.wikimedia.org/wiki/Special:FilePath/Zicht%20op%20grafheuvel%20-%20Knegsel%20-%2020528339%20-%20RCE.jpg","HTTP 429"
"714085b0-620f-46b6-a38b-93709f19f409","Mount Takao","https://img.vago.to/places/cover/v1/71/40/714085b0-620f-46b6-a38b-93709f19f409.jpg","HTTP 404"
"7105565d-dd5e-4b4e-ad60-2b65b6741cb5","Fuunmaru","https://example.com/fuunmaru.jpg","HTTP 404"
"71384878-f3b6-4c5a-977e-3764a3f54e9a","Muslim military cemetery of Barcia","http://commons.wikimedia.org/wiki/Special:FilePath/Cementerio-moro-asturias-puerta-1.jpg","HTTP 429"
"7119ef7a-43ca-45fe-8435-7f20495c99c9","Shitta-Bey Mosque","http://commons.wikimedia.org/wiki/Special:FilePath/Shitta-Bey%20Mosque.jpg","HTTP 429"
"7108aa19-193c-4f29-b859-fe7745fedcdf","tumuli Wolfheze near A50","http://commons.wikimedia.org/wiki/Special:FilePath/Wolfheze-Tumuli%20Wolfheze%20near%20A50%20%281%29.jpg","HTTP 429"
"714db124-2b9e-4c3f-b926-e330400d462e","Jewish cemeteries in Pápa","http://commons.wikimedia.org/wiki/Special:FilePath/New%20Jewish%20cemetery%20in%20P%C3%A1pa%2001.jpg","HTTP 429"
"7121b391-b34f-46bc-b1ff-0131d3401cf3","Yoyogi National Gymnasium","http://commons.wikimedia.org/wiki/Special:FilePath/Kokuritsu%20Yoyogi%20Ky%C5%8Dgij%C5%8D%201.jpg","HTTP 429"
"7104edce-d18f-41c6-814b-6d69d396d6fb","John Deere House and Shop","http://commons.wikimedia.org/wiki/Special:FilePath/John%20Deere%20House11.jpg","HTTP 429"
"714cead4-6e1d-4396-956b-e20c026b0d1c","Nonnenberg (Flensburg)","http://commons.wikimedia.org/wiki/Special:FilePath/Nonnenberg%20mit%20Grenzstein%2044%2C%20Flensburg%20M%C3%A4rz%202015.JPG","HTTP 429"
"718536ac-c3fd-4466-b28a-12ccf54ddaf7","Skye Coffee Co.","https://example.com/skyecoffee.jpg","HTTP 404"
"71885d42-1c29-4526-a4ba-22bb253266d8","Cafe de l'Ambre","https://fastly.4sqi.net/img/general/600x600/147881_252c4c9499d3127a7a1b74475287e1a0.jpg","HTTP 404"
"717eb6db-97ea-45f7-ac36-87483b9146bc","Coffee Wrights Omotesando","https://example.com/coffee_wrights.jpg","HTTP 404"
"71e95952-1fe5-4754-9365-80fa1e5ba633","New Cemetery, Potsdam","http://commons.wikimedia.org/wiki/Special:FilePath/Potsdam%20Neuer%20Friedhof%20asv2023-07%20img07%20Massengrab%20Bombenopfer.jpg","HTTP 429"
"71ab23fd-f357-4b7f-bbf9-9fad03676a43","Nová správní budova Spolchemie","http://commons.wikimedia.org/wiki/Special:FilePath/SPOLCHEMIE%20B.JPG","HTTP 429"
"7229a449-12d1-48e9-9889-05c3726d3472","Zehrensdorf Indian Military Cemetery","http://commons.wikimedia.org/wiki/Special:FilePath/Zehrendorf%20Kriegsgr%C3%A4berfriedhof%2010.jpg","HTTP 429"
"722e6997-7d3c-49a8-b978-6e8d5a469e46","World War I Cemetery nr 198 in Błonie","http://commons.wikimedia.org/wiki/Special:FilePath/198%20blonie%201.JPG","HTTP 429"
"7270ad65-aa90-4841-9e65-a7008979789c","Marqués de Riscal Hotel","http://commons.wikimedia.org/wiki/Special:FilePath/Gehry%20Design%2C%20La%20Rioja%20wine%20region%20-%2051356202300.jpg","HTTP 429"
"7224fd3c-95b9-46b6-82d4-f2b48eff082e","Park Inn Pulkovskaya","http://commons.wikimedia.org/wiki/Special:FilePath/St.%20Petersburg%20-%20Park%20Inn%20St.%20Petersburg%20-%20%D0%9F%D0%B0%D1%80%D0%BA%20%D0%98%D0%BD%D0%BD%20%D0%A1%D0%B0%D0%BD%D0%BA%D1%82-%D0%9F%D0%B5%D1%82%D0%B5%D1%80%D0%B1%D1%83%D1%80%D0%B3%20-%20panoramio.jpg","HTTP 429"
"726e3437-0ccd-438d-9bdc-86462472093e","Sant'Andrea vecchia","http://commons.wikimedia.org/wiki/Special:FilePath/Orani%2C%20chiesa%20di%20Sant%27Andrea%20%2802%29.jpg","HTTP 429"
"72224b61-6531-4f54-bb35-9f4640b19eb4","Wellman Apartments","http://commons.wikimedia.org/wiki/Special:FilePath/Wellman%20Apartments%205th%20%26%20Franklin%20Boise%20Idaho%20USA.jpg","HTTP 429"
"72236ff6-bb0b-4748-bcda-721e8b789447","Christian Dior Building","http://commons.wikimedia.org/wiki/Special:FilePath/Christian%20Dior%20Omotesando%20Tokyo%202016.jpg","HTTP 429"
"72777514-9f72-4344-a797-f8ce8a82e353","SlowMov","https://example.com/slowmov.jpg","HTTP 404"
"72d37ab8-9b5f-49b2-881a-5b867b060cbf","Palazzo Mezzabarba","http://commons.wikimedia.org/wiki/Special:FilePath/Palazzo%20Mezzabarba%20comune.jpg","HTTP 429"
"728417b9-b017-43b4-b501-c12458900833","Common Burying Ground","http://commons.wikimedia.org/wiki/Special:FilePath/Common%20Burying%20Ground%20Newport.JPG","HTTP 429"
"72813341-102b-410b-9c5e-11e57400ad95","Thivencelle Churchyard","http://commons.wikimedia.org/wiki/Special:FilePath/Thivencelle%20Churchyard-1%20%2812%29.jpg","HTTP 429"
"72b28062-b18b-484d-aff9-9675c4bdd4a3","Chain Bridge Road School","http://commons.wikimedia.org/wiki/Special:FilePath/Chain-bridge-school.jpg","HTTP 429"
"727d3169-f362-4531-b6af-0e9eea57adfb","Zagreb Synagogue","http://commons.wikimedia.org/wiki/Special:FilePath/Spomen%20plo%C4%8Da%20Sinagoga%20Zagreb.jpg","HTTP 429"
"72be9fc9-96df-4b9d-a3d8-4d41b360bb01","Prospect Hill School","http://commons.wikimedia.org/wiki/Special:FilePath/Prospect%20Hill%20School%2C%20Westfield%20MA.jpg","HTTP 429"
"729851d0-f960-4759-a16f-8b77f1eb7dcd","Chin Pao San","http://commons.wikimedia.org/wiki/Special:FilePath/Chin-Pao%20Mountain%20Cemetery%20hill.jpg","HTTP 429"
"72ce32b1-a227-4f42-8d07-456fcb071b7e","Miho Museum","http://commons.wikimedia.org/wiki/Special:FilePath/241119%20MIHO%20MUSEUM%20Koga%20Shiga%20pref%20Japan08s3.jpg","HTTP 429"
"72dd6ebf-78b7-41e9-9186-02649c032038","Gōtokuji Temple","https://img.vago.to/places/cover/v1/72/dd/72dd6ebf-78b7-41e9-9186-02649c032038.jpg","HTTP 404"
"72fafccb-29c0-45f1-bcf1-564bf26191f7","Nijo Market","https://img.vago.to/places/cover/v1/72/fa/72fafccb-29c0-45f1-bcf1-564bf26191f7.jpg","HTTP 404"
"72ee9464-8f24-47bf-b1ff-036052f3582e","Montjuïc Hill","https://example.com/montjuic_hill.jpg","HTTP 404"
"733c4e90-45bc-4cb2-911f-e271dc307a43","International Museum of Horology","http://commons.wikimedia.org/wiki/Special:FilePath/LaChauxDeFondsMuseeDHorlogerieCH1.jpg","HTTP 429"
"732d45ea-eb69-45aa-83d3-0018adaa25df","Tumulus of Bougon","http://commons.wikimedia.org/wiki/Special:FilePath/Tumulus%20Bougon7.jpg","HTTP 429"
"731073f4-1c14-4594-9d84-dfaf577b6d7a","North Maroc Intercommunal Cemetery","http://commons.wikimedia.org/wiki/Special:FilePath/North%20Maroc%20Intercommunal%20Cemetery-10.jpg","HTTP 429"
"735ea64f-da25-4524-a650-553884c999ea","Ada Arts and Heritage Center","http://commons.wikimedia.org/wiki/Special:FilePath/AdaArtsHeritage.jpg","HTTP 429"
"73799609-834e-4dbe-9a7d-b9363cbbdf36","Tramway Gas Station","http://commons.wikimedia.org/wiki/Special:FilePath/Palm%20Springs%20Official%20Visitors%20Center.jpg","HTTP 429"
"73557d1b-8b97-426c-bf08-2f6f95304f91","Kansai International Airport","http://commons.wikimedia.org/wiki/Special:FilePath/%E9%96%A2%E8%A5%BF%E5%9B%BD%E9%9A%9B%E7%A9%BA%E6%B8%AF%E5%85%A8%E4%BD%93%E5%86%99%E7%9C%9F20220811.jpg","HTTP 429"
"737dc9df-88b4-44d5-8800-4a1ad46b901e","Rock Creek Cemetery","http://commons.wikimedia.org/wiki/Special:FilePath/Rock%20Creek%20Cemetery%2C%20grave%20marker.jpg","HTTP 429"
"735b89da-9fe4-4af8-b65b-c5ecd5d62249","Lazarevskoe (Saint-Lazar) cemetery in Ryazan","http://commons.wikimedia.org/wiki/Special:FilePath/Lazar%20cemetery%20%28Ryazan%29.jpg","HTTP 429"
"738a807a-fdff-4958-8ee5-35ab9a091ce8","Saint Joseph and Our Lady of Lourdes Church","http://commons.wikimedia.org/wiki/Special:FilePath/Chiesa%20san%20giuseppe%20madonna.jpg","HTTP 429"
"73b4d971-7adc-4640-8111-555c532bfd00","Koishikawa Korakuen","https://img.vago.to/places/cover/v1/73/b4/73b4d971-7adc-4640-8111-555c532bfd00.jpg","HTTP 404"
"7409135d-ab52-4d10-935d-8f2961ee30dc","Portuguese-Israelic graveyard, The Hague","http://commons.wikimedia.org/wiki/Special:FilePath/WLM%20-%20roel1943%20-%20Begraafplaats.jpg","HTTP 429"
"73cd0fd9-9b6c-4459-b7a2-b255a1909dbe","Martinskirche","http://commons.wikimedia.org/wiki/Special:FilePath/Martinskirche%2C%20Linz%2C%2006.05.2018.jpg","HTTP 429"
"73cafaf2-e27e-4694-a451-9256e8dd6624","Gildhøj","http://commons.wikimedia.org/wiki/Special:FilePath/Gildh%C3%B8j.jpg","HTTP 429"
"741fca13-92c9-4b36-95df-a30b63af19d7","Inglewood Park Cemetery","http://commons.wikimedia.org/wiki/Special:FilePath/Mausoleum%20of%20the%20Golden%20West%20at%20Inglewood%20Park%20Cemetery%2C%20California%2C%202009.jpg","HTTP 429"
"74226f6f-f0c7-47ce-aa6c-7155ff117694","Adina Mosque","http://commons.wikimedia.org/wiki/Special:FilePath/Adina%20Mosque%20at%20Malda%20district%20of%20West%20Bengal%2008.jpg","HTTP 429"
"73ac6c9a-da37-4777-8f0d-32e54b955782","Koga Park Café","http://commons.wikimedia.org/wiki/Special:FilePath/Koga%20Park%20Caf%C3%A9.jpg","HTTP 429"
"74400517-aa4e-4396-a1dd-3a8dee17a641","Philip Johnson House","http://commons.wikimedia.org/wiki/Special:FilePath/Be%20Irish%20Embassy%2001.jpg","HTTP 429"
"74dec566-2c23-404d-952c-4ebd3674ace0","Shanghai World Financial Center","http://commons.wikimedia.org/wiki/Special:FilePath/%E4%B8%8A%E6%B5%B7%E5%9B%BD%E9%99%85%E9%87%91%E8%9E%8D%E4%B8%AD%E5%BF%83.jpg","HTTP 429"
"746b2b47-c9e1-485a-b348-d5e79fb2d962","Friedrichswerderscher Friedhof","http://commons.wikimedia.org/wiki/Special:FilePath/2009-04-09%20Berlin%20652.jpg","HTTP 429"
"7498897b-a077-4065-8407-3866bf0281ff","City View Cemetery","http://commons.wikimedia.org/wiki/Special:FilePath/Entrance%20to%20City%20View%20Cemetery%20Salem%20Oregon%202012.JPG","HTTP 429"
"74c4ef12-3ddc-489c-b7aa-92b894989d13","Ossuaire et croix de cimetière de Saint-Caradec-Trégomel","http://commons.wikimedia.org/wiki/Special:FilePath/Saint-Caradec-Tr%C3%A9gomel%20%2856%29%20%C3%89glise%2003.JPG","HTTP 429"
"744f5cf4-936c-45a4-a885-1d9b4d72fc96","Halvdanshaugen","http://commons.wikimedia.org/wiki/Special:FilePath/Halvdanshaugen%2C%20Hadeland%20Folkemuseum%2C%202008-06-01.jpg","HTTP 429"
"75502efa-1655-429c-ad90-eeede88fc2a1","East Line Union Cemetery","http://commons.wikimedia.org/wiki/Special:FilePath/East%20line%20union%20cemetery%20sign.jpg","HTTP 429"
"74e01a3b-302c-4d29-96d4-63f10342d0b8","Terrein waarin grafheuvel # 45115","http://commons.wikimedia.org/wiki/Special:FilePath/Archeologisch%20monument%2045115%20-%20Garderen.jpg","HTTP 429"
"756afae8-3db8-49ad-aa12-4bd9634797ac","Shikoku Mura Gallery","http://commons.wikimedia.org/wiki/Special:FilePath/Shikokumura%20gallery01s3200.jpg","HTTP 429"
"7566645f-7eae-417e-ae85-fd3e90649f30","Drujba Sanatorium, Kurpaty","http://commons.wikimedia.org/wiki/Special:FilePath/Sanatorium%20%22Kurpaty%22.JPG","HTTP 429"
"7572695e-5725-4edb-bcec-22f432df9351","Krasny Bor Forest, Karelia","http://commons.wikimedia.org/wiki/Special:FilePath/%D0%9A%D1%80%D0%B0%D1%81%D0%BD%D1%8B%D0%B9%D0%91%D0%BE%D1%80.jpg","HTTP 429"
"760285ab-6be0-414a-9986-106eddcda436","Cosmo","https://example.com/cosmo.jpg","HTTP 404"
"760699a4-ea03-43a3-b719-cb626e1e1f72","Somerset House","http://commons.wikimedia.org/wiki/Special:FilePath/Somerset%20House%2C%20Strand.jpg","HTTP 429"
"75f8293b-d324-4202-8e13-252a4057dd54","Frauenkirchhof","http://commons.wikimedia.org/wiki/Special:FilePath/Moritz%20Bodenehr%20-%20S%C3%BCdansicht%20der%20alten%20Frauenkirche%20Dresden%201714.jpg","HTTP 429"
"75cfcac8-edf9-4284-a4d3-9b5506878cf3","Terrein waarin twee grafheuvels","http://commons.wikimedia.org/wiki/Special:FilePath/RM45401%20Twee%20grafheuvels.JPG","HTTP 429"
"7588c64b-b9fd-4374-8564-11e8db2a7055","Death Canyon Barn","http://commons.wikimedia.org/wiki/Special:FilePath/Death%20Canyon%20Barn.jpg","HTTP 429"
"7678e065-7a9c-4b7e-8df4-381ed304ed80","Bamboo Family Market","https://img.vago.to/places/cover/v1/76/78/7678e065-7a9c-4b7e-8df4-381ed304ed80.jpg","HTTP 404"
"768752a7-b470-4336-97b9-99ae4e709a10","H. G. Vaughn House","http://commons.wikimedia.org/wiki/Special:FilePath/SherbornMA%20HGVaughnHouse.jpg","HTTP 429"
"765d6ba6-ad5a-4913-af00-359e5438a741","1 avenue Paul-Doumer","http://commons.wikimedia.org/wiki/Special:FilePath/Square%20de%20Yorktown%2C%20Paris%2016e%2013.jpg","HTTP 429"
"761a9091-2537-4f59-8db1-d6022bbe8dc8","Bertram Hall at Radcliffe College","http://commons.wikimedia.org/wiki/Special:FilePath/Bertram%20Hall%2C%20Radcliffe%20Quadrangle%2C%2053%20Shepard%20Street%2C%20Cambridge%2C%20MA%20-%20pano.jpg","HTTP 429"
"76c5d634-0c62-42e0-9055-ec33f924256d","J•Lin Jewelry","https://img.vago.to/places/cover/v1/76/c5/76c5d634-0c62-42e0-9055-ec33f924256d.jpg","HTTP 404"
"76f7d4ca-204a-4e2b-9a36-d57df1dba12a","Cataraqui Cemetery","http://commons.wikimedia.org/wiki/Special:FilePath/Cataraqui%20Cemetery.jpg","HTTP 429"
"76d741b2-f033-4f3c-88aa-e5e395f16d75","Antioch Missionary Baptist Church Cemetery","http://commons.wikimedia.org/wiki/Special:FilePath/Antioch%20Missionary%20Baptist%20Church%20Cemetery.jpg","HTTP 429"
"76fa296d-163c-43de-8d52-90c2f2111eea","Tour CIBC","http://commons.wikimedia.org/wiki/Special:FilePath/Tour%20CIBC%202012-1.jpg","HTTP 429"
"774f6746-f5fa-493c-a1ad-e1f90749bfbc","Church of St. Elisabeth","http://commons.wikimedia.org/wiki/Special:FilePath/Blue%20Church%2C%20Bratislava%2002.jpg","HTTP 429"
"77baf0d3-88de-414f-b77b-fd27dade1241","Palacio de Correos de Mexico","http://commons.wikimedia.org/wiki/Special:FilePath/Palacio%20Postal%20Version%202.jpg","HTTP 429"
"7791af80-79ea-4cb5-a09b-fdc1f221e829","Bihucourt Communal Cemetery","http://commons.wikimedia.org/wiki/Special:FilePath/Bihucourt%20Communal%20Cemetery%20-2.jpg","HTTP 429"
"7746d615-636a-4e88-a6b1-04f601806ad5","Kinsky Palace","http://commons.wikimedia.org/wiki/Special:FilePath/Praha%20-%20Palac%20Goltz-Kinskych.jpg","HTTP 429"
"77833c4f-51cd-45ad-8062-063fe6a5c098","Galgebakke","http://commons.wikimedia.org/wiki/Special:FilePath/Galgebakken%2C%20Slots%20Bjergby%202005%20%28cropped%29.jpg","HTTP 429"
"773e5512-89f9-4a1a-baf5-0ed3e14d458a","Governorate's Palace","http://commons.wikimedia.org/wiki/Special:FilePath/Vatikanische%20G%C3%A4rten%2008.jpg","HTTP 429"
"78089e76-9e0c-41a9-afe2-de72c330ded1","Sakaimachi Street","https://img.vago.to/places/cover/v1/78/08/78089e76-9e0c-41a9-afe2-de72c330ded1.jpg","HTTP 404"
"78051566-1dcc-49db-b0d9-9ca753b27f9b","Mariupol Cemetery","http://commons.wikimedia.org/wiki/Special:FilePath/Taganrog%20Chasovnya%20Nevscogo%202012.jpg","HTTP 429"
"783adb4d-5657-476d-9b93-f010217bd15f","Calverton National Cemetery","http://commons.wikimedia.org/wiki/Special:FilePath/Calverton%20National%20Cemetery%20sign.jpg","HTTP 429"
"78185933-fc51-4dce-9eba-2015cdf8b7c5","Chodkiewicz Palace","http://commons.wikimedia.org/wiki/Special:FilePath/Pa%C5%82ac%20Chodkiewicz%C3%B3w%20w%20Warszawie%202020.jpg","HTTP 429"
"7897ef7f-d190-4da5-991d-375347c1520d","ENOUGH FOR LIFE","https://img.vago.to/places/cover/v1/78/97/7897ef7f-d190-4da5-991d-375347c1520d.jpg","HTTP 404"
"78d309b0-d6b7-4f9f-ac5f-9ecabfffb138","Cemetery Nordheim","http://commons.wikimedia.org/wiki/Special:FilePath/Friedhof%20Nordheim%20Erweiterung%20von%201912.JPG","HTTP 429"
"78b2f62f-ee7f-4d52-8dcd-2e7c8445983e","Mount Olivet Cemetery","http://commons.wikimedia.org/wiki/Special:FilePath/Mount%20Olivet%20Cemetery%2C%20Chicago%20main%20entrance.jpg","HTTP 429"
"78bb506a-9d8f-4abc-a243-15c98f612784","Chungkai War Cemetery","http://commons.wikimedia.org/wiki/Special:FilePath/Chunkai.jpg","HTTP 429"
"78c220fa-171b-4b10-8552-b9f2622361b9","US Post Office-Somersworth Main","http://commons.wikimedia.org/wiki/Special:FilePath/Post%20Office%2C%20Somersworth%20NH.jpg","HTTP 429"
"78ddde36-0fb4-4dc3-b288-dcb69de1541c","Nesvizh Castle","http://commons.wikimedia.org/wiki/Special:FilePath/%D0%97%D0%B0%D0%BC%D0%B0%D0%BA-%D0%BF%D0%B0%D0%BB%D0%B0%D1%86%20%D1%83%20%D0%9D%D1%8F%D1%81%D1%8C%D0%B2%D1%96%D0%B6%D1%8B%20%D0%B7%D0%BD%D1%83%D1%82%D1%80%D1%8B.jpg","HTTP 429"
"78a7cecf-8b46-4db9-94f3-a691a1b96857","One Madison","http://commons.wikimedia.org/wiki/Special:FilePath/One%20Madison%202013%20crop.jpg","HTTP 429"
"78873d97-4d33-4404-8411-fad829e6dd9c","Ex casa della Telefonica Tirrena","http://commons.wikimedia.org/wiki/Special:FilePath/Ex%20casa%20TETI%20via%20Sannio%20Roma%20113032021.jpg","HTTP 429"
"787cda14-70ef-4fe8-93aa-7c2bae1aff21","Braunes Haus","http://commons.wikimedia.org/wiki/Special:FilePath/Bundesarchiv%20Bild%20102-17059%2C%20M%C3%BCnchen%2C%20Braunes%20Haus.jpg","HTTP 429"
"78ab4c26-67ea-4161-ad86-ceb99de08b62","Santa Maria presso San Celso Church","http://commons.wikimedia.org/wiki/Special:FilePath/Milano%20Santa%20Maria%20dei%20Miracoli%20-%20facciata%201.jpg","HTTP 429"
"7902f57a-241c-426e-8cb3-dd8bb0accbf6","Esplanada dos Ministérios, Bloco L","http://commons.wikimedia.org/wiki/Special:FilePath/Fachada%20do%20Minist%C3%A9rio%20da%20Educa%C3%A7%C3%A3o%20%28MEC%29%20%2815837724253%29.jpg","HTTP 429"
"79203620-588d-49e1-b5b1-6f121f6b3ab9","Chicago Women's Club Building","http://commons.wikimedia.org/wiki/Special:FilePath/Chicago%20Women%27s%20Club%20Building-Columbia%20College%20Chicago%20Getz%20Theater%20Center%202020-0428.jpg","HTTP 429"
"79048462-aee1-4537-8857-b97344c10ff7","Klagenfurt (Annabichl) Cemetery","http://commons.wikimedia.org/wiki/Special:FilePath/Annabichl%20Koschat%20Grab%2002.jpg","HTTP 429"
"792454a6-d670-48d5-9ef2-7858acc675d5","Synagoge","http://commons.wikimedia.org/wiki/Special:FilePath/Jewish%20synagogue%20in%20Znaim%20-%20Znojmo%2C%20Moravia.jpg","HTTP 429"
"78e79e1c-1f53-4e0d-ba6e-8cb56e86c84f","Terrein waarin grafheuvel #46071","http://commons.wikimedia.org/wiki/Special:FilePath/Vasserheide2.JPG","HTTP 429"
"78ee6160-283a-4869-bbff-4350cb057d67","One Marina Boulevard","http://commons.wikimedia.org/wiki/Special:FilePath/One%20Marina%20Boulevard%2C%20Jan%2006.JPG","HTTP 429"
"792cf093-3131-4c6b-ad03-9e8b8c11d09a","Salzburger Kommunalfriedhof","http://commons.wikimedia.org/wiki/Special:FilePath/Salzburg%20Kommunalfriedhof%20-%20Eingangstor.jpg","HTTP 429"
"796176b0-d26e-4dc6-bef2-6df842b3fdbb","Sting Hive Muay Thai Gym","https://img.vago.to/places/cover/v1/79/61/796176b0-d26e-4dc6-bef2-6df842b3fdbb.jpg","HTTP 404"
"7976be5c-a368-4caa-b5b1-22e04d537d68","Mannheim Main Cemetery","http://commons.wikimedia.org/wiki/Special:FilePath/Hauptfriedhof%20Mannheim.JPG","HTTP 429"
"79c1fcbd-21ad-4ec4-869b-61092ca99220","Feld der Vereinten Nationen","http://commons.wikimedia.org/wiki/Special:FilePath/Feld%20der%20Vereinten%20Nationen.JPG","HTTP 429"
"7987c2c6-e5db-422d-9417-07e6853754b9","Soviet military cemetery in Bielsko-Biała","http://commons.wikimedia.org/wiki/Special:FilePath/Monument%20-%20soviet%20cemetery.Bielsko-Biala.jpg","HTTP 429"
"79ea55e9-bd40-4cad-b9c2-c250b927895f","Batavia Cemetery","http://commons.wikimedia.org/wiki/Special:FilePath/Batavia%20Cemetery%20General%20View%20Oct%2009.JPG","HTTP 429"
"79c3e6ab-458b-47fe-8a8b-01ade5fadafe","La Florida Cemetery, Madrid","http://commons.wikimedia.org/wiki/Special:FilePath/Cementerio%20de%20La%20Florida%203.jpg","HTTP 429"
"79c77358-47c7-4da7-9e44-a45c15e945a3","Kazanskoe cemetery (Pushkin)","http://commons.wikimedia.org/wiki/Special:FilePath/Pushkin.%20Kazan%20cemetery.%20Fence%20with%20gates.jpg","HTTP 429"
"79dc8be2-1eeb-4dba-a492-3f396904683b","Hot Lake Hotel","http://commons.wikimedia.org/wiki/Special:FilePath/Hot%20Lake%20Hotel%201920s.jpg","HTTP 429"
"7a2cd588-c0ea-46af-aacc-45d0d5ee71ec","House of Culture and Library","http://commons.wikimedia.org/wiki/Special:FilePath/A%20M%C5%B1vel%C5%91d%C3%A9s%20H%C3%A1za.JPG","HTTP 429"
"7a73fc48-6469-4491-b871-bf32dc812297","Burial mount Grootebroek","http://commons.wikimedia.org/wiki/Special:FilePath/Grafheuvel%2C%20Grootebroek.JPG","HTTP 429"
"7a1ac763-0b61-4210-9daa-9ea6299d564a","Cimetière juif de Saint-Rémy-de-Provence","http://commons.wikimedia.org/wiki/Special:FilePath/Cimeti%C3%A8re%20juif%20Saint%20Remy%20by%20Malost.JPG","HTTP 429"
"7a4c11ce-807f-4fa5-8a43-c4bfb459c558","Dornbacher Cemetery","http://commons.wikimedia.org/wiki/Special:FilePath/Dornbacher%20Friedhof%20-%20Aufbahrungshalle%20seitlich.jpg","HTTP 429"
"7a74960c-0f35-48ff-8618-d4752e428337","Massachusetts State House","http://commons.wikimedia.org/wiki/Special:FilePath/Boston%20State%20House%20of%20Massachusetts.JPG","HTTP 429"
"7a183ae9-d76f-4a97-a7f2-bbde7861869f","Stadion Energa Gdańsk","http://commons.wikimedia.org/wiki/Special:FilePath/PGE%20Arena.jpeg","HTTP 429"
"7a3c0d06-3043-4aad-b780-28f468ac1419","Ciudad BBVA","http://commons.wikimedia.org/wiki/Special:FilePath/BBVA%20head%20offices%20%28Madrid%29%2008.jpg","HTTP 429"
"7a3e6de1-21b6-4a09-9ef5-0955753569d4","Day Nursery","http://commons.wikimedia.org/wiki/Special:FilePath/Obra%20do%20Ber%C3%A7o%20-%20Rio%20de%20Janeiro%20-%2020230910163032.jpg","HTTP 429"
"7a2f5b49-1492-430f-a8f8-8427a8547178","Воронежская синагога","http://commons.wikimedia.org/wiki/Special:FilePath/%D0%A1%D0%B8%D0%BD%D0%B0%D0%B3%D0%BE%D0%B3%D0%B0%205.jpg","HTTP 429"
"7adaa6c4-4be5-4a9a-b0da-e17855d27d81","Blue Bottle Coffee Aoyama","https://example.com/blue_bottle.jpg","HTTP 404"
"7abd6291-0711-4556-bf27-e53a82e0bd3a","Crown Hill Cemetery","http://commons.wikimedia.org/wiki/Special:FilePath/Crown%20Hill%20Cemetery%20Gateway%20Arches.jpg","HTTP 429"
"7aa8d79e-9c82-47dc-a09d-41c934d51126","cemetery Willeskop","http://commons.wikimedia.org/wiki/Special:FilePath/Bedelaarskerkhof%20Willeskop%202.jpg","HTTP 429"
"7a999f28-94dd-4f22-805b-04fbfa0d842e","Bonn Minster","http://commons.wikimedia.org/wiki/Special:FilePath/Bonner%20M%C3%BCnster.jpg","HTTP 429"
"7ae19dda-2ef7-4f00-aeab-75a29ec8b677","Horniman Museum and Gardens","http://commons.wikimedia.org/wiki/Special:FilePath/Horniman%20Museum%20tower%2C%202015.jpg","HTTP 429"
"7af827b8-a41e-40a4-b614-53f2ac04c0ec","Caju Cemetery","http://commons.wikimedia.org/wiki/Special:FilePath/Cemit%C3%A9rio%20de%20S%C3%A3o%20Francisco%20Xavier%2001.jpg","HTTP 429"
"7a9421a2-3eb0-4381-86e4-f06351bb933a","Primate's Palace","http://commons.wikimedia.org/wiki/Special:FilePath/Palacio%20primacial%2C%20Bratislava%2C%20Eslovaquia%2C%202020-02-01%2C%20DD%2030.jpg","HTTP 429"
"7ab14b4d-eed5-4142-aee6-4fb3a7d64641","Revolutionary Martyrs’ Cemetery","http://commons.wikimedia.org/wiki/Special:FilePath/Revolutionary%20Martyrs%20Cemetery%2038.JPG","HTTP 429"
"7ae1d7d5-0a6c-409b-9a2d-3e65f85c5d15","Franciscan Church, Salzburg","http://commons.wikimedia.org/wiki/Special:FilePath/Salzburg%20Franziskanerkirche.jpg","HTTP 429"
"7ab603a7-2198-4931-9d02-54e3a9d4fb53","Lillers Communal Cemetery","http://commons.wikimedia.org/wiki/Special:FilePath/Lillers%20Communal%20Cemetery%2058.jpg","HTTP 429"
"7b1d11c9-7928-4ee6-a77a-7b054aca12eb","Milano Centrale railway station","http://commons.wikimedia.org/wiki/Special:FilePath/Milan%20CentralStation%20016%204294.jpg","HTTP 429"
"7b537faf-a3cc-4e68-9dcd-510e1de89cbd","United States Post Office","http://commons.wikimedia.org/wiki/Special:FilePath/Arlington-po024.JPG","HTTP 429"
"7b7923a5-9ba0-4ee0-9c59-79a1a8406b63","Bursa Green Mosque","http://commons.wikimedia.org/wiki/Special:FilePath/Green%20Mosque%20in%20Bursa.jpg","HTTP 429"
"7b61194d-49b3-4e7a-bc61-13d599881842","Cimitero monumentale di Caltagirone","http://commons.wikimedia.org/wiki/Special:FilePath/Cimitero%20monumentale%20di%20Caltagirone%2002.jpg","HTTP 429"
"7b0007ec-7ecf-43c7-b319-382a080385a7","Aldershot Military Cemetery","http://commons.wikimedia.org/wiki/Special:FilePath/MortuaryChapelAMC.JPG","HTTP 429"
"7b24846c-372b-4fdb-b054-eb7b9bcd127c","Mariinskyi Park","http://commons.wikimedia.org/wiki/Special:FilePath/Fountain%20in%20Mariyinsky%20Park.jpg","HTTP 429"
"7b360a43-63d5-4aa6-a8e1-7d5a5158c327","Shirokorechenskoe Cemetery","http://commons.wikimedia.org/wiki/Special:FilePath/Cementiri%20de%20yekaterinbur.jpg","HTTP 429"
"7b944cdd-62a0-40c4-a39d-d788eb602206","Passager","https://lh5.googleusercontent.com/p/AF1QipMx6K6-w_7gWk04F8l_F6r3z7R3n4i9d4i8qS=w408-h306-k-no","HTTP 400"
"7bc7f452-527b-435c-b71e-005b2c42496a","Pearl's Deluxe Burgers","https://img.vago.to/places/cover/v1/7b/c7/7bc7f452-527b-435c-b71e-005b2c42496a.jpg","HTTP 404"
"7b7cda97-4f99-4b32-8165-c9614052db58","Johannisfriedhof, Dresden","http://commons.wikimedia.org/wiki/Special:FilePath/Johannisfriedhof%20dresden%2C%20trauerhalle%20-%20d.jpg","HTTP 429"
"7b813b8e-875b-4b04-9440-39465322bad9","Kagraner Friedhof","http://commons.wikimedia.org/wiki/Special:FilePath/Kagraner%20Friedhof%203.jpg","HTTP 429"
"7baa5a21-1c71-4ad6-a61f-dcc50f03b145","3 World Trade Center","http://commons.wikimedia.org/wiki/Special:FilePath/Looking%20up%20at%203%20and%204%20World%20Trade%20Center%20%28straightened%2C%20cropped%2C%203%29.jpg","HTTP 429"
"7c0e197a-4638-4b90-a576-d7ecc636ea94","Cimetière Sainte-Marguerite","http://commons.wikimedia.org/wiki/Special:FilePath/Rue%20Saint-Bernard%20%C3%89glise%20Sainte-Marguerite%20-%20Plaque%20comm%C3%A9morative.jpg","HTTP 429"
"7c5608e6-cec9-4d57-a61d-1485bc31a8a9","Richsquare Friends Meetinghouse and Cemetery","http://commons.wikimedia.org/wiki/Special:FilePath/Richsquare%20Friends%20Meetinghouse%20comprehensive%20with%20cemetery.jpg","HTTP 429"
"7c2dc51d-f8ba-43c8-8627-e455569210cb","Lifshyts synagogue, Vinnytsia","http://commons.wikimedia.org/wiki/Special:FilePath/%D0%A1%D0%B8%D0%BD%D0%B0%D0%B3%D0%BE%D0%B3%D0%B0%20%D0%9B%D1%96%D1%84%D1%88%D0%B8%D1%86%D1%8F%20DSC%200026.jpg","HTTP 429"
"7c439d9e-e56c-4553-82e3-fabde914dfe0","Preobrazhenskoe Jewish Cemetery","http://commons.wikimedia.org/wiki/Special:FilePath/Jewish%20cemetery%20%28Saint%20Peterburg%29.jpg","HTTP 429"
"7c4c5e24-5132-467f-a92f-450f94a5a788","East Parish Burying Ground","http://commons.wikimedia.org/wiki/Special:FilePath/East%20Parish%20Burying%20Ground%2C%20Newton%2C%20Massachusetts.jpg","HTTP 429"
"7c692a60-d93b-4fa8-98fd-bbf49a39c822","Ken Iwata Mother and Child Museum, Imabari City","http://commons.wikimedia.org/wiki/Special:FilePath/Mother%20and%20child%20museum%20-%20panoramio%20%281%29.jpg","HTTP 429"
"7c7c4a21-cd92-4020-b918-7f5268d56dac","Hallett Flats–Rawson & Co. Apartment Building","http://commons.wikimedia.org/wiki/Special:FilePath/Hallett%20Flat-Rawson%20and%20Co.jpg","HTTP 429"
"7c97cb86-fac0-4d3d-a4e2-b69057588873","Auto Posto Clube dos 500","http://commons.wikimedia.org/wiki/Special:FilePath/Posto%20de%20Combust%C3%ADvel%2C%20projeto%20Oscar%20Niemeyer.png","HTTP 429"
"7c73f8b1-0b24-49dd-b918-e51135d53d1a","Villers-Carbonnel Communal Cemetery","http://commons.wikimedia.org/wiki/Special:FilePath/Villers-Carbonnel%2010.jpg","HTTP 429"
"7c6ca69c-b44a-4cf8-8f29-97ccbb78a2e6","Philip Buehner House","http://commons.wikimedia.org/wiki/Special:FilePath/Philip%20Buehner%20House%20-%20Portland%20Oregon.jpg","HTTP 429"
"7cb8a0a3-62e0-4270-8ebd-d6942b4c5edc","Grafheuvel #45194","http://commons.wikimedia.org/wiki/Special:FilePath/Wiesel%20Wieselseweg%20grafheuvel%2045194.jpg","HTTP 429"
"7c8c6356-538b-48ec-8092-9b1f718a6873","Begraafplaats Stuiverstraat","http://commons.wikimedia.org/wiki/Special:FilePath/Oostende%20-%20Begraafplaats%20Stuiverstraat%202.jpg","HTTP 429"
"7d7307e9-239e-4e0a-8755-0d88d2b2038e","La Coupole","https://img.vago.to/places/cover/v1/7d/73/7d7307e9-239e-4e0a-8755-0d88d2b2038e.jpg","HTTP 404"
"7cef1209-6506-4f8c-ba29-d7eb6a189c56","Federal Café Gotic","https://example.com/federalcafe.jpg","HTTP 404"
"7d0c27d2-12ec-4d2e-8c53-7125a3dd128b","Basilica and Expiatory Church of the Holy Family","http://commons.wikimedia.org/wiki/Special:FilePath/Sagrada%20Familia%208-12-21%20%281%29.jpg","HTTP 429"
"7d3faf0d-2ce3-4c4e-9c0b-7df4a4aca156","La Chapelle d'Armentières Communal Cemetery","http://commons.wikimedia.org/wiki/Special:FilePath/La%20Chapelle%20d%27Armenti%C3%A8res%20Communal%20Cemetery.JPG","HTTP 429"
"7cea217b-72c4-4d5a-9d89-f820a9c2b34c","Sammallahdenmäki","http://commons.wikimedia.org/wiki/Special:FilePath/Sammallahdenm%C3%A4ki%201.jpg","HTTP 429"
"7d3b7d2e-9319-417d-8e27-8f9d578857e6","Lisht","http://commons.wikimedia.org/wiki/Special:FilePath/Carte-lepsius-licht.jpg","HTTP 429"
"7d110e7d-37ac-4d5d-87c7-33c674f2d467","World War I Cemetery nr 15 in Harklowa","http://commons.wikimedia.org/wiki/Special:FilePath/Harklowa%2C%20cmentarz%20wojenny%20nr%2015%20%28HB4%29.jpg","HTTP 429"
"7d57290a-03f3-4990-ad09-dccb3ab6aadb","A. E. Larson Building","http://commons.wikimedia.org/wiki/Special:FilePath/LarsonBuilding.jpg","HTTP 429"
"7db2ebce-69e1-4db9-b33d-31e0b4428b97","Coco Corner","https://img.vago.to/places/cover/v1/7d/b2/7db2ebce-69e1-4db9-b33d-31e0b4428b97.jpg","HTTP 404"
"7d8fa7ad-9a7b-44c0-a731-604e93a7e666","Solomianka cemetery","http://commons.wikimedia.org/wiki/Special:FilePath/Solomenskoe%20kl%20vhod.jpg","HTTP 429"
"7d9476b0-5c94-4989-939c-0736c12c6db1","Yamanashi Broadcasting and Press Centre","http://commons.wikimedia.org/wiki/Special:FilePath/Yamanashi%20Culture%20Chamber.jpg","HTTP 429"
"7dd4362c-1f48-47c3-94b2-5d35d3fab5d1","Henin-Lietard Communal Cemetery","http://commons.wikimedia.org/wiki/Special:FilePath/H%C3%A9nin-Beaumont%20-%20Cimeti%C3%A8re%20du%20Centre%20d%27H%C3%A9nin-Beaumont%20%28A002%29.jpg","HTTP 429"
"7d74f867-9314-4e80-8d2f-b796717846e2","Italian Military Cemetery of Bligny","http://commons.wikimedia.org/wiki/Special:FilePath/Cimeti%C3%A8re%20italien%20Sarcy%20monument.jpg","HTTP 429"
"7d9623d5-1214-480b-9df8-d66309d00cca","Colden Family Cemetery","http://commons.wikimedia.org/wiki/Special:FilePath/Colden%20Family%20Cemetery.jpg","HTTP 429"
"7dd4e75e-c8ba-48c9-88f1-8c54d8fddcc6","Dombrabad cemetery","http://commons.wikimedia.org/wiki/Special:FilePath/St.%20Vladimir%20Orthodox%20church%20in%20Tashkent%2011-48.JPG","HTTP 429"
"7d73a5a6-6f84-4408-8dcb-662522a339ff","Can Casas","http://commons.wikimedia.org/wiki/Special:FilePath/Can%20Casas%20Badalona.jpg","HTTP 429"
"7de1f38b-9d7e-4b8b-a6f2-406310710b02","Skye Coffee Co.","https://example.com/skye.jpg","HTTP 404"
"7e06a8dc-b57e-461c-b61d-bef39b844261","KPN Tower","http://commons.wikimedia.org/wiki/Special:FilePath/KPN%20Building%20%28Rotterdam%29%20IMG%205109.jpg","HTTP 429"
"7e0cf489-e79c-4b76-ad65-e559c87c7fc9","White House","http://commons.wikimedia.org/wiki/Special:FilePath/%D0%94%D0%BE%D0%BC%20%D0%BF%D1%80%D0%B0%D0%B2%D0%B8%D1%82%D0%B5%D0%BB%D1%8C%D1%81%D1%82%D0%B2%D0%B0%20%D0%A0%D0%A4.jpg","HTTP 429"
"7e11ee33-a971-43e6-87a3-af7edb3d4e75","Lower Windy Creek Ranger Cabin No. 15","http://commons.wikimedia.org/wiki/Special:FilePath/Lower%20Windy%20Shelter%20Cabin%20NPS.jpg","HTTP 429"
"7e4389bd-9777-4da6-b091-06a4c1aa64eb","Ostfriedhof","http://commons.wikimedia.org/wiki/Special:FilePath/Ostfriedhof-Koeln01.jpg","HTTP 429"
"7e2f6ab6-94b8-42ce-9597-96db4ab047b8","Saint Giles Church","http://commons.wikimedia.org/wiki/Special:FilePath/Semriach-Pfarrkirche.jpg","HTTP 429"
"7e06ac7d-99bb-411e-b6cb-bdd4b471bdf0","Naumburg Cathedral","http://commons.wikimedia.org/wiki/Special:FilePath/Naumburger%20Dom.JPG","HTTP 429"
"7e9b292b-5cfe-4e2d-acab-38bd289e2664","Center of Innovation Anacleto Angelini","http://commons.wikimedia.org/wiki/Special:FilePath/Edificio%20Anacleto%20Angelini.jpg","HTTP 429"
"7e7ead5d-9eb6-4de8-8fbd-e01b661802c8","Kay-Nah-Chi-Wah-Nung","http://commons.wikimedia.org/wiki/Special:FilePath/Kay%20Nah%20Chi%20Wah%20Nung%2C%20Stratton%2C%202013.JPG","HTTP 429"
"7ea04ae1-21e6-4829-ae3f-d6cc68997faf","Wild Basin House","http://commons.wikimedia.org/wiki/Special:FilePath/Wild%20Basin%20House.jpg","HTTP 429"
"7eb42182-52c5-41a3-a448-abd922eb3ccc","Friedhof Pankow IV","http://commons.wikimedia.org/wiki/Special:FilePath/08-01-08%20Pankow-IV-Feierhal.jpg","HTTP 429"
"7e8716de-3669-4232-a73b-fb163f3e9a0a","Aukštųjų Rusokų pilkapynas","http://commons.wikimedia.org/wiki/Special:FilePath/Aukstuju%20rusoku%20pilkapynas1%202016.JPG","HTTP 429"
"7efa080e-f627-4852-b4f8-cea0688e8a7d","Tenguyama","https://img.vago.to/places/cover/v1/7e/fa/7efa080e-f627-4852-b4f8-cea0688e8a7d.jpg","HTTP 404"
"7f6c5de3-40a6-49b5-9c32-4d4d16ca38eb","Ulla Falk","https://img.vago.to/places/cover/v1/7f/6c/7f6c5de3-40a6-49b5-9c32-4d4d16ca38eb.jpg","HTTP 404"
"7f66b203-1e20-4c0d-baf6-fc61d94ca375","Cathedral of the Immaculate Conception","http://commons.wikimedia.org/wiki/Special:FilePath/Moscow%20Immaculate%20Conception%20Church%20asv2019-06%20img1.jpg","HTTP 429"
"7f6a9b4a-0d87-43fc-afcb-a656688edb36","Esquelbecq Communal Cemetery","http://commons.wikimedia.org/wiki/Special:FilePath/Esquelbecq%20Communal%20Cem.%201.JPG","HTTP 429"
"7f129419-bdc3-4bef-b3a6-079d32574d16","Jackson County Courthouse","http://commons.wikimedia.org/wiki/Special:FilePath/Jackson%20County%20Courthouse%20Independence%20MO.JPG","HTTP 429"
"7f660bce-1808-4cca-970e-425438facbc2","Indiana Bell Building","http://commons.wikimedia.org/wiki/Special:FilePath/Indiana%20Bell%20Building%20in%20Evansville.jpg","HTTP 429"
"7f605813-020e-43fd-9568-6aba991a647b","Palazzo Grimani di San Luca","http://commons.wikimedia.org/wiki/Special:FilePath/0%20Venise%2C%20Palazzo%20Grimani%20di%20San%20Luca.JPG","HTTP 429"
"7fe06fd5-bc5f-44a9-b081-40bc9a078ae9","Cemetery of Soviet Prisoners of War in Naujoji Vilnia","http://commons.wikimedia.org/wiki/Special:FilePath/Cemetery%20of%20Soviet%20prisoners%20of%20war%20in%20Naujoji%20Vilnia%204.jpg","HTTP 429"
"8012b8f0-31c5-4b15-ac12-58b02c09da6f","Ausstellungsgebäude Sammlung Goetz","https://commons.wikimedia.org/wiki/Special:FilePath/Goetz%20Collection%20Munich%203.jpg","HTTP 429"
"7fc5ff9d-3595-4255-a136-8604ee0a2d04","Le Nemausus","http://commons.wikimedia.org/wiki/Special:FilePath/Nemausus.jpg","HTTP 429"
"7fa13132-7d3c-4c57-9c47-706b1a15115b","New Michael Palace","http://commons.wikimedia.org/wiki/Special:FilePath/Spb%2006-2012%20Palace%20Embankment%20various%2006.jpg","HTTP 429"
"806435f8-5e73-4042-8c78-fa23287f702b","&Tradition showroom","https://img.vago.to/places/cover/v1/80/64/806435f8-5e73-4042-8c78-fa23287f702b.jpg","HTTP 404"
"8064a62c-9be4-48cf-8171-923a2023ac30","Pont-Noyelle Communal Cemetery","http://commons.wikimedia.org/wiki/Special:FilePath/Pont-Noyelles%2C%20cimeti%C3%A8re%20communal%2C%20ossuaire%20fran%C3%A7ais%20%281870%29%202.jpg","HTTP 429"
"8087325e-d72f-46de-989f-237d98bf98ba","Francis Buttrick Library","http://commons.wikimedia.org/wiki/Special:FilePath/Francis%20Buttrick%20Library.jpg","HTTP 429"
"80953333-4773-495b-831b-00c672ac8381","Meret Oppenheim Hochhaus","http://commons.wikimedia.org/wiki/Special:FilePath/Basel%20-%20Meret-Oppenheim-Hochhaus2.jpg","HTTP 429"
"805b26ca-18a3-4cda-9d6a-8434e9fccfa6","Капотнинское кладбище","http://commons.wikimedia.org/wiki/Special:FilePath/%D0%9A%D0%B0%D0%BF%D0%BE%D1%82%D0%BD%D0%B5%D0%BD%D1%81%D0%BA%D0%BE%D0%B5%20%D0%BA%D0%BB%D0%B0%D0%B4%D0%B1%D0%B8%D1%89%D0%B5%20%2812.09.2021%29.jpg","HTTP 429"
"80577f0f-afe7-40c6-aa28-7b913c6e0b6f","Royal Palace, Oslo","http://commons.wikimedia.org/wiki/Special:FilePath/Slottet%20i%20Oslo%201.jpg","HTTP 429"
"807f82af-38a1-4955-8b80-bf0edcf1e361","27 Wałowa Street in Gdańsk","http://commons.wikimedia.org/wiki/Special:FilePath/Gdansk%20przychodnia%20Walowa.jpg","HTTP 429"
"8055df0f-d0e4-4609-9538-0eaed3053beb","Baniškių pilkapynas","http://commons.wikimedia.org/wiki/Special:FilePath/Banishkiu%20pilkapynas2011.jpg","HTTP 429"
"8056bb66-3edb-4ea5-ba92-6a422fb58aaa","Khovanskoye Cemetery","http://commons.wikimedia.org/wiki/Special:FilePath/Khovanskoye%20Cemetery%2008.jpg","HTTP 429"
"8031a406-1e13-4171-bcf1-dedf2f093a22","Somain Communal Cemetery","http://commons.wikimedia.org/wiki/Special:FilePath/Somain%20-%20Cimeti%C3%A8re%20de%20Somain%20%28B129%29.JPG","HTTP 429"
"810fb12f-5ff7-4eb8-9bbb-f735e7306507","Le Crotoy Communal Cemetery","http://commons.wikimedia.org/wiki/Special:FilePath/Le%20Crotoy%20Communal%20Cemetery%202.JPG","HTTP 429"
"8126be6d-1104-496d-8b80-b7645b79b080","East cemetery in Essen","http://commons.wikimedia.org/wiki/Special:FilePath/Ostfriedhof%20Essen%2C%20Portal.JPG","HTTP 429"
"812ae9aa-2ca9-430c-a84b-18230b502823","Sneglehøj auf Møn","http://commons.wikimedia.org/wiki/Special:FilePath/M%C3%B8ns%20Snegleh%C3%B8j-1.jpg","HTTP 429"
"812fab51-47f0-4f11-a3c5-06da5721f062","Cemetery on Sienkiewicza Street in Katowice","http://commons.wikimedia.org/wiki/Special:FilePath/Katowice%20Sienkiewicza%20cemetery%20chapel.jpg","HTTP 429"
"809fb132-5a44-4bb3-addd-08dfa53a0732","Festubert Communal Cemetery","http://commons.wikimedia.org/wiki/Special:FilePath/Festubert%20Communal%20Cemetery%20-12.jpg","HTTP 429"
"813acd7e-c61d-48e6-9369-e16545aa732d","Bar del Pla","https://example.com/bar_del_pla.jpg","HTTP 404"
"81650b4f-7245-4ff2-8efe-c02387e86214","Parish Church of Sipbachzell","http://commons.wikimedia.org/wiki/Special:FilePath/Sipbachzell%20-%20Pfarrkirche.jpg","HTTP 429"
"81870484-a5ce-4e6b-8dd0-ef9029b30c3d","Grafheuvel #45134","http://commons.wikimedia.org/wiki/Special:FilePath/Grafheuvel%20nabij%20zevenlindenweg%20lage%20vuursche%201.JPG","HTTP 429"
"8151a669-65ed-45c0-a802-11ea9b626b07","Südwestfriedhof","http://commons.wikimedia.org/wiki/Special:FilePath/S%C3%BCdwestfriedhof%20Friedhofskreuz.JPG","HTTP 429"
"8139256e-ce92-4d8a-94b5-8f01746d517f","Ocean Heights","http://commons.wikimedia.org/wiki/Special:FilePath/Ocean%20Heights%20Dubai%20Marina.jpg","HTTP 429"
"8176acf1-13d6-4513-ba37-606fd40ab934","Grafheuvel #45187","http://commons.wikimedia.org/wiki/Special:FilePath/Grafheuvel%20-%20Apeldoorn%20-%20RM%2045187.JPG","HTTP 429"
"81b3b4fe-6fe2-4f9a-b9b5-63f4ec2b335b","NAVA Chiang Mai ""Art&craft""","https://img.vago.to/places/cover/v1/81/b3/81b3b4fe-6fe2-4f9a-b9b5-63f4ec2b335b.jpg","HTTP 404"
"81e1b900-b6b4-4b4b-81f8-ca0d86061dd3","Palazzo Brera","http://commons.wikimedia.org/wiki/Special:FilePath/Veduta%20laterale%20del%20Palazzo%20di%20Brera%2C%20Milano.jpg","HTTP 429"
"81b810a5-161b-44d8-a9ba-e8b4208ee641","Valley of the Golden Mummies","http://commons.wikimedia.org/wiki/Special:FilePath/ValleyMummiesLandscape.jpg","HTTP 429"
"81ecbbb4-2f51-4790-8505-83025840c5d6","瑞典斯德哥爾摩北墓園","http://commons.wikimedia.org/wiki/Special:FilePath/Norra%20kapellet%202009.jpg","HTTP 429"
"81e9e596-1b77-43d3-a1db-fd8a916ba652","San Giorgio alla Costa","http://commons.wikimedia.org/wiki/Special:FilePath/San%20giorgio%20alla%20costa%2011.JPG","HTTP 429"
"81d76861-c7d5-463a-a07c-79163edbb195","Museo de Artes y Costumbres Populares de Sevilla","http://commons.wikimedia.org/wiki/Special:FilePath/Museo%20de%20Artes%20y%20Costumbres%20Populares%20de%20Sevilla%20%289920920043%29.jpg","HTTP 429"
"81a6d449-e4da-4d0f-8b1e-4e9f15c3e154","In den Kisseln","http://commons.wikimedia.org/wiki/Special:FilePath/B%C3%BCrgermeisterfeld%20In%20den%20Kisseln.jpg","HTTP 429"
"823d7086-227c-4033-a1fd-8834a031c875","Frösö 58:1","http://commons.wikimedia.org/wiki/Special:FilePath/Fr%C3%B6s%C3%B6%20h%C3%B6g%2058%201.jpg","HTTP 429"
"827f86aa-abf1-4b63-b6ff-ab763f14ae84","Hotel Horsa Nacional","http://commons.wikimedia.org/wiki/Special:FilePath/Rocinha%20-%20S%C3%A3o%20Conrado.jpg","HTTP 429"
"8244027e-d474-47ea-9ce3-65ad723d45e5","Vsesvyatskoye cemetery, Krasnodar","http://commons.wikimedia.org/wiki/Special:FilePath/Vsesvyatskoe%20cemetery%20-%20near%20ost%20entrance.JPG","HTTP 429"
"82d05536-f9b3-47f2-8e1e-4abce51baed5","Colegio mixto La Salle-San Rafael","http://commons.wikimedia.org/wiki/Special:FilePath/Colegio%20Mixto%20La%20Salle-San%20Rafael%20%28Madrid%29%2001.jpg","HTTP 429"
"82ca985e-e9db-42af-9d30-262e1ca0e95f","Carlton Hotel, Amsterdam","http://commons.wikimedia.org/wiki/Special:FilePath/Jolly%20Carlton%20Hotel%20Rutgers%20Vijzelstraat%20Amsterdam.jpg","HTTP 429"
"8308de9b-f792-415a-96ad-d3da55596b06","Bau House Dog Cafe","https://live.staticflickr.com/65535/49731328072_27208e23f5_b.jpg","HTTP 410"
"82ff0fd5-f003-47e0-8fab-f6c979aba837","Burj Al Alam","http://commons.wikimedia.org/wiki/Special:FilePath/Burj%20Al%20Alam%20Under%20Construction%20on%2013%20June%202008.jpg","HTTP 429"
"82b739be-8809-4a1b-9aee-d86dd7071d30","Bordentown School","http://commons.wikimedia.org/wiki/Special:FilePath/NEW%20JERSEY%20MANUAL%20TRAINING%20AND%20INDUSTRIAL%20SCHOOL%20FOR%20COLORED%20YOUTH.jpg","HTTP 429"
"82effc63-ad54-4ca8-94a4-9f418a12bffb","Cannon County Courthouse","http://commons.wikimedia.org/wiki/Special:FilePath/Cannon%20County%20Court%20House.jpg","HTTP 429"
"82f180a5-e509-4485-866f-df3bd21045bf","Cimetière Sainte-Hélène de Strasbourg","http://commons.wikimedia.org/wiki/Special:FilePath/Strasbourg-Cimeti%C3%A8re%20Sainte-H%C3%A9l%C3%A8ne%20%284%29.jpg","HTTP 429"
"82b4cdcd-1fa2-4daa-b47c-40d1b496a5ca","Catacombs of Saint Agnes","http://commons.wikimedia.org/wiki/Special:FilePath/CatacombeSAflm.jpg","HTTP 429"
"83665cce-8af3-4c19-a6a6-e3d5b1f5585c","Sant' Eustachio Caffè","https://img.vago.to/places/cover/v1/83/66/83665cce-8af3-4c19-a6a6-e3d5b1f5585c.jpg","HTTP 404"
"838af208-5eae-470f-89ba-ea1f3574ec21","St. Mary's Royal Church","http://commons.wikimedia.org/wiki/Special:FilePath/Koninklijke%20Sint-Mariakerk%20Schaarbeek%202011%2009%2001%2002.jpg","HTTP 429"
"83157303-2515-44f1-8afe-1d53431a5c8f","Shrine of the Virgin of the Rosary of Pompei","http://commons.wikimedia.org/wiki/Special:FilePath/Pompei%20duomo.jpg","HTTP 429"
"8368a5db-e300-492e-8bb1-9cb06b044fbe","Cimetière parisien d'Ivry","http://commons.wikimedia.org/wiki/Special:FilePath/Cimeti%C3%A8re_d'Ivry_(tombes)_3.jpg","HTTP 429"
"839e7c0f-690c-4f43-aae8-8442b135d5fb","St. Paul's Cathedral, Dunedin","http://commons.wikimedia.org/wiki/Special:FilePath/St%20Pauls%20Anglican%20Cathedral%20Dunedin.jpg","HTTP 429"
"83d302b5-9b10-4cdf-82c7-10f6c5ce4524","Marathon Sport","https://img.vago.to/places/cover/v1/83/d3/83d302b5-9b10-4cdf-82c7-10f6c5ce4524.jpg","HTTP 404"
"83d85fcc-a47f-47ae-aa49-dd2a8f5e7473","Ulden","https://img.vago.to/places/cover/v1/83/d8/83d85fcc-a47f-47ae-aa49-dd2a8f5e7473.jpg","HTTP 404"
"83a95ab3-7cc4-4712-a400-81e9536bcb2a","Ōimachi Station","https://img.vago.to/places/cover/v1/83/a9/83a95ab3-7cc4-4712-a400-81e9536bcb2a.jpg","HTTP 404"
"8406fc55-5b17-4519-acc8-a4c64aa28de9","The Great Burger","https://d33wubrfki0l68.cloudfront.net/61219ad3a4b62e0008888749/artwork/61219b45a4b62e000888874d.jpg","HTTP 404"
"83adc196-07f1-4548-b7b1-5e8c971d9cea","Crookes Cemetery","http://commons.wikimedia.org/wiki/Special:FilePath/Crookes%20Cemetery%20-%20Chapel%2001-05-06.jpg","HTTP 429"
"83a5e0d4-c5f2-427f-93be-bcd5f074270c","Iserlohn Main Cemetery","http://commons.wikimedia.org/wiki/Special:FilePath/Iserlohn%20Hauptfriedhof%20FFSN-4875.jpg","HTTP 429"
"83e20a6d-bebc-41ca-a967-63cb38cebf37","Andersonville National Historic Site","http://commons.wikimedia.org/wiki/Special:FilePath/AndersonvilleMonuments.jpg","HTTP 429"
"839f2c80-734d-40a8-a927-2edb6c763ac5","Jannat al-Mu'alla","http://commons.wikimedia.org/wiki/Special:FilePath/Jannat-ul-Maualla%20at%20present.JPG","HTTP 429"
"84947c1d-e2e3-4b4f-9063-bf0e6d92f558","Theban Necropolis","http://commons.wikimedia.org/wiki/Special:FilePath/SFEC%20AEH%20-ThebesNecropolis-2010-FULL-Overview-039.jpg","HTTP 429"
"8494e1c1-afc1-428d-b4a8-8266c49f53cc","Headquarters of the French Communist Party","http://commons.wikimedia.org/wiki/Special:FilePath/Communist%20Party%20HQ%2C%20Place%20du%20Colonel%20Fabien%2C%20Paris%20July%202014.jpg","HTTP 429"
"8447ef45-0792-475f-b3d5-4d0f7118a568","Grafheuvel  #45964","http://commons.wikimedia.org/wiki/Special:FilePath/07010001grafheuvelutrechtsewegoostvanwolfhezerweg.JPG","HTTP 429"
"846839df-24cf-42d7-ac38-6c474f54e026","Butte Saint-Sauveur","http://commons.wikimedia.org/wiki/Special:FilePath/Braives-Butte%20Saint-Sauveur%20%284%29.JPG","HTTP 429"
"8449ee3e-9d82-4714-badd-ae765b493ffa","Rose Hills Memorial Park","http://commons.wikimedia.org/wiki/Special:FilePath/Rose%20Hills%20Memorial%20Park%20east%20view.jpg","HTTP 429"
"84873bf8-3ab4-4071-9d3c-a3c5c3de4866","Basílica Catedral Nuestra Señora de la Altagracia","http://commons.wikimedia.org/wiki/Special:FilePath/Bas%C3%ADlicaHig%C3%BCey.jpg","HTTP 429"
"84f8b60e-08db-4bfc-97a9-607474750075","Fuunmaru","https://example.com/fuunmaru_ramen.jpg","HTTP 404"
"84d30236-a368-4ce4-8647-35ee69d35db0","Gardens du Trocadéro","https://img.vago.to/places/cover/v1/84/d3/84d30236-a368-4ce4-8647-35ee69d35db0.jpg","HTTP 404"
"84c26fc7-49e8-4ee4-a6d1-4e8aa5a08438","Gare de Paris-Est","http://commons.wikimedia.org/wiki/Special:FilePath/Paris-Gare%20de%20l%27Est-2009.jpg","HTTP 429"
"8502d5ab-559a-4ead-a16b-3d167cb8c0f7","Ehrenhain","http://commons.wikimedia.org/wiki/Special:FilePath/Bad%20Schwartau%20-%20Riesebusch%20Ehrenmal.JPG","HTTP 429"
"84ff0084-aec0-404b-983a-55a37d845258","Saburtalo Pantheon","http://commons.wikimedia.org/wiki/Special:FilePath/Saburtalo%20cemetry%202024.jpg","HTTP 429"
"84e524b8-20e7-4a82-8b8c-e1acf5f57ae7","»Ziegelsteinhaus«","http://commons.wikimedia.org/wiki/Special:FilePath/Sverre%20Fehn%20Teglsteinshuset%20II.jpg","HTTP 429"
"84fa8e45-bf18-4c28-bace-fda9f706f6cd","National Congress Palace","http://commons.wikimedia.org/wiki/Special:FilePath/Congresso%20do%20Brasil.jpg","HTTP 429"
"854341af-5701-41f8-8761-98bb3af6748d","Sports wear Disc. Alpen Tokyo","https://img.vago.to/places/cover/v1/85/43/854341af-5701-41f8-8761-98bb3af6748d.jpg","HTTP 404"
"85265d07-7b37-406e-9aa3-eb044551b0e9","Abydos","http://commons.wikimedia.org/wiki/Special:FilePath/AbydosFacade.jpg","HTTP 429"
"852241f3-3dba-435a-8d59-7baa91fd9698","Watertown Stadium","http://commons.wikimedia.org/wiki/Special:FilePath/Watertown%20Stadium%20May%202017.jpg","HTTP 429"
"85900272-36f4-4f5e-86d5-fccf0b6dfeab","Stockholm Mosque","http://commons.wikimedia.org/wiki/Special:FilePath/Stockholms%20moske%20okt%202012a.jpg","HTTP 429"
"8567f0e2-3c2d-4b81-a68b-62a7af5583e2","Rakowicki Cemetery","http://commons.wikimedia.org/wiki/Special:FilePath/Rakowicki%20Cemetery%2C%20Cracow%2C%20Poland%201.jpg","HTTP 429"
"852efff9-73e6-4262-8af2-3caafd3f22eb","Saint-Malo Cathedral","http://commons.wikimedia.org/wiki/Special:FilePath/CLOCHER%202.JPG","HTTP 429"
"85ec8388-3ab2-4881-bb86-b8f2e91034f4","Mutsumiya","https://example.com/mutsumiya.jpg","HTTP 404"
"85e28d9d-8a84-44ec-8af1-8d56b732ffb3","Queen of Heaven Cemetery","http://commons.wikimedia.org/wiki/Special:FilePath/DiGangi-QueenofHeaven.jpg","HTTP 429"
"8600e37a-22f7-4e42-9a44-f16e145c3ef6","Uelzen harbour tumulus","http://commons.wikimedia.org/wiki/Special:FilePath/Uelzen%20Grabhuegel%20%28Hafengebiet%29%20d.jpg","HTTP 429"
"85fd5703-5c30-435d-bae0-36fea8e8548b","Nikolaikirchhof Görlitz","http://commons.wikimedia.org/wiki/Special:FilePath/%C3%96stlicher%20Bereich.jpg","HTTP 429"
"85dc69f6-9ad2-4101-94d5-4c5fc0553af3","Mount Herzl","http://commons.wikimedia.org/wiki/Special:FilePath/ViewOfMountHerzlMar042023%2004.jpg","HTTP 429"
"85e28dc1-d882-4ac7-b368-dd9e82851bca","Palacio de Xifré","http://commons.wikimedia.org/wiki/Special:FilePath/Palacio%20Xifr%C3%A9%20en%20el%20siglo%20XIX.jpg","HTTP 429"
"85ca5d67-ace3-4417-a223-b7d4aa67764e","Forest Hills Cemetery","http://commons.wikimedia.org/wiki/Special:FilePath/Forest%20Hills%20Cemetery.JPG","HTTP 429"
"85a8e49d-6c4e-412a-bc15-c1215a5549a4","Heidefriedhof","http://commons.wikimedia.org/wiki/Special:FilePath/Dresden%20Heidefriedhof%20Urnengemeinschaftsgr%C3%A4ber.jpg","HTTP 429"
"85ff9d73-0e7b-45eb-9227-99198169f78c","Cemetery of Saint-Fargeau","http://commons.wikimedia.org/wiki/Special:FilePath/Tombe%20de%20soldats%20fran%C3%A7ais%20morts%20durant%20la%20guerre%20de%201870-1871%20%C3%A0%20Saint-Fargeau.jpg","HTTP 429"
"85ded149-8c87-4756-bd31-deeb0c1f8efb","The Doughnut","http://commons.wikimedia.org/wiki/Special:FilePath/GCHQ-aerial.jpg","HTTP 429"
"86510fd8-d793-4001-8f01-2ed112f56c15","Social Science Research Center Berlin","http://commons.wikimedia.org/wiki/Special:FilePath/Social%20Science%20Research%20Center%20Berlin.jpg","HTTP 429"
"865de843-da74-425a-8e8d-785abfc85d40","United States Post Office","http://commons.wikimedia.org/wiki/Special:FilePath/US%20Post%20Office%20Boone.jpg","HTTP 429"
"86458508-33a6-41eb-94f5-31ab214f1ee0","Campagne-lès-Wardrecques churchyard","http://commons.wikimedia.org/wiki/Special:FilePath/Campagne-l%C3%A8s-Wardrecques%20%28Pas-de-Calais%2C%20Fr%29%20%C3%A9glise%20et%207%20tombes%20de%20la%20CWGC.JPG","HTTP 429"
"860c7351-4b54-47f1-9f98-244368b3ef58","Prince George Hotel","http://commons.wikimedia.org/wiki/Special:FilePath/Prince-george-hotel.jpg","HTTP 429"
"86327c89-3b0f-40f9-b5e1-d365f3fd3f30","tumulus de Rubrat Huella","http://commons.wikimedia.org/wiki/Special:FilePath/Tumulus%20de%20Rubrat%20Huella.JPG","HTTP 429"
"86cff296-e626-4f81-982b-b5c53c4857bb","Cimetière Marin, Sète","http://commons.wikimedia.org/wiki/Special:FilePath/Grab%20Eug%C3%A8ne%20Herber.jpg","HTTP 429"
"86ba44e3-1a11-49a3-9456-385038a97897","Girod Street Cemetery","http://commons.wikimedia.org/wiki/Special:FilePath/Girod%20Cemetery%20Vaults%20New%20Orleans%201885.jpg","HTTP 429"
"876ef844-eed1-48d4-96d2-698f4144a263","Solow Building","http://commons.wikimedia.org/wiki/Special:FilePath/SolowBuilding.jpg","HTTP 429"
"870427b7-655c-4df0-af13-4d8e45e9d9be","Plaza de toros de las Arenas","http://commons.wikimedia.org/wiki/Special:FilePath/Arenas%20de%20Barcelona.jpg","HTTP 429"
"8724bbdc-5aa1-473d-8ac5-c60cd85094dd","Mūrininkų pilkapiai","http://commons.wikimedia.org/wiki/Special:FilePath/Murininku%20pilkapiai.JPG","HTTP 429"
"874a356a-e35b-44d0-b3c2-72f42b51202e","Evere Cemetery","http://commons.wikimedia.org/wiki/Special:FilePath/Begraafplaats%20Brussel%2C%20Evere%2009.jpg","HTTP 429"
"88053c58-f579-4f9d-8ca0-28dd808b514e","Beech Grove Cemetery","http://commons.wikimedia.org/wiki/Special:FilePath/Mausoleum%20at%20Beech%20Grove%20Cemetery.jpg","HTTP 429"
"87cf8f6d-23b7-4b5f-ae4b-db8e4e502f44","Niterói Contemporary Art Museum","http://commons.wikimedia.org/wiki/Special:FilePath/Museu%20de%20Arte%20Contempor%C3%A2nea.jpg","HTTP 429"
"8801bd76-aa2c-4ab7-881e-a72890f39a8b","Palazzo Grassi","http://commons.wikimedia.org/wiki/Special:FilePath/Palais%20Grassi.jpg","HTTP 429"
"87aa0797-4789-4905-845a-a755b0c7ee72","Miusskaya Cemetery","http://commons.wikimedia.org/wiki/Special:FilePath/Miusskoye%20cemetery%2C%20entrance.JPG","HTTP 429"
"8823cf1a-ae73-4bc1-96d1-ec5e059d44d6","Rivers & Roads","https://img.vago.to/places/cover/v1/88/23/8823cf1a-ae73-4bc1-96d1-ec5e059d44d6.jpg","HTTP 404"
"8853bfef-a136-4c8a-9a68-018d0317bca0","Tsuta Ramen","https://example.com/tsuta_ramen.jpg","HTTP 404"
"886942ad-2ac6-49d7-aa8e-ffa150e147d1","Solitude Palace","http://commons.wikimedia.org/wiki/Special:FilePath/Solitude%20pan-pjt.jpg","HTTP 429"
"8863975f-3510-4c6a-825f-866ab6fc65f3","Sainte-Geneviève-des-Bois Russian Cemetery","http://commons.wikimedia.org/wiki/Special:FilePath/%D0%A0%D1%83%D1%81%D1%81%D0%BA%D0%B8%D0%B5%20%D1%85%D1%80%D0%B0%D0%BC%D1%8B.jpg","HTTP 429"
"881538ed-b069-4d43-af53-ff7421002a2f","mansion of Margarita Chernova","http://commons.wikimedia.org/wiki/Special:FilePath/Mansion%20of%20M.%20Chernova%20SE%20corner%202023%20cropped.jpg","HTTP 429"
"88271d62-f17a-4ea5-8a11-b56f569b598c","Smolny Institute","http://commons.wikimedia.org/wiki/Special:FilePath/%D0%92%D1%85%D0%BE%D0%B4%20%D0%B2%20%D0%A1%D0%BC%D0%BE%D0%BB%D1%8C%D0%BD%D1%8B%D0%B9.jpg","HTTP 429"
"884c5afd-3f6e-4647-a3de-633c143e1b1a","military shrine of Reschenpass","http://commons.wikimedia.org/wiki/Special:FilePath/FaschistischesBeinhausMals.png","HTTP 429"
"88f35992-6768-4f33-9171-b5342f679bb6","Hokkaido Jingu","https://img.vago.to/places/cover/v1/88/f3/88f35992-6768-4f33-9171-b5342f679bb6.jpg","HTTP 404"
"88dbcf6c-bc61-43dd-8c7a-e4ad0d4d3312","Valhøj","http://commons.wikimedia.org/wiki/Special:FilePath/Valhoej.jpg","HTTP 429"
"887ac7a1-0484-4997-bf6c-5a43e5c7581f","Prince Eugens Waldemarsudde","http://commons.wikimedia.org/wiki/Special:FilePath/Waldemarsudde%20April%202006.JPG","HTTP 429"
"88eb6733-fa00-40a8-a276-e3a3e1ef1e53","RheinEnergie Stadion","http://commons.wikimedia.org/wiki/Special:FilePath/Drohnenaufnahme%20RheinEnergieStadion%20im%20Sportpark%20M%C3%BCngersdorf-0551.jpg","HTTP 429"
"88978dc6-3a9c-47c6-a723-4c163ed43921","John W. Blodgett Estate","http://commons.wikimedia.org/wiki/Special:FilePath/John%20W.%20Blodgett%20Estate%20-1.jpg","HTTP 429"
"88b29f36-2b87-4180-806c-d5e6f2dde3c8","Nathan Smith House","http://commons.wikimedia.org/wiki/Special:FilePath/Nathan%20Smith%20House%20%283%29.jpg","HTTP 429"
"88a7e61f-0e62-4d09-bea0-e46716f63041","Armenian Cemetery","http://commons.wikimedia.org/wiki/Special:FilePath/Armenian-cemetery-01.jpg","HTTP 429"
"888e63bb-e7ef-443e-835a-91d83750afd1","History Faculty Building","http://commons.wikimedia.org/wiki/Special:FilePath/Seeley%20Historical%20Library%2C%20Cambridge%20university.jpg","HTTP 429"
"894fc3eb-544a-4761-906e-8c06be570d39","Kent Kaffe Laboratorium","https://www.kkldk.com/wp-content/uploads/2019/02/Kent_Kaffe_Laboratorium-1024x683.jpg","getaddrinfo ENOTFOUND www.kkldk.com"
"89156c73-eb7d-4264-a995-5ffa84ac4d40","Bayenghem-lès-Seninghem churchyard","http://commons.wikimedia.org/wiki/Special:FilePath/Bayenghem-les-Seninghem%20%C3%A9glise2.jpg","HTTP 429"
"8925b9aa-a6db-42e8-9817-58fabfa1b747","Muir Woods National Monument Administration-Concession Building","http://commons.wikimedia.org/wiki/Special:FilePath/Muir%20Woods%20National%20Monument%208.jpg","HTTP 429"
"897dce94-9670-4295-ba00-84f3155e8439","Grafheuvel, alsmede een zone","http://commons.wikimedia.org/wiki/Special:FilePath/06280001grafheuvelhoogdoorwerth.JPG","HTTP 429"
"896f5020-e7c8-44e4-ac3a-db091243e1e4","Golden Angel","http://commons.wikimedia.org/wiki/Special:FilePath/Zlaty%20andel.jpg","HTTP 429"
"89a58e93-23d6-4666-90ab-f41fc5397e09","Tsuta","https://example.com/tsuta_ramen.jpg","HTTP 404"
"89f3fae4-1279-456d-b3b7-4f316c4bd634","Alter Friedhof","http://commons.wikimedia.org/wiki/Special:FilePath/Heilbronn-alter-friedhof52.JPG","HTTP 429"
"8a32902c-d226-4432-95f1-c977f37b3fd5","Feriköy Protestant Cemetery","http://commons.wikimedia.org/wiki/Special:FilePath/Main%20gate%20of%20Ferik%C3%B6y%20Protestant%20Cemetery.jpg","HTTP 429"
"8a2f83c5-994b-47ba-ae98-85ee3bf3210d","Kazansky railway station","http://commons.wikimedia.org/wiki/Special:FilePath/Moscow%20Kazansky%20railway%20station%20asv2019-06.jpg","HTTP 429"
"89ee49b0-1d12-47d2-892b-19229c55607a","Mare de Deu de Gràcia","http://commons.wikimedia.org/wiki/Special:FilePath/Convent%20de%20Santa%20Maria%20de%20Gr%C3%A0cia%20P1140276.JPG","HTTP 429"
"8a0d13f8-50ab-4499-948a-14556aeabc6e","Easton Cemetery","http://commons.wikimedia.org/wiki/Special:FilePath/Seventh%20Street%20Gate%2C%20Easton%20Cemetery%2001.JPG","HTTP 429"
"89d73c1a-9fb4-4193-8139-5c0489626ed3","Church of Our Lady","http://commons.wikimedia.org/wiki/Special:FilePath/100130%20150006%20Dresden%20Frauenkirche%20winter%20blue%20sky-2.jpg","HTTP 429"
"89f87ef7-ecce-401b-8d85-e3955f79dc80","Monumental Cemetery of Verona","http://commons.wikimedia.org/wiki/Special:FilePath/Cimitero%20Monumentale%20Verona.jpg","HTTP 429"
"8ac399ad-f4f3-4a01-b88b-ec5afef0f94e","Hikawa Clock Shop","https://img.vago.to/places/cover/v1/8a/c3/8ac399ad-f4f3-4a01-b88b-ec5afef0f94e.jpg","HTTP 404"
"8ae08610-8b82-41b7-86b0-26db19b5563a","SEASONS","https://img.vago.to/places/cover/v1/8a/e0/8ae08610-8b82-41b7-86b0-26db19b5563a.jpg","HTTP 404"
"8acf6e3c-c483-4c10-a922-f1aef78be0ea","Preobrazhenskoye Cemetery","http://commons.wikimedia.org/wiki/Special:FilePath/Preobrcem-chapel.jpg","HTTP 429"
"8adb4ea2-92dc-4f2b-b84b-f9838df09972","Roncq cemetery","http://commons.wikimedia.org/wiki/Special:FilePath/Roncq%20Communal%20Cemetery%20-1.jpg","HTTP 429"
"8ac391b6-d789-42f3-86e4-0a9920b95dff","Karacaahmet Cemetery","http://commons.wikimedia.org/wiki/Special:FilePath/Karacaahmet%201.jpg","HTTP 429"
"8b227868-5007-4a3c-8da5-9a6b29e5faf2","Cuvilliés Theatre","http://commons.wikimedia.org/wiki/Special:FilePath/M%C3%BCnchen%20Residenztheater.JPG","HTTP 429"
"8b0fcdff-ae63-46ff-a9c8-35d654e64705","Zuytpeene churchyard","http://commons.wikimedia.org/wiki/Special:FilePath/020%20Zuytpeene%20%28%2059670%20%29.JPG","HTTP 429"
"8b32633c-512c-4876-9b5c-782a600962b4","Reumont Churchyard","http://commons.wikimedia.org/wiki/Special:FilePath/Reumont%2060.jpg","HTTP 429"
"8b2e9d4b-2f5e-4f88-bba7-cfa42c84b2ec","Okanoyama Museum of Art Nishiwaki","http://commons.wikimedia.org/wiki/Special:FilePath/Okanoyama%20museum1.JPG","HTTP 429"
"8bbd4667-b693-4986-9ff2-6a8866445e8e","Sommerfuglen","https://img.vago.to/places/cover/v1/8b/bd/8bbd4667-b693-4986-9ff2-6a8866445e8e.jpg","HTTP 404"
"8b96cb54-ba73-4190-8551-2b750f826b59","Café de l'Opera","https://example.com/opera.jpg","HTTP 404"
"8bc1ffff-84bc-4da8-a6e8-69526fb6d454","Basilica of St. John the Baptist","http://commons.wikimedia.org/wiki/Special:FilePath/Oviedo%20-%20Iglesia%20de%20San%20Juan%20el%20Real%2001.JPG","HTTP 429"
"8ba4efd2-26e6-48d2-ae9c-a095172e224d","Western Xia Imperial Tombs","http://commons.wikimedia.org/wiki/Special:FilePath/XiXia%20Tomb%203%20F.jpg","HTTP 429"
"8b67f26c-545a-4c68-b05e-4ed9f8f50a95","Maison de l'ordre des avocats","http://commons.wikimedia.org/wiki/Special:FilePath/Maison%20des%20Avocats%20%28DSC09467%29.jpg","HTTP 429"
"8bbed6aa-63cc-42dc-b36d-9f4b26018002","Basilica Palladiana","http://commons.wikimedia.org/wiki/Special:FilePath/Basilica%20Palladiana%20%28Vicenza%29%20-%20facade%20on%20Piazza%20dei%20signori.jpg","HTTP 429"
"8bea3a5d-d910-440c-8e1c-fe47115ff6ee","San Giovanni Grisostomo, Venice","http://commons.wikimedia.org/wiki/Special:FilePath/Chiesa%20di%20San%20Giovanni%20Grisostomo.jpg","HTTP 429"
"8bf6d4fb-0c90-4969-8eae-6d30e4d19f1c","Filialkirche Reintal (Hl. Rupert)","http://commons.wikimedia.org/wiki/Special:FilePath/Reintal%20-%20Kirche.jpg","HTTP 429"
"8c2bc3a2-d687-462a-9b04-a675fb918261","Dunbar School","http://commons.wikimedia.org/wiki/Special:FilePath/Dunbar%20School%20south%20side%20%28Fairmont%2C%20West%20Virginia%29.jpg","HTTP 429"
"8c2657fc-13f4-4867-ab14-8f4eb99d7436","Beckenham Crematorium and Cemetery","http://commons.wikimedia.org/wiki/Special:FilePath/Beckenham%20Crematorium%20-%20geograph.org.uk%20-%20306752.jpg","HTTP 429"
"8bf844b7-9680-440f-aa44-9d5d8ea0cc4e","monumental cemetery of Brescia","http://commons.wikimedia.org/wiki/Special:FilePath/Cimitero%20monumentale%20Vantiniano%20faro%20Brescia.jpg","HTTP 429"
"8bde35ba-179e-4d78-b892-de69880ce1e6","Kerpen courthouse","http://commons.wikimedia.org/wiki/Special:FilePath/Kerpen%20amtsgericht.jpg","HTTP 429"
"8c037941-caf8-4cce-bb56-c672c7aad991","St. Hans hög","http://commons.wikimedia.org/wiki/Special:FilePath/Villie%20h%C3%B6gar.JPG","HTTP 429"
"8bfc7e97-31f7-417c-a800-bf8fa437fa0f","Synagogue of Besançon","http://commons.wikimedia.org/wiki/Special:FilePath/Besan%C3%A7on%20Synagogue%2062.JPG","HTTP 429"
"8c75b721-33ec-4cea-9284-e0839977f18f","VM Houses","https://img.vago.to/places/cover/v1/8c/75/8c75b721-33ec-4cea-9284-e0839977f18f.jpg","HTTP 404"
"8c7071a7-0d64-4533-ac30-473492a3cd14","Bình An Cemetery","http://commons.wikimedia.org/wiki/Special:FilePath/Central%20monument.JPG","HTTP 429"
"8c54011d-526c-45c5-a483-cf3742fb2cf5","Cimetière attenant à l'église Saint-Vivien de Romagne","http://commons.wikimedia.org/wiki/Special:FilePath/Romagne%2033%20Cimeti%C3%A8re%2001.jpg","HTTP 429"
"8c8b5575-f476-4fff-a4e9-16955f4ce06d","Enghenbergje","http://commons.wikimedia.org/wiki/Special:FilePath/Engenberchje%20Soest%2027.JPG","HTTP 429"
"8c832b94-8abf-4fe4-85a3-d26c582664a7","Fernández López Building of the Pontevedra Museum","http://commons.wikimedia.org/wiki/Special:FilePath/EdificioFern%C3%A1ndezL%C3%B3pez.jpg","HTTP 429"
"8c8b167d-2e2c-49ce-a0f5-31dd4ba53f15","Kremlin Wall Necropolis","http://commons.wikimedia.org/wiki/Special:FilePath/Expedition%2049%20Red%20Square%20Visit%20%28NHQ201609010010%29.jpg","HTTP 429"
"8cb5f6fa-b8ff-464a-852c-e5d8d15464ca","WRVA Building","http://commons.wikimedia.org/wiki/Special:FilePath/WRVA%20Building%20Entrance.JPG","HTTP 429"
"8ce94aff-41ed-4ec6-a673-be1e1b08e09a","San Nicola di Bari","http://commons.wikimedia.org/wiki/Special:FilePath/Ex%20chiesa%20Madre%20di%20Salemi%201.jpg","HTTP 429"
"8c985e70-e4bf-4bb4-8479-e51ac0bfb253","Berkovets cemetery","http://commons.wikimedia.org/wiki/Special:FilePath/%D0%9A%D0%BB%D0%B0%D0%B4%D0%BE%D0%B2%D0%B8%D1%89%D0%B5%20%D0%BC%D1%96%D1%81%D1%8C%D0%BA%D0%B5%20DSC%200661%20stitch.jpg","HTTP 429"
"8ca4404b-c2a7-4dd7-a590-835612f47719","Raismes cemetery","http://commons.wikimedia.org/wiki/Special:FilePath/Raismes%20-%20Cimeti%C3%A8re%20de%20Raismes%20%2806%29.JPG","HTTP 429"
"8d5fb012-31c8-4946-9808-f3e89264751e","Virginia Hall","http://commons.wikimedia.org/wiki/Special:FilePath/Virginia%20Hall%20%28Southern%20Methodist%20University%29.JPG","HTTP 429"
"8d591855-5442-43f0-b434-08a1d0b967fc","Tuntex Sky Tower","http://commons.wikimedia.org/wiki/Special:FilePath/Kaohsiung%2085%20Sky%20Tower%2001.jpg","HTTP 429"
"8d18eaf5-2fee-45dc-8881-88e5d5a749df","Cimetière des Carmes","http://commons.wikimedia.org/wiki/Special:FilePath/Carmes%20riberolles.JPG","HTTP 429"
"8d5fe55f-059d-49ca-9a03-0ba524cb0861","Röm.-kath. Pfarrkirche zum Heiligen Nikolaus in Westendorf, Tyrol","http://commons.wikimedia.org/wiki/Special:FilePath/Pfarrkirche%20hl.%20Nikolaus%20Westendorf%20Tyrol%203.JPG","HTTP 429"
"8d214136-123e-4350-9f80-38081ff86a0c","St. Albans Post Office","http://commons.wikimedia.org/wiki/Special:FilePath/St.%20Albans%20Post%20Office%20WV1.jpg","HTTP 429"
"8d395f8f-6126-4eb6-bbfa-116f148afdec","Church of San Fermín de los Navarros","http://commons.wikimedia.org/wiki/Special:FilePath/Iglesia%20San%20Fermin%20de%20los%20Navarros.jpg","HTTP 429"
"8d2364b0-b75d-4d9b-b458-93d7399331ea","Donskoe cemetery","http://commons.wikimedia.org/wiki/Special:FilePath/Donskoy%20crematorium.jpg","HTTP 429"
"8d031e6b-bcc1-48fe-bd4a-8f4873a8443b","Laires Churchyard","http://commons.wikimedia.org/wiki/Special:FilePath/Laires%20%28Pas-de-Calais%29%20%C3%A9glise%20Saint-Martin%20%2802%29.JPG","HTTP 429"
"8d29afe3-de53-4112-85be-4160be751185","Nollendorfplatz metro station","http://commons.wikimedia.org/wiki/Special:FilePath/Berlin%20U-Bf%20Nollendorfplatz%20asv2023-04%20img3.jpg","HTTP 429"
"8d3cdb11-3f70-40c4-a9c9-52b0bdf728da","La Vela","http://commons.wikimedia.org/wiki/Special:FilePath/BBVA%20head%20offices%20%28Madrid%29%2002%20%28cropped%29.jpg","HTTP 429"
"8d92a883-ed6c-4522-83d3-2026bbba24ac","Doi Inthanon National Park Headquarters","https://img.vago.to/places/cover/v1/8d/92/8d92a883-ed6c-4522-83d3-2026bbba24ac.jpg","HTTP 404"
"8d95c5e0-4712-4c33-8e19-db5cead38d0c","Pendé churchyard","http://commons.wikimedia.org/wiki/Special:FilePath/Pend%C3%A9%2C%20Somme%2C%20Fr%2C%20%C3%A9glise%20%282%29.jpg","HTTP 429"
"8df6c1ed-4a13-4e15-a806-d508e12665ef","Lancy-Pont-Rouge railway station","http://commons.wikimedia.org/wiki/Special:FilePath/Vue-face-lancy-pont-rouge.jpg","HTTP 429"
"8dc99e48-7644-4890-afd8-066eede2c1c0","monumental cemetery of Busto Arsizio","http://commons.wikimedia.org/wiki/Special:FilePath/20071226Cimitero.jpg","HTTP 429"
"8d95e7ff-36c7-450b-9061-3c4717bb0695","Jewish cemetery in Währing","http://commons.wikimedia.org/wiki/Special:FilePath/Israelitischer%20Friedhof%20W%C3%A4hring%20September%202006%20022.jpg","HTTP 429"
"8e40a830-b1d4-45e8-876e-7c25d624626a","Jones County High School","http://commons.wikimedia.org/wiki/Special:FilePath/Jones%20County%20High%20School%2C%20Gray%2C%20GA%2C%20US%20%2802%29.jpg","HTTP 429"
"8e5a1211-6c2d-4a16-a654-f9ca47cd8c96","Palacio Díaz-Gana","http://commons.wikimedia.org/wiki/Special:FilePath/Cazzotte.jpg","HTTP 429"
"8e3c124d-2920-4b44-b752-413e5caadbd6","Bourse Palace","http://commons.wikimedia.org/wiki/Special:FilePath/Front%20of%20Brussels%20Stock%20Exchange%202023%20cropped.jpg","HTTP 429"
"8e5472aa-4f9a-4e19-bef5-4683946c907f","Villa Göth","http://commons.wikimedia.org/wiki/Special:FilePath/Villa%20G%C3%B6th%20crop.jpg","HTTP 429"
"8e3d2e98-dc33-46f5-b674-84f581245b56","Grace Hopkinson Eliot Hall","http://commons.wikimedia.org/wiki/Special:FilePath/Grace%20Hopkinson%20Eliot%20Hall%20at%20Radcliffe.jpg","HTTP 429"
"8e1a1d27-5122-45e8-b9f8-4e6e67c021aa","Community Memorial Hospital","http://commons.wikimedia.org/wiki/Special:FilePath/Community%20Memorial%20Hospital%2C%20Ayer%20MA.jpg","HTTP 429"
"8e5cb4f0-103b-4bdc-988c-3e7ea5600588","Green Bamboo Massage","https://img.vago.to/places/cover/v1/8e/5c/8e5cb4f0-103b-4bdc-988c-3e7ea5600588.jpg","HTTP 404"
"8e9c7f97-8ade-42cb-9cdb-44d72e8c0963","Tegallalang Rice Terrace","https://img.vago.to/places/cover/v1/8e/9c/8e9c7f97-8ade-42cb-9cdb-44d72e8c0963.jpg","HTTP 404"
"8e88fc1a-6d1b-4194-a6d7-755f660e4d4a","Havnebadet Islands Brygge","https://img.vago.to/places/cover/v1/8e/88/8e88fc1a-6d1b-4194-a6d7-755f660e4d4a.jpg","HTTP 404"
"8e91e941-b840-44af-9623-cfd61f639ea9","Estación de Servicio Repsol - Foster","http://commons.wikimedia.org/wiki/Special:FilePath/Estacion%20de%20servicio%20Maestro%20Rodrigo%20%28Valencia%29.jpg","HTTP 429"
"8eb5eb34-ad3d-45d0-a7ed-b880fc3c05a0","Our Lady of Mercy Church","http://commons.wikimedia.org/wiki/Special:FilePath/Bas%C3%ADlica%20Nuestra%20Se%C3%B1ora%20de%20la%20Merced.JPG","HTTP 429"
"8ebecc23-22fb-4a34-9821-84d9d12b37c1","California Aerospace Museum","http://commons.wikimedia.org/wiki/Special:FilePath/Air%20space%20exhibits%2001.jpg","HTTP 429"
"8e80c880-dfe1-4ea0-91c4-efaa4e7a85f7","Royal Tombs of the Joseon Dynasty","http://commons.wikimedia.org/wiki/Special:FilePath/Sejong%20tomb%201.jpg","HTTP 429"
"8e690c5e-2fc3-45e0-9dc1-9c326a1f52fd","Palazzo Rucellai","http://commons.wikimedia.org/wiki/Special:FilePath/Via%20della%20Vigna%20Nuova%2018%2C%20palazzo%20rucellai%2C%2002%2C0.jpg","HTTP 429"
"8e82cfd7-e429-4bb2-baff-4643736f3dc2","House ""De Waal""","http://commons.wikimedia.org/wiki/Special:FilePath/Woonhuis%20de%20Waal%20in%20Utrecht.jpg","HTTP 429"
"8e8638b4-5ac6-461e-948b-c7685136793a","City Cemetery","http://commons.wikimedia.org/wiki/Special:FilePath/City%20Cemetery%20aka%20Old%20City%20Cemetery.jpg","HTTP 429"
"8ec47a1a-4ee1-4912-8a2c-4e9b776647c0","Ginza Kagari Honten","https://example.com/kagari.jpg","HTTP 404"
"8f0747c3-3d95-4784-b7bb-2166d7e5a3a3","Drobytsky Yar","http://commons.wikimedia.org/wiki/Special:FilePath/Drobitskiy%20menora.jpg","HTTP 429"
"8f48a81c-c68b-4714-9021-11ed96c3a7ed","Rock and Roll Hall of Fame","http://commons.wikimedia.org/wiki/Special:FilePath/Rock%20and%20Roll%20Hall%20of%20Fame%2C%20May%202016.jpg","HTTP 429"
"8eea2e06-4951-4a47-a386-763df83f58c8","Hawara","http://commons.wikimedia.org/wiki/Special:FilePath/Hawara.jpg","HTTP 429"
"8f3de000-379b-4e06-85ac-585ee01291cf","Sowjetischer Ehrenfriedhof Reitwein","http://commons.wikimedia.org/wiki/Special:FilePath/Reitwein%20Ehrenfriedhof.jpg","HTTP 429"
"8f982d17-3f1f-4b23-af5a-66c8cf6ed5a2","Original Coffee","https://www.originalcoffee.dk/wp-content/uploads/2023/01/original-coffee-torvehallerne-kbh-2.jpg","HTTP 400"
"8fd8f63e-11c7-4f96-8314-29c44beab459","Besançon Cathedral","http://commons.wikimedia.org/wiki/Special:FilePath/Cath%C3%A9drale%20Saint-Jean%20Besan%C3%A7on.jpg","HTTP 429"
"8fdd9f63-57b1-4185-9a29-47cd0425d07c","Cimitero Monumentale della Misericordia, Antella","http://commons.wikimedia.org/wiki/Special:FilePath/Cimiteroantella.jpg","HTTP 429"
"8f5e856c-c999-4d55-908c-71520d7a373d","Edgar Holloway House","http://commons.wikimedia.org/wiki/Special:FilePath/Edgar%20Holloway%20House%2C%207539%20Eigleberry%20St.%2C%20Gilroy%2C%20CA%209-23-2012%202-50-02%20PM.JPG","HTTP 429"
"8f5dff40-374a-4488-84d9-0a0fefa0c469","Tumulus op der Schanz","http://commons.wikimedia.org/wiki/Special:FilePath/Tumulus%20Altrier%202011-08.JPG","HTTP 429"
"8f65e5b0-61c0-4bd7-9c24-da7b5a5ad171","World War I Cemetery nr 8 in Nowy Żmigród","http://commons.wikimedia.org/wiki/Special:FilePath/Nowy%20%C5%BBmigr%C3%B3d%2C%20cmentarz%20wojenny%20nr%208%20%28HB1%29.jpg","HTTP 429"
"8fea4984-0c67-4107-a8d1-87b00ec9d5b6","MARKEY'S","https://img.vago.to/places/cover/v1/8f/ea/8fea4984-0c67-4107-a8d1-87b00ec9d5b6.jpg","HTTP 404"
"9012fdf7-d745-445c-ad51-131f6b8303eb","Здание Иркутского областного краеведческого музея","http://commons.wikimedia.org/wiki/Special:FilePath/%D0%98%D1%80%D0%BA%D1%83%D1%82%D1%81%D0%BA.%20%D0%9A%D1%80%D0%B0%D0%B5%D0%B2%D0%B5%D0%B4%D1%87%D0%B5%D1%81%D0%BA%D0%B8%D0%B9%20%D0%BC%D1%83%D0%B7%D0%B5%D0%B9%203.JPG","HTTP 429"
"9039ae98-81bd-442b-8ebe-6f368c33e028","Flaybrick Memorial Gardens","http://commons.wikimedia.org/wiki/Special:FilePath/Chapels%20at%20Flaybrick%20from%20the%20east.jpg","HTTP 429"
"9050e4c7-29b7-4ec9-bc6f-8cd64f35ca14","Protestant Cemetery, Rome","http://commons.wikimedia.org/wiki/Special:FilePath/Cimitero%20Acattolico%20Roma.jpg","HTTP 429"
"90625588-d923-419e-ae1d-07c4903ea3f7","Nouveau cimetière de Vesoul","http://commons.wikimedia.org/wiki/Special:FilePath/Vesoul%20Nouveau%20cimeti%C3%A8re%202.jpg","HTTP 429"
"906a6bcc-c60b-4cba-a091-4b79744d09b4","Terrein waarin zes grafheuvels","http://commons.wikimedia.org/wiki/Special:FilePath/Grafheuvels%20in%20het%20Eeserveld.jpg","HTTP 429"
"9010e182-30c3-465a-b50a-b6742dd2ea14","Hypo Alpe-Adria-Center","http://commons.wikimedia.org/wiki/Special:FilePath/Hypo%20Group%20Alpe%20Adria%20Geb%C3%A4ude.JPG","HTTP 429"
"90112d73-25f2-4efe-b24b-a096c21dea73","Morton H. Meyerson Symphony Center","http://commons.wikimedia.org/wiki/Special:FilePath/Dallas%20Meyerson%20Center%2002.jpg","HTTP 429"
"9057b190-b660-4cbd-8929-33abe2782696","Darsena","http://commons.wikimedia.org/wiki/Special:FilePath/Genova%20-%20stazione%20metropolitana%20Darsena.jpg","HTTP 429"
"9029423d-032d-4abb-948f-668d56bda8f4","Almaty International Airport","http://commons.wikimedia.org/wiki/Special:FilePath/ALMATY%20AIRPORT%20-%20panoramio.jpg","HTTP 429"
"90edffd1-554a-4718-8714-7b679ef59a76","Studio Arhoj","https://img.vago.to/places/cover/v1/90/ed/90edffd1-554a-4718-8714-7b679ef59a76.jpg","HTTP 404"
"90ee4b4b-be09-45a1-a32d-d5dcc11f8af1","Arry Communal Cemetery","http://commons.wikimedia.org/wiki/Special:FilePath/Arry%20Communal%20Cemetery.JPG","HTTP 429"
"90d280cf-269a-45ba-a975-736ae92bd417","Thilloy Road Cemetery","http://commons.wikimedia.org/wiki/Special:FilePath/Thilloy%20Road%20Cemetery%2017.jpg","HTTP 429"
"909e5a99-adaa-4d1c-9e16-c40f41afb6a8","City of Angels","http://commons.wikimedia.org/wiki/Special:FilePath/Beslan%20Gorod%20Angelov.jpg","HTTP 429"
"90ce3181-6eaa-45b4-ae1f-751e35f5e6db","Coleman–Scott House","http://commons.wikimedia.org/wiki/Special:FilePath/Coleman-Scott%20House%20-%20Portland%20Oregon.jpg","HTTP 429"
"90da142d-1e3f-4b1f-a023-ce3137d02780","Colegio de Areneros","http://commons.wikimedia.org/wiki/Special:FilePath/ICADE%20%28Alberto%20Aguilera%2023%2C%20Madrid%29%2001.jpg","HTTP 429"
"90d660f4-79e4-454f-820b-6a7044b7fa87","Tourcoing (Pont-Neuville) Communal Cemetery","http://commons.wikimedia.org/wiki/Special:FilePath/Tourcoing%20%28Pont-Neuville%29%20Communal%20Cemetery%20-1.jpg","HTTP 429"
"913ed944-f743-4123-bbfa-14eaebab8638","Santa Maria dei Miracoli, Venice","http://commons.wikimedia.org/wiki/Special:FilePath/Santa%20Maria%20dei%20Miracoli%20%28facciata%29.jpg","HTTP 429"
"912602a0-a9f0-46d0-bd6f-08c178f9f809","Richard and Geraldine Hodgson House","http://commons.wikimedia.org/wiki/Special:FilePath/NewCanaanCT%20HodgsonHouse.jpg","HTTP 429"
"9113b23f-9dba-43d4-bace-bc88c3255efc","United States Post Office","http://commons.wikimedia.org/wiki/Special:FilePath/WaverlyPO.JPG","HTTP 429"
"912ef90b-aa36-45ed-998c-76efbd071881","Sixth ENI Office Building","http://commons.wikimedia.org/wiki/Special:FilePath/VI%20Palazzo%20uffici%20ENI%20lato%20via%20Emilia%20%287%20dicembre%202019%29.jpg","HTTP 429"
"912bcf26-70ae-4c97-9c4f-fb3839692b4b","Cemetery of Saint-Louis, Versailles","http://commons.wikimedia.org/wiki/Special:FilePath/Versailles%2C%20Cimeti%C3%A8re%20Saint-Louis%2C%20Entr%C3%A9e.jpg","HTTP 429"
"9127ed76-5fce-4703-9691-b7d8dd52deaf","Litomyšl Chateau","http://commons.wikimedia.org/wiki/Special:FilePath/Litomysl%20zamek.jpg","HTTP 429"
"9116426a-d2f2-4255-ba95-97329df46846","Алтуфьевское кладбище","http://commons.wikimedia.org/wiki/Special:FilePath/Altufyevo%20dam%20%281%29.jpg","HTTP 429"
"913de10c-cfd0-4f92-9804-e9fc23b0d787","Invalids' Cemetery","http://commons.wikimedia.org/wiki/Special:FilePath/Invalidenfriedhof.jpg","HTTP 429"
"918eee73-6662-47b1-9567-521e2892bc18","Calvary Cemetery","http://commons.wikimedia.org/wiki/Special:FilePath/LIE%20Calvary%20Cem%20jeh.jpg","HTTP 429"
"91f07646-a41a-4b63-9d43-b90bf656ac4f","Elmwood Cemetery","http://commons.wikimedia.org/wiki/Special:FilePath/Elmwood.jpg","HTTP 429"
"9194a736-8239-47cc-8902-f5f53f017f11","Oost-Cappel Churchyard","http://commons.wikimedia.org/wiki/Special:FilePath/Oost-Cappel%20Churchyard%20-4.JPG","HTTP 429"
"91b77098-157e-4701-99aa-b5f11c3bb4f9","Saxon Palace","http://commons.wikimedia.org/wiki/Special:FilePath/Place%20de%20Saxe.jpg","HTTP 429"
"917a72ae-4a6d-423d-a1ef-add780c34b83","United States Post Office","http://commons.wikimedia.org/wiki/Special:FilePath/US%20Post%20Office-Morrisania%2C%20442%20E.%20167th%20St.%20Morrisania%2C%20Bronx%20County%2C%20New%20York.JPG","HTTP 429"
"9262673a-faf5-43c1-a39a-b875cb2cab32","FamilyMart; Lake Kawaguchi Forest Mall","https://img.vago.to/places/cover/v1/92/62/9262673a-faf5-43c1-a39a-b875cb2cab32.jpg","HTTP 404"
"921ef332-205a-48cc-8daf-d4dc27ddfbee","Пуща-Водицкое кладбище","http://commons.wikimedia.org/wiki/Special:FilePath/%D0%9F%D1%83%D1%89%D0%B5-%D0%92%D0%BE%D0%B4%D0%B8%D1%86%D1%8C%D0%BA%D0%B5%20%D0%BA%D0%BB%D0%B0%D0%B4%D0%BE%D0%B2%D0%B8%D1%89%D0%B5.jpg","HTTP 429"
"923e400c-3576-421b-9f3d-fc5bec41453b","Annœullin cemetery","http://commons.wikimedia.org/wiki/Special:FilePath/Annoeullin%20Communal%20Cemetery-3.JPG","HTTP 429"
"924d53be-c36a-4166-9306-448a7df79f2c","Cemetery of Kings","http://commons.wikimedia.org/wiki/Special:FilePath/Vue%20cimetiere%20rois.jpg","HTTP 429"
"92305e40-3eee-44c2-9424-def749c8e589","Адміністрацыйны будынак ЦНДІТК","http://commons.wikimedia.org/wiki/Special:FilePath/Ministry%20of%20industry%20of%20Belarus%201.jpg","HTTP 429"
"929b946b-6e00-44a6-886a-81804f51688e","Montbell","https://img.vago.to/places/cover/v1/92/9b/929b946b-6e00-44a6-886a-81804f51688e.jpg","HTTP 404"
"92cafaaf-0c73-4a2c-8f5b-bd6874302949","Hayashida","https://example.com/hayashida.jpg","HTTP 404"
"92b6daa0-583e-4046-b4b8-70802a7fd2c8","Royal Tombs of Selca e Poshtme","http://commons.wikimedia.org/wiki/Special:FilePath/Selca%20e%20Poshtme%20Tombs1-3.jpg","HTTP 429"
"92b3e41c-6007-4cc1-bcab-374a5d2bbc48","Gibsonville School","http://commons.wikimedia.org/wiki/Special:FilePath/Gibsonville%20School.jpg","HTTP 429"
"929b37b2-0c9d-48b8-9ad1-6b882981e384","Kinoveevskoe cemetery","http://commons.wikimedia.org/wiki/Special:FilePath/%D0%9A%D0%B8%D0%BD%D0%BE%D0%B2%D0%B5%D0%B5%D0%B2%D1%81%D0%BA%D0%BE%D0%B5%20%D0%BA%D0%BB%D0%B0%D0%B4%D0%B1%D0%B8%D1%89%D0%B5.jpg","HTTP 429"
"92907f2c-73c6-4787-aa10-44e9bd4cbf0a","Palác Adria","http://commons.wikimedia.org/wiki/Special:FilePath/Pal%C3%A1c%20Adria%2C%20Liberec.jpg","HTTP 429"
"92773696-7a1c-46f8-a2f3-72e96dc4b29a","Tumulus of Aineffe","http://commons.wikimedia.org/wiki/Special:FilePath/Faimes-Tumulus%20van%20Aineffe%20%281%29.JPG","HTTP 429"
"92a3554c-10f5-43df-8f87-d2c30263591c","Hermelsbacher Friedhof","http://commons.wikimedia.org/wiki/Special:FilePath/SI%20Hermelsbacher%20Friedhof%20Graeberfeld%2001.jpg","HTTP 429"
"92ad8845-b764-4003-8397-d17689fada82","Hauptsitz Möbelfirma Vitra - Vitra-Center","http://commons.wikimedia.org/wiki/Special:FilePath/Vitra%20Birsfelden.jpg","HTTP 429"
"9307f433-55cc-4104-b83c-cd182d29c13f","The Alyscamps","http://commons.wikimedia.org/wiki/Special:FilePath/Les%20Alyscamps%20Arles.JPG","HTTP 429"
"93191d97-cb66-40fe-85d3-31352329b820","De Rots","http://commons.wikimedia.org/wiki/Special:FilePath/Hertzberger%20Centraal%20Beheer1.jpg","HTTP 429"
"931e5954-1000-4bc2-9a82-42280679992d","Qurnet Murai","http://commons.wikimedia.org/wiki/Special:FilePath/QurnatMuraiVillage.jpg","HTTP 429"
"9324931a-63e1-4008-986f-e90d2c288e28","Breda Tower","http://commons.wikimedia.org/wiki/Special:FilePath/MI-Milano-1959-piazza-della-Repubblica-grattacielo.jpg","HTTP 429"
"9306b88c-a517-490b-99ab-686608bce810","Former Tokyo Metropolitan Government Building","http://commons.wikimedia.org/wiki/Special:FilePath/Tokyo%20Metropolitan%20Government%20Building%20circa%201960.jpg","HTTP 429"
"92e13026-820a-4f96-866b-53a305778f6c","Caballero Rivero Woodlawn Park North Cemetery and Mausoleum","http://commons.wikimedia.org/wiki/Special:FilePath/Caballero%20Rivero%20Woodlawn%20North%20Cemetery%2C%20Little%20Havana%2C%20Miami%2C%20Florida%202021%20-%2002.jpg","HTTP 429"
"930a4cd5-055c-4ca2-a7a9-05f542a7f54f","Mennonite cemetery in Hamburg-Altona","http://commons.wikimedia.org/wiki/Special:FilePath/MennonitenfriedhofAltona3.JPG","HTTP 429"
"9350a88b-bc4f-4754-8732-d313d4f458f0","Lille Bakery","https://img.vago.to/places/cover/v1/93/50/9350a88b-bc4f-4754-8732-d313d4f458f0.jpg","HTTP 404"
"939bf982-7fa6-449f-8a1b-20a886238188","Nieppe Communal Cemetery","http://commons.wikimedia.org/wiki/Special:FilePath/Nieppe%20Communal%20Cemetery%201.JPG","HTTP 429"
"933503b5-bf48-4c7b-9b7c-ca9a03242430","Bourse départementale du travail","http://commons.wikimedia.org/wiki/Special:FilePath/Bobigny%2C%20plaquette%20Bourse%20d%C3%A9partementale%20de%20travail.JPG","HTTP 429"
"93870f4a-9c88-42a3-9425-2ee6426d42e6","Bargello National Museum","http://commons.wikimedia.org/wiki/Special:FilePath/Palazzo%20del%20bargello%20visto%20da%20piazza%20san%20firenze.JPG","HTTP 429"
"9416ff1d-cdff-41a2-800c-4263182d5438","Soviet prisoners of war and soldiers cemetery in Zambrów","http://commons.wikimedia.org/wiki/Special:FilePath/Zambrow123.jpg","HTTP 429"
"93be8c8f-e9d6-4e5b-b231-8b1b73ab0b14","La Chacarita Cemetery","http://commons.wikimedia.org/wiki/Special:FilePath/Cementerio%20de%20La%20Chacarita%2001.JPG","HTTP 429"
"943d86c8-7e87-4e46-87d5-be98748602e9","Ramen Jiro Mita Honten","https://example.com/ramen_jiro_mita.jpg","HTTP 404"
"9458fc66-ab92-4fc0-8dd2-73b16a9977fd","St Mark's Clocktower","http://commons.wikimedia.org/wiki/Special:FilePath/St%20Mark%27s%20Clocktower%202.jpg","HTTP 429"
"94224b23-79de-4970-80fd-07965e597fcf","First Congregational Church and Cemetery","http://commons.wikimedia.org/wiki/Special:FilePath/LewisNY%20FirstCongregationalChurch.jpg","HTTP 429"
"943c48a8-891e-44b3-acfd-f6b433b79700","The Sackler Wing","http://commons.wikimedia.org/wiki/Special:FilePath/Central%20Park%20New%20York%20August%202013%20002.jpg","HTTP 429"
"94305ce4-08ed-4293-aafa-85b7f6b707a7","Mount of Olives Jewish Cemetery","http://commons.wikimedia.org/wiki/Special:FilePath/Mount%20of%20olives.jpg","HTTP 429"
"943e30a1-6448-4e22-a9f7-2e9ef59f2471","中山王墓","http://commons.wikimedia.org/wiki/Special:FilePath/Zhongshan%20Zhaoyutu.jpg","HTTP 429"
"9478ec5e-fe75-40d1-b744-4c49519302b3","Dolmabahçe Palace","http://commons.wikimedia.org/wiki/Special:FilePath/Palacio%20de%20Dolmabah%C3%A7e%2C%20Estambul%2C%20Turqu%C3%ADa%2C%202024-09-29%2C%20DD%2024.jpg","HTTP 429"
"94af95d1-7951-46de-871e-acb5301394af","House of the Black Madonna","http://commons.wikimedia.org/wiki/Special:FilePath/Praha%20d%C5%AFm%20U%20%C4%8Cern%C3%A9%20Matky%20Bo%C5%BE%C3%AD%201.jpg","HTTP 429"
"94cb0633-13ff-4cce-9d2f-be4cb7f93d34","Russischer Friedhof auf dem Neroberg","http://commons.wikimedia.org/wiki/Special:FilePath/Wiesbaden%20Russischer%20Friedhof%20Eingangstor%202.jpg","HTTP 429"
"94905226-5e1a-4666-bc50-8f0cdf908ec2","Church of Notre-Dame-de-Bonsecours","http://commons.wikimedia.org/wiki/Special:FilePath/Nancy%20%C3%89glise%20de%20Notre-Dame-de-Bonsecours.jpg","HTTP 429"
"9493d647-5425-40a3-9df0-2126adffb38f","Oxon Hill Manor","http://commons.wikimedia.org/wiki/Special:FilePath/Oxon%20Hill%20Manor%20Dec%2010.JPG","HTTP 429"
"94c37c7b-d913-4d88-9e43-f5904bbfd9aa","Great Glasshouse","http://commons.wikimedia.org/wiki/Special:FilePath/Great%20Glass%20House.jpg","HTTP 429"
"949a2c1b-b85a-40cd-bbc1-b4cd276e37ab","Silwan necropolis","http://commons.wikimedia.org/wiki/Special:FilePath/Monolith-3%2C%20the%20so-called%20%22Tomb%20of%20Pharaoh%27s%20Daughter%22%20%E2%80%931.jpg","HTTP 429"
"9492db22-3057-40d8-8681-f8ba1440fc78","Beuvry Communal Cemetery","http://commons.wikimedia.org/wiki/Special:FilePath/Beuvry%20Communal%20Cemetery%204.JPG","HTTP 429"
"948056d0-9487-46f2-9eca-5d03695b28fd","World War I Cemetery nr 60 in Przełęcz Małastowska","http://commons.wikimedia.org/wiki/Special:FilePath/I%20wojny%20%C5%9Bwiatowej%20na%20prze%C5%82.%20Ma%C5%82astowskiej%20%28Magura%20Ma%C5%82.%29%20-%20gmina%20S%C4%99kowa%2C%20pow.%20Gorlice%2C%20woj.%20M%C5%82p.%20%283%29.JPG","HTTP 429"
"94aa7fd9-3a33-4d68-9ac8-4dcbed691a55","Clairmarais Churchyard","http://commons.wikimedia.org/wiki/Special:FilePath/Clairmarais%20%28Pas-de-Calais%2C%20Fr%29%20tombes%20de%20guerre%20de%20la%20CWGC.JPG","HTTP 429"
"95c32f0c-8630-4a8c-88d0-2a8f9c1352bb","Afuri Ramen","https://example.com/afuri.jpg","HTTP 404"
"95a5457b-cda5-441c-a12a-34dc3ccb0a4c","Wat Tung Yu","https://img.vago.to/places/cover/v1/95/a5/95a5457b-cda5-441c-a12a-34dc3ccb0a4c.jpg","HTTP 404"
"958fc084-b03c-4572-8ec0-c4a0070f0b3b","Bush Stadium","http://commons.wikimedia.org/wiki/Special:FilePath/Bush%20Stadium%20Indianapolis.JPG","HTTP 429"
"95252ccd-46a3-42d8-a669-47d2f25b91c6","Protestant Cemetery, Vilnius","http://commons.wikimedia.org/wiki/Special:FilePath/Evangelical%20cemetery%20in%20Vilnius.jpg","HTTP 429"
"9564bc8c-0525-4308-a62d-6a18397dd20a","Matsumoto Performing Arts Centre","http://commons.wikimedia.org/wiki/Special:FilePath/Matsumoto%20Performing%20Arts%20Centre%202010.jpg","HTTP 429"
"95632608-7c8c-495d-b0b6-0f943bc01608","Łódź Jewish Cemetery","http://commons.wikimedia.org/wiki/Special:FilePath/Jewish%20cemetery%20Lodz%20IMGP6373.jpg","HTTP 429"
"955305d1-480f-4c5e-9590-42b05af8fd7f","Pinacoteca Giovanni e Marella Agnelli","http://commons.wikimedia.org/wiki/Special:FilePath/Ls%20Pinacoteca%20Giovanni%20e%20Marella%20Agnelli%20progettata%20da%20Renzo%20Piano.jpg","HTTP 429"
"954035f3-ea50-4bd8-80e5-0c140c90b088","St. Maria im Kapitol","http://commons.wikimedia.org/wiki/Special:FilePath/Mariaamkapitol%2016-02-2009%2015-36-21.JPG","HTTP 429"
"962f15d3-d736-412b-975b-9f72005896c9","Nomad Coffee Roaster's Home","https://example.com/nomadcoffee.jpg","HTTP 404"
"95cecf96-2067-462c-b05b-5322d0bdbc8d","Mawangdui","http://commons.wikimedia.org/wiki/Special:FilePath/Mawangduihanmu.jpg","HTTP 429"
"964d900f-d504-4ddc-a0a8-9e281fdb7a2f","Komische Oper Berlin","http://commons.wikimedia.org/wiki/Special:FilePath/Berlin%2C%20Mitte%2C%20Behrenstra%C3%9Fe%2C%20Komische%20Oper%2002.jpg","HTTP 429"
"96c28c99-a586-41c5-816d-2b2b94b8979e","Fàbrica Albiñana Ribas","http://commons.wikimedia.org/wiki/Special:FilePath/Antiga%20f%C3%A0brica%20Albi%C3%B1ana%20Ribas%2C%20c.%20Sant%20Gaiet%C3%A0.jpg","HTTP 429"
"96bef4c5-582c-477f-9729-2b2f9f1fb778","Engine Company 16-Truck Company 3","http://commons.wikimedia.org/wiki/Special:FilePath/Fire%20station%20near%20K%20Street%20on%2013th%20Street%2C%20Washington%2C%20D.C%20LCCN2011636199.tif","HTTP 429"
"969e2dce-efd9-408e-b78e-857179d8a605","St. Sebastian's Cemetery","http://commons.wikimedia.org/wiki/Special:FilePath/Sebastiansfriedhof%20salzburg%203.jpg","HTTP 429"
"96e189b9-1e4a-430c-b849-1169e93a3d76","Zudausques Churchyard","http://commons.wikimedia.org/wiki/Special:FilePath/013%20%C3%A9glise%20St%20Omer%20de%20Zudausques%20%28%2062500%20%29.JPG","HTTP 429"
"96c5e8aa-22a0-4588-875b-595828193c0e","Antwerp-Central railway station","http://commons.wikimedia.org/wiki/Special:FilePath/Antwerpen%20Centraal%20station%2012-07-2010%2014-04-17.JPG","HTTP 429"
"96d4f1ab-db60-4747-a4dc-308bcf193143","St. Hallvard's Church and Monastery","http://commons.wikimedia.org/wiki/Special:FilePath/StHallvard1.JPG","HTTP 429"
"96c4120d-af5e-46ac-ac00-70319f4105b4","Gent-Sint-Pieters railway station","http://commons.wikimedia.org/wiki/Special:FilePath/Sint-Pietersstation.jpg","HTTP 429"
"9664754e-ce84-487b-8073-c1dfdaf05a7b","Rabenhauptschool","http://commons.wikimedia.org/wiki/Special:FilePath/20090625%20Grafisch%20Museum%20Groningen%20NL.jpg","HTTP 429"
"9758673a-8fc0-4196-a2ee-4f4e400b1f7e","Forest Hill Cemetery","http://commons.wikimedia.org/wiki/Special:FilePath/Forest%20Hill%20Cemetery%20Gatehouse.JPG","HTTP 429"
"97348635-651e-4ac5-a52c-13555926b73f","Santa Maria dell'Anima","http://commons.wikimedia.org/wiki/Special:FilePath/Santa%20Maria%20del%20Anima%20I.jpg","HTTP 429"
"9765f2b8-053c-4ee4-878a-91ad679d0ba0","Palazzo del Te","http://commons.wikimedia.org/wiki/Special:FilePath/Palazzo%20te%2C%20loggia%20di%20david%2003.jpg","HTTP 429"
"97b5e013-3b9b-4ed2-8b71-7a2d77218cbd","The Bund","https://img.vago.to/places/cover/v1/97/b5/97b5e013-3b9b-4ed2-8b71-7a2d77218cbd.jpg","HTTP 404"
"97d7331d-fe15-4bec-b643-bb6e09d3e90a","La Esquinica","https://example.com/la_esquinica.jpg","HTTP 404"
"9800f907-02e0-4a0b-8bb3-0ffe1dc60964","School of Arts and Crafts of Toledo","http://commons.wikimedia.org/wiki/Special:FilePath/Escuela%20de%20Artes%20y%20Oficios%20Art%C3%ADsticos%2C%20Toledo%20%289183009312%29.jpg","HTTP 429"
"97b9b5ad-dfee-4295-a3af-6f2dec0d5f80","Wells Fargo Center","http://commons.wikimedia.org/wiki/Special:FilePath/Wells%20Fargo%20Center%2C%20Denver%2C%20at%20Sunset.jpg","HTTP 429"
"98050286-c2ab-4ee2-9778-46e07a697e16","United States Post Office","http://commons.wikimedia.org/wiki/Special:FilePath/Delmar%2C%20NY%2C%20post%20office.jpg","HTTP 429"
"97da961a-b0c4-468f-81e2-3aed5a303eb1","Barbican Estate","http://commons.wikimedia.org/wiki/Special:FilePath/Barbican%20towers.jpg","HTTP 429"
"97b5efb5-6d0a-4874-a5a0-b23e939fc1f3","Christ Church and Manlius Village Cemeteries","http://commons.wikimedia.org/wiki/Special:FilePath/Manlius%20village%20cemetery.jpg","HTTP 429"
"9823172c-032e-4c8e-bb38-19782816336f","Hauptfriedhof Scheib","http://commons.wikimedia.org/wiki/Special:FilePath/Hauptfriedhof%20Scheib%2020.jpg","HTTP 429"
"98a5f391-e375-4f2d-8e28-602712b06d1b","King Edward Hotel","http://commons.wikimedia.org/wiki/Special:FilePath/Jackson%20December%202018%2025%20%28King%20Edward%20Hotel%29.jpg","HTTP 429"
"98ae29a4-515b-4fc5-a3ac-5256232f5c9d","Presidential Palace","http://commons.wikimedia.org/wiki/Special:FilePath/Warsaw%20Presidential%20Palace%20%2822248p%29.jpg","HTTP 429"
"980d245a-4e28-4fe6-9f95-8ee86422d77e","World War I Cemetery nr 387 in Kraków","http://commons.wikimedia.org/wiki/Special:FilePath/WWI%2C%20Military%20cemetery%20No.%20387%20Krak%C3%B3w%2C%2055%20Miodowa%20street%2C%20Kazimierz%2C%20Krak%C3%B3w%2C%20Poland.jpg","HTTP 429"
"982da665-e6f1-4dca-a126-443d0c94dea2","Sakai City Semboku Suemura Archaeological Museum","http://commons.wikimedia.org/wiki/Special:FilePath/%E5%A4%A7%E9%98%AA%E5%BA%9C%E7%AB%8B%E6%B3%89%E5%8C%97%E8%80%83%E5%8F%A4%E8%B3%87%E6%96%99%E9%A4%A8.jpg","HTTP 429"
"987b9743-875d-4c6f-8e37-0aa249815964","necropolis of Pantalica","http://commons.wikimedia.org/wiki/Special:FilePath/Nekropolis%20von%20Pantalica.jpg","HTTP 429"
"98978588-0220-45d8-affe-50cac5602a51","Billy-Berclau Communal Cemetery","http://commons.wikimedia.org/wiki/Special:FilePath/Billy-Berclau%20%28Pas-de-Calais%29%20tombes%20de%20guerre%20de%20la%20CWGC.JPG","HTTP 429"
"98c8c992-8c3e-4e6b-ae80-42d98f0ccedb","Weinberg","http://commons.wikimedia.org/wiki/Special:FilePath/Ungef%C3%A4hre%20Position%20vom%20Weinberg%20wo%20die%20Hoenborg%20gewesen%20sein%20soll%20%28Flensburg%202014%29.JPG","HTTP 429"
"992c03f7-e922-4fdf-9349-fcf8f971774a","Austrian Postal Savings Bank","http://commons.wikimedia.org/wiki/Special:FilePath/Wien%20-%20%C3%96sterreichische%20Postsparkasse%2C%20Georg-Coch-Platz.JPG","HTTP 429"
"994653e1-3869-4300-b317-715a3a9759ed","Gemeentehuis van Vlezenbeek","http://commons.wikimedia.org/wiki/Special:FilePath/Gemeenteplein%201%2C%20Vlezenbeek.JPG","HTTP 429"
"98f1bbaa-f715-4758-9a5e-0d5fb8cff38d","Alexander K. McClure School","http://commons.wikimedia.org/wiki/Special:FilePath/McClure%20School%20Philly.JPG","HTTP 429"
"999182db-99cc-4513-9dfc-d416fe0817ac","Eight Days A Week Cool Muang","https://img.vago.to/places/cover/v1/99/91/999182db-99cc-4513-9dfc-d416fe0817ac.jpg","HTTP 404"
"99497fbc-6e81-4814-9ade-09110760d7b3","Alte Synagoge","http://commons.wikimedia.org/wiki/Special:FilePath/Heilbronn%20Synagoge%201900.jpg","HTTP 429"
"999b4737-4e79-4028-a9e5-40f29bde0859","Cemetery Sant'Orsola","http://commons.wikimedia.org/wiki/Special:FilePath/Chapel%20of%20the%20family%20Falcone.jpg","HTTP 429"
"994da896-1b6e-4124-9474-13c1829ff346","Ohlsdorf Cemetery","http://commons.wikimedia.org/wiki/Special:FilePath/Hh-friedhof-ohlsdorf-verwaltung.jpg","HTTP 429"
"999a66ce-0470-49b5-9e56-ea3105b0760c","Immacolata church","http://commons.wikimedia.org/wiki/Special:FilePath/Ronzone%2C%20chiesa%20dell%27Immacolata%2001.jpg","HTTP 429"
"99ab7770-138d-449a-81c5-b1c5dc43112b","Begraafplaats Sint Barbara","http://commons.wikimedia.org/wiki/Special:FilePath/Begraafplaats%20Sint%20Barbara%20Utrecht%20C07082012%2017.JPG","HTTP 429"
"9a2cff86-f67a-42d0-ae98-1a200aa252c7","Minsk Cathedral Mosque","http://commons.wikimedia.org/wiki/Special:FilePath/New%20Minsk%20mosque%20p03.jpg","HTTP 429"
"99cb63c2-f083-4847-a03f-b2ca15d3c215","cemetery of Terre Cabade","http://commons.wikimedia.org/wiki/Special:FilePath/31%20-%20Toulouse%20-%20Entr%C3%A9e%20du%20cimeti%C3%A8re%20de%20Terre-Cabade%20-%20M%C3%A9rim%C3%A9ePA31000114.jpg","HTTP 429"
"999fcdfd-ae9e-40eb-999f-64d863ef1dbb","Wielsbeke Communal Cemetery","http://commons.wikimedia.org/wiki/Special:FilePath/Wielsbeke%2002.JPG","HTTP 429"
"9a37a553-1756-44e1-9537-1d0897a2d032","United States Post Office–Lewiston Main","http://commons.wikimedia.org/wiki/Special:FilePath/United%20States%20Post%20Office%2C%20Lewiston%20ME.jpg","HTTP 429"
"9a1af341-bea8-49ca-9566-2fcb3226ec00","Ještěd","http://commons.wikimedia.org/wiki/Special:FilePath/Liberec%2C%20Soukenn%C3%A9%20n%C3%A1m%C4%9Bst%C3%AD%2C%20OD%20Je%C5%A1t%C4%9Bd.jpg","HTTP 429"
"9a6d0ff9-7193-4010-86a6-58f548554dec","Hart Bageri","https://lh3.googleusercontent.com/p/AF1QipNlY8z7zG_1g0Jq68f7p1q962NqG32rW0z5wUf=s680-w680-h510","HTTP 400"
"9a491d71-8bd6-4b04-aa0e-a886ab7ce918","Mountain Dwellings","https://img.vago.to/places/cover/v1/9a/49/9a491d71-8bd6-4b04-aa0e-a886ab7ce918.jpg","HTTP 404"
"9a40c72b-b193-4192-ba0a-a3304d15d048","Terrein waarin 5 grafheuvels en een urnenveld","http://commons.wikimedia.org/wiki/Special:FilePath/Grafheuvel%2045167.JPG","HTTP 429"
"9a8988c0-c05f-41a6-b1c0-496f7f6bc12d","Gran Torre Costanera","http://commons.wikimedia.org/wiki/Special:FilePath/Gran%20Torre%20Costanera%2C%20windows%20cleaning.jpg","HTTP 429"
"9a6bcff5-092b-42d9-93ff-f1e551e8b512","Friedhof Chrochrjakowskoje","http://commons.wikimedia.org/wiki/Special:FilePath/%D0%9D%D0%B0%D0%B4%D0%B3%D1%80%D0%BE%D0%B1%D0%BD%D1%8B%D0%B9%20%D0%BF%D0%B0%D0%BC%D1%8F%D1%82%D0%BD%D0%B8%D0%BA%20%D0%BD%D0%B0%20%D0%A5%D0%BE%D1%85%D1%80%D1%8F%D0%BA%D0%BE%D0%B2%D1%81%D0%BA%D0%BE%D0%BC%20%D0%BA%D0%BB%D0%B0%D0%B4%D0%B1%D0%B8%D1%89%D0%B5%20%D0%98%D0%B6%D0%B5%D0%B2%D1%81%D0%BA%D0%B0.jpg","HTTP 429"
"9a381815-a04e-4df5-b898-8bed28a64569","World War I Cemetery nr 57 in Uście Gorlickie","http://commons.wikimedia.org/wiki/Special:FilePath/57UscieGorlickie0.jpg","HTTP 429"
"9a6459c4-cba6-4de9-8804-8dd6bd8f0766","Old Killingly High School","http://commons.wikimedia.org/wiki/Special:FilePath/Old%20Killingly%20High%20School%2C%20Danielson%20CT.jpg","HTTP 429"
"9b60039c-6094-4c13-a6af-220c96f8e651","Otaru Denuki Koji","https://img.vago.to/places/cover/v1/9b/60/9b60039c-6094-4c13-a6af-220c96f8e651.jpg","HTTP 404"
"9af117f9-cc93-4e6f-9180-ff65daad3401","Rhenish Mission Church","http://commons.wikimedia.org/wiki/Special:FilePath/Namibia%20-%20Rhenish%20Mission%20Church%20and%20Cementery%2007.jpg","HTTP 429"
"9b13f92a-f058-492c-9465-ef0ebc0e0b0c","Joseph Giraud House","http://commons.wikimedia.org/wiki/Special:FilePath/JOSEPH%20GIRAUD%20HOUSE%2C%20RENO%2C%20WASHOE%20COUNTY.jpg","HTTP 429"
"9b1fa6f6-902b-4cc0-9572-b001a1240ac3","CTF Finance Centre","http://commons.wikimedia.org/wiki/Special:FilePath/Guangzhou%20CTF%20Finance%20Centre%2002-10-2018.jpg","HTTP 429"
"9ad432c7-d2cd-4ec4-8e82-c0339d0730f1","Redtop","http://commons.wikimedia.org/wiki/Special:FilePath/Redtop%20%28Belmont%2C%20Massachusetts%29.JPG","HTTP 429"
"9b74ef4b-fea7-4b71-bf64-511756dc2b71","YWCA Building","http://commons.wikimedia.org/wiki/Special:FilePath/YWCA%20Building%20Peoria%20IL%209-27-2012%205-19-006.JPG","HTTP 429"
"9b79eae8-1b00-450a-b38e-a3c4891bb477","Ernst-Happel-Stadion","http://commons.wikimedia.org/wiki/Special:FilePath/Ernst-happel-stadion%20vienna.jpg","HTTP 429"
"9ba22d0b-bf72-41a3-9f65-6c100250962c","Südfriedhof","http://commons.wikimedia.org/wiki/Special:FilePath/Suedfriedhof%20Kiel%20Kapelle%20msu2017-9884.jpg","HTTP 429"
"9c34c2da-14a7-462c-baf6-a03a989b4dd4","Ten Belles","https://img.vago.to/places/cover/v1/9c/34/9c34c2da-14a7-462c-baf6-a03a989b4dd4.jpg","HTTP 404"
"9bf94537-74bb-44d9-a9a4-c10d524091ef","Great Synagogue","http://commons.wikimedia.org/wiki/Special:FilePath/Katowice%20Synagoge.jpg","HTTP 429"
"9be51154-704b-487a-b366-8a2810c8aaa0","Dr. David J. Loring Residence and Clinic","http://commons.wikimedia.org/wiki/Special:FilePath/Dr%20Loring%20House%20Valparaiso%20Indiana%201.JPG","HTTP 429"
"9c21dcf4-3f7b-4763-8881-b8275fefebc4","Pfarrkirche St Martin in Klagenfurt","http://commons.wikimedia.org/wiki/Special:FilePath/Klagenfurt%20-%20St%20Martin%20-%20Pfarrkirche1.JPG","HTTP 429"
"9c532a90-a563-4a27-9c8e-6ec0d966fe02","Munich Forest Cemetery","http://commons.wikimedia.org/wiki/Special:FilePath/Kriegsgr%C3%A4berst%C3%A4tte%20am%20Waldfriedhof%20des%20Volksbundes%20Deutsche%20Kriegsgr%C3%A4berf%C3%BCrsorge%20in%202020.jpg","HTTP 429"
"9be1a8d8-5fe6-4ceb-9fff-b2fe72e79594","Vladykino cemetery","http://commons.wikimedia.org/wiki/Special:FilePath/Moscow%2C%20entrance%20of%20Vladykinskoe%20Cemetery%20%2831193874735%29.jpg","HTTP 429"
"9c188599-de56-4704-9281-64521ddc4025","Cemitério Municipal de Santana","http://commons.wikimedia.org/wiki/Special:FilePath/Cemiterio%20chora%20menino.jpg","HTTP 429"
"9ca6a398-b009-4774-ae2c-fc19d788b19d","Louis Poulsen","https://img.vago.to/places/cover/v1/9c/a6/9ca6a398-b009-4774-ae2c-fc19d788b19d.jpg","HTTP 404"
"9c5c5c43-9c86-42ca-8c1e-1fc084aa04b9","Church of Colònia Güell","http://commons.wikimedia.org/wiki/Special:FilePath/Cripta%20G%C3%BCell02.jpg","HTTP 429"
"9cc5793f-53e1-4544-9c29-abe321bf2ef5","Mattmar 39:1","http://commons.wikimedia.org/wiki/Special:FilePath/H%C3%B6g%20Mattmar%2039%201.jpg","HTTP 429"
"9c932ed9-4c6d-4325-8cf4-f38f12397213","Bogorodskoje-kyrkogården","http://commons.wikimedia.org/wiki/Special:FilePath/Saint%20Nicholas%20Temple%20near%20Timokhovo.jpg","HTTP 429"
"9c8df26b-f760-4fd0-bb51-cab92fbf5305","Brühl Palace, Warsaw","http://commons.wikimedia.org/wiki/Special:FilePath/Brama%20Pa%C5%82acu%20Bruhla.JPG","HTTP 429"
"9cb4212b-a3ef-485a-8770-276d1d38a2fb","Bornova Anglican Cemetery","http://commons.wikimedia.org/wiki/Special:FilePath/Bornova%20%C4%B0ngiliz%20Mezarl%C4%B1%C4%9F%C4%B1%202.jpg","HTTP 429"
"9cc26dbc-7741-4cf4-a7f7-1cf36368f8c4","Tour Horizons","http://commons.wikimedia.org/wiki/Special:FilePath/Billancourt%E2%80%93Rives%20de%20Seine%2C%2092100%20Boulogne-Billancourt%2C%20France%20-%20panoramio%20%281%29.jpg","HTTP 429"
"9ca2b708-5b5c-4abc-8773-4f84286a08bb","Forest Hill Cemetery","http://commons.wikimedia.org/wiki/Special:FilePath/Bo%20Schembechler%20Grave%20Forest%20Hill%20Cemetery%202.JPG","HTTP 429"
"9d18ef53-aeba-4433-8fd6-dc99bacdd0ff","Early Owls","https://img.vago.to/places/cover/v1/9d/18/9d18ef53-aeba-4433-8fd6-dc99bacdd0ff.jpg","HTTP 404"
"9d090e87-4665-4455-b8ae-227ced87469c","Ramen Yashichi","https://tblg.k-img.com/restaurant/images/Rvw/123985/640x640_rect_123985513.jpg","HTTP 404"
"9d83bd0d-fe28-4587-8be5-cb9dd15072b9","Ramen Tokaiya","https://img.vago.to/places/cover/v1/9d/83/9d83bd0d-fe28-4587-8be5-cb9dd15072b9.jpg","HTTP 404"
"9d2454c0-0871-4363-8616-5348e0218148","Soviet Cemetery Weimar","http://commons.wikimedia.org/wiki/Special:FilePath/Russischer%20Friedhof%20im%20Park%20an%20der%20Ilm%20in%20Weimar.jpg","HTTP 429"
"9d44df2a-dd3d-4cda-8cae-41e70af6e6a3","Auberge d'Italie","http://commons.wikimedia.org/wiki/Special:FilePath/Auberge%20d%27Italie%2C%20Valletta%20003.jpg","HTTP 429"
"9d70ed3e-2367-4d7a-b58d-2ec752ecc121","Maximilianstraße 2, Loggia","http://commons.wikimedia.org/wiki/Special:FilePath/Maximilianstr2%20M%C3%BCnchen.jpg","HTTP 429"
"9cd99371-130d-4083-967f-c234fb831e8e","New Synagogue Brunswick","http://commons.wikimedia.org/wiki/Special:FilePath/Braunschweig%20Brunswick%20Synagoge%20%281899%29.jpg","HTTP 429"
"9d52f247-d62a-4715-8d59-1648effeecaa","Lukyanivske Military Cemetery","http://commons.wikimedia.org/wiki/Special:FilePath/%D0%92%D1%96%D0%B9%D1%81%D1%8C%D0%BA%D0%BE%D0%B2%D0%B8%D0%B9%20%D1%86%D0%B2%D0%B8%D0%BD%D1%82%D0%B0%D1%80.JPG","HTTP 429"
"9db67e60-0186-4c25-a3ad-e7dd7e2fec04","Delettes Communal Cemetery","http://commons.wikimedia.org/wiki/Special:FilePath/Delettes%20%28Pas-de-Calais%29%20tombe%20de%20guerre%20de%20la%20CWGC.JPG","HTTP 429"
"9df309cd-5e6f-4d6b-9a64-5c86c43949c0","Rodez Cathedral","http://commons.wikimedia.org/wiki/Special:FilePath/Cathedral%20Notre-Dame%20of%20Rodez%2009.jpg","HTTP 429"
"9dad4254-7a4b-45a5-8b0c-19145bf20ff8","Berwald Hall","http://commons.wikimedia.org/wiki/Special:FilePath/Berwaldhallen%202008.jpg","HTTP 429"
"9e1aba63-8ce9-4747-8425-5668ed8b5c5d","Paderborn Cathedral","http://commons.wikimedia.org/wiki/Special:FilePath/Paderborn%20Dom%20asv2024-05%20img13.jpg","HTTP 429"
"9e082a91-f21a-493c-b2a0-e085cd71cab2","Brighton Cemetery","http://commons.wikimedia.org/wiki/Special:FilePath/Brighton%20Cemetery.JPG","HTTP 429"
"9ed06b78-965a-4cd4-beab-39ee9c6776a0","Grotto Camping Ground North Comfort Station","http://commons.wikimedia.org/wiki/Special:FilePath/Grotto%20Campground%20N%20comfort%20sta%20NPS.jpg","HTTP 429"
"9e84b744-c732-462d-b9ce-b6027b4f987f","Zemun Cemetery","http://commons.wikimedia.org/wiki/Special:FilePath/Zemunsko%20groblje%20%282%29.JPG","HTTP 429"
"9e484ae6-51aa-4230-9189-ed110a982dfc","Calvary Cemetery","http://commons.wikimedia.org/wiki/Special:FilePath/Calvary%20Cemetery%20Chapel.jpg","HTTP 429"
"9e3e077b-1186-4bb5-bf5e-acb3ef0bd924","Jedleseer Friedhof","http://commons.wikimedia.org/wiki/Special:FilePath/Jedleseer-Friedhof-01-.jpg","HTTP 429"
"9eb37cdb-543c-4d07-8d4b-a807ea71840c","Makli Necropolis","http://commons.wikimedia.org/wiki/Special:FilePath/View%20of%20Makli%20by%20Usman%20Ghani%20%28cropped%29.jpg","HTTP 429"
"9e6415f0-cadb-4cd8-9a4b-6c627ea73b0c","Alter Friedhof","http://commons.wikimedia.org/wiki/Special:FilePath/Bad%20Honnef%20Alter%20Friedhof%20%282%29.jpg","HTTP 429"
"9ebcf8e7-6ad7-4a2e-8a07-7929e289e9e6","Franklin School","http://commons.wikimedia.org/wiki/Special:FilePath/LexingtonMA%20FranklinSchool.jpg","HTTP 429"
"9ef7f4d8-0481-4eba-926f-461ca038dac4","Green Mount Cemetery","http://commons.wikimedia.org/wiki/Special:FilePath/GreenmountCemeteryBaltimore.jpg","HTTP 429"
"9f3aee90-db16-4bae-ae78-0e8e47b26a52","Terrein waarin drie grafheuvels","http://commons.wikimedia.org/wiki/Special:FilePath/Rm%2045432%20terrein%20grafheuvels%20Heesch%20overzicht%20met%20bord.jpg","HTTP 429"
"9edf6f95-1196-4fda-ae87-68a0b21b8ae9","Piratini palace","http://commons.wikimedia.org/wiki/Special:FilePath/PalacioPiratini2.jpg","HTTP 429"
"9f20ff63-3f97-4450-b363-4cc1f96ff858","Bardwell–Ferrant House","http://commons.wikimedia.org/wiki/Special:FilePath/Bardwell-Ferrant%20House.jpg","HTTP 429"
"9ef4f2ae-ba88-40b8-8e3f-f0adec2c45b0","Parc1","http://commons.wikimedia.org/wiki/Special:FilePath/Yeouido%20Han%20River%20Park.jpg","HTTP 429"
"9f75d129-703e-40e5-ae1e-491fcab1f821","Jægersborg Dyrehave","https://img.vago.to/places/cover/v1/9f/75/9f75d129-703e-40e5-ae1e-491fcab1f821.jpg","HTTP 404"
"9fe3d948-3c4b-400d-a803-b445a1d43419","John Daly House","http://commons.wikimedia.org/wiki/Special:FilePath/John%20Daly%20House%20%281%29.jpg","HTTP 429"
"9fe623a7-5675-46ba-af07-b909d3ccf444","Mayagüez Municipal Cemetery","http://commons.wikimedia.org/wiki/Special:FilePath/Cementerio%20Mayaguez.JPG","HTTP 429"
"9f7a4270-44ec-481e-8d21-0b23da4337be","Bellu Cemetery","http://commons.wikimedia.org/wiki/Special:FilePath/RO%20B%20Bellu%20cemetery%20entrance.jpg","HTTP 429"
"9fbb6b7e-7025-4c5c-9bd6-a17330184896","Terrein waarin grafheuvel #45169","http://commons.wikimedia.org/wiki/Special:FilePath/Grafheuvel%2045169%201.JPG","HTTP 429"
"9fb74b97-0a6f-4b71-ac1e-d9bbf945c190","Grafheuvel #341220","http://commons.wikimedia.org/wiki/Special:FilePath/Archeologisch%20monument%20341220%20-%20Putten.jpg","HTTP 429"
"a01a110c-bdaa-4085-a6d6-c0f3e2cf3dab","Coffee Hanyakbang","https://live.staticflickr.com/65535/51894019040_32365ff04e_b.jpg","HTTP 404"
"a042e91f-aa47-497e-8267-16c2c1050a1a","Kaufhaus Jonaß","http://commons.wikimedia.org/wiki/Special:FilePath/Kaufhaus%20Jona%C3%9F.jpg","HTTP 429"
"a03610ee-22f6-4204-b40b-d202e96f2bd8","Bark Street School","http://commons.wikimedia.org/wiki/Special:FilePath/Bark%20Street%20School%2C%20Swansea%20MA.jpg","HTTP 429"
"a087fd7d-6693-4cd4-b33b-22620fcec1dd","Teruel Cathedral","http://commons.wikimedia.org/wiki/Special:FilePath/Teruel%20Cathedral%202024%20-%20South%20fa%C3%A7ade.jpg","HTTP 429"
"9ff8a30b-e43c-4c3f-84f1-9423bd084bac","Ebershaldenfriedhof","http://commons.wikimedia.org/wiki/Special:FilePath/Ebershaldenfriedhof.jpg","HTTP 429"
"a0c54982-d84a-47bf-91be-76a85c7df1c3","Nomad Coffee Roaster's Home","https://example.com/nomad.jpg","HTTP 404"
"a0b40277-b0f3-4242-85d2-01f44a70612a","Shanghai Symphony Hall","http://commons.wikimedia.org/wiki/Special:FilePath/Shanghai%20Symphony%20Hall%20%2820191021080658%29.jpg","HTTP 429"
"a0970325-e7c0-4d38-8c6f-47301e91da61","Rosignano Marittimo cemetery","http://commons.wikimedia.org/wiki/Special:FilePath/Cimitero%20di%20rosignano%20marittimo%2001.JPG","HTTP 429"
"a0b52373-dbc9-472e-962f-8818121ac0c2","Comfort Station No. 72","http://commons.wikimedia.org/wiki/Special:FilePath/Comfort%20Station%2072%202015%201%20-%20Crater%20Lake%20NP%20Oregon.jpg","HTTP 429"
"a0a89838-1f58-41ce-b02b-c123e9e11e50","Romeo und Julia","http://commons.wikimedia.org/wiki/Special:FilePath/Scharoun%20RomeoJulia-pjt.jpg","HTTP 429"
"a0e74299-658b-42a8-8135-5f7bb5ad8627","Presidential Mansion","http://commons.wikimedia.org/wiki/Special:FilePath/Presidential%20Mansion%20in%20Athens.jpg","HTTP 429"
"a0b23fe0-92ef-47f2-ad89-cc60e64e3fcb","Azerbaijan State Academic Opera and Ballet Theater","http://commons.wikimedia.org/wiki/Special:FilePath/Azerbaijan%20State%20Academic%20Opera%20and%20Ballet%20Theatre%20main%20fa%C3%A7ade%2C%202015.jpg","HTTP 429"
"a0b29c51-5940-44d3-b3f3-c2246c306eee","Boscawen Public Library","http://commons.wikimedia.org/wiki/Special:FilePath/BoscawenNH%20Library.jpg","HTTP 429"
"a0e778d6-313f-4e36-89c2-6bd52bf64a1e","The King's Grave","http://commons.wikimedia.org/wiki/Special:FilePath/Kungagraven%20kivik.jpg","HTTP 429"
"a12ad3e7-c5f5-4a13-ac40-860f768d3beb","Paleis of Justice in Antwerp","http://commons.wikimedia.org/wiki/Special:FilePath/Antwerpen%20-%20Rechtbank%20van%20eerste%20aanleg%20Antwerpen.jpg","HTTP 429"
"a0f8b91a-c313-4f5d-84fb-a712ccdf0daf","3 Mickiewicza Street in Katowice","http://commons.wikimedia.org/wiki/Special:FilePath/Katowice%20Mickiewicza%203%20E%202022.jpg","HTTP 429"
"a13472d4-daef-4d65-b691-fe6e616575a8","Terrein waarin grafheuvel #45833","http://commons.wikimedia.org/wiki/Special:FilePath/Archeologisch%20monument%2045833%20-%20Putten.jpg","HTTP 429"
"a1202203-0f58-43ef-bcd5-69623d6e4fcf","Building of Vilnian Bank, Gomel","http://commons.wikimedia.org/wiki/Special:FilePath/Homie%C4%BA%2C%20Prabojnaja.%20%D0%93%D0%BE%D0%BC%D0%B5%D0%BB%D1%8C%2C%20%D0%9F%D1%80%D0%B0%D0%B1%D0%BE%D0%B9%D0%BD%D0%B0%D1%8F%20%282021%29%2006.jpg","HTTP 429"
"a0e8f2c4-97ad-4b77-8f54-8bf72daa57d7","Schmelzer cemetery","http://commons.wikimedia.org/wiki/Special:FilePath/M%C3%A4rzpark%20-%20Tafel%20beim%20Denkmal%20f%C3%BCr%20die%20Gefallenen%20der%20M%C3%A4rzrevolution%201848.jpg","HTTP 429"
"a1762b12-2918-4639-bad8-a4a507c9d95a","CopenHill","https://img.vago.to/places/cover/v1/a1/76/a1762b12-2918-4639-bad8-a4a507c9d95a.jpg","HTTP 404"
"a1b6204f-2cf3-484c-bad2-d8a6ddb3ba9e","Terrein waarin grafheuvel #45742","http://commons.wikimedia.org/wiki/Special:FilePath/Glanerbrugdijk%20SDC18902%20grafheuvel.JPG","HTTP 429"
"a1979cda-e620-4491-aa11-ed15972a4f4c","Protestant Great Church of Debrecen","http://commons.wikimedia.org/wiki/Special:FilePath/Debrecen%20-%20Protestant%20Great%20Church.JPG","HTTP 429"
"a1a9fc56-fc72-4223-89a0-646401c21796","Secretariat Building","http://commons.wikimedia.org/wiki/Special:FilePath/Secretariat%20Chandigarh.jpg","HTTP 429"
"a1b4ded3-0b44-4317-8340-ecc71493a58f","Palace of Justice","http://commons.wikimedia.org/wiki/Special:FilePath/Br%C3%BCsselJustizpalast.jpg","HTTP 429"
"a1a56b2a-8c8e-4cb5-af5b-5f3e4be1507b","Westpac Canterbury Centre","http://commons.wikimedia.org/wiki/Special:FilePath/The%20Westpac%20Office%20in%20Christchurch.jpg","HTTP 429"
"a1c50a22-faf9-4c12-ae52-dc39dce01b54","Thunder Lake Patrol Cabin","http://commons.wikimedia.org/wiki/Special:FilePath/Thunder%20Lake%20Patrol%20Cabin.jpg","socket hang up"
"a246043c-7e3e-4ed5-a470-2f957849e191","Tickets Bar","https://example.com/tickets_bar.jpg","HTTP 404"
"a1fd3818-6e73-4066-ac4d-a7fb8c046f6a","cimitero dei Cappuccini (Palermo)","http://commons.wikimedia.org/wiki/Special:FilePath/Cimitero%20dei%20Cappuccini%20a%20Palermo.JPG","HTTP 429"
"a242146a-62d3-44d4-9cde-82abc63fb111","Royal Étrier belge","http://commons.wikimedia.org/wiki/Special:FilePath/Cercle%20du%20Royal%20%C3%89trier%20belge.jpg","HTTP 429"
"a1f98c75-55c4-46ee-9d95-3b797e9d0c3a","Pyatnitskoye Cemetery","http://commons.wikimedia.org/wiki/Special:FilePath/Kaluga%2020250918%20094348.jpg","HTTP 429"
"a24c2619-0421-4450-9a60-b9ed6e67d205","El-Lahun","http://commons.wikimedia.org/wiki/Special:FilePath/Pyramid%20at%20Lahun.jpg","HTTP 429"
"a23486b9-0511-40e6-ba41-d41e060ef2f4","Övedskloster Castle","http://commons.wikimedia.org/wiki/Special:FilePath/%C3%96vedsklosters%20slott.jpg","HTTP 429"
"a2c0d982-5080-403f-9407-874ef59d14b0","Rossiya Hotel","http://commons.wikimedia.org/wiki/Special:FilePath/Hotel%20Russia%20%28Moscow%2C%202004%29.jpg","HTTP 429"
"a299f49f-b176-4f7e-82c7-dbff20fd58b2","Barclay-Vesey Building","http://commons.wikimedia.org/wiki/Special:FilePath/Barclay-Vesey%20Building%20140%20West%20Street.jpg","HTTP 429"
"a2799819-d7ee-4e5a-ab43-4697ec75461c","Enzenbühl cemetery","http://commons.wikimedia.org/wiki/Special:FilePath/EnzenbuehlCemeteryZurich%20RomanDeckert22052022.jpg","HTTP 429"
"a262950b-b669-442c-a05d-89b00a25021f","Hallstatt period burial mound group","http://commons.wikimedia.org/wiki/Special:FilePath/KGS-9574%202012-09-17-ps%20%287%29%20Schaltenrain-Grossholz-Grabh%C3%BCgel.JPG","HTTP 429"
"a29d1e31-7e58-47a5-931f-8d8afddef7a0","Gate to the East","http://commons.wikimedia.org/wiki/Special:FilePath/Gate%20of%20the%20Orient%20DJI%200347%20%282%29.jpg","HTTP 429"
"a3085697-1213-4e92-82ea-29ca9bca8888","Perepechino Cemetery","http://commons.wikimedia.org/wiki/Special:FilePath/Perepechinskoe01.jpg","HTTP 429"
"a34a1368-3a85-4635-bf34-58d2541fef9e","Kvecių pilkapynas","http://commons.wikimedia.org/wiki/Special:FilePath/Kveciai%20pilkapynas%2020130822.JPG","HTTP 429"
"a2c630c8-0ea5-4e5a-86d4-3dcce4601437","Cemetery in Kluki","http://commons.wikimedia.org/wiki/Special:FilePath/Kluki%20cmentarz1.JPG","HTTP 429"
"a2db8c62-b4ad-49f4-b6ab-d809d071db1e","Djamaa El Djazaïr","http://commons.wikimedia.org/wiki/Special:FilePath/Grande%20Mosqu%C3%A9e%20d%27Alger.jpg","HTTP 429"
"a2cfb720-2c8e-43b4-b3ba-1054237eb2b5","60 Wall Street","http://commons.wikimedia.org/wiki/Special:FilePath/60%20Wall%20Street%20building.jpg","HTTP 429"
"a3361ff8-3b2b-4c5d-9620-2486d517533f","World War I Cemetery nr 388 in Rakowice","http://commons.wikimedia.org/wiki/Special:FilePath/WW%20I%2C%20Military%20cemetery%20No.%20388%20Krak%C3%B3w-Rakowice%2C%20monument%2C%2026%20Rakowicka%20street%2C%20Krak%C3%B3w%2C%20Poland.jpg","HTTP 429"
"a3c054f1-7e94-41a0-9ef5-0c8f2ab785cc","Zojo-ji Temple","https://img.vago.to/places/cover/v1/a3/c0/a3c054f1-7e94-41a0-9ef5-0c8f2ab785cc.jpg","HTTP 404"
"a3f1eb43-d348-45c1-9640-6cd324bc731b","Kyrylivsky Cemetery","http://commons.wikimedia.org/wiki/Special:FilePath/Kyrylivsky%20Cemetery5.jpg","HTTP 429"
"a3f28aec-ee34-4b63-a136-7bfc3e6cf2a0","Burr Oak Cemetery","http://commons.wikimedia.org/wiki/Special:FilePath/Burr%20Oak%20Cemetery%20Main%20Entrance%202.jpg","HTTP 429"
"a40d5bfb-2db0-44bd-bbc9-0870f620c249","Library building","http://commons.wikimedia.org/wiki/Special:FilePath/Jyv%C3%A4skyl%C3%A4%20University%20Library.jpg","HTTP 429"
"a3e159b6-3d48-49f9-86f7-bc5cbb31ee50","Chartreuse Cemetery","http://commons.wikimedia.org/wiki/Special:FilePath/Porte%20du%20cimeti%C3%A8re%20de%20la%20chartreuse%2C%20Bordeaux.jpg","HTTP 429"
"a4602eea-7cdd-4b6b-a439-ce3b767e6cd2","Santa Maria della Pace","http://commons.wikimedia.org/wiki/Special:FilePath/Santa%20Maria%20della%20Pace%20%28Rome%29%20-Interior.jpg","HTTP 429"
"a438a0eb-c871-44db-8834-3f16c2b89f38","Brainerd Mission","http://commons.wikimedia.org/wiki/Special:FilePath/Brainerd%20Mission%20Cemetery%20Chattanooga%20TN%20B.jpg","HTTP 429"
"a41b833e-a3c4-4ee1-9d4f-9042ac877c85","Kuwait National Assembly Building","http://commons.wikimedia.org/wiki/Special:FilePath/Secretary%20Blinken%20Tours%20the%20Kuwaiti%20National%20Assembly%20and%20Meets%20with%20Speaker%20of%20the%20Kuwaiti%20National%20Assembly%20Marzouq%20Ali%20Mohammed%20Al-Ghanim%20%2851345871621%29.jpg","HTTP 429"
"a41e0962-b1ea-4a06-800d-dcec9efb7e3e","Kalvaryja","http://commons.wikimedia.org/wiki/Special:FilePath/Belarus-Minsk-Calvary%20Cemetery%20Entrance-1.jpg","HTTP 429"
"a4a32551-4b23-4faf-9d69-cb903b69ca9c","Dänische Botschaft","http://commons.wikimedia.org/wiki/Special:FilePath/Royal%20Danish%20Embassy%20in%20Japan%202010.jpg","HTTP 429"
"a4befd6e-ec76-434d-8526-e6aa98f01cc1","Pfarrkirche hl. Florian, Gunzenberg","http://commons.wikimedia.org/wiki/Special:FilePath/M%C3%B6lbling%20Gunzenberg%20Pfarrkirche%20hl.%20Florian%2018102012%20622.jpg","HTTP 429"
"a4f036c4-d7f5-47c5-b893-3116f6cf252f","Basilica of St. Vitus, Mönchengladbach","http://commons.wikimedia.org/wiki/Special:FilePath/MG%20M%C3%BCnster%202014%20vom%20Abteigarten.jpg","HTTP 429"
"a4d24e1d-88fc-45c1-95a5-d2a22e00b994","Viesly Communal Cemetery","http://commons.wikimedia.org/wiki/Special:FilePath/Viesly%20Cimeti%C3%A8re%20Britannique.jpg","HTTP 429"
"a4d7252a-055d-45e9-aa27-7edfd6f072b3","Bank Melli Iran (University of Tehran Branch)","http://commons.wikimedia.org/wiki/Special:FilePath/J%C3%B8rn%20utzon%2C%20bank%20melli%2C%20tehran%2C%20iran%201959-1962.%20skylight%20above%20stairwell.%20photographer-%20phillip%20arnold%20%288321302416%29.jpg","HTTP 429"
"a50bcdd2-e548-4739-810c-55f1ec9b62b5","Baublių pilkapynas","http://commons.wikimedia.org/wiki/Special:FilePath/Baubli%C5%B3%20pilkapynas%202013.JPG","HTTP 429"
"a55cbb55-bdc2-45c5-a845-1d3165302943","Unlimited Coffee Bar","https://unlimitedcoffee.jp/wp-content/uploads/2023/12/IMG_8753-scaled.jpg","getaddrinfo ENOTFOUND unlimitedcoffee.jp"
"a562c7d0-554f-47c3-be39-73bb5ea15e28","St Pancras railway station","http://commons.wikimedia.org/wiki/Special:FilePath/St%20Pancras%20Railway%20Station%202012-06-23.jpg","HTTP 429"
"a53c1d12-e897-4397-826f-3e775c53d0d4","Anor Communal Cemetery","http://commons.wikimedia.org/wiki/Special:FilePath/Anor%20%28Nord%2C%20Fr%29%20cimeti%C3%A8re%2C%20tombes%20de%20guerre.JPG","HTTP 429"
"a53aee90-bf5e-464a-a8b2-1f34b8894f5b","United States Post Office","http://commons.wikimedia.org/wiki/Special:FilePath/Hudson%2C%20NY%2C%20post%20office.jpg","HTTP 429"
"a52eaed6-cf79-4e5f-bddd-acdad42de433","Gerling Ring-Karree","http://commons.wikimedia.org/wiki/Special:FilePath/Gerling%20Ring-Karree%20-%20Hohenzollernring%20K%C3%B6ln%20%289000-02%29.jpg","HTTP 429"
"a55b3783-1860-4439-a57c-71a8ec6ed9a6","St. Pierre Cathedral","http://commons.wikimedia.org/wiki/Special:FilePath/Fa%C3%A7ade%20de%20la%20cath%C3%A9drale%20Saint-Pierre%20de%20Gen%C3%A8ve%202009-07-11.jpg","HTTP 429"
"a59095b7-36b4-4bf8-8130-70e5f1dd52fb","Tumulus of Oultremont","http://commons.wikimedia.org/wiki/Special:FilePath/Villers-le-Bouillet-Tumulus%20van%20Oultremont%20%282%29.JPG","HTTP 429"
"a5a2fa50-247c-4b14-b28b-d6b6e971b9b0","Presidential Palace","http://commons.wikimedia.org/wiki/Special:FilePath/Helsinki%20Presidential%20Palace%2002.jpg","HTTP 429"
"a5a58845-7f3e-4190-acf0-f6b391a87a41","Nevzorovo Cemetery","http://commons.wikimedia.org/wiki/Special:FilePath/Church%20of%20the%20Theotokos%20Joy%20of%20All%20Who%20Sorrow%20%28Nevzorovo%29%2004.jpg","HTTP 429"
"a5aafa78-c9fb-4aa5-8d64-fcea82635073","Cmentarz Żołnierzy Radzieckich w Kluczborku","http://commons.wikimedia.org/wiki/Special:FilePath/Cmentarz%20wojenny%20Armii%20Radzieckiej%2C%20Kluczbork.JPG","HTTP 429"
"a5e6d062-91fe-45ed-944e-534bc2c83722","Старообрядное кладбище","http://commons.wikimedia.org/wiki/Special:FilePath/%D0%A1%D1%82%D0%B0%D1%80%D0%BE%D0%BE%D0%B1%D1%80%D1%8F%D0%B4%D0%BD%D0%B8%D1%86%D1%8C%D0%BA%D0%B5%20%D0%BA%D0%BB%D0%B0%D0%B4%D0%BE%D0%B2%D0%B8%D1%89%D0%B5.JPG","HTTP 429"
"a5c19836-a85f-4d46-88d8-631c61c05fcc","cimetière militaire belge d'Eppegem","http://commons.wikimedia.org/wiki/Special:FilePath/Belgische%20militaire%20begraafplaats%20van%20Eppegem.jpg","HTTP 429"
"a61a72b3-2652-4c82-b295-145c608c4880","La Loma Cemetery","http://commons.wikimedia.org/wiki/Special:FilePath/Manila%20La%20Loma%20Cemetery%201900.jpg","HTTP 429"
"a6022251-540d-4e14-bd77-6aed6ba9d488","Cimetière de Savigny-sur-Aisne","http://commons.wikimedia.org/wiki/Special:FilePath/Detail%20ancien%20cimetiere%20Savigny-sur-Aisne%20Ardennes%20France%2002.JPG","HTTP 429"
"a5fd7699-49ac-4362-a205-0d7578cc3a4d","Caseta de la Maquinilla","http://commons.wikimedia.org/wiki/Special:FilePath/Sant%20Pol%20-%20Caseta%20de%20la%20Maquinilla.JPG","HTTP 429"
"a6783c6e-48dc-4a71-9b16-8e9521a0ab5a","Saint-Sylvestre-Cappel cemetery","http://commons.wikimedia.org/wiki/Special:FilePath/St.%20Sylvestre-Cappel%20New%20Cemetery%20-1.jpg","HTTP 429"
"a6d6e5c0-7d10-4bb1-82ac-849d3c043ab8","Fuunmaru","https://example.com/fuunmaru_ramen.jpg","HTTP 404"
"a67def59-4094-4377-b27e-0bb01069ee2b","Horace Jayne House","http://commons.wikimedia.org/wiki/Special:FilePath/Jayne%20House%20Philly.JPG","HTTP 429"
"a6cd5de9-e32b-4d3c-ac41-c22118c250fd","Étaples Military Cemetery","http://commons.wikimedia.org/wiki/Special:FilePath/Etaples-cimetiere.JPG","HTTP 429"
"a6fbb524-f3de-4be8-80ec-b5452deba375","Saint-Ouen Cemetery","http://commons.wikimedia.org/wiki/Special:FilePath/Entree-Saint-Ouen.jpg","HTTP 429"
"a6921439-3334-4ee7-8e9e-a76b20ec852e","Newark Broad Street Station","http://commons.wikimedia.org/wiki/Special:FilePath/Broad%20St%20Sta%20Newark%20tower%20jeh.jpg","HTTP 429"
"a6c9d753-b94a-415f-a67d-5f836a2a95d9","Ryugyong Hotel","http://commons.wikimedia.org/wiki/Special:FilePath/Pr%C3%A1zdn%C3%A9%20slnice%20a%20rozestav%C4%9Bn%C3%BD%20hotel%20Ryugyong%20-%20panoramio.jpg","HTTP 429"
"a68112fc-b905-473e-b4f8-3061a78133c8","Porter House","http://commons.wikimedia.org/wiki/Special:FilePath/PorterHs%202007%2012%2013%20106StrathmoreDr1sm.jpg","HTTP 429"
"a7f36853-b681-406b-b597-6f61577116a5","J. Edgar Hoover Building","http://commons.wikimedia.org/wiki/Special:FilePath/Fbi%20headquarters.jpg","HTTP 429"
"a785776d-c872-4efe-84df-5fd5fa58a4a7","Bell's Hill Burial Ground","http://commons.wikimedia.org/wiki/Special:FilePath/Bells%20Hill%20Burial%20Ground%202.JPG","HTTP 429"
"a74ff2ea-1ade-437c-8d6f-8ef54e80e8c7","Necropolis Banditaccia","http://commons.wikimedia.org/wiki/Special:FilePath/Cerveteri%2C%20necropoli%20della%20banditaccia%2C%20via%20delle%20serpi%2014.jpg","HTTP 429"
"a755e678-48d2-41ae-b0be-2ea05b5effb9","United States Post Office–Somerville Main","http://commons.wikimedia.org/wiki/Special:FilePath/Union%20square%20post%20office.JPG","HTTP 429"
"a76d4227-10b0-4bc5-9b98-13d3ba9f9ac8","Saméon churchyard","http://commons.wikimedia.org/wiki/Special:FilePath/Sam%C3%A9on%20%28Nord%2C%20Fr%29%20CWCG%20war%20graves.JPG","HTTP 429"
"a7c75165-3acb-4d67-bf85-387770324ecf","George B. Dryden House","http://commons.wikimedia.org/wiki/Special:FilePath/George%20B.%20Dryden%20House.jpg","HTTP 429"
"a810f2ed-72a4-4d08-8d99-acf385893f8b","Konditaget","https://img.vago.to/places/cover/v1/a8/10/a810f2ed-72a4-4d08-8d99-acf385893f8b.jpg","HTTP 404"
"a83d9a42-c04e-4a76-921c-519564f14153","Ayer–Shea House","http://commons.wikimedia.org/wiki/Special:FilePath/Ayer-Shea%20House.JPG","HTTP 429"
"a8651e6b-211b-4713-af7f-d5ab1e66f7bc","Ōura Church","http://commons.wikimedia.org/wiki/Special:FilePath/Oura%20Cathedral%2020180623.jpg","HTTP 429"
"a8343de1-ac20-497c-ae0e-bc554c2b27f8","Benrath Palace","http://commons.wikimedia.org/wiki/Special:FilePath/Schloss%20Benrath%20Jan2012.jpg","HTTP 429"
"a8390e0f-51a5-46af-be85-b8a4106a7078","Perry Carnegie Library Building","http://commons.wikimedia.org/wiki/Special:FilePath/Perry%20Carnegie%20Library%20SW%20View.jpg","HTTP 429"
"a7f9db3e-4207-4766-9020-1c79d6ad4474","Operations and Checkout Building","http://commons.wikimedia.org/wiki/Special:FilePath/KSC%20Operations%20and%20Checkout%20Building.jpg","HTTP 429"
"a84336a6-1008-4cab-82d5-3a0514f73b06","York University","http://commons.wikimedia.org/wiki/Special:FilePath/Q4132759%20York%20University%20Subway%20Station%20A01.jpg","HTTP 429"
"a841ac20-2263-4f49-9d52-b0675c0abe77","Millennium UN Plaza","http://commons.wikimedia.org/wiki/Special:FilePath/Glass%20buildings%20near%20UN%20%28front%29.JPG","HTTP 429"
"a7ff0c21-96c4-4685-a058-a7f30fc46a0e","88 Wood Street","http://commons.wikimedia.org/wiki/Special:FilePath/A%20lot%20of%20interesting%20glass%20architecture%20here%20in%20London%20%284905617677%29.jpg","HTTP 429"
"a87a1814-a2ca-474d-9660-51276a1f573d","Stevens Building","http://commons.wikimedia.org/wiki/Special:FilePath/Staake%20Stevens%20Buildings.jpg","HTTP 429"
"a879b78c-715f-4f2b-8870-2b38cf5c8534","Hütteldorfer Friedhof","http://commons.wikimedia.org/wiki/Special:FilePath/H%C3%BCtteldorfer%20Friedhof%2002.jpg","HTTP 429"
"a88924df-9ada-47d2-9523-6b28cb2ed16a","Building of the Congress of Puebla","http://commons.wikimedia.org/wiki/Special:FilePath/Congreso%20del%20Estado%203.jpg","HTTP 429"
"a8eb67b3-2f0d-4361-860a-a28bd50d679d","Ferm Living","https://img.vago.to/places/cover/v1/a8/eb/a8eb67b3-2f0d-4361-860a-a28bd50d679d.jpg","HTTP 404"
"a8e2931e-5ca2-42cb-a5cb-10892a567a3e","Thiennes Churchyard","http://commons.wikimedia.org/wiki/Special:FilePath/Thiennes%20Churchyard%204.JPG","HTTP 429"
"a8fe756d-649e-48ba-83b0-9eea6d968b52","Palau de la Generalitat","http://commons.wikimedia.org/wiki/Special:FilePath/Casa%20generalitat%20web.jpg","HTTP 429"
"a8f062e5-84d5-49ad-ba23-1db2d802e79d","Levallois-Perret Cemetery","http://commons.wikimedia.org/wiki/Special:FilePath/Levallois-Perret%20Cemetery6845.JPG","HTTP 429"
"a93a475c-ece5-491a-9465-f59426b8ee08","Millennium Hilton New York One UN Plaza","https://img.vago.to/places/cover/v1/94/fd/94fd352c-b153-4db6-95e5-d0b4b6c4549d.jpg","
Invalid `prisma.place.update()` invocation in
/Users/bahaa/Desktop/bahaa-dev-repo/wanderlog/wanderlog_api/scripts/migrate-images-to-r2.ts:72:26

  69 
  70 if (result.success && result.publicUrl) {
  71   // 更新数据库
→ 72   await prisma.place.update(
Error in connector: Error querying the database: FATAL: MaxClientsInSessionMode: max clients reached - in Session mode max clients are limited to pool_size"
"a91f3bfc-39f7-4ae9-a330-e00f1ea7a949","Turin Cathedral","http://commons.wikimedia.org/wiki/Special:FilePath/DuomoTorino.jpg","HTTP 429"
"a99e5dce-68af-4c80-9858-b4745afdf36e","Le Select (Paris)","https://img.vago.to/places/cover/v1/a9/9e/a99e5dce-68af-4c80-9858-b4745afdf36e.jpg","HTTP 404"
"a9598417-8b54-45a2-96eb-8a2624824aa9","San José City Hall Tower","http://commons.wikimedia.org/wiki/Special:FilePath/San%20Jose%20City%20Hall%20exterior%20-%20San%20Jose%2C%20CA%20-%20DSC03907.JPG","HTTP 429"
"a9a8bad2-4143-485e-9f33-9fdb68e56a80","Villa Skagestad","http://commons.wikimedia.org/wiki/Special:FilePath/Fallanveien%2014A%20I.jpg","HTTP 429"
"a987e801-3bd3-40c5-b32a-5af24bc40315","Kiel North Cemetery","http://commons.wikimedia.org/wiki/Special:FilePath/Nordfriedhof-Kiel-Grabmale-Erster-Weltkrieg.JPG","HTTP 429"
"a9692fd9-7582-4499-bec3-5594ce8f889c","Evangelical Cemetery of the Augsburg Confession in Warsaw","http://commons.wikimedia.org/wiki/Special:FilePath/Kaplica%20Halpert%C3%B3w%20w%20Warszawie%202022.jpg","HTTP 429"
"aa1574ac-caed-4d71-a8f6-ed5f6a48c9dc","Original Coffee","https://originalcoffee.dk/wp-content/uploads/2022/01/DSC01883_ny.jpg","HTTP 400"
"a9f7161b-b1a8-4311-be91-e5cdaa41ac58","Rödön 33:2","http://commons.wikimedia.org/wiki/Special:FilePath/R%C3%B6d%C3%B6n%2033%202%2C%20H%C3%B6g.jpg","HTTP 429"
"aa04088b-d757-4b63-a548-c21698ed3b17","Louisa May Alcott School","http://commons.wikimedia.org/wiki/Special:FilePath/LM%20Alcott%20Scool%20Baltimore%20MD.JPG","HTTP 429"
"aa64b4c1-dd4b-48d4-a588-f80a9724ca46","Hôtel de Marsilly","http://commons.wikimedia.org/wiki/Special:FilePath/H%C3%B4tel%20Marsilly%20-%20Paris%20VI%20%28FR75%29%20-%202024-06-04%20-%203.jpg","HTTP 429"
"aa160ab0-88f6-4bb4-b1a1-7ef6e360a736","Blackley Cemetery","http://commons.wikimedia.org/wiki/Special:FilePath/Blackley%20Cemetery%20-%20geograph.org.uk%20-%206179.jpg","HTTP 429"
"aab71503-4ac5-4f1d-afa8-a05a52c05c75","Chapel of Thanks-Giving","http://commons.wikimedia.org/wiki/Special:FilePath/Dallas%20Chapel%20of%20Thanksgiving%202008.jpg","HTTP 429"
"aaa22a1d-7249-4b22-aa08-5e98538f0e4a","II Alley of Honor","http://commons.wikimedia.org/wiki/Special:FilePath/Akademik%20H%C3%BCseyn%20H%C9%99s%C9%99novun%20m%C9%99zar%C3%BCst%C3%BC%20abid%C9%99si.jpg","HTTP 429"
"aada2d9d-4634-4949-b2f2-22f20caa3fbb","The Hacienda","http://commons.wikimedia.org/wiki/Special:FilePath/The%20Hacienda.jpg","HTTP 429"
"aa7669f5-d1c9-4d9d-a5e6-c46b2677e6b6","Elliott R. Corbett House","http://commons.wikimedia.org/wiki/Special:FilePath/Elliott%20R.%20Corbett%20House%20in%202013.jpg","HTTP 429"
"aaae6904-c388-4708-ba7c-f6763fa6a656","Rubrouck churchyard","http://commons.wikimedia.org/wiki/Special:FilePath/Rubrouck%20eglise.jpg","HTTP 429"
"aa87cc0d-76ba-4481-a5b2-c07cfce87a70","Stephanuskirche (Wolfsburg)","http://commons.wikimedia.org/wiki/Special:FilePath/Wolfsburg%20Stephanus.JPG","HTTP 429"
"ab2151f7-2637-400a-a4d3-552c9d5f176c","Novo-Volkovskoe cemetery","http://commons.wikimedia.org/wiki/Special:FilePath/Vitebskaya-Sortirovochnaya.jpg","HTTP 429"
"ab2c8241-5e7c-4cf1-9b3c-287aa9530efb","Brussels Cemetery","http://commons.wikimedia.org/wiki/Special:FilePath/Entr%C3%A9e%20du%20cimeti%C3%A8re%20de%20Bruxelles.jpg","HTTP 429"
"ab9df4d7-b1d6-4057-b0ae-02aa043b156c","Holybelly 5","https://lh5.googleusercontent.com/p/AF1QipOxJj6p4J36u1r-Vl8a856qfD0YtQ671gJd-4i=w408-h306-k-no","HTTP 400"
"abacd46e-ca66-4ffe-a662-df90aec06bc6","Munson-Williams-Proctor Arts Institute","http://commons.wikimedia.org/wiki/Special:FilePath/Munson-Williams-Proctor%20Arts%20Institute%2C%20Utica%20NY.jpg","HTTP 429"
"ab900614-bcbf-44a9-bdc9-a82e787edf19","Monumental cemetery of Trento","http://commons.wikimedia.org/wiki/Special:FilePath/Trento%2C%20cimitero%20monumentale%2003.jpg","HTTP 429"
"abab0aca-225a-4849-8f30-176b502817a8","Former United States Post Office","http://commons.wikimedia.org/wiki/Special:FilePath/KaukaunaFormerPostOffice.jpg","HTTP 429"
"ab525952-ab22-4f77-b95a-81332a3a6c3a","Valmy Cemetery","http://commons.wikimedia.org/wiki/Special:FilePath/Paris%2012e%20-%20Entr%C3%A9e%20cimeti%C3%A8re%20Valmy%20%28nov%202018%29.jpg","HTTP 429"
"ab4da6f6-0aaa-4d37-886c-7bda5841715a","Church Saint Rupert","http://commons.wikimedia.org/wiki/Special:FilePath/Pfarrkirche%20StRupert1-2.JPG","HTTP 429"
"abf5a5f4-d977-4e29-956b-8cfb39d080dc","One Nimman","https://img.vago.to/places/cover/v1/ab/f5/abf5a5f4-d977-4e29-956b-8cfb39d080dc.jpg","HTTP 404"
"abedc54a-a69d-4a4a-abb5-82c7ea764130","Corbal Building","http://commons.wikimedia.org/wiki/Special:FilePath/Edificio%20Corbal%2C%20calle%20Michelena%2011%20-%20Pontevedra%20capital.jpg","HTTP 429"
"abfee17b-cfb0-409b-97fc-fbae5dd5376b","Mas de l'antic Jardí Botànic","http://commons.wikimedia.org/wiki/Special:FilePath/Mas%20de%20l%27antic%20jard%C3%AD%20bot%C3%A0nic%2C%20Barcelona.jpg","HTTP 429"
"ac026727-77e6-4b69-8324-cef2a4fe816b","Daddy Frye's Hill Cemetery","http://commons.wikimedia.org/wiki/Special:FilePath/Daddy%20Frye%27s%20Hill%20Cemetery.jpg","HTTP 429"
"ac7d9626-d582-40d1-8156-593558006150","Kinryu Ramen","https://example.com/kinryu_ramen.jpg","HTTP 404"
"ac83d448-6d39-48b7-bb91-64df80dba117","Evergreen Cemetery","http://commons.wikimedia.org/wiki/Special:FilePath/Evergreen%20Cemetery%20Fayetteville%2C%20Arkansas.jpg","HTTP 429"
"acc69190-2704-48d6-8bdc-8f0b312f7e18","Noorderbegraafplaats","http://commons.wikimedia.org/wiki/Special:FilePath/Toegangshek%20Noorderbegraafplaats%20Assen.jpg","HTTP 429"
"acf3d06f-3480-4946-a7bb-c4f1ece3769a","Conjunt de cases unifamiliars a la carretera de Rubí, 171-191","http://commons.wikimedia.org/wiki/Special:FilePath/Cases%20de%20la%20carretera%20de%20Rub%C3%AD%2C%20171-191%20%28III%29.jpg","HTTP 429"
"acd39c05-6d8e-4960-9d6a-bb53f95453ce","Telfair County Courthouse and Jail","http://commons.wikimedia.org/wiki/Special:FilePath/Telfair%20County%20Courthouse%2C%20side%2C%20McRae%2C%20GA%2C%20US.jpg","HTTP 429"
"ad1a282f-1c96-4714-a098-bcb5ad08ed2f","Seminary of Málaga","http://commons.wikimedia.org/wiki/Special:FilePath/Seminario%20de%20M%C3%A1laga.jpg","HTTP 429"
"ad4d3b8e-55e0-4073-a14e-b5fd8db0c7f5","Evergreen Cemetery","http://commons.wikimedia.org/wiki/Special:FilePath/Evercemadams%20121512.jpg","HTTP 429"
"ad1e805f-deea-404b-9b78-8721af962eee","St. Martin-au-Laert Churchyard","http://commons.wikimedia.org/wiki/Special:FilePath/Saint-Martin-au-La%C3%ABrt%20%28Pas-%20de-Calais%2C%20Fr%29%20%C3%A9glise%20%2801%29.JPG","HTTP 429"
"add894b4-3497-4ecb-969e-2cb2471cd618","Lawson Fujikawaguchiko Town hall","https://img.vago.to/places/cover/v1/ad/d8/add894b4-3497-4ecb-969e-2cb2471cd618.jpg","HTTP 404"
"add9370b-5519-40d6-a440-9578c278f733","Kroll Opera House","http://commons.wikimedia.org/wiki/Special:FilePath/Bundesarchiv%20Bild%20102-09067%2C%20Berlin%2C%20Kroll-Oper.jpg","HTTP 429"
"ad9fb1ed-20da-47a7-8965-4a8f6c334ba4","U.S. Post Office-Springville Main","http://commons.wikimedia.org/wiki/Special:FilePath/309%20S.%20Main%20Street%2C%20Springville.JPG","HTTP 429"
"adc0cdba-af21-486e-91f3-7d6e431fa4c7","Cimetière monumental de Rouen","http://commons.wikimedia.org/wiki/Special:FilePath/P1140635%20Panorama%20Cimeti%C3%A8re%20Monumental%20de%20Rouen.jpg","HTTP 429"
"add3bccd-4082-4abe-8314-27146cbe1640","1221 Avenue of the Americas","http://commons.wikimedia.org/wiki/Special:FilePath/McGraw-Hill%20Building%20Rock%20Center%20by%20David%20Shankbone.jpg","HTTP 429"
"adbfe9fb-7f2b-4d80-9bfb-084e3973f285","Saint Ignatius Cathedral","http://commons.wikimedia.org/wiki/Special:FilePath/St.%20Ignatius%20Cathedral%2C%20Shanghai%202.jpg","HTTP 429"
"ad87e772-79d3-4d06-8d1a-451ed99be130","FCG Building","http://commons.wikimedia.org/wiki/Special:FilePath/FCG%20Headquarters%20Building.JPG","HTTP 429"
"adf0b336-d2f2-42ac-9b2a-106f72359d86","Oudezeele churchyard","http://commons.wikimedia.org/wiki/Special:FilePath/Oudezeele%20-%20Eglise.JPG","HTTP 429"
"ae196966-671b-4ccf-abff-fd695d66dd70","Camposanto della Misericordia di Siena","http://commons.wikimedia.org/wiki/Special:FilePath/Siena%2C%20cimitero%20della%20misericordia%2C%20il%20campo%20superiore%2002.jpg","HTTP 429"
"ae273dbf-440b-4e8a-bb5d-855da17f4ee2","City of the Dead","http://commons.wikimedia.org/wiki/Special:FilePath/Looking%20over%20Qarafat%20B%C3%A2b%20al-Wazir%20to%20Cairo%20Citadel.jpg","HTTP 429"
"ae014bd0-a547-45fd-a05b-23b0b5eab90e","Taichung Metropolitan Opera House","http://commons.wikimedia.org/wiki/Special:FilePath/%E5%8F%B0%E4%B8%AD%E5%A4%A7%E9%83%BD%E6%9C%83%E6%AD%8C%E5%8A%87%E9%99%A2%202014.7.jpg","HTTP 429"
"adeb0799-a81b-4258-ad58-6db9af9767f6","Redipuglia war memorial","http://commons.wikimedia.org/wiki/Special:FilePath/Sacrario%20militare%20di%20Redipuglia%20agosto%202014.JPG","HTTP 429"
"adf6c1f4-525e-453b-a0ad-23f72b5a2939","Neuer St. Nikolai Friedhof (Hannover)","http://commons.wikimedia.org/wiki/Special:FilePath/Friedhofskapelle%20Neuer%20St.%20Nikolai%20Hannover%200614.JPG","HTTP 429"
"ae37d543-e2e0-41b5-b633-145ad6b71fb7","Ethnographic Museum of Zagreb","http://commons.wikimedia.org/wiki/Special:FilePath/Etnografski%20muzej%20u%20Zagrebu%203%2C%202025.jpg","HTTP 429"
"ae1d098c-4c69-4bfe-9439-aac6c8108e99","Kirche Rangersdorf","http://commons.wikimedia.org/wiki/Special:FilePath/Rangersdorf%20-%20Pfarrkirche.jpg","HTTP 429"
"aeb49ed5-22fa-47a9-8fb8-20277f386516","Arena AufSchalke","http://commons.wikimedia.org/wiki/Special:FilePath/Gelsenkirchen%20-%20Schalker%20Feld%20-%20AufSchalke%2026%20ies.jpg","HTTP 429"
"ae4b1968-753f-490e-b068-f24a2c832102","Landtag of North Rhine-Westphalia","http://commons.wikimedia.org/wiki/Special:FilePath/NRW%2C%20D%C3%BCsseldorf%2C%20Rheinturm%20-%20view%20to%20Landtag.jpg","HTTP 429"
"ae82a69e-2a28-4b49-90e1-137b24f4f458","La Treille cemetery","http://commons.wikimedia.org/wiki/Special:FilePath/Cimeti%C3%A8re%20de%20la%20Treille.JPG","HTTP 429"
"af5cbbe2-bc90-4610-b5e9-46af6d52dc46","Montjuïc Hill","https://example.com/montjuic_hill.jpg","HTTP 404"
"aee6b23a-49ca-4557-8f60-c7e1f2c04548","Varengeville-Sur-Mer Churchyard","http://commons.wikimedia.org/wiki/Special:FilePath/Cimeti%C3%A8re%20marin%20de%20Varengeville-sur-mer%20%28Seine-Maritime%29.JPG","HTTP 429"
"af3f1ba4-777c-42ee-aedd-6e6a344f7def","Slavonski Brod Synagogue","http://commons.wikimedia.org/wiki/Special:FilePath/Slavonski%20Brod%2C%20Synagogue.jpg","HTTP 429"
"af1d296c-df92-4a08-a8f0-4bb1ef7f15fb","Torre Interbank","http://commons.wikimedia.org/wiki/Special:FilePath/Torre%20de%20noche.jpg","HTTP 429"
"af3b3586-aa95-4a93-ac2a-41ef150d03e8","Atalaya Castle","http://commons.wikimedia.org/wiki/Special:FilePath/Atalaya5.jpg","HTTP 429"
"af9e9bd9-1464-44a4-a8f3-529f614a5161","Cimitero monumentale suburbano di Reggio Emilia","http://commons.wikimedia.org/wiki/Special:FilePath/Cimitero%20suburbano%20reggio%20emilia%201.jpg","HTTP 429"
"afcca1f0-0ed7-4e62-89b5-c8b5f21a2d4c","House with Chimaeras","http://commons.wikimedia.org/wiki/Special:FilePath/House%20with%20Chimaeras-2020.jpg","HTTP 429"
"af8be119-1803-4cb0-9dea-a27f59bad334","Tuna el-Gebel","http://commons.wikimedia.org/wiki/Special:FilePath/TunaGebelPetTomb.jpg","HTTP 429"
"afe091d5-ca80-46fe-bb2c-f8eb0ff198f2","Melnikov House","http://commons.wikimedia.org/wiki/Special:FilePath/Melnikov%20House%2C%20May%202021.jpg","HTTP 429"
"afa508fe-bb77-4cfa-9e70-bea24bbbc5a8","ONIKURU","http://commons.wikimedia.org/wiki/Special:FilePath/%E3%81%8A%E3%81%AB%E3%82%AF%E3%83%AB%E9%96%8B%E6%A5%AD%E6%97%A5%E3%81%AE%E5%86%99%E7%9C%9F.jpg","HTTP 429"
"afded843-77c4-4b10-a703-e61ce7af8860","St. Laurent-Blangy Communal Cemetery","http://commons.wikimedia.org/wiki/Special:FilePath/St.%20Laurent-Blangy%20Communal%20Cemetery%20-8.jpg","HTTP 429"
"b04e2e1c-4653-407b-8780-26f96811c602","Uldstedet","https://img.vago.to/places/cover/v1/b0/4e/b04e2e1c-4653-407b-8780-26f96811c602.jpg","HTTP 404"
"aff21073-08c2-4458-a866-532705cb5635","Stillman F. Kelley House","http://commons.wikimedia.org/wiki/Special:FilePath/Historic%20American%20Buildings%20Survey%20George%20M.%20Cushing%2C%20Photographer%20October%201967%20GENERAL%20EXTERIOR%20VIEW%2C%20LOOKING%20WEST%20-%20Stillman%20F.%20Kelley%20House%2C%2049%20Washington%20Avenue%2C%20Cambridge%2C%20HABS%20MASS%2C9-CAMB%2C26-2.tif","HTTP 429"
"b06a89b1-9f23-453c-b3d3-2f0a306f33d4","Calvary Cemetery","http://commons.wikimedia.org/wiki/Special:FilePath/Main%20gate%20sign%20-%20Calvary%20Cemetery.jpg","HTTP 429"
"b06e074e-6c72-4924-af66-ef706181b48d","Grieg Hall","http://commons.wikimedia.org/wiki/Special:FilePath/Grieghallen%2C%20Bergen%2C%20Noruega%2C%202019-09-08%2C%20DD%2065.jpg","HTTP 429"
"b03ef3f4-7eac-43db-b8ae-43a90cfed91a","cemetery of San Pietro in Vincoli","http://commons.wikimedia.org/wiki/Special:FilePath/Cimitero-San-Pietro-in-Vincoli-Torino.JPG","HTTP 429"
"b0bf55da-8720-441b-9712-57d67db84740","Здание школы 345","http://commons.wikimedia.org/wiki/Special:FilePath/School%20No.%20345%20in%20Saint%20Petersburg.jpg","HTTP 429"
"b111db13-719d-4633-b96b-628bd854e10f","United States Post Office","http://commons.wikimedia.org/wiki/Special:FilePath/US%20Post%20Office%20in%20Canton%2C%20New%20York.JPG","HTTP 429"
"b0bc82f7-a099-48f3-ab21-b0c9b2bab684","Fairy Lochs","http://commons.wikimedia.org/wiki/Special:FilePath/Fairy%20Lochs%202.JPG","HTTP 429"
"b0dfa75b-7213-4f9d-8df7-68e8fedd87a4","Kolkata Museum of Modern Art","http://commons.wikimedia.org/wiki/Special:FilePath/Proposed%20Logo%20Kolkata%20Museum%20of%20Modern%20art.gif","HTTP 429"
"b0a28471-d9d6-475a-8503-635b3cb17307","Spitalkirche Heilig Geist","http://commons.wikimedia.org/wiki/Special:FilePath/Spitalkirche%20Hl.%20Geist%20%28F%C3%BCssen%29.jpg","HTTP 429"
"b07cc309-b603-4f43-b547-3425432a6913","Saint Virgilius in Rattenberg","http://commons.wikimedia.org/wiki/Special:FilePath/Rattenberg%20-%20Blick%20%C3%BCber%20die%20Stadt%201-2.jpg","HTTP 429"
"b14261cf-6a68-4053-abf4-5354b6d87df2","El Capitolio","http://commons.wikimedia.org/wiki/Special:FilePath/Havana%20-%20Capitol%20inauguration.jpg","HTTP 429"
"b1488d4b-0d30-4a4e-a190-aa6cf564b964","Friedhof Frankfurt-Unterliederbach","http://commons.wikimedia.org/wiki/Special:FilePath/Unterliederbach%2C%20Friedhof.JPG","HTTP 429"
"b176f26b-d437-4cae-8024-ce8f44f42a9a","Fiume Road Graveyard","http://commons.wikimedia.org/wiki/Special:FilePath/Kerepesi%20temet%C5%91%20f%C5%91bej%C3%A1rat.jpg","HTTP 429"
"b134b531-50e8-41dc-9869-f791ea1f4834","T-Building","http://commons.wikimedia.org/wiki/Special:FilePath/JYU%20-%20T.jpg","HTTP 429"
"b135a975-263b-4356-b389-d28adecb9fb7","Gemeindezentrum Rheinberg","http://commons.wikimedia.org/wiki/Special:FilePath/Rheinberg%20Stadthaus.jpg","HTTP 429"
"b1a707a4-fbdf-4a5c-984e-7d60ac1873c5","San Francesco della Vigna","http://commons.wikimedia.org/wiki/Special:FilePath/San%20Francesco%20della%20vigna.jpg","HTTP 429"
"b192d7e1-8b2b-45d2-9243-61eaf38a498a","cimetière du Nord","http://commons.wikimedia.org/wiki/Special:FilePath/Rennes%20%2835%29%20Cimeti%C3%A8re%20du%20Nord%20Chapelle%20Saint-Michel%20de%20l%27Esp%C3%A9rance.jpg","HTTP 429"
"b1abbf96-3c98-450f-8071-1330d5484aa1","Cemetery of Poggioreale, Naples","http://commons.wikimedia.org/wiki/Special:FilePath/Cimitero%20Poggioreale%20ingresso.jpg","HTTP 429"
"b179b3da-b0f8-4194-9705-99f11e78154a","Cimetière de Gentilly","http://commons.wikimedia.org/wiki/Special:FilePath/Cimeti%C3%A8re%20de%20Gentilly%201.JPG","HTTP 429"
"b1c860aa-fa91-48f6-a079-c833c9319042","Tsutaya Books Daikanyama","https://img.vago.to/places/cover/v1/b1/c8/b1c860aa-fa91-48f6-a079-c833c9319042.jpg","HTTP 404"
"b232c155-e9fa-437b-8eda-5dc70047e2b0","La Palette","https://img.vago.to/places/cover/v1/b2/32/b232c155-e9fa-437b-8eda-5dc70047e2b0.jpg","HTTP 404"
"b1ebc0f1-1a81-4f94-9893-afae7b32a0fa","Satan's Coffee Corner","https://example.com/satans.jpg","HTTP 404"
"b23742b5-c780-436c-8ef3-3220eff04c07","Sagtikos Manor","http://commons.wikimedia.org/wiki/Special:FilePath/Sagtikos%20Manor%20from%20Driveway.JPG","HTTP 429"
"b229ec83-a942-4d52-89a6-232c1f15ce53","Ghiyasiyeh Madrasa","http://commons.wikimedia.org/wiki/Special:FilePath/Ghiaasie%20khargerd%20%28cropped%29.jpg","HTTP 429"
"b1de1cea-6712-4cca-94d9-812e244c17ef","Nagoya Dome","http://commons.wikimedia.org/wiki/Special:FilePath/Nagoya%20Dome%2001.JPG","HTTP 429"
"b1dd440c-14ae-47f0-80bc-ed7c8708e5bb","Terrein waarin drie grafheuvels","http://commons.wikimedia.org/wiki/Special:FilePath/Grafheuvel%203%20Tongeren.jpg","HTTP 429"
"b1eb1a72-b9a6-4a24-b39d-bfc89c0a1ad7","Sorvali Cemetery","http://commons.wikimedia.org/wiki/Special:FilePath/%D0%9A%D0%BB%D0%B0%D0%B4%D0%B1%D0%B8%D1%89%D0%B5%20%22%D0%A1%D0%BE%D1%80%D0%B2%D0%B0%D0%BB%D0%B8%22.%20%D0%A4%D0%BE%D1%82%D0%BE%202.jpg","HTTP 429"
"b225e8d7-1667-44d7-ae8a-37b9dd060391","Yegoshikha Cemetery","http://commons.wikimedia.org/wiki/Special:FilePath/%D0%9F%D0%B0%D0%BC%D1%8F%D1%82%D0%BD%D1%8B%D0%B9%20%D0%B7%D0%BD%D0%B0%D0%BA%20%D0%B6%D0%B5%D1%80%D1%82%D0%B2%D0%B0%D0%BC%20%D0%BF%D0%BE%D0%BB%D0%B8%D1%82%D0%B8%D1%87%D0%B5%D1%81%D0%BA%D0%B8%D1%85%20%D1%80%D0%B5%D0%BF%D1%80%D0%B5%D1%81%D1%81%D0%B8%D0%B9%20%D0%BD%D0%B0%20%D0%95%D0%B3%D0%BE%D1%88%D0%B8%D1%85%D0%B8%D0%BD%D1%81%D0%BA%D0%BE%D0%BC%20%D0%BA%D0%BB%D0%B0%D0%B4%D0%B1%D0%B8%D1%89%D0%B5.jpg","HTTP 429"
"b27f96c3-21c1-422d-86f8-7322c909d9e9","Original Coffee","https://lh3.googleusercontent.com/p/AF1QipP_1wT6J-VlM2sJ7m1_4y1q3x4d8c0e8v2h8R2=s680-w680-h510","HTTP 400"
"b2743346-9202-4259-a4be-2b6e7b79687d","Unité d'Habitation of Berlin","http://commons.wikimedia.org/wiki/Special:FilePath/Corbusierhaus%20%28Berlin%29%20%286305809373%29.jpg","HTTP 429"
"b2a0cdcc-06b3-485a-a2ac-a45e6aa1a610","Al-Akbar Mosque","http://commons.wikimedia.org/wiki/Special:FilePath/Menara%20Masjid%20Al-Akbar%20Surabaya.jpg","HTTP 429"
"b2c326d5-dade-453b-a323-cdba21735e7a","Zion's Church","http://commons.wikimedia.org/wiki/Special:FilePath/Zionskirche%20Worpswede%20South.JPG","HTTP 429"
"b25d6f71-f602-42b4-98de-2769e67b039e","Fira","http://commons.wikimedia.org/wiki/Special:FilePath/Barcelona%20metro%20Fira%20L9.jpg","HTTP 429"
"b329a4d9-8425-414e-aef1-819b4c89005d","Hawaii State Capitol","http://commons.wikimedia.org/wiki/Special:FilePath/Hawaii%20state%20capitol%20from%20the%20south-east.jpg","HTTP 429"
"b2d0cfdb-4e9a-4939-bdab-f7353476c32e","Evangelischer Friedhof Alt-Schmargendorf","http://commons.wikimedia.org/wiki/Special:FilePath/Friedhof%20Alt-Schmargendorf.jpg","HTTP 429"
"b31213a7-1343-4782-9db0-00da36952186","United States Post Office","http://commons.wikimedia.org/wiki/Special:FilePath/Hyde%20Park%2C%20NY%2C%20post%20office.jpg","HTTP 429"
"b32bb026-2012-4025-89db-ed7457a9999c","Synagogue in Čáslav","http://commons.wikimedia.org/wiki/Special:FilePath/Synagoga%2001%28col%29.jpg","HTTP 429"
"b36df372-12e4-415e-8da7-e9e5ee1e71f6","Comines cemetery","http://commons.wikimedia.org/wiki/Special:FilePath/Comines%20Communal%20Cemetery-3.jpg","HTTP 429"
"b3c4ee6e-10d4-4dda-b9b4-8ffe75efcb2b","Semenovskoe cemetery","http://commons.wikimedia.org/wiki/Special:FilePath/Church%20of%20the%20Resurrection%20of%20Christ%20in%20Semyonovskoye%20Cemetery%2020.jpg","HTTP 429"
"b3df51a1-a9bb-47c8-bf71-eb5b7ea9b4b8","Wilkinson House","http://commons.wikimedia.org/wiki/Special:FilePath/Wilkinson%20Farm%20House.jpg","HTTP 429"
"b3cab512-4197-4687-99ce-b64896dd2191","World War I Cemetery nr 11 in Wola Cieklińska","http://commons.wikimedia.org/wiki/Special:FilePath/Cmentarz%20wojenny%20w%20Woli%20Ciekli%C5%84skiej%201.JPG","HTTP 429"
"b3c74cd9-319c-43f1-80f3-9979f22dd35e","Wulverdinghe churchyard","http://commons.wikimedia.org/wiki/Special:FilePath/Cimeti%C3%A8re%20de%20l%27%C3%A9glise%20de%20Wulverdinghe.jpg","HTTP 429"
"b3e0f06d-3d31-4802-affb-4c75fda81978","Boot Café","https://upload.wikimedia.org/wikipedia/commons/thumb/9/97/Boot_Cafe%2C_Paris.jpg/1280px-Boot_Cafe%2C_Paris.jpg","HTTP 404"
"b37ae446-f7bc-41f0-97cb-58ffd422f9bf","Tottenham Hotspur Stadium","http://commons.wikimedia.org/wiki/Special:FilePath/London%20Tottenham%20Hotspur%20Stadium.jpg","HTTP 429"
"b3abd78b-dff1-4f99-9bfc-4eb39abfaa26","Mahlamba Ndlopfu","http://commons.wikimedia.org/wiki/Special:FilePath/Libertas%2C%20since%201994%20known%20as%20Mahlamba%20Ndlopfu%2C%20in%201934%20by%20Gerard%20Moerdijk%20designed%20as%20official%20residence%20in%20Pretoria%20for%20the%20state%20of%20the%20Union%20of%20South%20Africa.%20-%20panoramio.jpg","HTTP 429"
"b37acf06-aee4-4e22-b66b-1c78525f5c01","Old Jewish Cemetery","http://commons.wikimedia.org/wiki/Special:FilePath/Old%20Jewish%20Cemetery%20in%20%C5%BDi%C5%BEkov%2C%20Prague%2003.JPG","HTTP 429"
"b3957a0f-28c1-4f58-8ec3-b604eb2f5815","First Congregational Church","http://commons.wikimedia.org/wiki/Special:FilePath/Waltham%20MA%20First%20Congregational%20Church.jpg","HTTP 429"
"b404e4d8-6699-4733-97f4-916b69392e6f","Patagonia Sapporo North","https://img.vago.to/places/cover/v1/b4/04/b404e4d8-6699-4733-97f4-916b69392e6f.jpg","HTTP 404"
"b41452a5-d2a6-431e-9bfc-69393a7c89d8","Quesnoy-le-Montant Communal Cemetery","http://commons.wikimedia.org/wiki/Special:FilePath/Quesnoy-le-Montant%2C%20Somme%2C%20Fr%2C%20cimeti%C3%A8re%20de%20Saint-Sulpice%20%286%29.jpg","HTTP 429"
"b44978f6-5d31-45b8-8d4e-900cfb1a13fb","Stadtvilla an der Rauchstraße, Haus 1","http://commons.wikimedia.org/wiki/Special:FilePath/Stadtvilla%20an%20der%20Rauchstra%C3%9Fe%2C%20IBA%20Berlin%201987.2.jpg","HTTP 429"
"b43f28e0-ea44-4725-ad7d-40dd54bd6b0a","Cagnicourt Communal Cemetery","http://commons.wikimedia.org/wiki/Special:FilePath/Cagnicourt%20Communal%20Cemetery-9.jpg","HTTP 429"
"b3fde083-5366-4425-aa2d-e55e75d26e99","David H. Koch Theater","http://commons.wikimedia.org/wiki/Special:FilePath/David%20H%20Koch%20Theater%20%2848269670522%29.jpg","HTTP 429"
"b416acc1-fdf3-4c59-9a51-1b2911e60353","Brunflo 122:1","http://commons.wikimedia.org/wiki/Special:FilePath/Brunflo%20122%201%20h%C3%B6g.jpg","HTTP 429"
"b42f188d-7ef7-4e95-9adf-8c6a2e18476e","St. Michael's Church, Munich","http://commons.wikimedia.org/wiki/Special:FilePath/20060416-Michaelskirche%20Muenchen.jpg","HTTP 429"
"b3f4fb49-7edf-4db0-9ff7-3342d0a393b3","San Luigi dei Francesi","http://commons.wikimedia.org/wiki/Special:FilePath/%C3%89glise%20San%20Luigi%20Francesi%20-%20Rome%20%28IT62%29%20-%202021-08-28%20-%202.jpg","HTTP 429"
"b4b21fb3-ce71-4a0e-b925-7b22e52e4b7b","Loop D Comfort Station","http://commons.wikimedia.org/wiki/Special:FilePath/Bryce%20Canyon%20Loop%20D%20Comfort%20Station.jpg","HTTP 429"
"b4a411b9-845f-4ef0-b6fa-f4c8ca612846","Ploskovice Castle","http://commons.wikimedia.org/wiki/Special:FilePath/Ploskovice%20z%C3%A1mek%20font%C3%A1na%202.jpg","HTTP 429"
"b45bcab0-97d5-4590-b49f-cd71df23c8f0","United States Post Office","http://commons.wikimedia.org/wiki/Special:FilePath/U.S.%20Post%20Office.JPG","HTTP 429"
"b4a84415-5d67-4f74-b340-9dfe6243d5d8","Mount Sinai Memorial Park Cemetery","http://commons.wikimedia.org/wiki/Special:FilePath/The%20Heritage%20Mosaic%20at%20Mount%20Sinai%20Memorial%20Park.JPG","HTTP 429"
"b4a47126-0886-43e0-bccb-9ef5ed773529","Grundtvig's Church","http://commons.wikimedia.org/wiki/Special:FilePath/Grundtvigs%20Kirke%20Copenhagen.jpg","HTTP 429"
"b4ce636d-fc37-4470-8bae-f71d393c4f3e","Kuntsevo Cemetery","http://commons.wikimedia.org/wiki/Special:FilePath/Kuntsevocem-entrance.jpg","HTTP 429"
"b462cfb8-0097-4f0e-8970-a75fd0f8aaac","Emirates Office Tower","http://commons.wikimedia.org/wiki/Special:FilePath/Dub-emtow.jpg","HTTP 429"
"b54ce459-9ebd-4945-bbcf-d3f0fa596b10","Notre-Dame de Paris","http://commons.wikimedia.org/wiki/Special:FilePath/Notre-Dame%20de%20Paris%202013-07-24.jpg","HTTP 429"
"b52f8873-08fd-4586-b798-1725c094e903","Crystal Lake Cemetery","http://commons.wikimedia.org/wiki/Special:FilePath/Crystal%20Lake%20Cemetery.jpg","HTTP 429"
"b52338f1-2101-4880-9101-cfc488131b65","Karaburma residential housing tower","http://commons.wikimedia.org/wiki/Special:FilePath/%D0%A2%D0%BE%D0%B1%D0%BB%D0%B5%D1%80%D0%BE%D0%BD%D0%B5%20%28%D0%9C%D0%B8%D1%98%D0%B5%20%D0%9A%D0%BE%D0%B2%D0%B0%D1%87%D0%B5%D0%B2%D0%B8%D1%9B%D0%B0%2C%209%29.jpg","HTTP 429"
"b4f62548-0a52-4484-beba-8e1b1e5a8ded","Wimille Communal Cemetery","http://commons.wikimedia.org/wiki/Special:FilePath/Wimille%20Communal%20Cemetery-1.jpg","HTTP 429"
"b5286047-4a75-4a67-b07c-7a09056335fd","Notre Dame de Belmont Cemetery","http://commons.wikimedia.org/wiki/Special:FilePath/Cimetiere%20Belmont.jpg","HTTP 429"
"b536c69d-7c80-4b08-b267-44847795c8c0","Terrain with tumulus #45956","http://commons.wikimedia.org/wiki/Special:FilePath/Grafheuvel%20bij%20Renkum%20%28Q17454351%29%20-%201.jpg","HTTP 429"
"b5293291-551c-43e7-87a8-1e2096cb332a","Chung Wah Cemetery","http://commons.wikimedia.org/wiki/Special:FilePath/Chung%20Wah%20Cemetery%201226%20Forrest%20Street%2C%20Folsom%2C%20CA.%2095630%20By%20Oscar%20Mostofi.jpg","HTTP 429"
"b5869078-b874-44ca-adcc-4e036fa0adac","Møns Klint","https://img.vago.to/places/cover/v1/b5/86/b5869078-b874-44ca-adcc-4e036fa0adac.jpg","HTTP 404"
"b5d365fe-c09c-4eee-b9cb-cac62b3fa7eb","Salt Lake Temple","http://commons.wikimedia.org/wiki/Special:FilePath/Salt%20Lake%20Temple%2C%20Utah%20-%20Sept%202004.jpg","HTTP 429"
"b56cbe65-87e1-4ac9-a4c1-62ee9134b2d0","Leeum, Samsung Museum of Art","http://commons.wikimedia.org/wiki/Special:FilePath/Leeum%2C%20Samsung%20Museum%20of%20Art.jpg","HTTP 429"
"b567d953-f69b-4129-b7b1-54ff19bfb8af","Pfarrkirche Sankt Gandolf, Glanegg","http://commons.wikimedia.org/wiki/Special:FilePath/Glanegg%20Sankt%20Gandolf%2008032009%2086.jpg","HTTP 429"
"b5c1c3d1-12ef-463c-a3fa-f7590e0a6514","Vilnius Cathedral","http://commons.wikimedia.org/wiki/Special:FilePath/Wilno%20-%20katedra%20corrected.jpg","HTTP 429"
"b5deae8c-094e-4495-8833-e3aaec29ff3b","Arlington National Cemetery","http://commons.wikimedia.org/wiki/Special:FilePath/Arlington%20House.jpg","HTTP 429"
"b56c218d-dbb3-46e8-96b6-508edf331f2d","Església de Sant Esteve","http://commons.wikimedia.org/wiki/Special:FilePath/Esgl%C3%A9sia%20de%20Sant%20Esteve%20%28Andorra%20la%20Vella%29%20-%202.jpg","HTTP 429"
"b62ace61-2b2b-479d-bff3-b01fbe57188c","Lattest Omotesando Espresso Bar","https://example.com/lattest.jpg","HTTP 404"
"b61b4f2e-cd7c-43ed-a21a-4674ef6a4b16","Cimetière du Château","http://commons.wikimedia.org/wiki/Special:FilePath/Cimeti%C3%A8re%20Colline%20du%20Ch%C3%A2teau%20Nice.JPG","HTTP 429"
"b616ad74-6eae-4315-a4e1-f0c1ea5eb659","Bodenstown","http://commons.wikimedia.org/wiki/Special:FilePath/Bodenstown%20church.jpg","HTTP 429"
"b613ccf1-c569-48ae-ba37-a0314bb58922","Kazimierz Górski National Stadium","http://commons.wikimedia.org/wiki/Special:FilePath/Stadion%20narodowy%20panorama.jpg","HTTP 429"
"b5eaf8e5-dda2-4c9b-9b0c-866a4eb3f715","Antigua Central Termoeléctrica, Málaga","http://commons.wikimedia.org/wiki/Special:FilePath/Antigua%20Central%20Termoel%C3%A9ctrica%20de%20M%C3%A1laga.jpg","HTTP 429"
"b632a9b8-4fc1-424f-8843-4ee299e22723","Enid Cemetery","http://commons.wikimedia.org/wiki/Special:FilePath/Enid%20Cemetery%20Gate.jpg","HTTP 429"
"b6137974-ede2-4148-954a-53c85b4bc57b","Eastern Cemetery","http://commons.wikimedia.org/wiki/Special:FilePath/Aircrew%20USSR%2065735%20tomb%20%281%29.JPG","HTTP 429"
"b60027ec-31d7-441b-8b5b-d59193397e28","Einstein Tower","http://commons.wikimedia.org/wiki/Special:FilePath/Potsdam%20Telegrafenberg%20asv2023-09%20img4.jpg","HTTP 429"
"b5fc21a8-c688-4b19-b70b-5989f44fe12d","Guild House","http://commons.wikimedia.org/wiki/Special:FilePath/Venturi%20Guild%20House.jpg","HTTP 429"
"b60d60df-eb53-40c3-b49a-60efeecef07b","Hedemora 112:1","http://commons.wikimedia.org/wiki/Special:FilePath/Hedemora%20112-1.jpg","HTTP 429"
"b678c0b8-b245-46ae-99ff-32ccc4e455eb","San Crisogono","http://commons.wikimedia.org/wiki/Special:FilePath/Trastevere%20-%20san%20Crisogono%2001424.JPG","HTTP 429"
"b644117d-603b-45cd-9cc1-fbf3b88291b7","Tarczyński Arena Wrocław","http://commons.wikimedia.org/wiki/Special:FilePath/Wroclaw%20Munincipal%20Stadium%202019.jpg","HTTP 429"
"b657888f-a130-427f-872a-5ee6a5f68870","Opera Nova","http://commons.wikimedia.org/wiki/Special:FilePath/Bdg%20OperaNova%20noc%202%2007-2013.jpg","HTTP 429"
"b64b860e-0701-4492-984e-5719dd6b36d3","Glysas grav","http://commons.wikimedia.org/wiki/Special:FilePath/Glysas%20grav.jpg","HTTP 429"
"b66fa83b-3666-447d-b369-5a5195dd0771","Alter Friedhof Oberursel","http://commons.wikimedia.org/wiki/Special:FilePath/Oberursel%2C%20alter%20Friedhof%2C%20Trauerhalle.JPG","HTTP 429"
"b7017aed-c651-49e2-b56f-cdd256343e95","Kozma Street Jewish Cemetery","http://commons.wikimedia.org/wiki/Special:FilePath/Mortuary%20of%20the%20Kozma%20Street%20jewish%20cemetery%2004.JPG","HTTP 429"
"b713bcf9-2905-4160-9f38-0c625f03c5e4","Alter St.-Nikolai-Friedhof","http://commons.wikimedia.org/wiki/Special:FilePath/2025-04-20%20Alter%20St.%20Nikolai-Friedhof%20Hannover.jpg","HTTP 429"
"b6b89664-a8b8-4c8e-9fba-b1816ad225f0","Place Ville Marie","http://commons.wikimedia.org/wiki/Special:FilePath/Place%20Ville%20Marie.jpg","HTTP 429"
"b6d9e103-6bb3-4c72-9d7a-0d3c8be4d159","22 Bishopsgate","http://commons.wikimedia.org/wiki/Special:FilePath/22BishopsgateDec19.png","HTTP 429"
"b6b6c20b-0203-4e4d-b310-72e18bc831e6","United States Post Office Knickerbocker Station","http://commons.wikimedia.org/wiki/Special:FilePath/Knickerbocker-post-office-130-e-broadway.jpg","HTTP 429"
"b70da67b-a826-4af0-8fcc-bb4cc8fac293","All Saints Church in Hodovytsia","http://commons.wikimedia.org/wiki/Special:FilePath/Godovitsya1.jpg","HTTP 429"
"b7552e0c-af9b-4988-bb62-317f5f09a6d8","Cologne Central Mosque","http://commons.wikimedia.org/wiki/Special:FilePath/DITIB-Zentralmoschee%20K%C3%B6ln%20-%20April%202015-7489.jpg","HTTP 429"
"b770956c-43b1-4544-b80b-99f0e824aed5","Frösö 80:1","http://commons.wikimedia.org/wiki/Special:FilePath/Fr%C3%B6s%C3%B6%20h%C3%B6g%2080%201.jpg","HTTP 429"
"b7abaa72-d5dc-4fa4-a9c0-f5ee23203889","Ludshøj","http://commons.wikimedia.org/wiki/Special:FilePath/Ludsh%C3%B8j%2006-07-2013.JPG","HTTP 429"
"b7605639-72f4-4234-937c-228aee4c2c42","Seattle Central Library","http://commons.wikimedia.org/wiki/Special:FilePath/Seattle%20Central%20Library%2C%20Seattle%2C%20Washington%20-%2020060418.jpg","HTTP 429"
"b7361194-b725-49a2-9c05-eeba97117e78","Rova of Antananarivo","http://commons.wikimedia.org/wiki/Special:FilePath/Reconstructed%20Rova%20Antananarivo%20Madagascar.jpg","HTTP 429"
"b75b076e-c124-4ee9-b5a6-e65986c596e2","Anoka Post Office","http://commons.wikimedia.org/wiki/Special:FilePath/Anoka%20Post%20Office.jpg","HTTP 429"
"b7ab3700-eca8-4f44-8afe-e9c903ff31af","Grafheuvel #45186","http://commons.wikimedia.org/wiki/Special:FilePath/Grafheuvel%20-%20Apeldoorn%20-%20RM%2045186.JPG","HTTP 429"
"b72509fd-c1c7-4779-a462-a3bef4d734d3","Sunrise Comfort Station","http://commons.wikimedia.org/wiki/Special:FilePath/Sunrise%20comfort%20station.jpg","HTTP 429"
"b75f7cc3-84bb-4a22-9f60-f09efd88671e","Baranovskoe Central Cemetery","http://commons.wikimedia.org/wiki/Special:FilePath/Baranovka%20cemetery%20Sochi.JPG","HTTP 429"
"b7a212cc-0a82-4d29-bf2c-9bc8e984bcad","Perlovskoe cemetery","http://commons.wikimedia.org/wiki/Special:FilePath/Perlovskoe%20cemetery2687.jpg","HTTP 429"
"b7a4f097-8173-4dd5-b7bc-60d211cfd3b8","Jameson House","http://commons.wikimedia.org/wiki/Special:FilePath/1a13ff56.jpg","HTTP 429"
"b7ebc308-adaf-4c46-a214-59e7aff148d2","Ob-La-Di","https://lh5.googleusercontent.com/p/AF1QipM960X4w6z4W7G9-rCjN9_y7jK_Uv363M4qT4Q=w408-h306-k-no","HTTP 400"
"b7ac9132-f991-41a9-b458-2897db7c0203","Casa Milà (La Pedrera)","https://example.com/casa_mila.jpg","HTTP 404"
"b7e16e62-a9af-4b39-8aef-b639918e4732","Saint-Ferjeux cemetery","http://commons.wikimedia.org/wiki/Special:FilePath/Cimeti%C3%A8re%20de%20Saint-Ferjeux%20-%20vue%20g%C3%A9n%C3%A9rale.JPG","HTTP 429"
"b8478929-61c1-44ef-98b9-5fca0d510064","Ottakringer Friedhof","http://commons.wikimedia.org/wiki/Special:FilePath/Wien%2016%20Ottakringer%20Friedhof%20d.jpg","HTTP 429"
"b8364174-f583-41d5-a7a6-ee7196c7669c","Moose Entrance Kiosk","http://commons.wikimedia.org/wiki/Special:FilePath/Moose%20Entrance%20Kiosk.jpg","HTTP 429"
"b7d8a8fc-91e2-4f99-b289-04156161f42c","Smith Tower","http://commons.wikimedia.org/wiki/Special:FilePath/SmithTower%20Seattle%20WA%20USA2.jpg","HTTP 429"
"b829206d-20df-472b-8ba9-2b6434ccc754","Cassel Communal Cemetery Extension","http://commons.wikimedia.org/wiki/Special:FilePath/Cassel%20Communal%20Cemetery%20Extension-4.jpg","HTTP 429"
"b7fd9b41-1999-4e7a-b280-4aa3a411f236","Kurapaty","http://commons.wikimedia.org/wiki/Special:FilePath/Kurapaty.jpg","HTTP 429"
"b7d5ec72-1bae-4cec-9645-0bae67f64bd3","Evolution Tower","http://commons.wikimedia.org/wiki/Special:FilePath/Moscow%20International%20Business%20Center%20A%2002.jpg","HTTP 429"
"b8b85f02-9e0f-48c9-ae00-d266454bb866","Ny Carlsberg Glyptotek","https://img.vago.to/places/cover/v1/b8/b8/b8b85f02-9e0f-48c9-ae00-d266454bb866.jpg","HTTP 404"
"b8a3292e-9f0d-49f9-a167-388b4f63b71b","Lerche House","http://commons.wikimedia.org/wiki/Special:FilePath/Lerches%20G%C3%A5rd%2001.jpg","HTTP 429"
"b8900dfe-526f-475d-8320-35983fe42891","Bridge No. 3355-Kathio Township","http://commons.wikimedia.org/wiki/Special:FilePath/Bridge%203355.jpg","HTTP 429"
"b84de206-be30-4caa-8a94-ff9bdcd64899","Grafheuvel 45412, Bennekom","http://commons.wikimedia.org/wiki/Special:FilePath/2e%20grafheuvel%20bennekom%20%283%29.JPG","HTTP 429"
"b8702a41-426e-45ab-9ff2-e5ccc3def0d1","Pampulha art museum","http://commons.wikimedia.org/wiki/Special:FilePath/Fachada%20do%20Museu%20de%20Arte%20da%20Pampulha.jpg","HTTP 429"
"b85140e8-c539-4b39-b724-86ca7c5435ce","Auby Communal Cemetery","http://commons.wikimedia.org/wiki/Special:FilePath/Auby%20-%20Cimeti%C3%A8re%20d%27Auby%20%2824%29.JPG","HTTP 429"
"b86dbe04-2bf8-4647-9713-b2356bfe1676","Mainz Cathedral","http://commons.wikimedia.org/wiki/Special:FilePath/Cathedral%20%28Mainz%29%202.jpg","HTTP 429"
"b8e8c840-88c6-4cb7-b24f-8bfab8ea595f","Brno Ossuary","http://commons.wikimedia.org/wiki/Special:FilePath/Mesto%20Brno%20-%20Kostnice%20pod%20kostelem%20sv.%20Jakuba%201.jpg","HTTP 429"
"b91d18dc-013b-4ca1-912a-620ba5fa7784","Mouchin cemetery","http://commons.wikimedia.org/wiki/Special:FilePath/Mouchin%20-%20Cimeti%C3%A8re%20de%20Mouchin%20%2803%29.JPG","HTTP 429"
"b8ede9e6-513c-489d-a552-64b95cacfefb","Samara municipal cemetery","http://commons.wikimedia.org/wiki/Special:FilePath/Samara%20main%20cemetery.jpg","HTTP 429"
"b8cc5af8-4395-4099-bcc2-4d80c93e1432","Oak Square School","http://commons.wikimedia.org/wiki/Special:FilePath/Oak%20Square%20School%20Boston%20MA%2002.jpg","HTTP 429"
"b8c524b7-f73c-4b45-8de9-126fd93a099b","Jubilee Church","http://commons.wikimedia.org/wiki/Special:FilePath/Il%20quartiere%20si%20riflette%20in%20una%20vetrata%2005.JPG","HTTP 429"
"b8f38cf8-ca50-4590-a916-cabadbca1bf7","122 East 23rd Street","http://commons.wikimedia.org/wiki/Special:FilePath/122%20East%2023rd%20Street%20Construction.jpg","HTTP 429"
"b99dd3b4-1a5b-4fb6-8cfc-2b9708e2bab0","Cafe Knotted","https://cdn.myrealtrip.com/partner/prod/external_contents/72786/3d41f425421a46b3b722f3766445f320.jpg","getaddrinfo ENOTFOUND cdn.myrealtrip.com"
"b9a3d15d-8858-45ea-9436-eb917345e387","Kinryu Ramen (Dotonbori)","https://example.com/kinryu_ramen.jpg","HTTP 404"
"b99870dd-94ff-4186-9c14-556139c5e7b7","Carpenter, Lakeside, and Springvale Cemeteries","http://commons.wikimedia.org/wiki/Special:FilePath/Lakeside%20Cemetery%20East%20Providence%20RI-2.jpg","HTTP 429"
"b939a94f-90d2-444a-a952-ab914a203a5f","Soviet War Memorial","http://commons.wikimedia.org/wiki/Special:FilePath/Berlin%20%28DE%29%2C%20Sowjetisches%20Ehrenmal%20--%202021%20--%209317.jpg","HTTP 429"
"b971b890-b298-4b0a-9010-bc9469fac6a3","Teatro Massimo Bellini","http://commons.wikimedia.org/wiki/Special:FilePath/Catania%20BW%202012-10-06%2011-11-06.jpg","HTTP 429"
"b97c73fb-c230-4276-afef-dfed7d158ac5","Villa Lante","http://commons.wikimedia.org/wiki/Special:FilePath/Quadrato%20at%20Villa%20Lante%20%28Bagnaia%29.jpg","HTTP 429"
"b9634e0c-b5c7-40ce-8596-9f7d041a9221","Terrein waarin elf grafheuvels","http://commons.wikimedia.org/wiki/Special:FilePath/Terrein%20waarin%20elf%20grafheuvels%202012-09-30%2014-54-22.jpg","HTTP 429"
"b9c63936-7d08-4eeb-a7f1-f2c71a5798dc","Ginrinsou","https://img.vago.to/places/cover/v1/b9/c6/b9c63936-7d08-4eeb-a7f1-f2c71a5798dc.jpg","HTTP 404"
"b9c73631-3794-4b2a-9c54-8825d9e80040","Satan's Coffee Corner","https://example.com/satans.jpg","HTTP 404"
"b9d2476d-72ca-4e22-964e-0935ae746c8d","Tiberias Football Stadium","http://commons.wikimedia.org/wiki/Special:FilePath/Tiberias%20Stadium%20Bodek%20Architects%202023.jpg","HTTP 429"
"ba467afb-f231-46a1-86a1-0fe2cb18d39b","Jewish cemetery in Chișinău","http://commons.wikimedia.org/wiki/Special:FilePath/Cimitir%20evreiesc%20Chi%C8%99in%C4%83u%202022%20foto%204.jpg","HTTP 429"
"b9a9e698-a04b-45eb-a8e5-96b2b9625873","Malik Dinar Mosque","http://commons.wikimedia.org/wiki/Special:FilePath/Malik%20deenar%20juma%20masjid.jpg","HTTP 429"
"ba09cafc-ccf5-4079-a701-ad9f0e5c1b7f","Lucius Clapp Memorial","http://commons.wikimedia.org/wiki/Special:FilePath/Lucius%20Clapp%20Memorial%2C%20Stoughton%20MA.jpg","HTTP 429"
"bab69961-3c51-4e54-8c80-96471e769f6e","สุขพอดี simply happy coffee","https://img.vago.to/places/cover/v1/ba/b6/bab69961-3c51-4e54-8c80-96471e769f6e.jpg","HTTP 404"
"bace2de4-4169-4087-b611-10148bc62fe7","Church of the Dormition of Our Lady in Dabravolia","http://commons.wikimedia.org/wiki/Special:FilePath/%D0%94%D0%BE%D0%B1%D1%80%D0%BE%D0%B2%D0%BE%D0%BB%D1%8F%2C%20%D0%A1%D0%B2%D0%B8%D1%81%D0%BB%D0%BE%D1%87%D1%81%D0%BA%D0%B8%D0%B9%20%D1%80%D0%B0%D0%B9%D0%BE%D0%BD%2C%20%D0%93%D1%80%D0%BE%D0%B4%D0%BD%D0%B5%D0%BD%D1%81%D0%BA%D0%B0%D1%8F%20%D0%BE%D0%B1%D0%BB%D0%B0%D1%81%D1%82%D1%8C%2C%20%D0%91%D0%B5%D0%BB%D0%B0%D1%80%D1%83%D1%81%D1%8C%2010.jpg","HTTP 429"
"bacf17f9-b02e-4763-aa2f-74582066af5f","Arnold Burying Ground","http://commons.wikimedia.org/wiki/Special:FilePath/ArnoldBuryingGround.sign.jpg","HTTP 429"
"bab635b9-942b-4d59-9c51-a3c11f53143a","City of London Cemetery and Crematorium","http://commons.wikimedia.org/wiki/Special:FilePath/Central%20Avenue%20CoLC%26C.JPG","HTTP 429"
"ba9d9bcd-6b2d-4151-b8b0-4ae991fddde5","St. Thomas im Walde, Unterpremstätten","http://commons.wikimedia.org/wiki/Special:FilePath/Unterpremst%C3%A4tten%20Pfarrkirche%20Baustelle%202013.jpg","HTTP 429"
"bac4ba36-927e-4414-b76d-51239a72236f","Tauride Palace","http://commons.wikimedia.org/wiki/Special:FilePath/RUS-2016-Aerial-SPB-Tauride%20Palace%20%28crop%29.jpg","HTTP 429"
"bacd974f-9c26-4eb1-b291-5eec651b0aeb","Loretto Academy","http://commons.wikimedia.org/wiki/Special:FilePath/Loretto%20Academy.jpg","HTTP 429"
"ba9f7d59-10b3-4851-8ef2-0a11aa1d4de1","Chapelle du Vieux-Cimetière (Soignies)","http://commons.wikimedia.org/wiki/Special:FilePath/Soignies%20-%20Vieux%20cimeti%C3%A8re%20-%20chapelle%20-%202021-09-12%20-%2002.jpg","HTTP 429"
"bac8d042-ac2e-4cff-8241-d52efdb49dd6","Hôtel Prince de Galles","http://commons.wikimedia.org/wiki/Special:FilePath/Pagani%20Zonda%20F%20Roadster%2C%20H%C3%B4tel%20Prince%20de%20Galles%2C%20Paris%202014.jpg","HTTP 429"
"ba794461-0843-4651-b3c7-6e07bc596416","1/2 Baseina Street","http://commons.wikimedia.org/wiki/Special:FilePath/%D0%91%D0%B0%D1%81%D0%B5%D0%B9%D0%BD%D0%B0%201-2%202019-10-30.jpg","HTTP 429"
"bb1d8470-5c14-413e-8a14-7e6d6a2daea1","Black Remedy","https://example.com/blackremedy.jpg","HTTP 404"
"bae73fd3-f866-4c9b-bc00-1996664cd062","Inquirer Building","http://commons.wikimedia.org/wiki/Special:FilePath/Inquirer%20Building%20400%20N.%20Broad%20Street.jpg","HTTP 429"
"bad90673-6317-4c17-9820-684e529802b8","Hotel Indigo Atlanta Midtown","http://commons.wikimedia.org/wiki/Special:FilePath/Cox%20Carlton%20Hotel.jpg","HTTP 429"
"baf1da2b-e2d3-4a9e-b87c-40c8f8b954d5","Les Moeres Communal Cemetery","http://commons.wikimedia.org/wiki/Special:FilePath/Les%20Moeres%20Communal%20Cemetery%20-2.JPG","HTTP 429"
"baee3ade-d0b1-4142-af7b-84def7fc51e8","Mingorrubio Cemetery","http://commons.wikimedia.org/wiki/Special:FilePath/Cementerio%20de%20Mingorrubio%2C%20El%20Pardo%20%28Madrid%29%20%28004%29.jpg","HTTP 429"
"bb264751-0b11-4a11-b2db-d353650e1df5","Janet Gray Hayes Rotunda","http://commons.wikimedia.org/wiki/Special:FilePath/San%20Jose%20City%20Hall.jpg","HTTP 429"
"bb025d5e-8c7f-498a-82af-874afa7107d9","Mülheim an der Ruhr Main Cemetery","http://commons.wikimedia.org/wiki/Special:FilePath/Portal%20Hauptfriedhof%20M%C3%BClheim%20Vorfahrt.jpg","HTTP 429"
"bb6e6d34-0207-446f-bee7-84c781d90503","Shosan Ramen","https://img.vago.to/places/cover/v1/bb/6e/bb6e6d34-0207-446f-bee7-84c781d90503.jpg","HTTP 404"
"bb464e02-c7a8-46f1-86c5-b9097a374e1b","Basilica of Jesus de Medinaceli","http://commons.wikimedia.org/wiki/Special:FilePath/Bas%C3%ADlica%20de%20Jes%C3%BAs%20de%20Medinaceli%20%28Madrid%29%2001.jpg","HTTP 429"
"bb5fb2d6-a510-4cb1-913a-7e11a52bd430","Areeta","http://commons.wikimedia.org/wiki/Special:FilePath/Metro-areeta-o-k-2-24-08-09.jpg","HTTP 429"
"bb40fd0b-7305-4e66-83c8-09104e16bfd1","Algemene Begraafplaats Montfoort","http://commons.wikimedia.org/wiki/Special:FilePath/Algemene%20Begraafplaats%20Montfoort%2011052012.JPG","HTTP 429"
"bb2ff410-0b07-4498-a1e6-bb7067fc1842","Hotel Astoria","http://commons.wikimedia.org/wiki/Special:FilePath/Astoria%20Hotel%20SPB.jpg","HTTP 429"
"bb6d43f0-08cb-4024-9620-f2eb573a10f1","Teatro Lirico di Cagliari","http://commons.wikimedia.org/wiki/Special:FilePath/Lirico%20Cagliari.jpg","HTTP 429"
"bb37c385-3a50-4ba9-bf9d-b2cde5c551a9","Wicres churchyard","http://commons.wikimedia.org/wiki/Special:FilePath/Wicres%20Churchyard%20-20.JPG","HTTP 429"
"bb960317-1a10-46a3-8019-622c235ba604","Gifu Kitagata Appartementhaus","http://commons.wikimedia.org/wiki/Special:FilePath/Kitagatagifusejima.jpg","HTTP 429"
"bbe13a69-74e0-42d5-86da-e2ed3a780671","Fairmont Singapore","http://commons.wikimedia.org/wiki/Special:FilePath/Raffles%20The%20Plaza.JPG","HTTP 429"
"bba23eae-09e6-4092-9f85-4da3e36f678b","Vorstengraf Zevenbergen","http://commons.wikimedia.org/wiki/Special:FilePath/De%20Zevenbergen%20panorama.jpg","HTTP 429"
"bbfb65fe-1821-420e-8579-faca0a8ed008","Huguenot cemetery, Dublin","http://commons.wikimedia.org/wiki/Special:FilePath/Huguenot-cemetery-1693-entrance.jpg","HTTP 429"
"bbe60180-e7a0-4918-976a-846515575862","Wadi-us-Salaam","http://commons.wikimedia.org/wiki/Special:FilePath/Wadi%20Al-Salam.jpg","HTTP 429"
"bb8f6efc-ed76-40aa-8e5d-e8c4119ab373","Terrein waarin twee grafheuvels en urnenveld","http://commons.wikimedia.org/wiki/Special:FilePath/Mander%202%20grafheuvels.JPG","HTTP 429"
"bb917f11-fbac-4ff4-bca0-f58dd283951b","Holy Trinity cemetery in Kurgan","http://commons.wikimedia.org/wiki/Special:FilePath/Old%20Believers%20square%20Kurgan.jpg","HTTP 429"
"bc1360af-83c4-4762-ad1b-9bd39382dc14","Maria Königin des Friedens","http://commons.wikimedia.org/wiki/Special:FilePath/Fatima%20Friedenskirche%20Kassel%202006.jpg","HTTP 429"
"bc470053-80bf-4e73-aee9-7d3cf57a3d99","Behesht-e Zahra","http://commons.wikimedia.org/wiki/Special:FilePath/Beheshte%20Zahra%20Cemetery%20%D9%85%D9%82%D8%A7%D8%A8%D8%B1%20%D8%A8%D9%87%D8%B4%D8%AA%20%D8%B2%D9%87%D8%B1%D8%A7%20%D8%AA%D9%87%D8%B1%D8%A7%D9%86.jpg","HTTP 429"
"bc4a8647-bc95-448b-bb46-d8a8ac2f9168","Sumida Hokusai Museum","http://commons.wikimedia.org/wiki/Special:FilePath/2018%20Sumida%20Hokusai%20Museum%202.jpg","HTTP 429"
"bc4637c5-27c9-446d-9b83-308f5a62065b","Вешняковское кладбище","http://commons.wikimedia.org/wiki/Special:FilePath/Church%20of%20the%20Dormition%20of%20the%20Theotokos%20in%20Veshnyaki%2030.jpg","HTTP 429"
"bc6f1e1a-e217-45cf-99ca-48ef17e4763c","Witte Kerkje","http://commons.wikimedia.org/wiki/Special:FilePath/Witte%20Kerkje%20Bergen%2C%20zuid-oosten.jpg","HTTP 429"
"bc1df33e-94cf-4a75-b945-56ac8c6a8804","Phourni","http://commons.wikimedia.org/wiki/Special:FilePath/Minoan%20cemetery%2C%20Phourni%20near%20Archanes%2C%20980102.jpg","HTTP 429"
"bc9a1255-4f21-4867-8388-12db9613b62e","Ramen Jiro","https://example.com/ramen_jiro.jpg","HTTP 404"
"bcf66ca0-13eb-4d26-acf0-f0005b393d49","El-Tarif","http://commons.wikimedia.org/wiki/Special:FilePath/Theban%20Necropolis%20Map.jpeg","HTTP 429"
"bc9ccb36-3425-43da-8aab-69c6b86a0a9b","Armenian Cemetery in Julfa","http://commons.wikimedia.org/wiki/Special:FilePath/Armenian%20cemetery%20in%20Julfa%2C%201915.jpg","HTTP 429"
"bca2e5b4-808c-42e1-8acb-cf1620da95ad","Furuichi Kofun Cluster","http://commons.wikimedia.org/wiki/Special:FilePath/Furuichi%20Kofun%20Group%20from%20Mount%20Takao.jpg","HTTP 429"
"bccf3e84-3bec-4f92-8ff5-07acc46615b2","Barcelona-Sagrera","http://commons.wikimedia.org/wiki/Special:FilePath/Estaci%C3%B3%20de%20la%20sagrera%20016.JPG","HTTP 429"
"bcd4ff12-8c13-44b0-a5ed-405010632ff5","De Stille Hof (Hoogezand)","http://commons.wikimedia.org/wiki/Special:FilePath/Poortgebouw%20De%20Stille%20Hof%20Hoogezand.jpg","HTTP 429"
"bccd7567-2be9-4b0d-b1c5-9eec880209b6","Beni Israel Cemetery","http://commons.wikimedia.org/wiki/Special:FilePath/Beni%20Israel%20Cemetery.JPG","HTTP 429"
"bcc21496-7818-4a3a-bb7d-e1e78e22ca3d","Yaña Bistä cemetery","http://commons.wikimedia.org/wiki/Special:FilePath/Tatar%20cemetery%20%28Kazan%29%202977.jpg","HTTP 429"
"bca7f1f1-b7d4-4de6-aae5-5c1f9258efb8","Esplanada dos Ministérios, Bloco R","http://commons.wikimedia.org/wiki/Special:FilePath/Pal%C3%A1cio%20da%20Justi%C3%A7a%20refletido%20nas%20%C3%A1guas%20do%20Congresso%20Nacional.jpg","HTTP 429"
"bd25b41a-e64b-440b-904a-59a10074f4f8","Grafheuvel #45438","http://commons.wikimedia.org/wiki/Special:FilePath/Archeologisch%20monument%2045438%20-%20Harderwijk.jpg","HTTP 429"
"bd43ea5c-50f1-456a-8eb0-3c20f8cd3e5f","city hall of The Hague","http://commons.wikimedia.org/wiki/Special:FilePath/Den%20Haag%20Nieuwe%20Stadhuis%20Innen%201.jpg","HTTP 429"
"bd2c7b6a-11b4-41c2-b6c9-41c88bcf380c","Maria Rehkogel, Frauenberg","http://commons.wikimedia.org/wiki/Special:FilePath/Frauenberg%20%28St.%20Marein%29%20-%20Kirche%20%282%29.JPG","HTTP 429"
"bd366ed9-5b97-4a79-8ff0-a410b1a5ea71","Four Seasons Hotel New York","http://commons.wikimedia.org/wiki/Special:FilePath/4%20seasons%20hotel%20NY%2056%20jeh.jpg","HTTP 429"
"bcfe05a9-593f-42f8-8064-426059f621af","Konzerthaus Berlin","http://commons.wikimedia.org/wiki/Special:FilePath/150418%20Konzerthaus%20Berlin.jpg","HTTP 429"
"bd1f5c02-c831-44f0-84ba-a9ffb5986417","Feldkapelle","http://commons.wikimedia.org/wiki/Special:FilePath/Bruder%20Klaus%20Feldkapelle.JPG","HTTP 429"
"bd3597bb-0f58-4532-a783-3ae93393e400","Ibirapuera Auditorium","http://commons.wikimedia.org/wiki/Special:FilePath/Audit%C3%B3rio%20Ibirapuera%20Parque%20do%20Ibirapuera%20S%C3%A3o%20Paulo%202019-6180.jpg","HTTP 429"
"bd0355d8-40fd-49a4-ac27-27bb0bfe8572","Ziegler House","http://commons.wikimedia.org/wiki/Special:FilePath/Nybrogade%2012.jpg","HTTP 429"
"bd53f87a-d29c-4d92-84ef-139100fecb95","Rothko Chapel","http://commons.wikimedia.org/wiki/Special:FilePath/Rothko%20chapel.jpg","HTTP 429"
"be035c47-d298-45c5-831d-2e1e6b3b9e87","Pfarrkirche Sankt Anton im Montafon","http://commons.wikimedia.org/wiki/Special:FilePath/Hl%20Antonius%20Eremit%20StAntonIM.JPG","HTTP 429"
"bd774e3b-2d28-4697-830a-a028d3485d2c","San Biagio, Montepulciano","http://commons.wikimedia.org/wiki/Special:FilePath/SBiagio%20von%20SO2-%20s.jpg","HTTP 429"
"bdc60af3-9fa2-4c13-a9a4-0e3380071fa3","Fritz Coffee Company","https://live.staticflickr.com/65535/51253141199_b296c92252_b.jpg","HTTP 404"
"bd850662-27da-46b3-b8e7-e454c94731dd","Edifício Copan","http://commons.wikimedia.org/wiki/Special:FilePath/Edif%C3%ADcio%20Copan%2C%20SP.jpg","HTTP 429"
"bd8d7c4a-7a99-45c6-bb6b-719acd737af2","Vision Tower","http://commons.wikimedia.org/wiki/Special:FilePath/Vision%20Tower%20Under%20Construction%20on%2022%20November%202007.jpg","HTTP 429"
"bdf5d2de-cb9d-4a87-b579-5297ade346db","Terrein waarin vijf grafheuvels","http://commons.wikimedia.org/wiki/Special:FilePath/Archeologisch%20monument%2045108%20-%20Garderen.jpg","HTTP 429"
"bd70c783-8d7f-4f83-a038-46bbdfebb7bd","Le Quesnoy Communal Cemetery","http://commons.wikimedia.org/wiki/Special:FilePath/Le%20Quesnoy%20Communal%20Cemetery%20Extension-26.JPG","HTTP 429"
"be8d8c9f-e25f-40c7-a5a3-ec32ae138b29","Prada Aoyama","http://commons.wikimedia.org/wiki/Special:FilePath/PRADA%20BOUTIQUE%20AOYAMA.jpg","HTTP 429"
"be26afed-54fd-443b-b848-aea3aa57e906","Hospital da Lagoa","http://commons.wikimedia.org/wiki/Special:FilePath/Hospital%20da%20Lagoa.jpg","HTTP 429"
"be877ec7-3b56-4f63-904f-ad20b2b5570f","Esztergom Basilica","http://commons.wikimedia.org/wiki/Special:FilePath/Basilica%20in%20Esztergom%2C%20Hungary%2001.jpg","HTTP 429"
"be4f7f6f-e4fa-4ddc-82ed-43407291d423","Gobela","http://commons.wikimedia.org/wiki/Special:FilePath/Estaci%C3%B3n%20de%20Gobela%201.jpg","HTTP 429"
"be727698-e328-42fa-b915-24532d935a6a","Hounsom Memorial Church","http://commons.wikimedia.org/wiki/Special:FilePath/Hounsom%20Memorial%20URC%20Church%2C%20Hangleton.JPG","HTTP 429"
"be7d412d-d96b-4455-be61-b30732d058e6","St Andrew's Cathedral","http://commons.wikimedia.org/wiki/Special:FilePath/St%20Andrew%27s%20Metropolitan%20Cathedral%2C%20Glasgow%2014.jpg","HTTP 429"
"be292e09-20e4-4c70-aef9-99121a88b3a2","San Michele in Isola","http://commons.wikimedia.org/wiki/Special:FilePath/Chiesa%20di%20S.Michele%20in%20Isola%2C%20north%20exposure.jpg","HTTP 429"
"beccd87a-2d0d-46c8-acc9-8dcf61a26518","Palazzo Mazzone","http://commons.wikimedia.org/wiki/Special:FilePath/Palazzo%20Mazzone%2C%20Via%20Umberto%20I%2C%20Catania%2C%20arch.%20Tommaso%20Malerba%20%281%29.png","HTTP 429"
"bec8c429-96cc-40c4-9c5f-be15ab18a8a1","Neuer Südfriedhof","http://commons.wikimedia.org/wiki/Special:FilePath/Neuer%20Suedfriedhof%20Muenchen-2.jpg","HTTP 429"
"bea0db8e-6312-4f0f-b45b-6369e837e3cd","Château de Villesavin","http://commons.wikimedia.org/wiki/Special:FilePath/SchlossVillesavinO.jpg","HTTP 429"
"bed04818-9be9-42df-863d-9771ecb8fdda","Mietshaus Stresemannstraße 105 & 107 & 109","http://commons.wikimedia.org/wiki/Special:FilePath/Stresemannstra%C3%9Fe%20109%20%28Berlin-Kreuzberg%29.JPG","HTTP 429"
"beeae591-8de5-4153-be50-981ca19a5bfa","Historical Cemetery, Weimar","http://commons.wikimedia.org/wiki/Special:FilePath/Historischer%20Friedhof%20Weimar%20-%20Gr%C3%A4ber.jpg","HTTP 429"
"bea57c86-8249-44df-874e-32d06125bbeb","New West End Synagogue, London","http://commons.wikimedia.org/wiki/Special:FilePath/New%20West%20End%20Synagogue%20exterior.JPG","HTTP 429"
"be9a4fb8-ba8a-4f30-b992-6ea8a66c2bce","Essen Central Station","http://commons.wikimedia.org/wiki/Special:FilePath/Essen%20hbf%201817.jpg","HTTP 429"
"be97f539-f58c-4213-926a-cbf1bb7dcae8","Somerville City Hall","http://commons.wikimedia.org/wiki/Special:FilePath/Somerville%20City%20Hall.jpg","HTTP 429"
"bebdae8f-612d-4b3f-b3d7-9630017fe037","Peabody School","http://commons.wikimedia.org/wiki/Special:FilePath/Peabody%20School%2C%20Eastman%2C%20GA%2C%20US.jpg","HTTP 429"
"bef05cba-358b-4444-b9f8-8064a7b405e1","Obchodní dům Breda","http://commons.wikimedia.org/wiki/Special:FilePath/Opava%20-%20Breda%2001%20%28cropped%29.jpg","HTTP 429"
"bef4f826-b1b2-4aa3-a187-0cab3826c84b","Gothic Quarter","https://example.com/gothicquarter.jpg","HTTP 404"
"bf6223b3-934e-4987-a749-06f9ab8ae374","Grabhügel bei Trenthorst","http://commons.wikimedia.org/wiki/Special:FilePath/Kreis-Ploen%20Grabhuegel%20Trenthorst%202.JPG","HTTP 429"
"bf39664e-0dae-4594-942d-0b929a38d5d3","Moscow Palace of Youth","http://commons.wikimedia.org/wiki/Special:FilePath/MDM%2023.04.2014.jpg","HTTP 429"
"bf3ba728-f783-4d77-a162-735306fcca94","Jewish cemetery of Chernivtsi","http://commons.wikimedia.org/wiki/Special:FilePath/Jewish%20cemetery%20Chernivtsi.jpg","HTTP 429"
"bf0c917f-e74a-46cd-bd50-1283583a42e7","Kovalyovskoye cemetery","http://commons.wikimedia.org/wiki/Special:FilePath/%D0%A6%D0%B5%D1%80%D0%BA%D0%BE%D0%B2%D1%8C%20%D0%9A%D0%BE%D0%B2%D0%B0%D0%BB%D1%91%D0%B2%D0%BE.jpg","HTTP 429"
"bf001d6c-a98b-4d90-9ccb-93a03592278e","Yale Art and Architecture Building","http://commons.wikimedia.org/wiki/Special:FilePath/YAAB.jpg","HTTP 429"
"bef99e21-e0df-4283-bdf6-3697edb617fd","Elisabeta Palace","http://commons.wikimedia.org/wiki/Special:FilePath/Palatul%20Elisabeta%20-%20Pavilionul%20Principesei%20Mostenitoare.jpg","HTTP 429"
"bf854d89-962d-4b0a-a727-481ce010df02","Ricco's Coffee","https://www.riccoskaffe.dk/wp-content/uploads/2017/10/forside_1920x800.jpg","getaddrinfo ENOTFOUND www.riccoskaffe.dk"
"bf658e6a-27be-408f-a556-94ac3bde5b5c","Afuri Ramen","https://example.com/afuri_ramen.jpg","HTTP 404"
"bf6bcea4-ddb6-4e34-af94-73691241a5d3","Konstanz Minster","http://commons.wikimedia.org/wiki/Special:FilePath/Louis%20Th%C3%BCmling%20nach%20C%20Dyckerhoff%20-%20Konstanzer%20M%C3%BCnster%20%28Stahlstich%201856%29.jpg","HTTP 429"
"bf6eff56-0b30-4131-bead-6d54d33fcde4","World War I Cemetery nr 81 in Męcina Wielka","http://commons.wikimedia.org/wiki/Special:FilePath/81MecinaWielka3.jpg","HTTP 429"
"bf8f2be9-4f59-410e-a881-68f612d0debd","Columbia Cemetery","http://commons.wikimedia.org/wiki/Special:FilePath/ColumbiaCemetery.JPG","HTTP 429"
"bf89c6e5-7d02-4549-ada4-5972ced689da","cemetery of Undefeated","http://commons.wikimedia.org/wiki/Special:FilePath/Collina%20di%20Redipuglia%20097.jpg","HTTP 429"
"bf8fd21a-9293-46ff-b72b-49db9c419fd4","Washington Armory","http://commons.wikimedia.org/wiki/Special:FilePath/WashingtonArmoryPA.jpg","HTTP 429"
"bf714ceb-805d-48d6-860c-b0c9164cd366","St. Valery-sur-Somme Communal Cemetery","http://commons.wikimedia.org/wiki/Special:FilePath/St.%20Valery-sur-Somme%20Communal%20Cemetery%2013.JPG","HTTP 429"
"bf7a106a-574c-4f76-a8cf-0f06205894f3","Hotel Marcel","http://commons.wikimedia.org/wiki/Special:FilePath/Armstrong%20Rubber%20Company%20HQ%2C%20aka%20Pirelli%20Building.jpg","HTTP 429"
"bf8f03ff-0d70-46a0-983a-c99a8445c64e","Grotto Camping Ground South Comfort Station","http://commons.wikimedia.org/wiki/Special:FilePath/Grotto%20Campground%20S%20comfort%20sta%20NPS.jpg","HTTP 429"
"bf77dc46-949b-41d8-96d3-ee8a1a71df1a","Zagreb Orthodox Cathedral","http://commons.wikimedia.org/wiki/Special:FilePath/Z%C3%A1h%C5%99eb%2C%20pravoslavn%C3%BD%20chr%C3%A1m%204.jpg","HTTP 429"
"bfd26917-9783-4541-976b-beaa1790d9ca","PALIT Flagship Store","https://img.vago.to/places/cover/v1/bf/d2/bfd26917-9783-4541-976b-beaa1790d9ca.jpg","HTTP 404"
"bff805a8-e618-44c9-b193-a0ee9a9ba94a","Marble Palace","http://commons.wikimedia.org/wiki/Special:FilePath/Spb%2006-2012%20Palace%20Embankment%20various%2001.jpg","HTTP 429"
"bff16c7d-c303-4652-940c-7dcc2afd36a8","World War I Cemetery nr 12 in Cieklin-Józefów","http://commons.wikimedia.org/wiki/Special:FilePath/Nr12%20Cieklin1a.JPG","HTTP 429"
"bfed0930-0a32-4faf-a4e1-b33cec5238e4","Žižkov Television Tower","http://commons.wikimedia.org/wiki/Special:FilePath/%C5%BDi%C5%BEkov%20tv%20tower.jpg","HTTP 429"
"bfc40b8a-6110-4db4-8bc0-3aac52ff306f","Ōita Prefectural Art Museum","http://commons.wikimedia.org/wiki/Special:FilePath/Oita%20OPAM%201.jpg","HTTP 429"
"bff276ae-0d0d-4647-88e5-47634d96b07b","42Raw","https://42raw.com/wp-content/uploads/2020/12/DSC05866-scaled.jpg","Hostname/IP does not match certificate's altnames: Host: 42raw.com. is not in the cert's altnames: DNS:*.squarespace.com, DNS:squarespace.com, DNS:*.campaign-preferences.com, DNS:campaign-preferences.com, DNS:*.sqsp.net, DNS:sqsp.net, DNS:*.sqspcdn.com, DNS:static1.1.sqspcdn.com, DNS:static2.1.sqspcdn.com, DNS:static1.2.sqspcdn.com, DNS:cdn1.1.sqspcdn.com, DNS:sqspcdn.com, DNS:*.engage.squarespace-mail.com, DNS:engage.squarespace-mail.com"
"bfebe0c9-70fc-4db7-904d-55d3d15978cc","Royal Opera House","http://commons.wikimedia.org/wiki/Special:FilePath/Royal%20Opera%20House%20and%20ballerina.jpg","HTTP 429"
"c06155ad-07df-490a-bfcb-5376c6e6c01d","DZ Bank building","http://commons.wikimedia.org/wiki/Special:FilePath/Berlin%20-%20Haus%20Behrenstra%C3%9Fe%2073.jpg","HTTP 429"
"c01d6c3c-5a2a-470a-b1e4-f8b64e04f439","Evergreen Cemetery","http://commons.wikimedia.org/wiki/Special:FilePath/EVERGREEN%20CEMETERY%2C%20UNION%20COUNTY.jpg","HTTP 429"
"c03088ee-ba25-487d-b80d-63a772a8b835","Carrousel du Louvre","http://commons.wikimedia.org/wiki/Special:FilePath/Carrousel%20du%20Louvre%20Septembre%202016.jpg","HTTP 429"
"c06ab760-95a3-4c96-ab2d-64830a901be5","National Theatre in Belgrade","http://commons.wikimedia.org/wiki/Special:FilePath/Serbia%2C%20Belgrade%20-%20National%20Theatre%2C%2001.04.2011.jpg","HTTP 429"
"c01a2015-7cb4-419c-8035-4bf0f795e354","Dreifaltigkeitskirchhof II","http://commons.wikimedia.org/wiki/Special:FilePath/Dreifaltigkeitskirchhof-Kreuzberg.jpg","HTTP 429"
"c0506a76-dda3-48f2-adb7-b4ee8d7c8a23","Caroline Church and Cemetery","http://commons.wikimedia.org/wiki/Special:FilePath/Caroline%20Church%20and%20Cemetery%20Nov%2007.jpg","HTTP 429"
"c08c1e55-426f-4926-9303-3867cc6d4248","Chiang Mai University","https://img.vago.to/places/cover/v1/c0/8c/c08c1e55-426f-4926-9303-3867cc6d4248.jpg","HTTP 404"
"c0af1afe-f3f0-4e2d-931c-6c1ce7211ef2","Westfriedhof","http://commons.wikimedia.org/wiki/Special:FilePath/Magdeburg%20Westfriedhof%20Allee%20asv2024-06.jpg","HTTP 429"
"c0cb3fd6-4180-4321-8add-5e13c64b3fb9","National Stadium","http://commons.wikimedia.org/wiki/Special:FilePath/World%20Games%20Stadium%20and%20National%20Sports%20Training%20Center%202022%2002.jpg","HTTP 429"
"c077ddb2-52bd-4759-9818-02b3efe7fd84","Płock Cathedral","http://commons.wikimedia.org/wiki/Special:FilePath/Plock%20Cathedral%20aerial%20photograph%202019%20P01.jpg","HTTP 429"
"c0a72b81-642f-4b6d-a7fc-80c181ea53ff","Santo Spirito","http://commons.wikimedia.org/wiki/Special:FilePath/Chiesa%20Santo%20Spirito%2C%20Firenze.jpg","HTTP 429"
"c0990e07-1afc-4777-a47c-cdc52017bf8e","White River Mess Hall and Dormitory","http://commons.wikimedia.org/wiki/Special:FilePath/White%20River%20Mess%20Hall%20NRHP%2091000328%20Pierce%20County%2C%20WA.jpg","HTTP 429"
"c0c86a62-583f-4e01-9ebf-632458c6c867","Naval Cathedral in Kronstadt","http://commons.wikimedia.org/wiki/Special:FilePath/Naval%20Cathedral%20of%20St%20Nicholas%20in%20Kronstadt%2001.jpg","HTTP 429"
"c0c2b7c9-12f3-4f17-83dc-b4e265270a9e","Habitat 67","http://commons.wikimedia.org/wiki/Special:FilePath/Habitat%2067%2C%202600%2C%20avenue%20Pierre-Dupuy%20%28Ville-Marie%29%20%2835399872943%29.jpg","HTTP 429"
"c0aa206a-d2b1-49e7-8125-3322e4134d96","Rappoporta Street, Lviv","http://commons.wikimedia.org/wiki/Special:FilePath/%D0%A0%D0%B0%D0%BF%D0%BF%D0%BE%D0%BF%D0%BE%D1%80%D1%82%D0%B0%20%D0%B2%D1%83%D0%BB.%20%28%D0%9B%D1%8C%D0%B2%D1%96%D0%B2%29-1.JPG","HTTP 429"
"c0a191bf-e782-4487-b0f8-cbc88c1eea98","Teaticket School","http://commons.wikimedia.org/wiki/Special:FilePath/Teaticket%20School%2C%20340%20Teaticket%20Hwy%2C%20Falmouth%2C%20MA.JPG","HTTP 429"
"c118c8ce-745a-4001-af3d-7d059faf7364","Turret Coffee","https://fastly.4sqi.net/img/general/600x600/13591371_i3-30zH26F532T9cK0-20YjE8oYq8011J4qJk8-681E.jpg","HTTP 404"
"c111b1be-c6d0-4437-a218-d276d44de624","tumulus d'Er Grah","http://commons.wikimedia.org/wiki/Special:FilePath/Locmariaquer%20cairn%20d%27Er%20Grah%20.%20%283%29.jpg","HTTP 429"
"c1090984-b25b-402d-a3ad-4878c9f2a928","Parkview","http://commons.wikimedia.org/wiki/Special:FilePath/Praha%20Pankrac%20stavba%20Parkview%208.jpg","HTTP 429"
"c0dcb7fc-abd1-4ccd-90bf-468a266c61d5","Eichelberger Apartments","http://commons.wikimedia.org/wiki/Special:FilePath/A.%20V.%20Eichelberger%20Apartments.jpg","HTTP 429"
"c1177111-4f01-4ac1-a0c3-e3d0e454dfb8","Håga kurgan","http://commons.wikimedia.org/wiki/Special:FilePath/H%C3%A5gah%C3%B6gen.jpg","HTTP 429"
"c0ea0db9-fb06-4cf6-b7b9-529ad14a7a9b","Sennefriedhof","http://commons.wikimedia.org/wiki/Special:FilePath/Bielefeld%20Sennefriedhof%20Bombenopferehrenfeld.jpg","HTTP 429"
"c100b1b8-f041-45b1-bf0e-e7c834b578fd","Christ Church Lutheran","http://commons.wikimedia.org/wiki/Special:FilePath/Christ%20Church%20Lutheran%20NE.jpg","HTTP 429"
"c104ac66-ce88-44c3-8f9d-9de1cec33a2f","Copenhagen Central Station","http://commons.wikimedia.org/wiki/Special:FilePath/Copenhagen%20H%20street%20side.JPG","HTTP 429"
"c10dba34-ea33-4bd1-baf4-e7d9436497e8","Shukhov Tower","http://commons.wikimedia.org/wiki/Special:FilePath/%D0%A7%D0%B5%D1%80%D0%BD%D0%BE%20%D0%B1%D0%B5%D0%BB%D0%B0%D1%8F%20%D1%88%D1%83%D1%85%D0%BE%D0%B2%D1%81%D0%BA%D0%B0%D1%8F%20%D0%B1%D0%B0%D1%88%D0%BD%D1%8F.JPG","HTTP 429"
"c188a0ea-0a2a-48c2-8243-7d85e8750ac6","Terrein waarin grafheuvels en urnenveld","http://commons.wikimedia.org/wiki/Special:FilePath/Oorspronkelijke%20begraafplaats%20in%20gebruik%20van%20de%20Late%20Bronstijd%20tot%20en%20met%20de%20Vroege%20IJzertijd%20-%20Veldhoven%20-%2020528462%20-%20RCE.jpg","HTTP 429"
"c1635640-6150-4eae-a7f3-fbb1033448c2","Johnie's Coffee Shop","http://commons.wikimedia.org/wiki/Special:FilePath/Johnie%20Coffee%20Shop%20Restaurant.jpg","HTTP 429"
"c15faa6c-a095-47b6-bdec-26565a89070c","Centro Direzionale di Fontivegge","http://commons.wikimedia.org/wiki/Special:FilePath/Centro%20direzionale%20Regione%20Umbria%20by%20Aldo%20Rossi.jpg","HTTP 429"
"c13711b4-f1f9-4579-928f-c20d151efa81","Mesa Laboratory","http://commons.wikimedia.org/wiki/Special:FilePath/National%20Center%20for%20Atmospheric%20Research%20-%20Boulder%2C%20Colorado.jpg","HTTP 429"
"c170dde9-25b3-48c2-a27f-2bc13b46a6b8","Soldatenfriedhof Mauthausen","http://commons.wikimedia.org/wiki/Special:FilePath/Soldatenfriedhof%20Mauthausen.jpg","HTTP 429"
"c14d10aa-4140-41c6-a936-e06f38b9856b","Ford Park Cemetery","http://commons.wikimedia.org/wiki/Special:FilePath/Ford%20Park%20Cemetery%20chapel%2C%20Plymouth.jpg","HTTP 429"
"c188ed83-20ee-4e7d-8046-ccc510cb8ea6","North Burial Ground","http://commons.wikimedia.org/wiki/Special:FilePath/North%20Burial%20Ground.JPG","HTTP 429"
"c1758388-b8cf-492b-9dc4-5829fcbcd19e","Kungshögarna von Malmö-Oxie","http://commons.wikimedia.org/wiki/Special:FilePath/Kungsh%C3%B6gen%2C%20Malm%C3%B6.jpg","HTTP 429"
"c2125483-1324-4038-aa3d-eb169a726835","Café de l'Ambre","https://example.com/cafe_ambre.jpg","HTTP 404"
"c21dc470-3bc6-4a4a-8f6b-df3b74244cb3","Valsgärde","http://commons.wikimedia.org/wiki/Special:FilePath/Valsg%C3%A4rde%20-%20KMB%20-%2016000300023676.jpg","HTTP 429"
"c1a2ff81-7b04-4dca-b5d4-bf9cfcd9d650","Medford Post Office","http://commons.wikimedia.org/wiki/Special:FilePath/Medford%20WI%20Post%20Office.jpg","HTTP 429"
"c19d28e9-9c4c-4276-89fd-290a515739d3","Esplanada dos Ministérios, Bloco N","http://commons.wikimedia.org/wiki/Special:FilePath/Esplanada%20dos%20Minist%C3%A9rios%20-%2050494787276.jpg","HTTP 429"
"c1b99d1b-cc8d-4e4a-b81a-31a49a317424","Algemene Begraafplaats Crooswijk: grafheuvel met kwadrant en rotonde","http://commons.wikimedia.org/wiki/Special:FilePath/Rotterdam%20begraafplaats%20Crooswijk%20grafheuvel.jpg","HTTP 429"
"c1993359-6774-4317-be1e-5765fc544745","Canyon Creek Shelter","http://commons.wikimedia.org/wiki/Special:FilePath/Canyon%20Creek%20Shelter%20ONP1.jpg","HTTP 429"
"c1d60305-9821-450b-a7df-81c22c45f8f3","Yakitori Shinkei Yoyogi","https://img.vago.to/places/cover/v1/da/6e/da6e5cae-32ed-4552-ad48-368594891bea.jpg","R2 upload error: Client network socket disconnected before secure TLS connection was established"
"c263928c-e38a-477b-b35b-f9686a677e99","Little Rock Boys Club","http://commons.wikimedia.org/wiki/Special:FilePath/Little%20Rock%20Boys%20Club.JPG","HTTP 429"
"c24797c2-7ace-448f-b8db-2e42146bd009","Heliopolis Palace","http://commons.wikimedia.org/wiki/Special:FilePath/Heliopolis%20Palace%20in%20Cairo.JPG","HTTP 429"
"c24c4a30-96a0-4504-b221-d0a3d2cf01ce","Madeleine Cemetery","http://commons.wikimedia.org/wiki/Special:FilePath/Chapelle%20expiatoire%20roses%20blanches.jpg","HTTP 429"
"c255fb66-2eef-4f95-b2e1-387bb408bc3d","Longwood","http://commons.wikimedia.org/wiki/Special:FilePath/Longwood%20by%20Highsmith%2001.jpg","HTTP 429"
"c25b9fca-1883-4e50-97b1-7ac2479c6637","Fairmount Cemetery","http://commons.wikimedia.org/wiki/Special:FilePath/Krueger%20Mausoleum.jpg","HTTP 429"
"c233a6f6-6815-44d2-b2b6-4b42dede2fa6","Brighton Community Stadium","http://commons.wikimedia.org/wiki/Special:FilePath/Falmer%20Stadium%20-%20night.jpg","HTTP 429"
"c29df089-c437-4b56-aed1-87f2eb3a1527","Tomb of Puhaddin","http://commons.wikimedia.org/wiki/Special:FilePath/%E6%99%AE%E5%93%88%E4%B8%81%E5%A2%930925.jpg","HTTP 429"
"c2a09fc1-3f34-406d-92d1-f9d8aed179cf","Hôtel de Beaumont","http://commons.wikimedia.org/wiki/Special:FilePath/ValognesHotelBeaumont.jpg","HTTP 429"
"c2a5183b-a85b-40ac-8f4b-a350f0ccf936","Sears, Roebuck & Company Mail Order Building","http://commons.wikimedia.org/wiki/Special:FilePath/Sears%2C%20Roebuck%20%26%20Company%20Mail%20Order%20Building%2C%20Los%20Angeles.JPG","HTTP 429"
"c2ca3303-f2f5-44c3-b498-10a16ebec2ac","Allerton Cemetery","http://commons.wikimedia.org/wiki/Special:FilePath/Anglican%20chapel%2C%20Allerton%20Cemetery%20%26%20graves.JPG","HTTP 429"
"c28932b1-c5b6-4df4-8af9-515b74037aca","Nautilus Hotel","http://commons.wikimedia.org/wiki/Special:FilePath/Miami%20Beach%20-%20Nautilus%20Hotel%2005.jpg","HTTP 429"
"c28758d3-5e42-4e63-ac49-b5a0c9d1a3a2","Zeitenlik","http://commons.wikimedia.org/wiki/Special:FilePath/Zeitenlik%20-%20Plan%2009339.jpg","HTTP 429"
"c294cfda-58b3-458a-977b-8b481822655a","Institut für Leichte Flächentragwerke","http://commons.wikimedia.org/wiki/Special:FilePath/0136-Stuttgart-Otto.jpg","HTTP 429"
"c2c1c3d8-1d55-4849-b93f-a443b1386f7f","Chappelle Administration Building","http://commons.wikimedia.org/wiki/Special:FilePath/Chappelle%20Administration%20Building%2C%20Allen%20University%20%28Columbia%29.jpg","HTTP 429"
"c269e799-dc67-417a-a78e-c3e378751967","Old Baker County Courthouse","http://commons.wikimedia.org/wiki/Special:FilePath/Maclenny%20Cty%20crths01.jpg","HTTP 429"
"c27006ee-e304-410c-ae22-6fc35beb1b6d","Onze-Lieve-Vrouw van de Rozenkranskerk","http://commons.wikimedia.org/wiki/Special:FilePath/Antwerpen%20Heistraat%20319%20-%20277183%20-%20onroerenderfgoed.jpg","HTTP 429"
"c2de7559-584e-4364-9abd-b2b48d4a0cb7","Shakespeare and Company Café","https://img.vago.to/places/cover/v1/c2/de/c2de7559-584e-4364-9abd-b2b48d4a0cb7.jpg","HTTP 404"
"c31a3cb1-4f02-48ab-ad8b-4a7da6db2a94","Saint Michael's Church","http://commons.wikimedia.org/wiki/Special:FilePath/Rotterdam%20lumeystraat%20kerk.jpg","HTTP 429"
"c2d24a3d-8921-4a2a-94ba-d7cf61d78448","Stadttor","http://commons.wikimedia.org/wiki/Special:FilePath/Stadttor%20D%C3%BCsseldorf%20-%20Stadtansicht.jpg","HTTP 429"
"c306160d-6556-488d-8142-554e623442fc","Mount Jerome Cemetery","http://commons.wikimedia.org/wiki/Special:FilePath/Mt-jerome-entrance.jpg","HTTP 429"
"c2cdb278-f1ec-4767-88fa-c6c66e297c9e","Terrein waarin vier grafheuvels waarvan één gedeeltelijk","http://commons.wikimedia.org/wiki/Special:FilePath/Grafheuvels%2045335-6.jpg","HTTP 429"
"c3175823-9d3d-43df-aef0-0255ca031fb5","Jubilee Synagogue","http://commons.wikimedia.org/wiki/Special:FilePath/Praha%20Jubilejn%C3%AD%20synagoga2%2025072005.JPG","HTTP 429"
"c3026258-5132-4f41-97a6-78590afa2035","Hauptfriedhof Freiburg","http://commons.wikimedia.org/wiki/Special:FilePath/Freiburg%20Eingangstor%20Hauptfriedhof.jpg","HTTP 429"
"c3b40f9f-807b-4801-995e-f720045e0fc7","Marseille Cathedral","http://commons.wikimedia.org/wiki/Special:FilePath/Cath%C3%A9drale%20Sainte-Marie-Majeure%20de%20Marseille.%20Vue%20g%C3%A9n%C3%A9rale..JPG","HTTP 429"
"c35fefab-d2fb-41f8-b516-23164f4abb80","Johannes-Nepomuk-Kirche (Obergurgl)","http://commons.wikimedia.org/wiki/Special:FilePath/JohannesNepomukKirche.Obergurgl.11A.JPG","HTTP 429"
"c3b5c9ae-679c-4cef-a7cd-00b21943946b","Postamt von Columbus","http://commons.wikimedia.org/wiki/Special:FilePath/Columbindpostoffice.jpg","HTTP 429"
"c359f7dd-69d8-455e-b609-5ff256c7dae3","Leesburg High School","http://commons.wikimedia.org/wiki/Special:FilePath/Lee%20County%20High%20School%20front%2C%20Leesburg.JPG","HTTP 429"
"c3436c24-bb36-40d3-8e94-3f0274ca6647","Lewiston Public Library","http://commons.wikimedia.org/wiki/Special:FilePath/Lewiston%2C%20Maine%20Public%20Library.jpg","HTTP 429"
"c35ad9f6-5e3c-412c-90f4-c90fd4de9bd8","Tbilisi Opera and Ballet Theatre","http://commons.wikimedia.org/wiki/Special:FilePath/National%20Opera%20House.%20Tbilisi%2C%20Georgia.jpg","HTTP 429"
"c39b106d-b341-40fe-88b7-a8c8575bd22e","Sai Wan War Cemetery","http://commons.wikimedia.org/wiki/Special:FilePath/Sai-Wan-War-Cemetery-2016.jpg","HTTP 429"
"c38b55f3-d041-4783-bd08-25726ef69fea","Ahwahnee Hotel","http://commons.wikimedia.org/wiki/Special:FilePath/Ahwahnee%20Hotel%20Half%20Dome.jpg","HTTP 429"
"c3502920-b98c-4d94-8f7a-47ec9e038189","General Post Office","http://commons.wikimedia.org/wiki/Special:FilePath/General%20Post%20Office%20Dublin%2020060803.jpg","HTTP 429"
"c3fa431c-fae8-4651-a1d4-2edf6c062b1f","Generator Copenhagen","https://img.vago.to/places/cover/v1/c3/fa/c3fa431c-fae8-4651-a1d4-2edf6c062b1f.jpg","HTTP 404"
"c3d2607b-a1c3-4300-b7f9-6d7ac086dcf0","New York Marriott Marquis","http://commons.wikimedia.org/wiki/Special:FilePath/Times%20Sq%20Nov%202021%2023.jpg","HTTP 429"
"c3d5afc6-1e76-4d51-95d6-df697b4b9ad7","Széchenyi thermal bath","http://commons.wikimedia.org/wiki/Special:FilePath/Budapest%20Sz%C3%A9chenyi%20Baths%20R01.jpg","HTTP 429"
"c4381931-d25d-4260-a3e9-0efebd48448b","Sandarmokh","http://commons.wikimedia.org/wiki/Special:FilePath/Sandarmokh%20180.JPG","HTTP 429"
"c42038ba-2e81-4043-9b9d-c42a376b862c","Union Bank Plaza","http://commons.wikimedia.org/wiki/Special:FilePath/UnionBankCalifornia.jpg","HTTP 429"
"c4095b33-c009-4073-9557-d13161301d58","South Cemetery Wiesbaden","http://commons.wikimedia.org/wiki/Special:FilePath/S%C3%BCdfriedhofWiesbaden.JPG","HTTP 429"
"c40dcbe3-cb7a-412c-8c09-561fe4d4d3a1","Santi Placido ed Eustachio Parish church of with ossuary and cemetery","http://commons.wikimedia.org/wiki/Special:FilePath/Someo%20Mai%202015%20%28cropped%29.JPG","HTTP 429"
"c42f180e-ff43-4118-98f0-7e03d55f8373","Great Market Hall","http://commons.wikimedia.org/wiki/Special:FilePath/Budapest%20-%20K%C3%B6zponti%20V%C3%A1s%C3%A1rcsarnok%20%282%29.jpg","HTTP 429"
"c40c2ada-d0ce-4afe-b02c-19a4b714806a","Gate of Heaven Cemetery","http://commons.wikimedia.org/wiki/Special:FilePath/Gate%20of%20Heaven%20Cemetery%20Upper%20Entrance%20December%2C%202011.JPG","HTTP 429"
"c47aa706-25bc-439d-8d0d-da97d07f92f3","The Roastery by Nozy Coffee","https://example.com/nozy_coffee.jpg","HTTP 404"
"c45d51c4-7b4f-4b50-9e3d-eb5967467aeb","Artificial Mountain of Buen Retiro","http://commons.wikimedia.org/wiki/Special:FilePath/Sculpture%20at%20the%20Monta%C3%B1a%20artificial%2C%20Buen%20Retiro%20-%20view%202.JPG","HTTP 429"
"c446b3da-9384-4a8d-916f-e2dc30d6fbd7","Nova Hall","http://commons.wikimedia.org/wiki/Special:FilePath/Nova%20hall%20Tsukuba-city.JPG","HTTP 429"
"c47f9a94-bc54-4e99-8256-5c1e6e4973b7","Suresnes American Cemetery and Memorial","http://commons.wikimedia.org/wiki/Special:FilePath/American%20Cemetery%20and%20Memorial%20in%20Suresnes%20001.JPG","HTTP 429"
"c4867cb6-dba1-4f40-86bf-1bf89ded0e96","One Woodward Avenue","http://commons.wikimedia.org/wiki/Special:FilePath/OneWoodwardAvenue.JPG","HTTP 429"
"c495a77b-ecd3-402e-b69e-ba6727e20653","Söderhamn 1:2","http://commons.wikimedia.org/wiki/Special:FilePath/Gravh%C3%B6g%202%20%28b%29.JPG","HTTP 429"
"c4394b91-ac2c-46e9-b4d5-ea132df09a8f","Casino de Toledo","http://commons.wikimedia.org/wiki/Special:FilePath/Casino%20de%20Toledo.jpg","HTTP 429"
"c453d1ce-a011-4913-be61-9eecc8a260b9","John and Ellen Bowman House","http://commons.wikimedia.org/wiki/Special:FilePath/John%20%26%20Ellen%20Bowman%20House%20%28Portland%2C%20OR%29.JPG","HTTP 429"
"c45df782-136e-44f9-92c0-66e4977d1e8c","Milam Residence","http://commons.wikimedia.org/wiki/Special:FilePath/FL%20Ponte%20Vedra%20Beach%20Arthur%20Milam%20House02.jpg","HTTP 429"
"c45f33c9-226e-4dba-8c55-ce503b2bbd5b","Gonnehem Churchyard","http://commons.wikimedia.org/wiki/Special:FilePath/Gonnehem%20Churchyard-11.jpg","HTTP 429"
"c4c4fe1c-ce76-4329-a09b-48a9e0a725c4","Roast8ry Coffee Lab","https://img.vago.to/places/cover/v1/c4/c4/c4c4fe1c-ce76-4329-a09b-48a9e0a725c4.jpg","HTTP 404"
"c4ab8031-c954-4ef6-92f5-63dca4b1dac9","Корпус № 5 Ленинградского электротехнического института","http://commons.wikimedia.org/wiki/Special:FilePath/%D0%A3%D1%87%D0%B5%D0%B1%D0%BD%D0%BE-%D0%BB%D0%B0%D0%B1%D0%BE%D1%80%D0%B0%D1%82%D0%BE%D1%80%D0%BD%D1%8B%D0%B9%20%D0%BA%D0%BE%D0%BC%D0%BF%D0%BB%D0%B5%D0%BA%D1%81%20%28%D0%BA%D0%BE%D1%80%D0%BF%D1%83%D1%81%20%E2%84%96%205%29%20%D0%A1%D0%9F%D0%B1%D0%93%D0%AD%D0%A2%D0%A3%20%28%D0%9B%D0%AD%D0%A2%D0%98%29.jpg","HTTP 429"
"c4de871c-53f4-46fa-8f57-67286cdc3937","Hotel Catalonia Plaza Europa","http://commons.wikimedia.org/wiki/Special:FilePath/Renaissance%20Barcelona%20Fira%20Hotel%2010.jpg","HTTP 429"
"c4ac3531-63e1-4709-a14e-d2a8c1171f1f","Shelburne Hotel","http://commons.wikimedia.org/wiki/Special:FilePath/Shelburne%20Hotel%20by%20Moonlight%2C%20Atlantic%20City%2C%20New%20Jersey.png","HTTP 429"
"c4bd5f8e-e2d5-479b-a4b2-60392d5ee1c7","Royal Palace of El Pardo","http://commons.wikimedia.org/wiki/Special:FilePath/El%20Palacio%20de%20El%20Pardo.JPG","HTTP 429"
"c4be0960-f566-4458-8a93-dca18524da37","Adamson House","http://commons.wikimedia.org/wiki/Special:FilePath/Adamson%20House.JPG","HTTP 429"
"c4cb0434-6ebd-45a8-aad0-05ee24c8ad26","major cemetery of Milan","http://commons.wikimedia.org/wiki/Special:FilePath/Cimitero%20Musocco.jpg","HTTP 429"
"c4b2095b-9304-4457-98b8-0303598adaa3","Chennai Tech Park","http://commons.wikimedia.org/wiki/Special:FilePath/India%20Land%20Tech%20Park%2CAmbattur.JPG","HTTP 429"
"c54ba684-4120-4f3f-b5e2-b2d032a9debf","Notre Dame des Neiges Cemetery","http://commons.wikimedia.org/wiki/Special:FilePath/Cimetiere-n-d-des-neiges.jpg","HTTP 429"
"c52d3cba-25b3-4172-8ef9-39fb588396fd","Slávičie údolie cemetery","http://commons.wikimedia.org/wiki/Special:FilePath/Sl%C3%A1vi%C4%8Die%20%C3%BAdolie%20house.JPG","HTTP 429"
"c53828c3-c72f-4b21-857f-46b1b8c2c0d2","Synagogue in Zrenjanin","http://commons.wikimedia.org/wiki/Special:FilePath/Nagybecskereki%20zsinag%C3%B3ga.jpg","HTTP 429"
"c50498af-e366-4f55-9eea-decb127630e6","Antiguo Colegio Máximo de la Compañía de Jesús","http://commons.wikimedia.org/wiki/Special:FilePath/Fachada%20principal%20del%20Colegio%20M%C3%A1ximo%20de%20Cartuja.jpg","HTTP 429"
"c597dafd-d2b3-44dd-9c76-52e2be08299b","Kyoto Municipal Museum of Art","http://commons.wikimedia.org/wiki/Special:FilePath/Kyoto%20Municipal%20Museum%20of%20Art%201933%20%E2%85%B1.jpg","HTTP 429"
"c5a452aa-51d6-4ff9-b11a-321fdf4e95a9","40 Wall Street","http://commons.wikimedia.org/wiki/Special:FilePath/40%20Wall%20Street.jpg","HTTP 429"
"c59aac23-5803-43a8-8353-e2788c7ca7b8","Vostryakovo Cemetery","http://commons.wikimedia.org/wiki/Special:FilePath/Vostryakovo%20Cemetery%2002%20-%20view1.jpg","HTTP 429"
"c5a21c4a-ebfe-4b31-8ae5-8eb8df1efa6e","Paper Dome","http://commons.wikimedia.org/wiki/Special:FilePath/Paper%20dome%20night.jpg","HTTP 429"
"c5aca512-f0be-40a7-b995-a7cc31c72534","Xiaohe Cemetery","http://commons.wikimedia.org/wiki/Special:FilePath/Map%20of%20the%20Lop%20Nor%20region%20by%20Folke%20Bergman%201935.jpg","HTTP 429"
"c5c0c51a-148f-4fa1-9b24-bee68db78f7b","Catacombs of San Sebastiano","http://commons.wikimedia.org/wiki/Special:FilePath/Catacombs%20S.%20Sebastiano%20Rome1.jpg","HTTP 429"
"c57527a2-1ee7-42d3-8274-9e8b392023b2","Lianozovo Cemetery","http://commons.wikimedia.org/wiki/Special:FilePath/%D0%A7%D0%B0%D1%81%D0%BE%D0%B2%D0%BD%D1%8F%20%D0%9B%D0%B8%D0%B0%D0%BD%D0%BE%D0%B7%D0%BE%D0%B2%D1%81%D0%BA%D0%BE%D0%B3%D0%BE%20%D0%BA%D0%BB%D0%B0%D0%B4%D0%B1%D0%B8%D1%89%D0%B0%20%2831659592186%29.jpg","HTTP 429"
"c5811eef-692e-4714-8d11-cdd0e3b41c24","Terrein waarin zeven grafheuvels","http://commons.wikimedia.org/wiki/Special:FilePath/06300018grafheuveltennoordenvanhotelbilderberg.JPG","HTTP 429"
"c57f5a94-bd6d-49a4-85b4-d29603d325af","Puerto Rico Atheneum Building","http://commons.wikimedia.org/wiki/Special:FilePath/San%20Juan%20-%20Ateneo.jpg","HTTP 429"
"c617feda-b022-4fde-ac72-2938d7983dae","Strikkesalonen","https://img.vago.to/places/cover/v1/c6/17/c617feda-b022-4fde-ac72-2938d7983dae.jpg","HTTP 404"
"c5d9369d-d580-493b-8221-9b94b36a0f45","Cemetery of Saint-Tropez","http://commons.wikimedia.org/wiki/Special:FilePath/Aerial%20view%20of%20the%20cemetery%20of%20Saint-Tropez%2C%20France%20%2852723267592%29.jpg","HTTP 429"
"c61ff1f3-1ecc-4c65-9b17-d49c40c306f7","Catacombs of Marcellinus and Peter","http://commons.wikimedia.org/wiki/Special:FilePath/CristoCatacombaSantiMarcellino%20e%20Pietro.jpg","HTTP 429"
"c66247d5-6b11-4a9e-a610-69fb51912824","Andersen & Maillard","https://img.vago.to/places/cover/v1/c6/62/c66247d5-6b11-4a9e-a610-69fb51912824.jpg","HTTP 404"
"c69dd2ab-87e4-485b-996b-0e317fdea48c","Prolog Coffee Bar Randersgade","https://img.vago.to/places/cover/v1/c6/9d/c69dd2ab-87e4-485b-996b-0e317fdea48c.jpg","HTTP 404"
"c6928aae-dccd-49ff-ae01-f6371b004e2f","Puppet Theatre","http://commons.wikimedia.org/wiki/Special:FilePath/Abdulla%20%C5%9Eaiq%20ad%C4%B1na%20D%C3%B6vl%C9%99t%20Kukla%20Teatr%C4%B1%20%282%29.jpg","HTTP 429"
"c66cffb3-7302-42dc-80f6-4587e35cf33e","Ferncliff Cemetery","http://commons.wikimedia.org/wiki/Special:FilePath/Ferncliff%20best%20800.jpg","HTTP 429"
"c675e4c3-73e9-48fb-b6d3-9021d55ff6fd","Ronchin cemetery","http://commons.wikimedia.org/wiki/Special:FilePath/Ronchin%20carte%20postale%20du%20cimeti%C3%A8re.jpg","HTTP 429"
"c682bb63-384d-4735-bec2-43950dfda59d","Molla Ahmad Mosque","http://commons.wikimedia.org/wiki/Special:FilePath/Molla%20Ahmed%20Mosque%20%28Ichery%20Sheher%29.JPG","HTTP 429"
"c69b333b-b436-498c-9036-580d25847db5","Северное кладбище","http://commons.wikimedia.org/wiki/Special:FilePath/Nord%20cemetery%20Perm.JPG","HTTP 429"
"c679ab0a-261f-460e-9c95-73f4d6a38021","Key Tower","http://commons.wikimedia.org/wiki/Special:FilePath/Key%20Tower%202022.png","HTTP 429"
"c644db42-b5c8-4be1-8717-66f6becf853c","Ryvangen Memorial Park","http://commons.wikimedia.org/wiki/Special:FilePath/Mindelunden%20i%20Ryvangen%20-%20grave-1.jpg","HTTP 429"
"c6bd0b0c-1688-4625-ab60-149ecb7403a7","Orbea Bakery","https://example.com/orbea.jpg","HTTP 404"
"c7195c5d-5088-4564-8d7c-87a86741078b","Zuiderbegraafplaats","http://commons.wikimedia.org/wiki/Special:FilePath/Grafmonument%20familie%20scholten%20groningen.jpg","HTTP 429"
"c6dce18c-3b75-4dac-8439-219c6ff158b3","Devonshire Street Cemetery","http://commons.wikimedia.org/wiki/Special:FilePath/Devonshire%20Street%20Cemetery%2C%20Sydney%20%282742078059%29.jpg","HTTP 429"
"c7425120-5bd1-4cef-9adb-8da3ad3a2c3b","Takamatsuzuka Tomb","http://commons.wikimedia.org/wiki/Special:FilePath/Takamatsuzuka%202014.JPG","HTTP 429"
"c6d048ee-c0db-4519-b5f4-cebba8a9aed3","Cimetière de Saint-Pierre","http://commons.wikimedia.org/wiki/Special:FilePath/Tombe-de-Sitarane.JPG","HTTP 429"
"c6d8b973-7b50-47e4-bda2-4b8663081adf","United States Post Office","http://commons.wikimedia.org/wiki/Special:FilePath/Peekskill%2C%20NY%2C%20post%20office.jpg","HTTP 429"
"c6c86b43-5c32-425a-8f40-2d07b4b83a36","World War I Cemetery nr 55 in Gładyszów","http://commons.wikimedia.org/wiki/Special:FilePath/55Gladyszow1.jpg","HTTP 429"
"c7188281-c318-40ff-89fc-36c51f7f4fc0","Stadion Poljud","http://commons.wikimedia.org/wiki/Special:FilePath/Poljud%20Stadium%20with%20the%20Kozjak%20Mountains%20in%20the%20distance.jpg","HTTP 429"
"c7f775a5-b661-4468-bd47-96715f70a519","Pfarrkirche Seewalchen am Attersee","http://commons.wikimedia.org/wiki/Special:FilePath/Seewalchen%20-%20Kirche.JPG","HTTP 429"
"c7cdc618-d8c7-4f8a-a9ab-3bbe93086dd3","Torre de Collserola","http://commons.wikimedia.org/wiki/Special:FilePath/Torre%20de%20Collserola%202013.jpg","HTTP 429"
"c7e8588b-831b-45c4-ac3e-32dfb2c10584","Anshei Sphard Beth El Emeth Congregation","http://commons.wikimedia.org/wiki/Special:FilePath/Interior%20of%20Main%20Sanctuary%20of%20Anshei%20Sphard%20Beth%20El%20Emeth%20Congregation.jpg","HTTP 429"
"c79a9d4a-b1c3-40de-827b-1168829124a1","Gehenna","http://commons.wikimedia.org/wiki/Special:FilePath/11-3000-115%20%D7%92%D7%99%D7%90%20%D7%91%D7%9F%20%D7%94%D7%99%D7%A0%D7%95%D7%9D%205.jpg","HTTP 429"
"c7ebf468-8e81-46ce-9bec-057dedeeffb7","cimetière Novo-Derevenskoïe","http://commons.wikimedia.org/wiki/Special:FilePath/Pushkino%2C%20Novaya%20Derevnya%20Cemetery%2002.JPG","HTTP 429"
"c7ff3cee-b801-4227-b624-d85d0e5aa1c5","Fire Department Headquarters-Fire Alarm Headquarters","http://commons.wikimedia.org/wiki/Special:FilePath/DC%20Fire%20Alarm%20HQ.JPG","HTTP 429"
"c7d5c7e2-9ffb-4a24-a180-381df61afe33","Et Oeis van ’t Brussels","http://commons.wikimedia.org/wiki/Special:FilePath/R%20de%20Flandre%2098%20Vlaamse%20Stwg%20-%20Gril%200%20Rooster%20-%20Brussels%202012-04%20B.jpg","HTTP 429"
"c7d0d152-af8f-4452-a6b8-7e8dc7f5b268","Algiers Central Post Office","http://commons.wikimedia.org/wiki/Special:FilePath/Alger%20Grande-Poste%20IMG%200875.JPG","HTTP 429"
"c773d51b-d2ca-41bb-92fa-604c56341fd5","New Museum","http://commons.wikimedia.org/wiki/Special:FilePath/New%20Museum%2C%20New%20York.jpg","HTTP 429"
"c787c225-28b0-4bf1-8139-0165ac6074a9","Omar Makram mosque","http://commons.wikimedia.org/wiki/Special:FilePath/%D9%85%D8%B3%D8%AC%D8%AF%20%D8%B9%D9%85%D8%B1%20%D9%85%D9%83%D8%B1%D9%85.jpg","HTTP 429"
"c74c2c84-f4e1-4c67-b33c-2db742c4f0e9","First Burial Ground","http://commons.wikimedia.org/wiki/Special:FilePath/First%20Burial%20Ground%2C%20Woburn%20MA.jpg","HTTP 429"
"c85d5c03-8109-4754-a26d-e2e49358944e","Woolstock","https://img.vago.to/places/cover/v1/c8/5d/c85d5c03-8109-4754-a26d-e2e49358944e.jpg","HTTP 404"
"c814549c-50e3-464f-a5bb-70823df34b09","Palácio do Jaburu","http://commons.wikimedia.org/wiki/Special:FilePath/Bras%C3%ADia-DF%2C%2029-06-2011.%20Pal%C3%A1cio%20do%20Jaburu.%20%2814261300971%29.jpg","HTTP 429"
"c842e72b-0387-4955-ac8a-29e4e98969b4","Cathedral of the Holy Trinity","http://commons.wikimedia.org/wiki/Special:FilePath/Cathedral%20of%20the%20Holy%20Trinity.jpg","HTTP 429"
"c8456d73-f188-438a-b6c5-7ba11e814b86","One Boston Place","http://commons.wikimedia.org/wiki/Special:FilePath/One%20Boston%20Place%202017.jpg","HTTP 429"
"c812f7f6-dbb6-4cc5-bbeb-8c3ca399ea38","Santissima Annunziata","http://commons.wikimedia.org/wiki/Special:FilePath/Palazzo%20budini%20gattai%2C%20vista%20verso%20piazza%20santissima%20annunziata%2C%20basilica%2004.jpg","HTTP 429"
"c85a01c2-4a35-4aec-8d8e-947280de02c1","Sant Just Desvern town hall","http://commons.wikimedia.org/wiki/Special:FilePath/Ajuntament%20Sant%20Just%20Desvern.jpg","HTTP 429"
"c8255959-98f3-4d10-8c74-86abe8e850a1","Pestana Casino Park","http://commons.wikimedia.org/wiki/Special:FilePath/Pestana%20Casino%20Park%20Hotel%2C%20Madeira%20%2816401781529%29.jpg","HTTP 429"
"c829b1dd-d256-4d44-a178-c28aa42783db","Livraria Lello","http://commons.wikimedia.org/wiki/Special:FilePath/87068-Porto%20%2849051781768%29.jpg","HTTP 429"
"c83fbc81-966c-45c4-a01c-89b6f04d8bfa","Ullsteinhaus","http://commons.wikimedia.org/wiki/Special:FilePath/Ullsteinhaus%20march%202015.jpg","HTTP 429"
"c8426741-3680-432a-b50e-28093bf1e1d1","Point 110 New Military Cemetery","http://commons.wikimedia.org/wiki/Special:FilePath/Point%20110%20New%20Military%20Cemetery%20-12.JPG","HTTP 429"
"c85e4fac-fddd-44a6-840b-233f07bf7d7a","Barceloneta Beach","https://example.com/barceloneta_beach.jpg","HTTP 404"
"c89b552d-92d9-43a7-8f46-c98b3710597c","Sunne 1:1","http://commons.wikimedia.org/wiki/Special:FilePath/H%C3%B6g%20Anders%C3%B6n%20S%C3%B6dra%20udden.jpg","HTTP 429"
"c8b5db61-62a5-4ac0-a255-00a7dd882a5a","Stockholm City Hall","http://commons.wikimedia.org/wiki/Special:FilePath/Stockholms%20stadshus%20september%202011.jpg","HTTP 429"
"c8be7d93-20dc-4b08-8e76-c5dc6fdc08f6","Sainsbury Centre","http://commons.wikimedia.org/wiki/Special:FilePath/Walkway%20to%20the%20Sainsbury%20Centre%20for%20Visual%20Arts.jpg","HTTP 429"
"c89202fd-dbd5-4b9f-be8f-69b4abf5f523","Abel Tasmanschool","http://commons.wikimedia.org/wiki/Special:FilePath/Abel%20Tasmanschool%20Delfzijl.jpg","HTTP 429"
"c8d59c00-fd0a-470e-9c0c-7abb0f3a19e8","Nomad Coffee Roaster's Home","https://example.com/nomad.jpg","HTTP 404"
"c9088782-57ff-4081-aaba-52990ef01945","Basilika of St. Ludmila","http://commons.wikimedia.org/wiki/Special:FilePath/Prague-%20N%C3%A1m%C4%9Bst%C3%AD%20M%C3%ADru.jpg","HTTP 429"
"c92d0b15-ceab-41d9-92b6-fb5ec0164da9","Lambres Churchyard","http://commons.wikimedia.org/wiki/Special:FilePath/Lambres%20Churchyard%205.jpg","HTTP 429"
"c9183cff-8806-474d-953d-fbc35ed0bcc8","New Cathedral, Linz","http://commons.wikimedia.org/wiki/Special:FilePath/Neuer%20Dom%20Linz%20%28DFdB%29.JPG","HTTP 429"
"c91560ef-d62c-4c98-a7f1-a9cb55b9f908","Tombeau de Théodoric","http://commons.wikimedia.org/wiki/Special:FilePath/Tombeau%20de%20Th%C3%A9odoric%20%28Poix%29.JPG","HTTP 429"
"c925343d-e01a-4a7a-aeee-5a130389c797","A.M.V.J. building","http://commons.wikimedia.org/wiki/Special:FilePath/Exterieur%20AMVJ-gebouw%2C%20Amsterdam%2C%20929-2079.jpg","HTTP 429"
"c8ebf85a-174e-4cf5-8858-7a7157a2345a","Sacred Prophetic Chamber","http://commons.wikimedia.org/wiki/Special:FilePath/Mrs%20Aisha%20room.jpg","HTTP 429"
"c905ff08-5eab-4ace-98bb-9da945682178","Kirche in Stall","http://commons.wikimedia.org/wiki/Special:FilePath/Kirche%20in%20Stall.JPG","HTTP 429"
"c90859fb-9aef-4967-b888-3e41469facdb","8 Spruce Street","http://commons.wikimedia.org/wiki/Special:FilePath/8%20Spruce%20Street%20%2801030p%29.jpg","HTTP 429"
"c91b3cbc-ec12-447e-88f5-584f47333afe","Jewish cemetery, Sulzbach","http://commons.wikimedia.org/wiki/Special:FilePath/Sulzb-Rosenb-DSC%200228.jpg","HTTP 429"
"c97225a8-d2e2-4722-a5c3-e6e5544d5d5a","Necropolis of Monterozzi","http://commons.wikimedia.org/wiki/Special:FilePath/UrnesMonterozzi.jpg","HTTP 429"
"c94b07d5-199e-4197-80ab-d954d04f6603","Gewandhaus","http://commons.wikimedia.org/wiki/Special:FilePath/Das%20Gewandhaus%20und%20der%20Mendebrunnen%20in%20Leipzig%20bei%20Nacht.jpg","HTTP 429"
"c98387c6-be5b-4856-9c18-2b381c3e68bd","Danilov Cemetery","http://commons.wikimedia.org/wiki/Special:FilePath/Danilov%20Cemetery%2020170314%20121459.jpg","HTTP 429"
"c97775dc-c814-45b1-bbcf-1055cde93b11","Reverie Cove","http://commons.wikimedia.org/wiki/Special:FilePath/REVERIE%20COVE.jpg","HTTP 429"
"c98c774d-2c88-46c4-bce9-eb21788bbc68","Tumulus of Marcinelle","http://commons.wikimedia.org/wiki/Special:FilePath/Marcinelle%20-%20Tumulus.jpg","HTTP 429"
"c9992ec0-33dd-4c53-b24b-377abd0405f5","LAWSON Kawaguchiko Station","https://img.vago.to/places/cover/v1/c9/99/c9992ec0-33dd-4c53-b24b-377abd0405f5.jpg","HTTP 404"
"c998ebf9-1ef7-47e8-9554-395fb308dc1e","Otaru Aquarium","https://img.vago.to/places/cover/v1/c9/98/c998ebf9-1ef7-47e8-9554-395fb308dc1e.jpg","HTTP 404"
"c9b8fec5-b949-46bb-912e-c3182a5feefe","Daimaru Sapporo","https://img.vago.to/places/cover/v1/c9/b8/c9b8fec5-b949-46bb-912e-c3182a5feefe.jpg","HTTP 404"
"c9a3c998-7c0a-48b0-b70f-49aba55cbcaa","Scottish Rite Masonic Center","http://commons.wikimedia.org/wiki/Special:FilePath/207%20Santa%20Fe.jpg","HTTP 429"
"c9a1ff9b-e41f-4cb6-91be-c2fd851c15c8","Monserrate Palace","http://commons.wikimedia.org/wiki/Special:FilePath/Monserrate500.jpg","HTTP 429"
"c996160d-0dc6-4297-b6a2-4b8dab25b5be","Martyrs' Lane","http://commons.wikimedia.org/wiki/Special:FilePath/Martyrs%27%20Lane%20common%20view.JPG","HTTP 429"
"c9f43f00-bf81-4fbe-8d94-23f44e791ab3","Pfarrkirche Globasnitz","http://commons.wikimedia.org/wiki/Special:FilePath/Globasnitz%20Pfarrkirche%20Mariae%20Himmelfahrt%2019062007%2001.jpg","HTTP 429"
"ca1eac8c-0a13-4cea-afb4-2474919625f6","Palacete de Osma","http://commons.wikimedia.org/wiki/Special:FilePath/Museo%20e%20Instituto%20de%20Valencia%20de%20Don%20Juan%20%28Madrid%29%2001.jpg","HTTP 429"
"ca1579e6-0fb5-466c-93f9-93804c6451aa","Our Lady of Meritxell","http://commons.wikimedia.org/wiki/Special:FilePath/Santuari%20nou%20de%20Meritxell%20-%2030.jpg","HTTP 429"
"ca00a847-a3b9-4471-824c-6575fd59ab02","Frederick L. and L. Frederick Gottschalk Houses","http://commons.wikimedia.org/wiki/Special:FilePath/Gottschalk%20House%20%28Columbus%2C%20Nebraska%29%20from%20S.JPG","HTTP 429"
"c9fad39b-939d-4514-9b15-ba666f4492dc","Roscoff Communal Cemetery","http://commons.wikimedia.org/wiki/Special:FilePath/Roscoff%20057%20Le%20cimeti%C3%A8re%20marin.jpg","HTTP 429"
"c9cb2cb8-ec02-498e-a55d-50b2c5818195","Santa Luzia Sanctuary","http://commons.wikimedia.org/wiki/Special:FilePath/Santa%20Luzia%20Church%2C%20Viana%20do%20Castelo%2C%20Portugal.jpg","HTTP 429"
"c9d71b63-fad9-4736-869e-522d62cf959f","La Neuville cemetery","http://commons.wikimedia.org/wiki/Special:FilePath/La%20Neuville%20%28Nord%2C%20Fr%29%20tombes%20de%20guerre%20de%20la%20CWGC.JPG","HTTP 429"
"c9ff248d-6098-4005-993d-592e41e52d23","St. Bartholomew parish church with parish house and cemetery","http://commons.wikimedia.org/wiki/Special:FilePath/Kirche%20von%20Aurigeno%20im%20Maggiatal.jpg","HTTP 429"
"c9eb3846-e7a7-453f-b4ef-40d157bdf0d5","New Public Cemetery, Budapest","http://commons.wikimedia.org/wiki/Special:FilePath/%C3%9Aj%20k%C3%B6ztemet%C5%91%20bej%C3%A1rat.JPG","HTTP 429"
"c9ce341a-4016-48f9-b407-fa1df75ba32d","Shadow Mountain Lookout","http://commons.wikimedia.org/wiki/Special:FilePath/Shadow%20Mountain%20Fire%20Lookout%20%289363884192%29.jpg","HTTP 429"
"ca11da29-d175-4c54-8af9-0fe4bb2c06ea","St. Jakob-Park","http://commons.wikimedia.org/wiki/Special:FilePath/St.%20Jakob%20Park%20Panorama%20Switzerland%20vs%20Slovenia.jpg","HTTP 429"
"ca5dc18b-0849-4f3c-90e4-902ad799b160","Tsuta","https://example.com/tsuta.jpg","HTTP 404"
"ca650232-a06b-4742-84db-f887e416b38f","Shotwell Hall, West Liberty State College","http://commons.wikimedia.org/wiki/Special:FilePath/Shotwell%20Hall%20from%20north.jpg","HTTP 429"
"ca6b7fca-5745-401f-b604-c855c4e02613","Cimitero di Santa Maria dei Rotoli","http://commons.wikimedia.org/wiki/Special:FilePath/Cemetery%20Santa%20Maria%20dei%20Rotoli.jpg","HTTP 429"
"ca532125-e4b6-4eec-8728-ae014cab0ad7","Arena Cidade da Copa","http://commons.wikimedia.org/wiki/Special:FilePath/Sport%200%285%29X%283%290%20Santa%20Cruz%20-%20Pernambucano%20BetNacional%202024.jpg","HTTP 429"
"ca22f2b5-e440-481a-b4cc-9248da36656a","Museum of Popular Arts of Paraíba","http://commons.wikimedia.org/wiki/Special:FilePath/Museu%20dos%20Tr%C3%AAs%20Pandeiros.jpg","HTTP 429"
"ca5fdba7-7104-4034-af25-df256d930222","Enrollment Services Center","http://commons.wikimedia.org/wiki/Special:FilePath/ISU%20Alumni%20Hall.jpg","HTTP 429"
"ca2663c1-2268-498c-ab4c-3ecc0afbd003","Fairmount Cemetery","http://commons.wikimedia.org/wiki/Special:FilePath/Autumn%20in%20Fairmount%20Cemetery%2C%20Denver%2CCO.JPG","HTTP 429"
"ca4fdaea-81d8-4afa-86e5-751176bb1c27","St. Clare's Church","http://commons.wikimedia.org/wiki/Special:FilePath/StClare1921.jpg","HTTP 429"
"ca40affb-72ab-4dc7-8bba-f894be16efc2","Le Falstaff","http://commons.wikimedia.org/wiki/Special:FilePath/Taverne-restaurant%20le%20Falstaff%2002.JPG","HTTP 429"
"cac267cd-a3b6-4e69-8aaf-2978a4a4a65a","City Bike Adventures","https://img.vago.to/places/cover/v1/ca/c2/cac267cd-a3b6-4e69-8aaf-2978a4a4a65a.jpg","HTTP 404"
"cac17cce-06d9-4a74-9d93-9bed9629f589","Stahl House","http://commons.wikimedia.org/wiki/Special:FilePath/Case%20Study%20House%20No.%2022.JPG","HTTP 429"
"caa5b055-edbd-4358-b388-fee8fc7b28d9","Presidential Office Building","http://commons.wikimedia.org/wiki/Special:FilePath/Taipei%20Taiwan%20Presidential-Office-Building-01.jpg","HTTP 429"
"ca981c0c-8477-45be-9821-e97b754167b8","John P. Robarts Library","http://commons.wikimedia.org/wiki/Special:FilePath/Robarts%20Library-2.jpg","HTTP 429"
"ca8b1c36-3af5-48ad-9655-c5515abc5a03","Synagogue of Châlons-en-Champagne","http://commons.wikimedia.org/wiki/Special:FilePath/Chalons%20Marne%20Synagogue.jpg","HTTP 429"
"ca976d32-7756-450a-9f6c-d2bf70a9a21c","Ås Abbey","http://commons.wikimedia.org/wiki/Special:FilePath/%C3%85s%20kloster%20excavation%202011.jpg","HTTP 429"
"cabbe28e-e6ef-47ab-93ac-3be617a97771","Phantom Ranch","http://commons.wikimedia.org/wiki/Special:FilePath/Phantom%20Ranch.jpg","HTTP 429"
"cb3c49ec-1611-455e-ae54-41424a7ad5d6","Levashovo Memorial Cemetery","http://commons.wikimedia.org/wiki/Special:FilePath/Levashovo%20Memorial%20Cemetery%2008.JPG","HTTP 429"
"cb118b29-ef5f-4d31-9045-aafa46a5d07c","Plaça de les Oliveres","http://commons.wikimedia.org/wiki/Special:FilePath/Habitatges%20a%20la%20pla%C3%A7a%20de%20les%20Oliveres%2C%205-11%20%28La%20Garriga%29.jpg","HTTP 429"
"cb504861-039e-4a01-b99b-398d30ff6699","Rhode Island Medical Society Building","http://commons.wikimedia.org/wiki/Special:FilePath/Rhode%20Island%20Medical%20Society%20Building%2C%20Providence%20RI.jpg","HTTP 429"
"cb00d49c-64ef-400e-a72f-405d6c012c4e","Charles Lovejoy House","http://commons.wikimedia.org/wiki/Special:FilePath/LynnMA%20CharlesLovejoyHouse.jpg","HTTP 429"
"cb31e76b-8dd9-46bf-9bb5-012521e408b5","San Piero a Grado cemetery","http://commons.wikimedia.org/wiki/Special:FilePath/Cimitero%20di%20san%20piero%20a%20grado%2004.JPG","HTTP 429"
"cb352964-eef1-4af4-befa-bff574c8ab1f","Pennzoil Place","http://commons.wikimedia.org/wiki/Special:FilePath/Pennzoil%20Place%20in%20Houston.JPG","HTTP 429"
"cb108752-47c5-4b06-ba2d-a966cec78a1e","Grays Road Recreation Center","http://commons.wikimedia.org/wiki/Special:FilePath/Grays%20Rec%20Center.JPG","HTTP 429"
"cbb508ba-b841-4415-a19d-a986a4dea8d0","Tsuta","https://example.com/tsuta_ramen.jpg","HTTP 404"
"cb621494-ed92-4d3c-84b9-bab9128d4f89","Woodlawn Cemetery","http://commons.wikimedia.org/wiki/Special:FilePath/Woodlawn%20north%20gate%20jeh.JPG","HTTP 429"
"cba98db2-1442-451c-b504-78fb8a2d35e6","Soffiano Cemetery","http://commons.wikimedia.org/wiki/Special:FilePath/Cimitero%20di%20soffiano%2C%20entrata.JPG","HTTP 429"
"cbb6d053-77c7-41c8-83ae-b91baa0e0632","Necropolis of stecci at Radimlja, the historic site","http://commons.wikimedia.org/wiki/Special:FilePath/13st%20Radimlja.jpg","HTTP 429"
"cb8a8ed8-d4f8-4932-9168-064b9d5a9aab","Post Tower","http://commons.wikimedia.org/wiki/Special:FilePath/Posttower%20Bonn%20001.jpg","HTTP 429"
"cbd8bc54-e651-4ab7-a17b-a76d9e7e7b70","Eugene Masonic Cemetery","http://commons.wikimedia.org/wiki/Special:FilePath/Eugene%20Masonic%20Cemetery%20in%20Eugene%2C%20Oregon%20%282013%29%20-%2002.JPG","HTTP 429"
"cbdb3c69-eaf4-4fa0-9560-be2094c68e72","Europa building","http://commons.wikimedia.org/wiki/Special:FilePath/Europa%20building%20February%202016.jpg","HTTP 429"
"cbebca8d-02ff-4969-aeb7-3b16e9d8bc11","Cimetière du Vieux Château","http://commons.wikimedia.org/wiki/Special:FilePath/Menton%20BW%202011-06-06%2018-36-52.JPG","HTTP 429"
"cbbf4681-7a7f-4fce-89ef-d91a01171808","Robert and Esther Armstrong House","http://commons.wikimedia.org/wiki/Special:FilePath/Armstrong%20Home%20Cedar%20Rapids%20Iowa.jpg","HTTP 429"
"cb52e3f3-f537-45fe-9df2-e2c59de8aa1a","Protestant Cemetery Charlois","http://commons.wikimedia.org/wiki/Special:FilePath/Hervormde%20begraafplaats%20Charlois%20Kapel.JPG","HTTP 429"
"cb99d584-3ee2-441f-abee-9add8560d6df","Cinq Rues British Cemetery, Hazebrouck","http://commons.wikimedia.org/wiki/Special:FilePath/Cinq%20Rues%20British%20Cemetery%204%201.JPG","HTTP 429"
"cb56fa34-f619-45c7-b7d3-4d32591c50e0","Thiant Communal Cemetery","http://commons.wikimedia.org/wiki/Special:FilePath/Thiant%20Communal%20Cemetery%20Extention%2027.jpg","HTTP 429"
"cbd3d55d-eb58-4f3d-87db-1eb038569634","chiesa della Natività di Maria","http://commons.wikimedia.org/wiki/Special:FilePath/Chiesa%20Ronco%20all%27Adige.jpg","HTTP 429"
"cca3650e-26a5-4203-8c5b-095ea22c9d6c","DARUMA STORE -Tokyo-","https://img.vago.to/places/cover/v1/cc/a3/cca3650e-26a5-4203-8c5b-095ea22c9d6c.jpg","HTTP 404"
"cc30ccfc-4543-4d9b-a4d8-bca54a7dd069","Henry E. Wright House","http://commons.wikimedia.org/wiki/Special:FilePath/Residence%20of%20Henry%20E.%20Wright%2C%20Somerville%2C%20Massachusetts.jpg","HTTP 429"
"cc5df021-948b-4535-b5a6-eab7aafa4c6e","Thomas C. Miller Public School","http://commons.wikimedia.org/wiki/Special:FilePath/Thomas%20C.%20Miller%20Public%20School%20Front.jpg","HTTP 429"
"cc8d9cda-9e95-4c40-a61e-3021c6ed23c7","Peitav Synagogue","http://commons.wikimedia.org/wiki/Special:FilePath/5-Riga%20Syna-DSC04895.JPG","HTTP 429"
"cc4a155a-576c-457e-8ac2-43e95eda2a5d","Nativity of Christ Cathedral","http://commons.wikimedia.org/wiki/Special:FilePath/Ansamblul%20Catedralei%20%E2%80%9ENa%C8%99terea%20Domnului%E2%80%9D%208.jpg","HTTP 429"
"cbee13d6-19dc-4825-bf3e-04b0d897dff0","Les Champs Libres","http://commons.wikimedia.org/wiki/Special:FilePath/Wikip%C3%A9dia%20dans%20Rennes%20-%20Les%20Champs%20Libres%20-%20vue%20de%20loin.jpg","HTTP 429"
"cbee81d3-b937-4f3f-a0bd-f87fb98e1477","Palazzo Medici Riccardi","http://commons.wikimedia.org/wiki/Special:FilePath/Palazzo%20Medici%20Riccardi.JPG","HTTP 429"
"cc1567f1-734f-4143-915a-4f8d0428c7af","United States Post Office","http://commons.wikimedia.org/wiki/Special:FilePath/Hoosick%20Falls%2C%20NY%2C%20post%20office.jpg","HTTP 429"
"cc1dc3f1-ddfc-4b36-a67e-1276788b259a","Pfarrkirche Grafendorf bei Friesach","http://commons.wikimedia.org/wiki/Special:FilePath/Pfarrkirche%20Grafendorf%20Ostansicht.jpg","HTTP 429"
"ccd3e89d-8ff3-41bf-9154-75d3a0e4fb02","Musica","http://commons.wikimedia.org/wiki/Special:FilePath/Musica%202019.jpg","HTTP 429"
"ccd27045-a596-4b27-b237-1fa87e552585","Rogozhskoye Cemetery","http://commons.wikimedia.org/wiki/Special:FilePath/%D0%A0%D0%BE%D0%B3%D0%BE%D0%B6%D1%81%D0%BA%D0%BE%D0%B5%20%D0%BA%D0%BB%D0%B0%D0%B4%D0%B1%D0%B8%D1%89%D0%B5992.JPG","HTTP 429"
"ccf18b84-88cf-491a-b9dc-0f4e6a716d3a","Padre Pio Pilgrimage Church","http://commons.wikimedia.org/wiki/Special:FilePath/Chiesa%20San%20Pio%20da%20Pietrelcina.JPG","HTTP 429"
"ccf01b16-0dea-4ee2-9835-e6b24e982859","Terrain with two tumuli","http://commons.wikimedia.org/wiki/Special:FilePath/Twee%20grafheuvels%20bij%20Renkum%20%28Q17454345%29.jpg","HTTP 429"
"ccd34851-94d4-4181-8062-c06be83d8145","Brockley and Ladywell Cemeteries","http://commons.wikimedia.org/wiki/Special:FilePath/Ladywell%20and%20Brockley%20cemetery%20-%20geograph.org.uk%20-%201290119.jpg","HTTP 429"
"ccb9e6c9-366a-47f7-b738-e8cf6fd44fc1","Hietaniemi cemetery","http://commons.wikimedia.org/wiki/Special:FilePath/Hietaniemen%20hautausmaa%20ilmasta.jpg","HTTP 429"
"ccb4f7e0-a1f4-493a-bb6a-3f856834d51c","Cherisy Road East Cemetery","http://commons.wikimedia.org/wiki/Special:FilePath/Ch%C3%A9risy%20Road%20East%20Cemetery%2010.jpg","HTTP 429"
"cce4d7e0-55c7-4740-8aaf-51d93bfe7313","Miami City Cemetery","http://commons.wikimedia.org/wiki/Special:FilePath/Miami%20FL%20city%20cemetery02.jpg","HTTP 429"
"cd5a3018-51a2-4ee5-8049-ea46fca663cc","Coconut Market","https://img.vago.to/places/cover/v1/cd/5a/cd5a3018-51a2-4ee5-8049-ea46fca663cc.jpg","HTTP 404"
"cd9d3db8-d39a-47f7-a4f7-436ae1cb01fe","Erweiterungsbau für das Ordrupgaard Museum","http://commons.wikimedia.org/wiki/Special:FilePath/Ordrupgaard%20Museum%20extension.jpg","HTTP 429"
"cd321f90-ada5-4774-b1fc-e7ef963e9e03","Kockica","http://commons.wikimedia.org/wiki/Special:FilePath/Kockica%2C%20front%2C%202025.jpg","HTTP 429"
"cd62684f-3424-41e8-a667-24658ddf68e3","Peake Wood Cemetery","http://commons.wikimedia.org/wiki/Special:FilePath/Peake%20Wood%20Cemetery%20-2.jpg","HTTP 429"
"ccff7355-783c-4eda-912b-1df9d529a79f","Groton High School","http://commons.wikimedia.org/wiki/Special:FilePath/Groton%20High%20School%2C%20Groton%20MA.jpg","HTTP 429"
"cdd6f718-e863-4ce3-9bad-48494bd50d2f","Panmure Testimonial","http://commons.wikimedia.org/wiki/Special:FilePath/The%20Panmure%20Testimonial%20-%20geograph.org.uk%20-%2017376.jpg","HTTP 429"
"cdd59da8-b91b-4bb4-b85d-df74250f5a48","Kazimierz Palace","http://commons.wikimedia.org/wiki/Special:FilePath/Warszawaio6.jpg","HTTP 429"
"cdac25ed-24b0-4cfe-bbf5-1d208b26bf6c","Greyfriars Kirkyard","http://commons.wikimedia.org/wiki/Special:FilePath/-15SirRobtDennistoun.jpg","HTTP 429"
"cdc4b242-92e4-4a71-b2c4-5a3b1b806b38","Martin Luther King Jr. Memorial Library","http://commons.wikimedia.org/wiki/Special:FilePath/MLK%20Library.jpg","HTTP 429"
"cda259b4-a9ca-49ae-840d-19a6c321e483","Bryant Hill Cemetery","http://commons.wikimedia.org/wiki/Special:FilePath/Bryant%20Hill%20Cemetery.jpg","HTTP 429"
"cdac6cd7-5123-4b23-a96d-b01293e97999","First Shearith Israel Graveyard","http://commons.wikimedia.org/wiki/Special:FilePath/First-Shearith-Israel-Graveyard.jpg","HTTP 429"
"cda29d6e-74bf-485b-b19c-e4d2e01c4e4d","Messina English Cemetery","http://commons.wikimedia.org/wiki/Special:FilePath/Cimitero%20degli%20Inglesi%20Messina.JPG","HTTP 429"
"cdae6a77-b6ae-468f-a592-f0641f2a4649","Østre Porsgrunn Church","http://commons.wikimedia.org/wiki/Special:FilePath/%C3%98stre%20Porgrunn%20kirke%202%20%282005%29.jpg","HTTP 429"
"ce10ea04-7dc8-42ed-9143-fea306aea497","No.39 Cafe","https://img.vago.to/places/cover/v1/ce/10/ce10ea04-7dc8-42ed-9143-fea306aea497.jpg","HTTP 404"
"ce34b712-1d88-4764-a1c4-fa4953fd6b0e","Soviet military cemetery in Augustów","http://commons.wikimedia.org/wiki/Special:FilePath/Soviet%20military%20cemetery%20in%20Augustow%2003.jpg","HTTP 429"
"ce1f05fc-e751-43e5-9548-e3f0e6661610","Nieuw-Apostolische Kerk","http://commons.wikimedia.org/wiki/Special:FilePath/2024%20Snits%2C%20de%20eardere%20Nij-Apostoalyske%20tsjerke%20oan%20%27e%20Joh.%20Willem%20Frisostrjitte.jpg","HTTP 429"
"cdfdc68f-1bb7-4fcb-acdb-818912750342","New Orleans","http://commons.wikimedia.org/wiki/Special:FilePath/Rotterdam%20toren%20new%20orleans.jpg","HTTP 429"
"ce5a5ee9-69d2-4d2e-aadd-8dd4581a9c4d","Reinheimer Fürstengrab","http://commons.wikimedia.org/wiki/Special:FilePath/Reinheim%20Goldschatz.jpg","HTTP 429"
"ce07ac0a-38de-4019-b7c5-b68355833b43","St. Marx Cemetery","http://commons.wikimedia.org/wiki/Special:FilePath/Wiki%20mozartgrab%20st.marxer%20friedhof%201030%20wien-2010-04.jpg","HTTP 429"
"cde86b75-3090-4114-8ac9-2b9937a4f3ec","Frankfurt (Main) Süd","http://commons.wikimedia.org/wiki/Special:FilePath/Suedbahnhof-ffm001a.jpg","HTTP 429"
"ce42923a-5aae-4686-8c14-0c67d8e5ba39","Kips Bay Towers","http://commons.wikimedia.org/wiki/Special:FilePath/Kips%20Bay%20Plaza%20North%20Building.jpg","HTTP 429"
"ce054fb1-bce3-462c-b982-bb8af9b73da0","Berlin-Tegel Russian Orthodox Cemetery","http://commons.wikimedia.org/wiki/Special:FilePath/Russfriedhoftegel06.jpg","HTTP 429"
"cdfd9f74-3314-4f48-a11a-c78e8c969871","Marina 101","http://commons.wikimedia.org/wiki/Special:FilePath/Dubai%20Marina%20Aug2012.jpg","HTTP 429"
"cdf39e38-b5d9-430f-a2d0-86a1382a28e6","Arnos Vale Cemetery","http://commons.wikimedia.org/wiki/Special:FilePath/Screen%20walls%20to%20main%20entrance%20of%20Arnos%20Vale%20Cemetery.JPG","HTTP 429"
"cea7d723-aa25-49ff-987d-192a739d001c","Italie Deux","http://commons.wikimedia.org/wiki/Special:FilePath/Centre%20Commercial%20Italie%202%2C%20Paris%205%20April%202013%20001.jpg","HTTP 429"
"cea8c98e-a367-45fa-bd2b-f88224d0f943","Herder-Gymnasium","http://commons.wikimedia.org/wiki/Special:FilePath/Herder-Gymnasium%20B-Westend%2002-2014.jpg","HTTP 429"
"ce8a15d8-7c8f-410e-ac27-23f765941b97","La Seu Vella","http://commons.wikimedia.org/wiki/Special:FilePath/LleidaSeu20030605.jpg","HTTP 429"
"ce7dc71d-82fc-4228-942f-f37674c17499","Lexington station","http://commons.wikimedia.org/wiki/Special:FilePath/Lexington%20Depot%2C%20MA.jpg","HTTP 429"
"ce6fd7d0-a496-449f-b494-f5e3ed4a3864","Kaaspakhuis met kantoor","http://commons.wikimedia.org/wiki/Special:FilePath/2011-09-28%20Gouda%20123.JPG","HTTP 429"
"ce73d31f-7789-4adb-8ca8-36e02c76cec8","World War I Cemetery nr 53 in Czarne","http://commons.wikimedia.org/wiki/Special:FilePath/53Czarne1.jpg","HTTP 429"
"ce77a303-33c9-4ec9-b043-66f432e3aa48","Willow Park Patrol Cabin","http://commons.wikimedia.org/wiki/Special:FilePath/Willow%20Park%20Patrol%20Cabin.jpg","HTTP 429"
"ce8c9849-e1ec-46d0-b3a8-69a6059e2acd","Heusden Jewish Cemetery","http://commons.wikimedia.org/wiki/Special:FilePath/Joodse%20begraafplaats%20Heusden.JPG","HTTP 429"
"cee4e469-25dd-4102-a8e0-b9bf55445a65","Grand Nikko Awaji","http://commons.wikimedia.org/wiki/Special:FilePath/The%20Westin%20Awaj%20Island%20hotel02s3200.jpg","HTTP 429"
"ceda6846-7bf8-493c-bc12-7f457e98cbd2","Vienna State Opera house","http://commons.wikimedia.org/wiki/Special:FilePath/Staatsoper%20Wien%20DSC%205273w.jpg","HTTP 429"
"cee97e0e-5e18-4934-b40e-af251ac54320","Erbbegräbnisstätte Schede","http://commons.wikimedia.org/wiki/Special:FilePath/HerdeckeErbbgrSchedeHarkort.jpg","HTTP 429"
"ced0a235-4449-44df-a893-933f1ff4859f","Bullring of Teruel","http://commons.wikimedia.org/wiki/Special:FilePath/Plaza%20de%20toros%20de%20Teruel.jpg","HTTP 429"
"cee840ff-d8f6-4e43-9a4b-4305453a3241","Goede Herderkerk","http://commons.wikimedia.org/wiki/Special:FilePath/Bedum%20-%20Goede%20Herder%20Kerk.jpg","HTTP 429"
"cededdb5-c2bf-4e59-91be-12b74a8006d3","Terrein met grafheuvel","http://commons.wikimedia.org/wiki/Special:FilePath/20171107%20De%20Strubben-Kniphorstbosch%20%28grafheuvel%29.jpg","HTTP 429"
"ceb3680a-0d77-4f1d-990f-dce1e41969ba","Chor-Bakr","http://commons.wikimedia.org/wiki/Special:FilePath/Chor%20Bakr%2003.jpg","HTTP 429"
"cf0baa13-bc66-47cb-962c-3b1a7ab7a09f","Huan Kaew Coffee","https://img.vago.to/places/cover/v1/cf/0b/cf0baa13-bc66-47cb-962c-3b1a7ab7a09f.jpg","HTTP 404"
"cf5d74df-1abf-465a-b888-6dbf93adcf8f","Dominion Tower","http://commons.wikimedia.org/wiki/Special:FilePath/Moscow%20Dubrovka%20Dominion%20Tower%2008-2016.jpg","HTTP 429"
"cf22ae44-cc10-490c-bb69-8bb7f53882a2","Laborgebäude [Iowa University]","http://commons.wikimedia.org/wiki/Special:FilePath/UIowaIATL3.jpg","HTTP 429"
"cf295d23-d611-43bc-893b-77dfbda812b7","Charles E. Chamberlain Federal Building & Post Office","http://commons.wikimedia.org/wiki/Special:FilePath/Federal%20Building%20Lansing.jpg","HTTP 429"
"cf23b3f7-ee98-4765-b3ce-8e0865bb95d6","Toughsheet Community Stadium","http://commons.wikimedia.org/wiki/Special:FilePath/Reebokstadium%20inside.jpg","HTTP 429"
"cf3d9572-a372-472e-b40a-7e095abb5ff8","Pavilion No. 36 Produce Processing at the VDNKh","http://commons.wikimedia.org/wiki/Special:FilePath/VDNKh%20Pavilion%20No%2036%20Produce%20Processing.jpg","HTTP 429"
"cef47c5e-fbb3-45ee-b877-cdbb28109c28","Arneke Churchyard","http://commons.wikimedia.org/wiki/Special:FilePath/Arn%C3%A8ke%20-%20Eglise%20Saint-Martin%203.jpg","HTTP 429"
"cfac7c97-e521-45a6-8c96-9c21e38a6ed1","Okadaya Shinjuku","https://img.vago.to/places/cover/v1/cf/ac/cfac7c97-e521-45a6-8c96-9c21e38a6ed1.jpg","HTTP 404"
"cf760a92-72b9-4543-9b71-bc66c94d6f01","Chef Den Seafood","https://img.vago.to/places/cover/v1/cf/76/cf760a92-72b9-4543-9b71-bc66c94d6f01.jpg","HTTP 404"
"cf8676e9-75b9-4891-a605-862c41b13c12","Vitra Showroom Copenhagen","https://img.vago.to/places/cover/v1/cf/86/cf8676e9-75b9-4891-a605-862c41b13c12.jpg","HTTP 404"
"cf88e4e3-e4af-4116-a261-8c98cdc8cd11","Administration Building, Treasure Island","http://commons.wikimedia.org/wiki/Special:FilePath/Building%20One%2C%20Treasure%20Island%201.JPG","HTTP 429"
"cf833530-d12c-4135-ab79-7ada872ba029","Moschea di Roma","http://commons.wikimedia.org/wiki/Special:FilePath/Moschea%20-%20sala%20principale%2000531.JPG","HTTP 429"
"cf9e4875-357c-47f2-b482-3a4f6078ba52","Rockefeller Center","http://commons.wikimedia.org/wiki/Special:FilePath/GE%20Building%20by%20David%20Shankbone.JPG","HTTP 429"
"cf9fabe2-250d-45da-bb7b-9063b8cf10f3","Chapman House","http://commons.wikimedia.org/wiki/Special:FilePath/ChapmanHs%202007%2012%2016sm1.jpg","HTTP 429"
"cfc87b62-b06a-4bbc-89e6-322f093e2642","Sverigehuset","http://commons.wikimedia.org/wiki/Special:FilePath/Sverigehuset%201.jpg","HTTP 429"
"cfe00cfe-bcc7-4255-9725-fd22a6e31bed","SQY Ouest","http://commons.wikimedia.org/wiki/Special:FilePath/Saint%20Quentin%20en%20Yvelines%20de%20nuit%202011%2010.jpg","HTTP 429"
"cfe34241-79a0-45fb-a1a1-b5b5656b1d79","Calhoun County Courthouse","http://commons.wikimedia.org/wiki/Special:FilePath/Calhoun%20County%20Courthouse.jpg","HTTP 429"
"cfcc8d06-d872-4622-a479-06d138e3f7b2","Horse Barn","http://commons.wikimedia.org/wiki/Special:FilePath/BRCA%20horse%20barn.jpeg","HTTP 429"
"cffabeb6-545e-41d6-b12d-0658fd1e5d7e","Christ Church Burial Ground","http://commons.wikimedia.org/wiki/Special:FilePath/Bainbridge%20tombstone.jpg","HTTP 429"
"d038d50b-ff58-41fc-9067-9fe7f00b2e10","Shake Shack Madison Square Park","https://img.vago.to/places/cover/v1/d0/38/d038d50b-ff58-41fc-9067-9fe7f00b2e10.jpg","HTTP 404"
"d0959b6b-1d97-4cac-9333-cab0323e2b74","Temple of Israel","http://commons.wikimedia.org/wiki/Special:FilePath/Facade%20Temple%20of%20Israel.jpg","HTTP 429"
"d0b5a504-bb57-4dae-921d-28077e0a7ea0","Mortagne-du-Nord Communal Cemetery","http://commons.wikimedia.org/wiki/Special:FilePath/Mortagne-du-Nord%20Communal%20Cemetery%207.jpg","HTTP 429"
"d0c564db-7489-45b9-8956-0ab800f952da","Şeref Tepesi","http://commons.wikimedia.org/wiki/Special:FilePath/-%202024%201%20%D0%A5%D0%BE%D0%BB%D0%BC%20%D1%87%D0%B5%D1%81%D1%82%D0%B8.gif","HTTP 429"
"d0cdbe33-f2fd-4cb0-8de2-2a2d9e664a52","Catania Cathedral","http://commons.wikimedia.org/wiki/Special:FilePath/Catania%20BW%202025-04-25%2015-15-28.jpg","HTTP 429"
"d08193cc-33c2-4f31-bdbe-75d1216886ba","Westfriedhof","http://commons.wikimedia.org/wiki/Special:FilePath/Westfriedhof%20K%C3%B6ln%20Ehrengr%C3%A4ber1.jpg","HTTP 429"
"d0d1b568-6990-4c8c-9d3c-ef3e03a257ed","Krasnoe Cemetery","http://commons.wikimedia.org/wiki/Special:FilePath/%D0%91%D1%83%D0%B3%D1%80%D0%BE%D0%B2%D1%81%D0%BA%D0%BE%D0%B5%20%D0%BA%D0%BB%D0%B0%D0%B4%D0%B1%D0%B8%D1%89%D0%B5%2C%20%D0%B2%D0%BE%D1%80%D0%BE%D1%82%D0%B0%2C%20%D0%B2%D0%B8%D0%B4%20%D1%81%D0%BD%D0%B0%D1%80%D1%83%D0%B6%D0%B8.jpg","HTTP 429"
"d0f38527-438f-48ac-968d-cdd0fd059711","Central Cemetery","https://img.vago.to/places/cover/v1/d0/f3/d0f38527-438f-48ac-968d-cdd0fd059711.jpg","HTTP 404"
"d0f46e3a-e5fa-47f9-8116-ffb03d1f72f4","Glitch Coffee & Roasters","https://example.com/glitch_coffee.jpg","HTTP 404"
"d0fabec3-9f64-4c9e-8c4c-2cc82cfd3686","Shack Mountain","http://commons.wikimedia.org/wiki/Special:FilePath/Shack%20Mountain%20Albemarle%20County%20Virginia.jpg","HTTP 429"
"d0edb269-7a4b-4b6d-9057-b0adcf9a5294","Las Ventas","http://commons.wikimedia.org/wiki/Special:FilePath/Plaza%20de%20Toros%20de%20Las%20Ventas%20%28Madrid%29%2004.jpg","HTTP 429"
"d10d830a-24d5-414a-a1c5-faf75486d21a","Cedar Hill Cemetery","http://commons.wikimedia.org/wiki/Special:FilePath/CedarHillPyramid.jpg","HTTP 429"
"d0fe1ed4-b47b-4840-96a6-234061176eaf","palazzo del Podestà","http://commons.wikimedia.org/wiki/Special:FilePath/Palazzo%20del%20Podesta.01.jpg","HTTP 429"
"d0df083a-8e40-4718-9f8c-5c85f49f7198","Can Suñol","http://commons.wikimedia.org/wiki/Special:FilePath/Can%20Su%C3%B1ol.jpg","HTTP 429"
"d11544e5-cb3e-4339-9efd-a95edf34f611","L'Àgora","http://commons.wikimedia.org/wiki/Special:FilePath/Agora%20y%20Pont%20de%20l%27Assut%20de%20l%27Or.jpg","HTTP 429"
"d11c4c6f-9e29-47f1-9451-8f0cde36ee57","Mount Pleasant Cemetery","http://commons.wikimedia.org/wiki/Special:FilePath/Mount%20Pleasant%20Cemetery%20in%20cherry%20blossom.jpg","HTTP 429"
"d0e1e705-0bcf-4f1e-b4a8-49f73f9aa314","Soldatenfriedhof Dahn","http://commons.wikimedia.org/wiki/Special:FilePath/Kreuz%20Soldatenfriedhof%20Dahn%20-%20geo.hlipp.de%20-%2033604.jpg","HTTP 429"
"d0e7f36c-b11f-4422-bf70-df73760cf49f","Ibbenbüren Central Cemetery","http://commons.wikimedia.org/wiki/Special:FilePath/Zentralfriedhof%20Ibbenbueren%2001.jpg","HTTP 429"
"d1018d60-3a20-4804-80ce-fac87b9a1833","Johannisfriedhof (Nürnberg)","http://commons.wikimedia.org/wiki/Special:FilePath/Johannisfriedhof%20in%20N%C3%BCrnberg.jpg","HTTP 429"
"d10963df-b5c4-43c9-8957-ca1bbd8d28b3","Tour Telus","http://commons.wikimedia.org/wiki/Special:FilePath/Telus%20Tower%20August%202017%2001.jpg","HTTP 429"
"d1264d06-11f0-4ea0-a027-c875abbdade7","Voznesenskoye Cemetery","http://commons.wikimedia.org/wiki/Special:FilePath/Patriotic%20War%20of%201812%20heros%20monument%20Yaransk.JPG","HTTP 429"
"d1246171-a3ec-4500-8163-8c1f2757d633","St. Johannes der Täufer","http://commons.wikimedia.org/wiki/Special:FilePath/K%C3%B6ln-Lindenthal%20Joseph-Stelzmann%20Stra%C3%9Fe%2020.jpg","HTTP 429"
"d14ea2eb-4a2f-4ecf-914d-72cf4d908d7f","Quinta da Regaleira","http://commons.wikimedia.org/wiki/Special:FilePath/Quinta%20da%20Regaleira%2C%20Sintra%2C%20Portugal%2C%202019-05-25%2C%20DD%2069.jpg","HTTP 429"
"d17ab64b-ce89-410e-ac3b-6309820d5798","Ter Navolging Cemetery, Scheveningen","http://commons.wikimedia.org/wiki/Special:FilePath/Den%20Haag%20Begraafplaats%20Ter%20Navolging.jpg","HTTP 429"
"d129bf23-57ff-48d8-8503-2a081b368752","Cille Bharra","http://commons.wikimedia.org/wiki/Special:FilePath/Ancient%20chapel%20Cille%20Bharra.JPG","HTTP 429"
"d147aca0-ae35-44d2-b24d-e58a8b349a5b","Cimetière Ancien de Rueil-Malmaison","http://commons.wikimedia.org/wiki/Special:FilePath/Rueil-Malmaison%20Cimeti%C3%A8re%20Ancien%20Croix%20002.JPG","HTTP 429"
"d17e0aae-1621-47e2-b2b3-ddfd982e8c86","Pecquencourt Communal Cemetery","http://commons.wikimedia.org/wiki/Special:FilePath/Pecquencourt%20-%20Cimeti%C3%A8re%20de%20Pecquencourt%2C%20vue%20depuis%20l%27entr%C3%A9e%20du%20cimeti%C3%A8re%20%2801%29.JPG","HTTP 429"
"d1eff92f-773d-4afe-bf7f-ffbb4262b059","Saint-Vincent-de-Paul church","http://commons.wikimedia.org/wiki/Special:FilePath/Paris%20Saint-Vincent-de-Paul%20Fassade%203.jpg","HTTP 429"
"d19c26b6-e4c9-4e0f-a115-10a96e6b0c17","Haus des Lehrers","http://commons.wikimedia.org/wiki/Special:FilePath/Haus%20des%20Lehrers%2C%202024%20%2801%29.jpg","HTTP 429"
"d194dd13-d62d-4b70-96f9-27a538d1e844","Tumuli de Bussy-le-Château","http://commons.wikimedia.org/wiki/Special:FilePath/Tumulus%20d%C3%A9partemental%20C05853.JPG","HTTP 429"
"d1ff2e47-bd8e-4641-967d-1e5187c18a33","Row House in Sumiyoshi","http://commons.wikimedia.org/wiki/Special:FilePath/Azuma%20house.JPG","HTTP 429"
"d18bb77d-b2aa-467e-9d1a-543f4dfd9a87","House of F. N. Solodov","http://commons.wikimedia.org/wiki/Special:FilePath/%D0%94%D0%BE%D0%BC%20%D0%A1%D0%BE%D1%8E%D0%B4%D0%BE%D0%B2%D0%BE%D0%B9%20%28%D0%BF%D0%B5%D1%80.%20%D0%93%D0%B0%D0%B7%D0%B5%D1%82%D0%BD%D1%8B%D0%B9%2C%2047%29%20-%20%D1%84%D0%B0%D1%81%D0%B0%D0%B4.JPG","HTTP 429"
"d1ad88e4-2e55-4d1d-8ca4-9b6e284d8890","Kuzminskoye Cemetery","http://commons.wikimedia.org/wiki/Special:FilePath/Kuzminskoye%20Cemetery%2001.jpg","HTTP 429"
"d1fe6b25-e975-4a8d-bfe9-d8ccabf7da93","Stadium Municipal","http://commons.wikimedia.org/wiki/Special:FilePath/StadiumToulouse3.JPG","HTTP 429"
"d23f850c-0c8d-4b78-ab1b-666a5baceca0","Elm Place","http://commons.wikimedia.org/wiki/Special:FilePath/Dallas%20Elm%20Place.jpg","HTTP 429"
"d2464c54-6060-436c-905b-8db1d4439af8","UTEC campus","http://commons.wikimedia.org/wiki/Special:FilePath/Campus%20UTEC%20Lima.png","HTTP 429"
"d23bf525-b7fe-46f5-9b4e-0fc658226ed4","Baikove Cemetery","http://commons.wikimedia.org/wiki/Special:FilePath/Baikove-cemetery-2008.jpg","HTTP 429"
"d250a65b-a99f-4918-9dc2-fad02b76ec98","Neue Staatsgalerie","http://commons.wikimedia.org/wiki/Special:FilePath/Staatsgalerie%20Stuttgart.jpg","HTTP 429"
"d212902e-bf7b-466d-bc0a-e5224406fa01","Oratorio della Dottrina Cristiana","http://commons.wikimedia.org/wiki/Special:FilePath/Santuario%20di%20Santa%20Maria%20in%20Traspontina%20-%20esterno.jpg","HTTP 429"
"d2385236-e0c5-40fd-8e87-4d1f2374b713","Longleat","http://commons.wikimedia.org/wiki/Special:FilePath/Longleat%20House%20from%20the%20south%20east%20-%20geograph.org.uk%20-%20838836.jpg","HTTP 429"
"d256a0e5-0439-422e-8e1a-d8f369af222e","Washington County Courthouse","http://commons.wikimedia.org/wiki/Special:FilePath/Washington%20County%2C%20Kansas%20courthouse%20from%20W%202.JPG","HTTP 429"
"d2675a13-4a34-4036-8a43-4b3c32cb5ddd","Sonny","https://static.wheretoeat.dk/uploads/venue/image/3726/responsive_c8705e939b-sonny-copenhagen-10.jpg","getaddrinfo ENOTFOUND static.wheretoeat.dk"
"d2565ef8-c9ed-4ab1-9cb4-7421459648a2","Cimetière Saint-Maurice de Bruille-Saint-Amand","http://commons.wikimedia.org/wiki/Special:FilePath/Bruille-St.%20Amand%20Churchyard%20-1.jpg","HTTP 429"
"d302ce0b-d179-4d3c-ab89-a4e178be0551","Le Bon Marché","https://img.vago.to/places/cover/v1/d3/02/d302ce0b-d179-4d3c-ab89-a4e178be0551.jpg","HTTP 404"
"d2d056ee-6762-4375-ae14-a43114eea7fd","Saint Martin Church","http://commons.wikimedia.org/wiki/Special:FilePath/Sankt%20Paul%20Sankt%20Marrtin%20Pfarrkirche%2010052008%2001.jpg","HTTP 429"
"d2c94946-1771-43e7-afe8-4ec1d21ad188","Sleepy Hollow Cemetery","http://commons.wikimedia.org/wiki/Special:FilePath/Sleepy%20Hollow%20Cemetery%20Sign.jpeg","HTTP 429"
"d2a8a84b-f5b9-48e8-8fa5-02027926fb42","Noorderbegraafplaats","http://commons.wikimedia.org/wiki/Special:FilePath/Groningen%20Noorderbegraafplaats.JPG","HTTP 429"
"d2c5a370-a032-4852-8710-84962e63a38f","Gorms Mound","http://commons.wikimedia.org/wiki/Special:FilePath/Gorms%20H%C3%B8j.jpg","HTTP 429"
"d2c9d916-90e6-4f0e-8bf4-c8718d1c367c","275 Madison Avenue","http://commons.wikimedia.org/wiki/Special:FilePath/275%20Madison%20Avenue%20Jun%202021%2032.jpg","HTTP 429"
"d2beddf7-14ab-4dc4-92fc-e5f69f1f87ae","Döbling Cemetery","http://commons.wikimedia.org/wiki/Special:FilePath/D%C3%B6blinger%20Friedhof%20-%20Kreuz.JPG","HTTP 429"
"d31807a7-4e21-4a11-b531-de916a5644f7","Palacio de La Moneda","http://commons.wikimedia.org/wiki/Special:FilePath/Palacio%20de%20La%20Moneda%20-%20miguelreflex.jpg","HTTP 429"
"d32348df-449c-488b-b01b-5b9aabce8dab","San Isidro Cemetery","http://commons.wikimedia.org/wiki/Special:FilePath/SSI-%20En%20forma%20de%20atril%20%2823478100429%29.jpg","HTTP 429"
"d33f50d9-3a1b-453f-b9a6-625333aacced","Taganrog Old Cemetery","http://commons.wikimedia.org/wiki/Special:FilePath/Taganrog%20Old%20Cemetery%20Chapel-Burial-Vault%20of%20Litsin%20Family.jpg","HTTP 429"
"d36a32cf-1e5f-4578-bcfc-c3ade989ff01","Zvezdnaya street 15 k2, Saint Petersburg","http://commons.wikimedia.org/wiki/Special:FilePath/Zvezdnaya%20street%2015%20k2%202016-03%201458989671.JPG","HTTP 429"
"d3444518-bf18-428c-bc30-d2dd95cd9a56","Monastery of São Vicente de Fora","http://commons.wikimedia.org/wiki/Special:FilePath/Igreja%20e%20Mosteiro%20de%20S%C3%A3o%20Vicente%20de%20Fora.jpg","HTTP 429"
"d35637ce-3728-4105-94c5-949405bc347c","Cimetière de Contamine-sur-Arve","http://commons.wikimedia.org/wiki/Special:FilePath/Cimeti%C3%A8re%20de%20Contamine-sur-Arve%201.jpg","HTTP 429"
"d399b1d9-4de4-4924-9f7f-1a381a1515a8","Chatam Sofer Memorial","http://commons.wikimedia.org/wiki/Special:FilePath/Mauz%C3%B3leum%20Chatama%20S%C3%B3fera%204.jpg","HTTP 429"
"d3f97a61-e5ea-4c32-b140-4bcf162f30eb","Palazzo Solaro del Borgo","http://commons.wikimedia.org/wiki/Special:FilePath/Palazzo%20Solaro%20del%20Borgo.JPG","HTTP 429"
"d409ac3b-a78e-4e2a-9a6c-2b6985c838de","Norris Geyser Basin Museum","http://commons.wikimedia.org/wiki/Special:FilePath/YellowstoneNP%20NorrisMuseumFront.jpg","HTTP 429"
"d40de2df-c5a3-4d12-a07c-8fa7cc54c36f","St. Paul","http://commons.wikimedia.org/wiki/Special:FilePath/Bocholt%20St.%20Paul%20Ansicht%202016%201.JPG","HTTP 429"
"d40b5053-85e0-4e6b-9b0d-81165ab8603c","Wilmersdorf Cemetery","http://commons.wikimedia.org/wiki/Special:FilePath/Friedhof%20Wilmersdorf.jpg","HTTP 429"
"d3ac2026-da6a-4a61-a469-b69061441b1f","Mirogoj Cemetery","http://commons.wikimedia.org/wiki/Special:FilePath/Mirogoj%20Cemetery%20Front.jpg","HTTP 429"
"d3cb74bd-054b-4d22-948f-6bae407b52a6","Pfarrkirche hl. Leonhard, Zwickenberg, Oberdrauburg","http://commons.wikimedia.org/wiki/Special:FilePath/Zwickenberg%20-%20Pfarrkirche1.JPG","HTTP 429"
"d3b590e2-07e8-4f2f-9cda-99d74685c52c","Quirinal Palace","http://commons.wikimedia.org/wiki/Special:FilePath/Quirinale%20palazzo%20e%20obelisco%20con%20dioscuri%20Roma.jpg","HTTP 429"
"d3ee703d-bcb4-4913-aa0c-6e7a7fba6060","Terrein waarin vier grafheuvels","http://commons.wikimedia.org/wiki/Special:FilePath/Archeologisch%20monument%2045109%20-%20Garderen.jpg","HTTP 429"
"d3f3b9a0-21e2-41da-a4b0-363bbd0d9a4e","Saarlouis Alter Friedhof","http://commons.wikimedia.org/wiki/Special:FilePath/Saarlouis%20Alter%20Friedhof%20%288%29.jpg","HTTP 429"
"d3ec67e6-bd56-4e6f-b947-f6240cbc3dbd","Kreeger Museum","http://commons.wikimedia.org/wiki/Special:FilePath/Kreeger%20Museum.jpg","HTTP 429"
"d4a5d1c6-0b71-4abb-ad0d-f776cfe43af2","Hayashida","https://example.com/hayashida_ramen.jpg","HTTP 404"
"d435fa79-2165-4f05-bf54-9e6c72a9db2c","Red Banner Textile Factory","http://commons.wikimedia.org/wiki/Special:FilePath/Power%20Station%20of%20the%20Red%20Banner%20Textile%20Factory%20SPB.jpg","HTTP 429"
"d4824056-012f-4fff-bf43-c38a06e6ef3d","Anthracite Coffee Roasters","https://media-cdn.tripadvisor.com/media/photo-s/11/59/75/f2/anthracite-coffee-roasters.jpg","HTTP 404"
"d4526e05-86f6-411f-9454-7523903b7137","Haleakalā Visitor Center","http://commons.wikimedia.org/wiki/Special:FilePath/Starr-060924-0283-Deschampsia%20nubigena-habitat%20view%20Visitor%20Center-Visitor%20Center%20HNP-Maui%20%2824238016134%29.jpg","HTTP 429"
"d4aca7ff-d1db-417a-b2a3-30279a13083a","Conciliar Seminary of Madrid","http://commons.wikimedia.org/wiki/Special:FilePath/Seminario%20Conciliar%20de%20Madrid%2002.jpg","HTTP 429"
"d4342eb9-b209-43d9-86d5-34ed2841841c","Church of St Mary and St Joseph","http://commons.wikimedia.org/wiki/Special:FilePath/Church%20of%20St%20Mary%20and%20St%20Joseph%2C%20Poplar%20-%20geograph.org.uk%20-%204119169.jpg","HTTP 429"
"d482a9ec-0d88-4769-aa68-20d97639cf88","Het Nieuwe Huis","http://commons.wikimedia.org/wiki/Special:FilePath/Amsterdam%20Het%20Nieuwe%20Huis%20001.JPG","HTTP 429"
"d4d564a0-5197-40ec-b1fd-a5089b861ff9","Ghencea Cemetery","http://commons.wikimedia.org/wiki/Special:FilePath/Ghenceamilitarmorminte.JPG","HTTP 429"
"d4ec5174-0b86-4480-bbab-10eaabc34f3c","Point 110 Old Military Cemetery","http://commons.wikimedia.org/wiki/Special:FilePath/Point%20110%20Old%20Military%20Cemetery%20-17.JPG","HTTP 429"
"d501a401-fdf9-4dfb-ac7a-e7fa79eb6138","Khimki Cemetery","http://commons.wikimedia.org/wiki/Special:FilePath/Moscow%2C%20Khimkinskoe%20cemetery.%20Central%20entrance%2001.JPG","HTTP 429"
"d4d2217a-0a47-44c6-8300-e34e9a3dcacb","Los Angeles Central Library","http://commons.wikimedia.org/wiki/Special:FilePath/Los-angeles-central-library.jpg","HTTP 429"
"d4b6de35-c2a6-467c-8a78-1aca36fbf117","Pfarrkirche in Pustritz","http://commons.wikimedia.org/wiki/Special:FilePath/Pustritz%20-%20Pfarrkirche.jpg","HTTP 429"
"d4d817f0-8299-4715-bbe6-35f77c807b6f","San Justo Cemetery","http://commons.wikimedia.org/wiki/Special:FilePath/SSJ-%20Esculturas%20funerarias%20%2823220677813%29.jpg","HTTP 429"
"d4f6d457-48fc-4e58-a6b0-d3ea0041e3a4","Pokrov Cemetery","http://commons.wikimedia.org/wiki/Special:FilePath/Church%20of%20the%20Intercession%20Riga%202.JPG","HTTP 429"
"d4b7d163-9143-426d-9ab4-9a8723b8d7b0","Palace of Culture of Uralmash plant","http://commons.wikimedia.org/wiki/Special:FilePath/Palace%20of%20Culture%20of%20Uralmash%20plant%20%28July%202025%29%20-%200%201.jpg","HTTP 429"
"d4ea4ccc-a280-43f4-a51a-af65eedd9818","Neiman-Marcus Department Store","http://commons.wikimedia.org/wiki/Special:FilePath/Neiman%20Marcus%2C%20San%20Francisco%20July%202022.jpg","HTTP 429"
"d4ebf6bb-5c02-4c41-af25-4bd8be3f81e2","Stadttheater Klagenfurt","http://commons.wikimedia.org/wiki/Special:FilePath/Stadttheater%20Klagenfurt%201.jpg","HTTP 429"
"d4f8826a-223f-4dc4-bdf9-c8a6f418f7c0","Granary Burying Ground","http://commons.wikimedia.org/wiki/Special:FilePath/Boston%27s%20Granary%20burial%20ground.jpg","HTTP 429"
"d53be783-5c5c-4c2a-921c-2404decd0981","Nai To Congee Shop","https://img.vago.to/places/cover/v1/d5/3b/d53be783-5c5c-4c2a-921c-2404decd0981.jpg","HTTP 404"
"d54135db-06d0-4978-9c2c-b53b5343390c","Weinbergfriedhof","http://commons.wikimedia.org/wiki/Special:FilePath/Detmold%20-%20099%20-%20Paulinenstra%C3%9Fe%204%20%283%29.jpg","HTTP 429"
"d54e5267-5646-4f2d-a5de-333aac536701","Plaza de Toros de Pamplona","http://commons.wikimedia.org/wiki/Special:FilePath/Pamplona-Plaza-toros-abir82-01.jpg","HTTP 429"
"d55edf25-8595-4efc-b696-c1a84c12a161","Soviet military cemetery in Żywiec","http://commons.wikimedia.org/wiki/Special:FilePath/Cmentarz%20%C5%BBo%C5%82nierzy%20Radzieckich%20-%20%C5%BBywiec.JPG","HTTP 429"
"d574a77f-6afc-4464-a120-dff5aba47cf1","Escuela de Artes y Oficios de Algeciras","http://commons.wikimedia.org/wiki/Special:FilePath/Artes%20y%20oficios%2C%20Algeciras.jpg","HTTP 429"
"d5873c22-cdff-451a-93ac-cb81071531f8","Házsongárd cemetery","http://commons.wikimedia.org/wiki/Special:FilePath/Cemetery%20H%C3%A1zsong%C3%A1rd%201.JPG","HTTP 429"
"d54107ab-e301-4bcf-bd88-20b9272cbb7b","122 Leadenhall Street","http://commons.wikimedia.org/wiki/Special:FilePath/Cheesegrater%20and%20Gherkin.jpg","HTTP 429"
"d5872900-8e9f-4b3e-9a1c-0a242378ffb1","Llotja de la Seda","http://commons.wikimedia.org/wiki/Special:FilePath/Consulado%20del%20Mar%20y%20Lonja%20de%20la%20Seda%20en%20Valencia.jpg","HTTP 429"
"d57b69d7-bdce-481d-b456-ac8fafd7ebb5","Brattle Hall","http://commons.wikimedia.org/wiki/Special:FilePath/Brattle%20Hall%20in%20Cambridge%2C%20MA.jpg","HTTP 429"
"d5e666e1-3467-40f0-a6f8-9eac8cda837b","St. Andrews Patrol Cabin","http://commons.wikimedia.org/wiki/Special:FilePath/St.%20Andrews%20Patrol%20Cabin.jpg","HTTP 429"
"d5b9439e-3c64-4e90-ae98-358f8ba96aa7","Paul Mellon Arts Center","http://commons.wikimedia.org/wiki/Special:FilePath/Paul%20Mellon%20Arts%20Center%20-%20Choate%20Rosemary%20Hall%2C%20Wallingford%2C%20Connecticut.JPG","HTTP 429"
"d5c488c7-c24a-4dc3-90f8-e43bca6f7cdb","Tank Cemetery","http://commons.wikimedia.org/wiki/Special:FilePath/Tank%20Cemetery%2C%20Guemappe%2010.jpg","HTTP 429"
"d6048b2d-35ed-470c-b4ae-26eb71a31a87","Cimetière de Cocherel","http://commons.wikimedia.org/wiki/Special:FilePath/Cimetiere%20cocherel%20c%C3%B4t%C3%A9%20%C3%A9glise.JPG","HTTP 429"
"d5abee20-17c5-4674-86db-ea8933aff1c5","Cimetière militaire belge de Saint-Jean-Cap-Ferrat","http://commons.wikimedia.org/wiki/Special:FilePath/Belgian%20military%20cemetery%20of%20the%20chapel%20Saint-Hospice%20%28France%29.jpg","HTTP 429"
"d5eaddf4-8fa6-479a-b55f-584bf480f252","Saultain Communal Cemetery","http://commons.wikimedia.org/wiki/Special:FilePath/Saultain%20-%20Cimeti%C3%A8re%20de%20Saultain%20%2829%29.JPG","HTTP 429"
"d5ad05a4-c964-4c32-a9fa-32bef1e3bb50","Tokyo Bunka Kaikan","http://commons.wikimedia.org/wiki/Special:FilePath/Tokyo%20bunka%20kaikan01%201920.jpg","HTTP 429"
"d5d2e14b-8587-4bf6-bbf5-3d94922beebb","Museu Brasileiro da Escultura","http://commons.wikimedia.org/wiki/Special:FilePath/Museu%20Brasileiro%20da%20Escultura%2C%20MuBE.jpg","HTTP 429"
"d638fd0c-0295-4223-92fc-c8e4fee37816","Japanese Ramen Noodle Lab Q","https://img.vago.to/places/cover/v1/d6/38/d638fd0c-0295-4223-92fc-c8e4fee37816.jpg","HTTP 404"
"d664afc0-c311-4bc8-ba0a-5ccafb24093c","Akaliko design shop","https://img.vago.to/places/cover/v1/d6/64/d664afc0-c311-4bc8-ba0a-5ccafb24093c.jpg","HTTP 404"
"d64f0887-d53d-4f38-b2a3-c9eb601c15b9","Kafeteria SMK","https://img.vago.to/places/cover/v1/d6/4f/d64f0887-d53d-4f38-b2a3-c9eb601c15b9.jpg","HTTP 404"
"d638de32-0fa5-4ea3-bf63-eaccd540e15f","Cemetery Rodaun","http://commons.wikimedia.org/wiki/Special:FilePath/Friedhof%20Rodaun%201.JPG","HTTP 429"
"d6905f78-7d63-416f-b985-1e27273d73a4","Manila North Cemetery","http://commons.wikimedia.org/wiki/Special:FilePath/Manila%20North%20Cemetery%202.jpg","HTTP 429"
"d654492e-72ab-4c36-83b1-9b600f2921f9","Federal Building and United States Courthouse","http://commons.wikimedia.org/wiki/Special:FilePath/United%20States%20Courthouse%2C%20Sioux%20City%2C%20Iowa.jpg","HTTP 429"
"d63f6f63-def0-4458-a709-921de0f099fc","Abu Rawash","http://commons.wikimedia.org/wiki/Special:FilePath/Abu%20Rawash%20Pyramid.jpg","HTTP 429"
"d65cfe98-52e8-4234-ab07-6b81019d9961","Site containing at least seven burial mounds in Vijlenerbos","http://commons.wikimedia.org/wiki/Special:FilePath/Vaals-Grafheuvelgroep%20Malensbosch%20heuvel%202%20%281%29.JPG","HTTP 429"
"d6697ea1-91c7-4900-ba06-add9c900efc1","House in rambla Just Oliveras, 46","http://commons.wikimedia.org/wiki/Special:FilePath/Habitatge%20a%20la%20rambla%20Just%20Oliveras%2C%2046-1.JPG","HTTP 429"
"d6b3df3a-f307-4c67-875d-71a6c99237ac","Black Remedy","https://example.com/remedy.jpg","HTTP 404"
"d7026367-0446-4818-ae67-ff31ac20ea60","Kyoto Concert Hall","http://commons.wikimedia.org/wiki/Special:FilePath/Kyoto%20Concert%20Hall02n3200.jpg","HTTP 429"
"d71cb78b-5bac-4d89-a477-4feea7d780ed","Milstein Hall","http://commons.wikimedia.org/wiki/Special:FilePath/Milstein%20Hall%2C%20Cornell%20University.jpg","HTTP 429"
"d70c5dbf-b0e7-43f9-90c2-e0f23c5e1989","Canadian Broadcasting Centre","http://commons.wikimedia.org/wiki/Special:FilePath/CBC%20Centre.JPG","HTTP 429"
"d6be667e-8a96-4166-90b3-c720f4391148","Saban Theatre","http://commons.wikimedia.org/wiki/Special:FilePath/WilshireTheater%2001.jpg","HTTP 429"
"d70a09da-ffe8-4da6-b532-64fa9e4b412f","UOB Plaza One","http://commons.wikimedia.org/wiki/Special:FilePath/UOB%20Plaza%20Tower%20One%2C%20Dec%2005.JPG","HTTP 429"
"d6d1025b-d1a9-4958-af8d-77ecceda5702","Truro Cathedral","http://commons.wikimedia.org/wiki/Special:FilePath/Truro%20Cathedral%20-%20Truro.jpg","HTTP 429"
"d6ccca2b-f28c-4834-8928-1de6d29e9d8f","Telephone exchange Dejvice","http://commons.wikimedia.org/wiki/Special:FilePath/Praha%20Dejvice%20telefonni%20ustredna%201.jpg","HTTP 429"
"d705723b-11b7-482b-a7e3-aa8796ed96db","Türkmenbaşy Mosque","http://commons.wikimedia.org/wiki/Special:FilePath/Rustam%20Minnikhanov%27s%20trip%20to%20Turkmenistan%202008%2011.jpg","HTTP 429"
"d72a1bbe-463c-4540-bb90-6faef2c618ed","Reed–Wells House","http://commons.wikimedia.org/wiki/Special:FilePath/Reed-Wells%20House%20%28Portland%2C%20OR%29.JPG","HTTP 429"
"d762dbf0-9895-4250-a760-76a7cdd16fe6","Cal Llonch","http://commons.wikimedia.org/wiki/Special:FilePath/Cal%20Llonch.jpg","HTTP 429"
"d760f083-8a9d-4a32-bd23-5725292fa75c","Wharton-Scott House","http://commons.wikimedia.org/wiki/Special:FilePath/Scott%20House2.jpg","HTTP 429"
"d74bca26-08b1-4736-83c1-0135d2297c65","Stadtvilla an der Rauchstraße, Haus 8","http://commons.wikimedia.org/wiki/Special:FilePath/Hans%20Hollein%2C%20Stadtvilla%20Rauchstrasse%2C%20Berlin.jpg","HTTP 429"
"d755bb9f-1af7-4970-af30-3036eff4d353","George and Lola Perkins House","http://commons.wikimedia.org/wiki/Special:FilePath/George%20and%20Lola%20Perkins%20House%2C%20Sac%20City%2C%20IA.jpg","HTTP 429"
"d7578a0e-114a-418b-a517-f7b8285cbaf5","Auchonvillers Communal Cemetery","http://commons.wikimedia.org/wiki/Special:FilePath/Auchonvillers%20Communal%20Cemetery%201.JPG","HTTP 429"
"d7c673de-0aab-4ea8-b937-3a7c5c9548a7","Jungfrukullen","http://commons.wikimedia.org/wiki/Special:FilePath/Jungfrukullen%20Brunflo%20132%202.jpg","HTTP 429"
"d7c2a3c7-fc1c-4be7-93a5-47d4b67fa6af","Burtscheid cemetery","http://commons.wikimedia.org/wiki/Special:FilePath/AC%20Grabstaette%20Friedrich%20Erckens.JPG","HTTP 429"
"d7bc343f-4211-4540-b9cd-5e899d9d1d36","Mary, Queen of the World Cathedral","http://commons.wikimedia.org/wiki/Special:FilePath/Cath%C3%A9drale%20Marie-Reine-du-Monde.jpg","HTTP 429"
"d7c01bec-27d4-4af6-b7f0-1d62790aabc3","Rheinsberg Palace","http://commons.wikimedia.org/wiki/Special:FilePath/Rheinsberg%20Schloss%20und%20Park%20asv2024-03%20img04.jpg","HTTP 429"
"d78dd2a3-9218-4989-9a8f-fe1d4a2932f2","Rockefeller Guest House","http://commons.wikimedia.org/wiki/Special:FilePath/Blanchette%20Hooker%20Rockefeller%20Guest%20House%2C%20NYC%2C%20NY.jpg","HTTP 429"
"d8259e6f-83a4-4e87-92c0-2783ccf5cc0a","Basilica in Eger","http://commons.wikimedia.org/wiki/Special:FilePath/Sz%C3%A9kesegyh%C3%A1z%20%28Szent%20J%C3%A1nos%20apostol%20%C3%A9s%20f%C5%91angyal%2C%20Szent%20Mih%C3%A1ly%20f%C5%91angyal%29%20%285554.%20sz%C3%A1m%C3%BA%20m%C5%B1eml%C3%A9k%29.jpg","HTTP 429"
"d8665e6d-0d2f-45cb-bd12-6089e99d7578","330 West 42nd Street","http://commons.wikimedia.org/wiki/Special:FilePath/Mcgraw-hill-42nd-st.jpg","HTTP 429"
"d827f2ed-a6eb-4fa9-b0be-19f974e78856","cimetière de la Trinité de Krasnoïarsk","http://commons.wikimedia.org/wiki/Special:FilePath/Troitsk%20church-2.JPG","HTTP 429"
"d7e37768-84c8-47c2-ac0a-73ce329e9440","Central Bank of Iraq Tower","http://commons.wikimedia.org/wiki/Special:FilePath/Central%20Bank%20of%20Iraq.png","HTTP 429"
"d7df0fbe-b957-4f4f-b4be-1cd79720a2a8","Pommereuil Communal Cemetery","http://commons.wikimedia.org/wiki/Special:FilePath/Pommereuil%20Communal%20Cemetery%20-2.JPG","HTTP 429"
"d82602a7-6f8e-4889-8aca-927a1a0a0946","Umeå City Church","http://commons.wikimedia.org/wiki/Special:FilePath/Ume%C3%A5%20stads%20kyrka.jpg","HTTP 429"
"d85f62a2-b489-4296-8255-f97e917ac68f","Teatro Arriaga","http://commons.wikimedia.org/wiki/Special:FilePath/Casco%20viejo%20de%20Bilbao%20%281%29.jpg","HTTP 429"
"d8aca848-3fd3-41a0-8a77-5a103ba68cd4","Forbidden City","http://commons.wikimedia.org/wiki/Special:FilePath/Hall%20of%20Supreme%20Harmony%20%2820241127120000%29.jpg","HTTP 429"
"d8b2a6f6-bf9c-458a-b062-d16ddb1129bf","Grafheuvel Bergerbos","http://commons.wikimedia.org/wiki/Special:FilePath/Sint%20Odili%C3%ABnberg-Grafheuvel%20Bergerbos.JPG","HTTP 429"
"d883c2e0-763a-428c-a61a-0759628e98d0","Innerer Neustädter Friedhof","http://commons.wikimedia.org/wiki/Special:FilePath/Innerer%20Neust%C3%A4dter%20Friedhof%201.%20Land.jpg","HTTP 429"
"d8bc74f9-6fae-409c-ab33-750898c15c95","Dorre Barriak","http://commons.wikimedia.org/wiki/Special:FilePath/Dorre%20Barriak%201.jpg","HTTP 429"
"d8e3e8ae-a648-4ed5-abf5-2c8109b19907","World War I Cemetery nr 6 in Krempna","http://commons.wikimedia.org/wiki/Special:FilePath/Cmentarz%20nr%206%20Krempna%2015.JPG","HTTP 429"
"d8c86929-061e-441d-aef5-80bb80fa6c05","Kembang Kuning War Cemetery","http://commons.wikimedia.org/wiki/Special:FilePath/Kembangkuning.jpg","HTTP 429"
"d9077e6e-a513-4cdc-aeea-c87f75a0d04d","Terminal Annex","http://commons.wikimedia.org/wiki/Special:FilePath/U.S.%20Post%20Office%20-%20Los%20Angeles%20Terminal%20Annex.JPG","HTTP 429"
"d904e647-4885-4e52-b3b7-e52f09116a92","Kagawa Prefectural Government Office East Building","http://commons.wikimedia.org/wiki/Special:FilePath/4%20Chome%20Banch%C5%8D%2C%20Takamatsu-shi%2C%20Kagawa-ken%20760-0017%2C%20Japan%20-%20panoramio.jpg","HTTP 429"
"d8f3af00-c96e-40fb-b42d-5355f47d2cd6","AON Hanoi Landmark Tower","http://commons.wikimedia.org/wiki/Special:FilePath/T%C3%B2a%20nh%C3%A0%20Keangnam%2C%20C%E1%BA%A7u%20Gi%E1%BA%A5y%2C%20H%C3%A0%20N%E1%BB%99i%20001.jpg","HTTP 429"
"d9478fc1-248f-4108-bbb3-eed05a9c02ef","Thomas A. Hendricks Library","http://commons.wikimedia.org/wiki/Special:FilePath/Hendricks%20Hall%2C%20Hanover%20College.jpg","HTTP 429"
"d8e73d88-b928-4834-8c43-1a581cb9692f","Colegio de María Inmaculada","http://commons.wikimedia.org/wiki/Special:FilePath/Colegio%20de%20Mar%C3%ADa%20Inmaculada%20%28Madrid%29%2001.jpg","HTTP 429"
"d94a556b-1cd3-45f2-8b87-236414dc358c","Flushing Cemetery","http://commons.wikimedia.org/wiki/Special:FilePath/Flushing%20Cemetery%20911%20Memorial.jpg","HTTP 429"
"d99610a0-5850-4344-a000-b05018a30701","Edificio de viviendas y comercio para Manuel Nogueira","http://commons.wikimedia.org/wiki/Special:FilePath/Bank003.jpg","HTTP 429"
"d9646296-7128-46a0-8e46-1ed2549c7c57","Villa Wittal","http://commons.wikimedia.org/wiki/Special:FilePath/Brno%20-%20Hroznov%C3%A1%2C%20vila%20Wittal%2C%202024-12%2C%20obr01.jpg","HTTP 429"
"d959520e-08a6-4bb7-82c0-3d96369e30f6","Hunebed D38 in Boswachterij Emmen","http://commons.wikimedia.org/wiki/Special:FilePath/Hunebed%20D38%20in%20het-Valtherbosch%20bij%20Emmen.jpg","HTTP 429"
"da1e92a9-ffd0-41d8-bba8-c8bca99baa9c","Kiyevskaya","http://commons.wikimedia.org/wiki/Special:FilePath/Kievsk%20kol%2002.jpg","HTTP 429"
"da252420-5df7-486a-88e1-4853a19d53a6","Gare de Rouen-Rive-Droite","http://commons.wikimedia.org/wiki/Special:FilePath/Gare%20Rouen%20Rive%20Droite%20-%20Rouen%20%28FR76%29%20-%202021-11-14%20-%202.jpg","HTTP 429"
"da467a85-8db9-4b48-bb15-60ce77486d4c","Scheepvaarthuis","http://commons.wikimedia.org/wiki/Special:FilePath/Amsterdam%20Scheepvaarthuis%20002.JPG","HTTP 429"
"d9d84770-2be6-4af9-8dc8-9144692dac89","Hôtel Subit-Gouyon","http://commons.wikimedia.org/wiki/Special:FilePath/H%C3%B4tel%20particulier%20Subit-Gouyon.jpg","HTTP 429"
"d9f9d623-f858-44e0-89d4-e6ea3ecec09b","Torre Realia BCN","http://commons.wikimedia.org/wiki/Special:FilePath/Hospitalet%20de%20Llobregat%20-%20Plaza%20de%20Europa%2C%20Torres%20de%20Toyo%20Ito%20%28Torres%20Porta%20Fira%29%2C%20Torre%20Realia%20BCN%205.JPG","HTTP 429"
"d9d26d11-64d8-49d6-be3b-e036babeda5d","Gunetzrhainerhaus","http://commons.wikimedia.org/wiki/Special:FilePath/Gunetzrhainerhaus-1.jpg","HTTP 429"
"d9d03e65-13b2-410b-a26d-7b539f8f7c9d","Onomichi City Museum of Art","http://commons.wikimedia.org/wiki/Special:FilePath/Onomichi%20City%20Museum%20of%20Art.jpg","HTTP 429"
"da2279a1-51cb-4fb4-982f-acde3bb05d3a","Palácio das Mangabeiras (corrigir foto)","http://commons.wikimedia.org/wiki/Special:FilePath/Pal%C3%A1cioMangabeiras.jpg","HTTP 429"
"da04c4c3-9243-48f2-bb51-f11866652047","HHHR Tower","http://commons.wikimedia.org/wiki/Special:FilePath/H.H.H.%20Tower%20Under%20Construction%20on%2028%20December%202007.jpg","HTTP 429"
"da7d8086-4f8e-454f-9ee4-63d1140caa00","Sense Garden Massage & Spa","https://img.vago.to/places/cover/v1/da/7d/da7d8086-4f8e-454f-9ee4-63d1140caa00.jpg","HTTP 404"
"da5046b4-ecce-4beb-97ef-f227dadefbf9","Novi Sad Synagogue","http://commons.wikimedia.org/wiki/Special:FilePath/%D0%A1%D0%B8%D0%BD%D0%B0%D0%B3%D0%BE%D0%B3%D0%B0%20%D1%83%20%D0%9D%D0%BE%D0%B2%D0%BE%D0%BC%20%D0%A1%D0%B0%D0%B4%D1%83%203.JPG","HTTP 429"
"da8564ac-7c03-4283-b351-6c0dbb020922","Palazzo Bocconi","http://commons.wikimedia.org/wiki/Special:FilePath/Grafton%20Building.jpg","HTTP 429"
"da820aa1-b151-426b-b781-3e49372b5950","Laboratorium voor Microbiologie (Wageningen)","http://commons.wikimedia.org/wiki/Special:FilePath/Laboratorium%20Microbiologie.jpg","HTTP 429"
"da88d163-3942-4468-8ed7-8f6ae886c2b2","Lyon Cathedral","http://commons.wikimedia.org/wiki/Special:FilePath/007.%20Photo%20prise%20depuis%20les%20toits%20de%20la%20Basilique%20Notre-Dame%20de%20Fourvi%C3%A8re.JPG","HTTP 429"
"da5eb104-3d21-4fd0-9bc1-1bcc6d9956f3","Brodsky Synagogue","http://commons.wikimedia.org/wiki/Special:FilePath/Brodsky%20Synagogue.jpg","HTTP 429"
"da4cc096-db45-4a12-9f3d-bb0a12f04956","Great Mosque of Brussels","http://commons.wikimedia.org/wiki/Special:FilePath/Bruxelles%20%28Cinquantenaire%29%20la%20grande%20Mosqu%C3%A9e.JPG","HTTP 429"
"da533a39-641d-4c59-818d-737b00c4d0d4","Terrein waarin grafheuvel #45336","http://commons.wikimedia.org/wiki/Special:FilePath/Grafheuvel%2045336.jpg","HTTP 429"
"da8ae971-4fe3-44a4-b0e7-73ef185beb6d","Filialkirche hl. Gertrud, Unterradlberg","http://commons.wikimedia.org/wiki/Special:FilePath/Filialkirche%20Hl.%20Gertrud%20mit%20Friedhof.JPG","HTTP 429"
"dade2728-e04f-48cd-85a4-848e35ea79ea","Akasaka Station","https://img.vago.to/places/cover/v1/da/de/dade2728-e04f-48cd-85a4-848e35ea79ea.jpg","HTTP 404"
"daf5bf82-670a-4e3f-a56b-733c5f1b1b6e","Guangzhou Opera House","http://commons.wikimedia.org/wiki/Special:FilePath/Guangzhou%20Opera%20House%20overview.JPG","HTTP 429"
"daefe4a2-711b-41ca-a176-10fb1b4e8257","Dolmens in South Zhejiang","http://commons.wikimedia.org/wiki/Special:FilePath/Ruian%20Qipanshan%20Shipengmu.jpg","HTTP 429"
"daae16e9-265e-4e00-afa7-3ca94c273772","Robert Lee Hardy House","http://commons.wikimedia.org/wiki/Special:FilePath/Hardy%20House%20001.jpg","HTTP 429"
"daa5d909-1441-4238-bf9c-15ad1ff40ab2","La Morera","http://commons.wikimedia.org/wiki/Special:FilePath/LA%20MORERA%20-%20MANRESA%20-%20IB-284.jpg","HTTP 429"
"daf161cb-4c5a-4f17-99b4-103f1b858b70","Alfred Butters House","http://commons.wikimedia.org/wiki/Special:FilePath/Alfred%20Butters%20House%20Denver%20Colorado%2082004913.jpg","HTTP 429"
"dad7ea90-8c9e-46d7-8f46-c1f003c6779d","Pfarrkirche Blons","http://commons.wikimedia.org/wiki/Special:FilePath/PfarrkircheBlons.jpg","HTTP 429"
"dae647bc-ed4b-4274-b24d-88615aada0e1","Burgstall Wagesenberg","http://commons.wikimedia.org/wiki/Special:FilePath/Burgstall%20Wagesenberg%202.jpg","HTTP 429"
"daba665b-0618-44f5-b53e-46695b41b783","Nordfriedhof","http://commons.wikimedia.org/wiki/Special:FilePath/Nordfriedhof%20Jena%202013%20Weg.jpg","HTTP 429"
"db0d6eec-1237-40ca-aadc-150443d5fd7c","Washington National Cathedral","http://commons.wikimedia.org/wiki/Special:FilePath/12-07-12-Washington%20National%20Cathedral-RalfR-N3S%205678-5694.jpg","HTTP 429"
"db1d7f8e-bdf7-48f9-ae56-0fe123bc59ed","Berlin Mosque","http://commons.wikimedia.org/wiki/Special:FilePath/Moschee%20Wilmersdorf.jpg","HTTP 429"
"db443b11-046f-41d8-ad3d-000727671703","Museum Frieder Burda","http://commons.wikimedia.org/wiki/Special:FilePath/Baden-Baden%2010-2015%20img39%20Museum%20Frieder%20Burda.jpg","HTTP 429"
"db3148db-76d2-43ad-b537-dd07db0448ff","Teampull na Trionaid","http://commons.wikimedia.org/wiki/Special:FilePath/Teampull%20na%20Trionaid%2020090608%20eastern%20interior%20of%20northern%20building.jpg","HTTP 429"
"db3a33fb-f511-4b72-a89a-15043aa74dbf","Risteriet Coffee Bar","https://www.risteriet.dk/wp-content/uploads/2023/03/Forside_Risteriet_Webshop_2023_v3.jpg","HTTP 404"
"db2b82a7-b676-4696-aafd-ee1ea5a47d37","hôtel de Groesbeeck - de Croix","http://commons.wikimedia.org/wiki/Special:FilePath/Mus%C3%A9e%20de%20Croix%2C%20ancien%20H%C3%B4tel%20de%20Groesbeeck%20de%20Croix.jpg","HTTP 429"
"dafc876e-fec4-49f0-922e-713cc3dd78b1","Friedhof Oberlaa","http://commons.wikimedia.org/wiki/Special:FilePath/Friedhof%20Oberlaa%2005.JPG","HTTP 429"
"db7f1e8f-061b-4d69-a4d6-cc5ac078c35a","Kline Biology Tower","http://commons.wikimedia.org/wiki/Special:FilePath/Yale%20Kline%20Biology%20Tower.JPG","HTTP 429"
"db3b15da-fd71-4457-8c5c-45c0edd5cd5f","Second Stage Theater building","http://commons.wikimedia.org/wiki/Special:FilePath/Second%20Stage%20Theatre.jpg","HTTP 429"
"db25240a-9696-4c1f-8bb7-2ddd0734bc41","George D. Dayton House","http://commons.wikimedia.org/wiki/Special:FilePath/George%20D.%20Dayton%20House.jpg","HTTP 429"
"dbadd0d1-c9ca-40f6-832f-4783df3d1859","Kent Kaffe Laboratorium","https://lh3.googleusercontent.com/p/AF1QipMrL6-883eK_65fJ_z70_v6z9q2P8c-8Ew0d8F=s680-w680-h510","HTTP 400"
"db96ca02-1185-4fff-be2d-9bfc00391e01","520 West 28th Street","http://commons.wikimedia.org/wiki/Special:FilePath/526%20West%2028th%20October%202017.jpg","HTTP 429"
"dbe1f00f-a608-477a-ab9c-be517d5a26d0","United States Post Office","http://commons.wikimedia.org/wiki/Special:FilePath/Newburgh%2C%20NY%2C%20post%20office.jpg","HTTP 429"
"dbae990f-3b94-481d-874a-c887de963a79","Eversberg War Cemetery","http://commons.wikimedia.org/wiki/Special:FilePath/Kriegsgr%C3%A4berst%C3%A4tte%20Eversberg.jpg","HTTP 429"
"dbb4c1e8-04a8-4018-beca-bf036b27bc96","Matzleinsdorf Protestant Cemetery","http://commons.wikimedia.org/wiki/Special:FilePath/Friedhofskirche%20Matzleinsdorf.jpg","HTTP 429"
"dbde2784-339b-4db3-8fad-f673589d00ca","Pfarrkirche St Martin am Krappfeld","http://commons.wikimedia.org/wiki/Special:FilePath/Kappel%20am%20Krappfeld%20Sankt%20Martin%20Pfarrkirche%20heiliger%20Martin%2018102012%20133.jpg","HTTP 429"
"dbc213e0-edd8-416e-b78e-accdcd01b746","S.A.I. Catedral Metropolitana de la Encarnación","http://commons.wikimedia.org/wiki/Special:FilePath/Spain%20Andalusia%20Granada%20BW%202015-10-25%2013-20-43.jpg","HTTP 429"
"dbf2aa4f-eb1c-49b5-975f-154f3a2024e8","Nishinippori","https://img.vago.to/places/cover/v1/db/f2/dbf2aa4f-eb1c-49b5-975f-154f3a2024e8.jpg","HTTP 404"
"dc15b0d6-72f5-43e9-ab9b-b9846c4846b0","Terrein waarin twee grafheuvels","http://commons.wikimedia.org/wiki/Special:FilePath/Grafheuvels%20soestduinen%20010.JPG","HTTP 429"
"dc6ec162-385f-481d-91b6-61281ac0b8e3","Kerkhof Peucut Cemetery","http://commons.wikimedia.org/wiki/Special:FilePath/Monumentale%20portiek%20van%20Potjoet.jpg","HTTP 429"
"dc414295-ac5c-4750-ba1a-086c9e0b8c59","Brandwood End Cemetery","http://commons.wikimedia.org/wiki/Special:FilePath/Brandwood%20Cemetery%20chapels%2090.jpg","HTTP 429"
"dc217ba9-1035-4bc9-ba88-29067d75b16a","Chesapeake and Potomac Telephone Company Building","http://commons.wikimedia.org/wiki/Special:FilePath/Chesapeake%20and%20Potomac%20Telephone%20Company%20Building%2C%20DC.jpg","HTTP 429"
"dc4466db-c301-4894-94bf-1d8fca2f06e6","Essen City Hall","http://commons.wikimedia.org/wiki/Special:FilePath/Townhall-Essen-2012.jpg","HTTP 429"
"dc11cf57-88fe-4733-8b3b-a489c135415f","Mosėdžio pilkapiai","http://commons.wikimedia.org/wiki/Special:FilePath/Mosedis%20pilkapiai%2020020716.JPG","HTTP 429"
"dc97acb8-3367-428c-9425-9c8a2a21459a","Thomas M. Baldwin House","http://commons.wikimedia.org/wiki/Special:FilePath/Baldwin%20House%20-%20Prineville%20Oregon.jpg","HTTP 429"
"dc9cba93-ec60-46ef-8b8a-0e8554e88642","Franklin Pierce Tate House","http://commons.wikimedia.org/wiki/Special:FilePath/Franklin%20Pierce%20Tate%20House%2C%20Morganton%2C%20NC.jpg","HTTP 429"
"dcab0cf7-5c54-445c-a55a-dca632325da2","Weimarer Fürstengruft","http://commons.wikimedia.org/wiki/Special:FilePath/Coudr%2005.jpg","HTTP 429"
"dcdd523c-af89-454f-a047-7174a8b020e8","Saint Pierre Cemetery","http://commons.wikimedia.org/wiki/Special:FilePath/Marseille-Saint-Pierre-cimeti%C3%A8re26.JPG","HTTP 429"
"dccb441c-e8c3-4497-9f27-5df89536a65f","11 West 54th Street","http://commons.wikimedia.org/wiki/Special:FilePath/W%2054th%20St%20Mar%202021%2009.jpg","HTTP 429"
"dccd3610-29ea-4a1c-ba9b-ad7cab670d5f","Cemetery Sint Barbara","http://commons.wikimedia.org/wiki/Special:FilePath/Begraafplaats%20Sint%20Barbara%2C%20Den%20Haag%2010.jpg","HTTP 429"
"dc791a87-4915-427f-aaf4-c86e71c9dc3a","Friedhof am Hallo","http://commons.wikimedia.org/wiki/Special:FilePath/Friedhof%20Am%20Hallo.png","HTTP 429"
"dc9e7e95-d0f6-4f00-aae9-0bf12f2305f0","Tumuli of Mirteaux","http://commons.wikimedia.org/wiki/Special:FilePath/Wasseiges-Tumuli%20de%20Mirteaux%20%281%29.JPG","HTTP 429"
"dcaed651-df4a-43a1-8f90-380795f1f068","École nationale d'administration","http://commons.wikimedia.org/wiki/Special:FilePath/%C3%89cole%20nationale%20de%20la%20France%20d%27outre-mer%2C%20Paris%206e%202.jpg","HTTP 429"
"dc81675c-5182-45e1-aad7-da45160c624d","Old Faithful Inn","http://commons.wikimedia.org/wiki/Special:FilePath/Old%20Faithful%20Inn%20main%20facade.jpg","HTTP 429"
"dd4fda2f-acb8-4397-a248-a62183ae90a8","Landsberger Arkaden","http://commons.wikimedia.org/wiki/Special:FilePath/Landsberger%20Arkaden%20an%20Tramstation%20%282009%29.jpg","HTTP 429"
"dcf0f59e-f24c-4435-b005-a8a431dd3964","Tehran Museum of Contemporary Art","http://commons.wikimedia.org/wiki/Special:FilePath/Contemporary%20arts%20tehran.jpg","HTTP 429"
"dd17b5c7-6d0c-4fbd-b60a-b57d9b862bb4","Wotruba Church","http://commons.wikimedia.org/wiki/Special:FilePath/Wien%20-%20Wotrubakirche%20%280%29.JPG","HTTP 429"
"dd2c4ae4-7c64-497b-be94-a5aeb3b9d2cd","Academiesingel lighthouse","http://commons.wikimedia.org/wiki/Special:FilePath/Breda%20Vuurtoren%202024-08-17.jpg","HTTP 429"
"dd20e59b-eecc-4ecf-b459-cb1d60e8ffe5","Aiboa","http://commons.wikimedia.org/wiki/Special:FilePath/Estaci%C3%B3n%20de%20Aiboa%201.jpg","HTTP 429"
"dd4420c2-ef3f-4eec-92f2-65f7a244df89","Eingangsgebäude des Freilichtmuseums Maihaugen","http://commons.wikimedia.org/wiki/Special:FilePath/Maihaugen%20entrance.jpg","HTTP 429"
"dd232988-252c-4e9d-9dea-e9f00ad135da","Norton Simon Museum","http://commons.wikimedia.org/wiki/Special:FilePath/Norton%20Simon%20Lobby.JPG","HTTP 429"
"dd9e0b3e-1971-4c3b-847d-6dc5c60fdfde","Moonlight gear","https://img.vago.to/places/cover/v1/dd/9e/dd9e0b3e-1971-4c3b-847d-6dc5c60fdfde.jpg","HTTP 404"
"dd551144-902b-4a4a-b04f-94e07c2c5d3a","Santo Spirito in Sassia","http://commons.wikimedia.org/wiki/Special:FilePath/Santo%20Spirito%20in%20Sassia%20-%20esterno.jpg","HTTP 429"
"ddbdd3ac-440b-4ed4-802e-383062480496","Margaretengürtel","http://commons.wikimedia.org/wiki/Special:FilePath/Margaretenguertel%20U-Bahn%20Vienna%203.jpg","HTTP 429"
"dd828763-1fc3-434c-9347-ef6947c498fe","Begraafplaats Sint Barbara Amsterdam","http://commons.wikimedia.org/wiki/Special:FilePath/Rooms-Katholieke%20Begraafplaats%20St.%20Barbara%20%281111427771%29.jpg","HTTP 429"
"dd9ed41c-9cb2-4711-af9d-c0be1cb337c9","Whitney Museum of American Art","http://commons.wikimedia.org/wiki/Special:FilePath/Whitney%20Museum%20from%20west.jpg","HTTP 429"
"dd6bf1a8-9085-42b1-9d98-5092bd449736","Marmorpalais","http://commons.wikimedia.org/wiki/Special:FilePath/Marmorpalais%20mit%20Vorgarten.JPG","HTTP 429"
"de284861-1722-441a-a05c-caf3c205eb8b","Kogaryu Ramen","https://tblg.k-img.com/restaurant/images/Rvw/31419/640x640_rect_31419549.jpg","HTTP 404"
"de1f08ac-0640-4716-a4fd-942ba865c5a2","Volierendach im Tierpark Hellabrunn","http://commons.wikimedia.org/wiki/Special:FilePath/Hellabrunn%20voliere.jpg","HTTP 429"
"de251790-a4d6-458b-ab58-8abaa224c494","TWA Flight Center","http://commons.wikimedia.org/wiki/Special:FilePath/Jfkairport.jpg","HTTP 429"
"de34375a-a3f3-4d72-a686-53188fce1d8d","Kensal Green Cemetery","http://commons.wikimedia.org/wiki/Special:FilePath/Kensal%20Green%20Cemetery%20-15Aug2006.jpg","HTTP 429"
"de347f4b-3cf4-41c3-9709-bdee7ce2c35e","South Campground Comfort Station","http://commons.wikimedia.org/wiki/Special:FilePath/South%20Campground%20Comfort%20Station%20Zion%20NPS.jpg","HTTP 429"
"dddbf005-869d-4c91-ba43-7de5c8f95f53","Jackson Lake Lodge","http://commons.wikimedia.org/wiki/Special:FilePath/Main%20Lodge%20and%20Terrace%2C%20Jackson%20Lake%20Lodge%2C%20WY.jpg","HTTP 429"
"ddf74765-807e-43cf-9f38-db4c3fa81d94","Jeziorko woodland cemetery","http://commons.wikimedia.org/wiki/Special:FilePath/Jeziorko%20Nazi%20victims%20cemetery%202.jpg","HTTP 429"
"de01525f-be47-4995-b47f-90ee296e0735","Tombs of the Sanhedrin","http://commons.wikimedia.org/wiki/Special:FilePath/V12p186001%20Tombs.jpg","HTTP 429"
"de948784-9c71-4e8e-9cb6-6bb96ca327ce","The Spectrum Building (formerly The Renault Distribution Centre)","http://commons.wikimedia.org/wiki/Special:FilePath/The%20Spectrum%20Building%2C%20West%20Swindon%20-%20geograph.org.uk%20-%20287906.jpg","HTTP 429"
"de94c696-8ffc-4f6c-b4a7-87f515546cfb","St. Nicholas Greek Orthodox Church","http://commons.wikimedia.org/wiki/Special:FilePath/St.%20Nicholas%20Greek%20Orthodox%20Church%20-%20195245115.jpg","HTTP 429"
"de7a1002-abad-41a3-892f-27d9a6a0675d","Sultan Bayezid II Complex","http://commons.wikimedia.org/wiki/Special:FilePath/20120913%20Bayezid%20II%20Kulliye%20Edirne%20Turkey.jpg","HTTP 429"
"de669a45-d8f1-477c-9b27-1e7f52758429","Kootenai Creek Snowshoe Cabin","http://commons.wikimedia.org/wiki/Special:FilePath/Kootenai%20Creek%20Snowshoe%20Cabin.jpg","HTTP 429"
"de4f3c69-944d-460b-9a82-4cf3fb9aa53f","Protestant Reformed Cemetery in Warsaw","http://commons.wikimedia.org/wiki/Special:FilePath/Cmentarz%20ewangelicko-reformowany%20w%20Warszawie%202016.jpg","HTTP 429"
"de766b08-8364-472c-883c-f0bbc43f2ccc","Corbin Palms Model H-3","http://commons.wikimedia.org/wiki/Special:FilePath/Corbin%20Palms%20Model%20H-3%2C%20Woodland%20Hills%2C%20Los%20Angeles.jpg","HTTP 429"
"de740563-f4f1-45b9-9e6d-0ff1d424213a","Roeux British Cemetery","http://commons.wikimedia.org/wiki/Special:FilePath/Roeux%20British%20Cemetery%2021.jpg","HTTP 429"
"df0b84ce-0689-4162-8b2d-2bd8f2795c9e","Kalm​ Village​ Chiang Mai","https://img.vago.to/places/cover/v1/df/0b/df0b84ce-0689-4162-8b2d-2bd8f2795c9e.jpg","HTTP 404"
"ded88148-859f-477c-a0ee-1b48833193bd","Gott's Ferry Building","https://img.vago.to/places/cover/v1/de/d8/ded88148-859f-477c-a0ee-1b48833193bd.jpg","HTTP 404"
"def919b2-ee3a-481d-b4b9-64c3187727c3","Daigo","https://img.vago.to/places/cover/v1/de/f9/def919b2-ee3a-481d-b4b9-64c3187727c3.jpg","HTTP 404"
"df09e90e-6e95-4cc8-9389-d9f3114ac19e","Iranistan","http://commons.wikimedia.org/wiki/Special:FilePath/Iranistan%2C%20Residence%20of%20P.T.%20Barnum%2C%201848.jpg","HTTP 429"
"dec154ef-70a7-4f5b-b3f6-56f34aa4cdb8","Rainis Cemetery","http://commons.wikimedia.org/wiki/Special:FilePath/Rai%C5%86a%20kapi%20entrance.jpg","HTTP 429"
"deceda57-65e0-41f1-bc89-dd4ff72d6fb9","U Street Station","http://commons.wikimedia.org/wiki/Special:FilePath/U%20St-African-Amer%20Civil%20War%20Memorial-Cardozo%20Station.jpg","HTTP 429"
"df4e2cfb-c52b-411b-ab9c-dbe4c81c0f23","Srebrenica Genocide Memorial","http://commons.wikimedia.org/wiki/Special:FilePath/Srebrenica%20massacre%20memorial%20gravestones%202009%201.jpg","HTTP 429"
"df462fb2-f20b-4ee8-a985-9c62c5554214","Mariinskyi Palace","http://commons.wikimedia.org/wiki/Special:FilePath/%D0%9C%D0%B0%D1%80%D1%96%D1%97%D0%BD%D1%81%D1%8C%D0%BA%D0%B8%D0%B9%20%D0%BF%D0%B0%D0%BB%D0%B0%D1%86%20%D0%B2%20%D0%9A%D0%B8%D1%94%D0%B2%D1%96%20%28cropped%29.jpg","HTTP 429"
"df3e1ebe-4922-4876-8f1b-58f7827f139d","Reformed Protestant cemetery","http://commons.wikimedia.org/wiki/Special:FilePath/A%20k%C3%A9t%20Bolyai%20s%C3%ADrja.jpg","HTTP 429"
"df6ef0d0-24cf-471f-8673-74b221c9d7b7","Forest-Montiers Churchyard","http://commons.wikimedia.org/wiki/Special:FilePath/Forest-Montiers%20Churchyard%205.jpg","HTTP 429"
"df54c373-4a60-4bbc-87e6-834c7204bba9","Summit Trench Cemetery","http://commons.wikimedia.org/wiki/Special:FilePath/Summit%20Trench%20Cemetery%2011.jpg","HTTP 429"
"dfd3bf60-0fe1-4017-9c9e-81394329236e","Cemetery of Croix-Rousse","http://commons.wikimedia.org/wiki/Special:FilePath/Nouveau%20cimeti%C3%A8re%20de%20la%20Croix-Rousse%20-%20nov%202016%20%2843%29.JPG","HTTP 429"
"dfc06183-945b-4de3-96d1-1006d65819d7","Watchman Lookout Station","http://commons.wikimedia.org/wiki/Special:FilePath/Watchman%20Lookout%20Station%20-%20Crater%20Lake%20NP%20Oregon.jpg","HTTP 429"
"df943d7b-8df2-471d-9f87-e168f8dd9ecd","Fox Theatre","http://commons.wikimedia.org/wiki/Special:FilePath/Fox%20Theater%20Spokane.JPG","HTTP 429"
"dfca5816-2eef-43b2-bfaf-8874363e4856","Manor House","http://commons.wikimedia.org/wiki/Special:FilePath/Manor%20House%20Kenosha.JPG","HTTP 429"
"df8c41eb-a0cf-4f2b-94c5-ef86f3ecdc55","Raadi cemetery","http://commons.wikimedia.org/wiki/Special:FilePath/Telleri%20kabel.jpg","HTTP 429"
"df938cd9-d527-492e-884c-45af0920ca8f","mosquée El Oumma","http://commons.wikimedia.org/wiki/Special:FilePath/Bologhine.JPG","HTTP 429"
"df8ebcfd-38e3-42b0-9722-93bd7b7b5b6c","Nathaniel Bacon School","http://commons.wikimedia.org/wiki/Special:FilePath/NathanielBaconSchoolRichmond.JPG","HTTP 429"
"dfd2d82c-d5ff-44a8-824e-da1c1f65993b","Wilmersdorfer Waldfriedhof Stahnsdorf","http://commons.wikimedia.org/wiki/Special:FilePath/Wilmersdorfer%20Waldfriedhof%20Stahnsdorf%20-%20Eingang.jpg","HTTP 429"
"e041dbcd-9fb7-4e36-8b7a-964793838cb9","World War I Cemetery nr 59 in Przysłup","http://commons.wikimedia.org/wiki/Special:FilePath/Przyslup59c.JPG","HTTP 429"
"dff68bc0-bddb-4c7c-8199-bb613f487b6d","Greeley Masonic Temple","http://commons.wikimedia.org/wiki/Special:FilePath/Greeley%20Masonic%20Temple.JPG","HTTP 429"
"e00e0d00-ebd8-4bfb-b691-0d9a30c85a64","Dawes Road Cemetery","http://commons.wikimedia.org/wiki/Special:FilePath/Dawes%20Road%20Cemetery.JPG","HTTP 429"
"e04678cb-6ce3-4568-8b71-275e8f0273a7","Deux Tertres - Twee Heuvels","http://commons.wikimedia.org/wiki/Special:FilePath/Bosvoorde-grafheuvels%20Zoni%C3%ABnwoud%20%288%29.jpg","HTTP 429"
"dfe0ac44-a41c-43af-8b16-b559511c14c1","Al Faisaliah Centre","http://commons.wikimedia.org/wiki/Special:FilePath/King%20Fahd%20Road%20%28looking%20north%29.JPG","HTTP 429"
"dfeb3e91-e0f2-4fb5-a573-ce88fa6c3146","Baron de Hirsch Cemetery, Halifax","http://commons.wikimedia.org/wiki/Special:FilePath/Shaar%20Shalom%20Cemetery%2C%20Halifax%2C%20Nova%20Scotia%20%281%29.jpg","HTTP 429"
"dfdfbe3c-b92c-4ad8-b80c-10323b9f0abb","Scotia Plaza","http://commons.wikimedia.org/wiki/Special:FilePath/Toronto%20Scotia%20plaza%20buidling.jpg","HTTP 429"
"e0834c14-a0fa-4657-b380-22f0648a2b19","Sanders Keep Military Cemetery","http://commons.wikimedia.org/wiki/Special:FilePath/Sanders%20Keep%20Military%20Cemetery%2014.jpg","HTTP 429"
"e0bd82bc-dc87-48f4-9d88-b90c2718ecd7","Cemetery Daleu","http://commons.wikimedia.org/wiki/Special:FilePath/CemeteryDaleuChur%20RomanDeckert22072023-05.jpg","HTTP 429"
"e0cdde7e-9c10-439d-82d3-12fcfd227253","Wolfgottesacker","http://commons.wikimedia.org/wiki/Special:FilePath/Wolfgottesacker%20Basel%20-%20Main%20Gate.jpg","HTTP 429"
"e09bdbb5-cfe6-4269-948b-2d1d55262602","Church of Saints Peter and Paul, Drysviaty","http://commons.wikimedia.org/wiki/Special:FilePath/%D0%94%D1%80%D1%8B%D1%81%D1%8C%D0%B2%D1%8F%D1%82%D1%8B%203.jpg","HTTP 429"
"e0e159bb-a4ab-42a3-bc57-b8247544c87e","East Main Street Cemetery","http://commons.wikimedia.org/wiki/Special:FilePath/DaltonMA%20EastMainStreetCemetery.jpg","HTTP 429"
"e0b44ab7-9066-449b-a07f-eac91948a0cc","Pantheon of Great Polish People","http://commons.wikimedia.org/wiki/Special:FilePath/Ryszard%20Kaczorowski%20Grave.jpg","HTTP 429"
"e0ab417e-e67f-40ac-9a32-9df306edc57d","Neolithic tumulus in Holten","http://commons.wikimedia.org/wiki/Special:FilePath/Grafheuvel%20Holten%2C%20rijksmonument%2045544%20%28Q17453882%29.jpg","HTTP 429"
"e05985c6-ca0f-4f8c-aa5e-abea4961ca41","Villers-au-Tertre Communal Cemetery","http://commons.wikimedia.org/wiki/Special:FilePath/Villers-au-Tertre%20-%20L%27ancien%20cimeti%C3%A8re.jpg","HTTP 429"
"e0d59069-2497-47ac-a577-52cd9cd3ac42","Buildings at 1644-1666 Park Road NW","http://commons.wikimedia.org/wiki/Special:FilePath/1644-1666%20Park%20Road%2C%20NW.jpg","HTTP 429"
"e06843cf-89bb-4786-bd01-f5eb3726ad56","W.F. Hitchcock House","http://commons.wikimedia.org/wiki/Special:FilePath/Lincoln%2C%20Nebraska%202733%20Sheridan%20Blvd%20%281%29.JPG","HTTP 429"
"e15b8076-a545-4762-82bd-9bacf96a1241","Cao Cao Mausoleum","http://commons.wikimedia.org/wiki/Special:FilePath/Xigaoxue%20tomb%20no%202%20front.jpg","HTTP 429"
"e1753ae3-3bc0-4e7e-b933-3cba30dc8dfa","Mariinsky Theatre","http://commons.wikimedia.org/wiki/Special:FilePath/%D0%A1%D0%B0%D0%BD%D0%BA%D1%82-%D0%9F%D0%B5%D1%82%D0%B5%D1%80%D0%B1%D1%83%D1%80%D0%B3%2C%20%D0%9C%D0%B0%D1%80%D0%B8%D0%B8%D0%BD%D1%81%D0%BA%D0%B8%D0%B9%20%D1%82%D0%B5%D0%B0%D1%82%D1%80%2C%20%D1%84%D0%B0%D1%81%D0%B0%D0%B4%20%28edited%20version%29.jpg","HTTP 429"
"e155358e-c516-4564-98f1-7d11ed721a2a","Headquarters of the United Nations","http://commons.wikimedia.org/wiki/Special:FilePath/2024-11-18-Headquarters%20of%20the%20United%20Nations-0605.jpg","HTTP 429"
"e18e0971-e1ae-4ab8-b093-af5eda2069d8","City Hall, Hoorn, the Netherlands","http://commons.wikimedia.org/wiki/Special:FilePath/Voorzijde%20Stadhuis%20Hoorn%2001.JPG","HTTP 429"
"e0f115f4-75db-4b76-a278-dc9f49e2c1e3","Kirche am Hohenzollernplatz","http://commons.wikimedia.org/wiki/Special:FilePath/Kirche-am-Hohenzollernplatz-Fritz-Hoeger-Ossip-Klarwein-Berlin-Wilmersdorf-April-2016.jpg","HTTP 429"
"e0f1e292-48e9-4438-b813-948b7d2882b3","Ata-Beyit","http://commons.wikimedia.org/wiki/Special:FilePath/Ata-Beyit%20Memorial%20near%20Bishkek%2003-2016%20img01.jpg","HTTP 429"
"e1eed71c-3b33-4de0-b8ba-a5cf354186dd","Fuunmaru","https://example.com/fuunmaru.jpg","HTTP 404"
"e1980a2f-130a-4fcb-9378-a13957bed075","Sergeyev House on Lenin Prospekt, 14 in Vyborg","http://commons.wikimedia.org/wiki/Special:FilePath/006.%20%D0%92%D1%8B%D0%B1%D0%BE%D1%80%D0%B3.%20%D0%9B%D0%B5%D0%BD%D0%B8%D0%BD%D0%B0%20%D0%BF%D1%80.%2014-%D0%B0.%20%D0%94%D0%BE%D0%BC%20%D0%BA%D1%83%D0%BF%D1%86%D0%B0%20%D0%A1%D0%B5%D1%80%D0%B3%D0%B5%D0%B5%D0%B2%D0%B0.JPG","HTTP 429"
"e1a46319-88b6-45ce-86d3-2251bcd60439","The O2 Arena","http://commons.wikimedia.org/wiki/Special:FilePath/O2%20Arena.jpg","HTTP 429"
"e19d3419-e881-4583-a6d2-144505cc58e8","Gedempte Singel 50-56, Assen","http://commons.wikimedia.org/wiki/Special:FilePath/Gedempte%20Singel%2050-56.jpg","HTTP 429"
"e1a25e0b-f53f-4b0f-bb63-98aaec0b52fe","University Religious Center","http://commons.wikimedia.org/wiki/Special:FilePath/Usc%20university%20religious%20center%20west%20side%201.jpg","HTTP 429"
"e1bd25d5-9afc-4957-9ea4-3de5af271bed","Granola","https://www.visitcopenhagen.com/sites/visitcopenhagen.com/files/styles/article_full_width/public/2023-03/granola_instagram.jpeg?itok=Wj9odb4L","HTTP 404"
"e19780db-92bf-4fee-a1c5-5ee045efa004","Linköping Cathedral","http://commons.wikimedia.org/wiki/Special:FilePath/LinDom-stitched.jpg","HTTP 429"
"e1c401c1-dba0-4995-a6e3-50eb824c8a4c","Schönbrunn","http://commons.wikimedia.org/wiki/Special:FilePath/Wien%20U-Bahn-Station%20Sch%C3%B6nbrunn.jpg","HTTP 429"
"e24fa83d-7595-4e11-97e1-552a3b6a79f0","Chichu Art Museum","http://commons.wikimedia.org/wiki/Special:FilePath/Chichu%20art%20museum02s2560.jpg","HTTP 429"
"e261f927-1da9-4427-89e2-46e2bea6f2b3","Binnenstad Cemetery","http://commons.wikimedia.org/wiki/Special:FilePath/Begraafplaats%20Bredaseweg2.jpg","HTTP 429"
"e21490b9-9c2c-42a1-92ee-ac1533d79631","Kurhaus Warnemünde","http://commons.wikimedia.org/wiki/Special:FilePath/Rostock%20asv2018-04%20img09%20Warnemuende%20Kurhaus.jpg","HTTP 429"
"e258102e-8daa-4f9a-aae9-a0c831c981ef","Palais des congrès de Paris","http://commons.wikimedia.org/wiki/Special:FilePath/L%27escalier%20du%20Palais%20des%20Congr%C3%A9s%20%C3%A0%20Paris.jpg","HTTP 429"
"e2079259-380c-4a95-b3f4-e8f1f10686dd","Basilica di Santa Maria Maggiore","http://commons.wikimedia.org/wiki/Special:FilePath/Basilica%20di%20Santa%20Maria%20Maggiore%20-%20Roma.jpg","HTTP 429"
"e21d7271-0624-4654-ac19-ef87b86c341e","Palais de Chaillot","http://commons.wikimedia.org/wiki/Special:FilePath/Trocadero%20pic1.jpg","HTTP 429"
"e2504acf-18a2-4d98-ad68-a46c43ca1bca","Sculptured House","http://commons.wikimedia.org/wiki/Special:FilePath/Sleeper%20house.jpg","HTTP 429"
"e1fdd5b8-e3de-4583-a9cd-2588295bcbc9","Russian Orthodox Cemetery in Nice","http://commons.wikimedia.org/wiki/Special:FilePath/Cimet%C3%A8re%20russe%20nice.JPG","HTTP 429"
"e27063cb-29b8-4ab6-b332-5fa563a91203","Ciudad Condal","https://example.com/ciudad_condal.jpg","HTTP 404"
"e2d39826-ae17-470c-9784-7b30010722fa","Saint-Josse-ten-Noode Cemetery","http://commons.wikimedia.org/wiki/Special:FilePath/Schaerbeek%20Rue%20Henri%20Chom%C3%A9%2001.jpg","HTTP 429"
"e269b02e-05ce-4a89-81ae-491052890d4b","Pankow III cemetery","http://commons.wikimedia.org/wiki/Special:FilePath/Berlin%20-%20Berlin%20-%20Friedhof%20Pankow%20III%202.jpg","HTTP 429"
"e2724657-1a2b-4142-b09c-7e553c4409b7","Comcast Technology Center","http://commons.wikimedia.org/wiki/Special:FilePath/Citc.jpg","HTTP 429"
"e2d7215a-5ebe-4113-9035-acc5622ab3ee","Wembley Stadium","http://commons.wikimedia.org/wiki/Special:FilePath/London%20Wembley.jpg","HTTP 429"
"e2e2225a-a302-42f2-9d9d-ece7c85f06cc","mausoleo Schilizzi","http://commons.wikimedia.org/wiki/Special:FilePath/Mausoleo%20Schilizzi%2C%20Napoli%2C%20Campania.jpg","HTTP 429"
"e2cf5800-e9df-4e6f-9bf5-8ac11f978023","Nidaros Cathedral","http://commons.wikimedia.org/wiki/Special:FilePath/Die%20Nidaros%20Kathedrale%20in%20Trondheim.%2005.jpg","HTTP 429"
"e30d2338-3a03-4c8c-bebc-1aaa0a36ef09","Sonny","https://lh3.googleusercontent.com/p/AF1QipN_Yl3K0f5-E-q7gXyP-S_188g4pD7J0H-m2o2=s680-w680-h510","HTTP 400"
"e32db9ee-052a-4a0b-9af2-7cd93f1a0280","Saka-no-ue Cafe","https://img.vago.to/places/cover/v1/e3/2d/e32db9ee-052a-4a0b-9af2-7cd93f1a0280.jpg","HTTP 404"
"e350963e-f5c5-4bd9-bed7-c2ecaaaeeb0b","Bratskoe kladbishche","http://commons.wikimedia.org/wiki/Special:FilePath/%D0%9C%D0%BE%D0%B3%D0%B8%D0%BB%D0%B0%20%D0%A0%D1%8B%D0%BB%D0%B5%D0%BD%D0%BA%D0%BE%D0%B2%D0%B0%20%D0%9D.%D0%9C.%2C%20%D1%80%D1%83%D1%81%D1%81%D0%BA%D0%BE%D0%B3%D0%BE%20%D1%81%D0%BE%D0%B2%D0%B5%D1%82%D1%81%D0%BA%D0%BE%D0%B3%D0%BE%20%D0%BF%D0%BE%D1%8D%D1%82%D0%B0%2C%20%D0%A1%D0%BC%D0%BE%D0%BB%D0%B5%D0%BD%D1%81%D0%BA.jpg","HTTP 429"
"e31eed33-d6ed-4dff-8bf4-c28361508052","Elmwood Cemetery","http://commons.wikimedia.org/wiki/Special:FilePath/425%20Georges%20Road%2C%20North%20Brunswick%2C%20NJ%20-%20Elmwood%20Cemetery%20entrance.jpg","HTTP 429"
"e324ce00-4da8-467b-be1d-6ff4a8de2bfb","Tumulus de la Hoguette","http://commons.wikimedia.org/wiki/Special:FilePath/Tumulus%20de%20la%20Hoguette.jpg","HTTP 429"
"e2f06cd2-4ae2-41df-af33-96be44547154","Allonville Communal Cemetery","http://commons.wikimedia.org/wiki/Special:FilePath/Cimeti%C3%A8re%20d%27Allonville.JPG","HTTP 429"
"e340478d-7c3b-4b52-8b0b-9f5725ba5438","El-Khokha","http://commons.wikimedia.org/wiki/Special:FilePath/El-Khokha%20necropolis.JPG","HTTP 429"
"e3477c25-6d69-4d3b-93af-d2587005da17","Ibarbengoa station","http://commons.wikimedia.org/wiki/Special:FilePath/Estaci%C3%B3n%20de%20Ibarbengoa1.jpg","HTTP 429"
"e36ed2fe-0c30-4e7e-8a77-22fc5f449844","Uncle Kani","https://img.vago.to/places/cover/v1/e3/6e/e36ed2fe-0c30-4e7e-8a77-22fc5f449844.jpg","HTTP 404"
"e366c044-63b4-4750-bc9e-657956b9ebe0","Tapeo Born","https://example.com/tapeo_born.jpg","HTTP 404"
"e3cab392-37b8-4044-b61f-7f81f73d5680","Félix de la Torre's house, Madrid","http://commons.wikimedia.org/wiki/Special:FilePath/Fachada.%20Hotel%20propiedad%20de%20F%C3%A9lix%20de%20la%20Torre%2C%20Arquitectura%20y%20Construcci%C3%B3n%2C%20mayo%20de%201906%20%28cropped%29.jpg","HTTP 429"
"e38b7c0b-67bc-44ee-aa92-8cc5e01d4695","Belvedere on the Pfingstberg","http://commons.wikimedia.org/wiki/Special:FilePath/Belvedere%20auf%20dem%20Pfingstberg%20in%20Potsdam%20Juli%202014.jpg","HTTP 429"
"e37abd6e-758b-466c-aefd-0095ec76be52","Chartwell","http://commons.wikimedia.org/wiki/Special:FilePath/1272626%20I%20CHARTWELL%2C%20seen%20from%20SE%20Westerham%2020250908%200002.jpg","HTTP 429"
"e3980039-15f8-4200-ab4a-91d224005c03","Early Christian Necropolis of Pécs","http://commons.wikimedia.org/wiki/Special:FilePath/P%C3%A9cs%20-%20Early%20Christian%20Mausoleum%2002.JPG","HTTP 429"
"e3c789a2-bc0a-4aae-8bae-8ac207580f55","Königsberg Synagogue","http://commons.wikimedia.org/wiki/Special:FilePath/Kaliningrad%20Synagoge%203.jpg","HTTP 429"
"e3a94322-5fcd-4661-b167-f501f608c2ef","Guines Communal Cemetery","http://commons.wikimedia.org/wiki/Special:FilePath/Gu%C3%AEnes%20%28Pas-de-Calais%29%20cimeti%C3%A8re%2C%20carr%C3%A9%20militaire%20fran%C3%A7ais.JPG","HTTP 429"
"e4229c4a-7dea-417c-9d83-9ca582fdc783","Filialkirche St Florian am Krappfeld","http://commons.wikimedia.org/wiki/Special:FilePath/Kappel%20am%20Krappfeld%20Sankt%20Florian%2028%20Filialkirche%20heiliger%20Florian%2018102012%20033.jpg","HTTP 429"
"e4393173-ef7f-4520-a20f-d2ba313bb570","Odomez cemetery","http://commons.wikimedia.org/wiki/Special:FilePath/Odomez%20Communal%20Cemetery-1-2.jpg","HTTP 429"
"e3f906a3-f7a5-44af-a2f7-44575183d6aa","Georgian Terrace Hotel","http://commons.wikimedia.org/wiki/Special:FilePath/Georgian%20Terrace%20Hotel.jpg","HTTP 429"
"e3e0179e-a468-435b-a833-041fb6d1a575","Binoculars Building","http://commons.wikimedia.org/wiki/Special:FilePath/052607-006-Chiat-Day.jpg","HTTP 429"
"e400bc34-c2e1-406f-b408-189212d8ff1f","Boëseghem churchyard","http://commons.wikimedia.org/wiki/Special:FilePath/Boeseghem%20Churchyard-2.jpg","HTTP 429"
"e3db2d3e-d4d8-4101-8ebb-45922c44307b","Ngurah Rai International Airport","http://commons.wikimedia.org/wiki/Special:FilePath/Ngurah%20Rai%20International%20Airport%20MRD-1.jpg","HTTP 429"
"e4c8f2b1-f437-4df6-a3a1-0939d0684e3c","Grabhügel im Postels Busch","http://commons.wikimedia.org/wiki/Special:FilePath/Luftaufnahmen%20Nordseekueste%202012-05-by-RaBoe-674.jpg","HTTP 429"
"e4db3de3-bd53-40f1-b7b1-7fcd8a25d07a","El Castell","http://commons.wikimedia.org/wiki/Special:FilePath/El%20Castell%20del%20Zoo%20de%20Barcelona%20%28vista%20frontal%29.jpg","HTTP 429"
"e4b1631e-6bc8-482e-a100-037cb85a93b7","Ixelles Cemetery","http://commons.wikimedia.org/wiki/Special:FilePath/Cimeti%C3%A8re%20d%27Ixelles%2009.JPG","HTTP 429"
"e4a41f8d-14cb-4f97-a791-24be13a300c2","Kobayashi Kokei House","http://commons.wikimedia.org/wiki/Special:FilePath/Entrance%20to%20Kobayashi%20Kokei%20House.JPG","HTTP 429"
"e4975150-12e8-43a1-b003-836ae7173bcf","La Rada Hotel","http://commons.wikimedia.org/wiki/Special:FilePath/San%20Juan%20-%20La%20Rada%20Hotel%2001.jpg","HTTP 429"
"e4f56ef4-8281-4204-959e-a63b015eb04c","Kompa'9","https://lh3.googleusercontent.com/p/AF1QipO93U-5N8JzQ191y98L2L9g955a5n9-R08s5dY=s680-w680-h510","HTTP 400"
"e53e1e5d-6e2e-433d-ac96-dcc8f34fc6df","Poblenou Cemetery","http://commons.wikimedia.org/wiki/Special:FilePath/CementiriPobleNou-3306-01.jpg","HTTP 429"
"e4eb911f-abfc-47ee-910b-0e29a83b6a64","Lake View Cemetery","http://commons.wikimedia.org/wiki/Special:FilePath/Garfield%20Monument%20and%20flag%20-%20Lake%20View%20Cemetery%20-%202015-04-04%20%2822387453266%29.jpg","HTTP 429"
"e54859f7-ad14-48af-bd42-8e4c9ebe8eb1","Gresham Palace","http://commons.wikimedia.org/wiki/Special:FilePath/Gresham%20palota.jpg","HTTP 429"
"e56110bb-2595-4963-a3ee-63ded1a2c045","Millard House","http://commons.wikimedia.org/wiki/Special:FilePath/Millard%20House%2C%20Pasadena.JPG","HTTP 429"
"e5481838-57ea-4f24-b2c5-e28c5b7bba81","Cimetière des Oubliés (Cadillac)","http://commons.wikimedia.org/wiki/Special:FilePath/Cadillac%2033%20Cimeti%C3%A8re%20Oubli%C3%A9s%2001.jpg","HTTP 429"
"e53f71b1-47e0-4cf0-a714-9b07f10eea4a","Medvedkovo cemetery","http://commons.wikimedia.org/wiki/Special:FilePath/Church%20of%20the%20Protection%20of%20the%20Theotokos%20%28Medvedkovo%3B%20Moscow%3B%202013-05-09%3B%2013%29.JPG","HTTP 429"
"e5efbfc4-3abc-4b6d-a510-320af7d15db1","Convent of Las Descalzas Reales","http://commons.wikimedia.org/wiki/Special:FilePath/Monasterio%20de%20las%20Descalzas%20Reales%20%28Madrid%29%2007.jpg","HTTP 429"
"e5dc8f2c-da6e-47a7-bcc1-69aa17a8661e","Black Diamond Cemetery","http://commons.wikimedia.org/wiki/Special:FilePath/Black%20Diamond%20Cemetery%2003.jpg","HTTP 429"
"e5d25ab0-59a4-4c5f-8f5b-c16409f13ba2","Convent de les Mínimes","http://commons.wikimedia.org/wiki/Special:FilePath/Sagrat%20Cor%20de%20M%C3%B3ra%20d%27Ebre%2001.jpg","HTTP 429"
"e5fd953c-1886-4d17-adb7-277f746f9e51","Washington Plaza","http://commons.wikimedia.org/wiki/Special:FilePath/Washington%20Plaza%2C%20Pittsburgh.jpg","HTTP 429"
"e5ffd577-c7f8-44e0-a6d8-1776aaa5ea9f","Roodt-sur-Syre Forest Cemetery","http://commons.wikimedia.org/wiki/Special:FilePath/Roodt-sur-Syre%20Woodland%20cemetery%20Rieder%20B%C3%ABschkierfecht.jpg","HTTP 429"
"e5a55838-8624-4dd2-9387-bf6601fe0235","Pfarrkirche hl. Nikolaus, Sirnitz","http://commons.wikimedia.org/wiki/Special:FilePath/Albeck%20Sirnitz%20Pfarrkirche%20hl.%20Nikolaus%20NNW-Ansicht%2014102011%20233.jpg","HTTP 429"
"e5c73953-da81-4867-82e9-670c1c30059a","Exxon Building","http://commons.wikimedia.org/wiki/Special:FilePath/1251%20Avenue%20of%20the%20Americas.JPG","HTTP 429"
"e5a026d0-972d-41cd-b6f4-b75ee87d87c3","Twickenham Stadium","http://commons.wikimedia.org/wiki/Special:FilePath/Twickenham%20Stadium%20aerial%20view%202014.jpg","HTTP 429"
"e5778028-73ac-4fc4-b646-2069044ecb70","Terrein met een grafheuvel","http://commons.wikimedia.org/wiki/Special:FilePath/Monument%2045394.jpg","HTTP 429"
"e5bd5d2f-20d6-4c67-a29f-d121fa8949b1","Alter Friedhof","http://commons.wikimedia.org/wiki/Special:FilePath/Alter%20Friedhof%20%28Freiburg%29%201.jpg","HTTP 429"
"e58ad0e3-4ad2-46ef-9ac5-fe1bbc880249","Leeuwerenk","http://commons.wikimedia.org/wiki/Special:FilePath/Begraafplaats%20Leeuwerenk%20-%20Q2248546%20-%202.jpg","HTTP 429"
"e5db2633-c0bd-4fe6-801b-36af5812c44d","Calvary Cemetery","http://commons.wikimedia.org/wiki/Special:FilePath/Chapel%20Hill.jpg","HTTP 429"
"e63980a1-7c93-4dd2-a1cc-c6d72a699671","Copenhagen University Library, South Campus","https://img.vago.to/places/cover/v1/e6/39/e63980a1-7c93-4dd2-a1cc-c6d72a699671.jpg","HTTP 404"
"e65681c5-1c6a-4876-85c9-eddae1edb091","Otaru Music Box Museum","https://img.vago.to/places/cover/v1/e6/56/e65681c5-1c6a-4876-85c9-eddae1edb091.jpg","HTTP 404"
"e63fb5cb-e60a-4bd6-9fcc-78c94b185f69","HHStyle","http://commons.wikimedia.org/wiki/Special:FilePath/Hhstyle.com.jpg","HTTP 429"
"e62726eb-3eb6-416f-9d9b-d0a54861d656","24 Sussex Drive","http://commons.wikimedia.org/wiki/Special:FilePath/24%20Sussex%20Drive%20From%20Back%203jun2004%20133x100.jpg","HTTP 429"
"e6012f71-a3e3-4ab8-9082-5f577b54dec4","Museum of Islamic Art","http://commons.wikimedia.org/wiki/Special:FilePath/IslamicArtMuseumDohaSkyline.jpg","HTTP 429"
"e6023047-6f69-4691-ac0b-e5c70515ec20","Kennedy-Warren Apartment Building","http://commons.wikimedia.org/wiki/Special:FilePath/Kennedy-Warren%20Apartment%20Building%20-%20facade.jpg","HTTP 429"
"e6458b86-3b39-4083-a21d-f132f1e7a418","Whitemarsh Hall","http://commons.wikimedia.org/wiki/Special:FilePath/Whitemarsh%20Hall.jpg","HTTP 429"
"e6620672-c09d-458b-8ea4-24424995450e","Deir el-Medina","http://commons.wikimedia.org/wiki/Special:FilePath/Deir%20el-Medina%2C%20Luxor%2C%20Egipto%2C%202022-04-03%2C%20DD%2018.jpg","HTTP 429"
"e66eead3-73e5-4c94-b606-d3bdc6435f11","First Old School Baptist Church of Roxbury and Vega Cemetery","http://commons.wikimedia.org/wiki/Special:FilePath/New%20York%20-%20First%20Old%20School%20Baptist%20Church%20of%20Roxbury%20and%20Vega%20Cemetery%20-%2020171001130406.jpg","HTTP 429"
"e640b454-2e2a-4e83-b934-257283a12402","Old Kennebunk High School","http://commons.wikimedia.org/wiki/Special:FilePath/Old%20Kennebunk%20High%20School%2C%20Kennebunk%20ME.jpg","HTTP 429"
"e6001d56-ed96-425c-9447-b2499d826356","Thomass-Eck","http://commons.wikimedia.org/wiki/Special:FilePath/Marienplatz%201%20Muenchen-1.jpg","HTTP 429"
"e6e79dc8-a323-44df-a44f-0cb538636722","Fragments","https://lh5.googleusercontent.com/p/AF1QipPjJ_6_5vX-k76F0rF4i5k-V9M2d4k3j5N0Vv6o=w408-h306-k-no","HTTP 400"
"e6bcdf9b-55d9-4c48-a0a1-3a1e3be71362","Bad Honnef-Rhöndorf Forest Cemetery","http://commons.wikimedia.org/wiki/Special:FilePath/Rh%C3%B6ndorf%20Waldfriedhof%20Fu%C3%9Fg%C3%A4ngerbr%C3%BCcke%20%282%29.jpg","HTTP 429"
"e6711394-ef8f-442f-a6bc-f66c6c059ec5","Hassan Bek Mosque","http://commons.wikimedia.org/wiki/Special:FilePath/Hassan%20Bek%20Mosque%2C%20Tel%20Aviv-Jaffa%2C%202005.jpg","HTTP 429"
"e6b07c3d-19d0-4baa-83f6-c108034cf40d","Wohnbau Böhm","http://commons.wikimedia.org/wiki/Special:FilePath/2019-03-10-Wohnhaus-Fasanenplatz.jpg","HTTP 429"
"e6d0676a-5dd2-4ec2-aede-e09da9bf591d","Concord Cemetery","http://commons.wikimedia.org/wiki/Special:FilePath/Concord%20Cemetery%20Casselberry%20FL.jpg","HTTP 429"
"e6bf13e3-e592-4da1-82ed-a418d615fa51","City Cemetery","http://commons.wikimedia.org/wiki/Special:FilePath/City%20Cemetery%20of%20Raleigh%2C%20North%20Carolina%20%28April%205%202013%29.jpg","HTTP 429"
"e6c90fce-e9f5-40a1-bb2d-432e35e6ccd3","Walnut Canyon Visitor Center","http://commons.wikimedia.org/wiki/Special:FilePath/Walnut%20Canyon%20National%20Monument%202015%20112.jpg","HTTP 429"
"e6bc46af-f62c-4ae4-8081-2224e0dec950","Kirche Schönow (Berlin-Zehlendorf)","http://commons.wikimedia.org/wiki/Special:FilePath/Kirche%20Sch%C3%B6now%20%28Berlin-Zehlendorf%29.JPG","HTTP 429"
"e67635fe-1cd0-4c4f-a7a0-f5a483c94600","Camas Cemetery","http://commons.wikimedia.org/wiki/Special:FilePath/2023-05-06%2C%20Camas%20Cemetery%2C%20Camas%2C%20Washington%2C%2001%20%28cropped%29.jpg","HTTP 429"
"e674f807-2b43-4960-9d4c-a58c68ea6b6a","Vyborgskoe Catholic cemetery","http://commons.wikimedia.org/wiki/Special:FilePath/%D0%9F%D0%B0%D0%BC%D1%8F%D1%82%D0%BD%D0%B8%D0%BA%20%D0%90%D0%BD%D0%B4%D0%B6%D0%BE%D0%BB%D0%B8%D0%BD%D0%B5%20%D0%91%D0%BE%D0%B7%D0%B8%D0%BE%2C%201861.jpg","HTTP 429"
"e6bfdf7a-8b59-4baa-8c0b-0d4a55192e84","cemetery Saint-Lazare (Montpellier)","http://commons.wikimedia.org/wiki/Special:FilePath/Cimeti%C3%A8re%20Saint-Lazare.jpg","HTTP 429"
"e6883f62-591d-458c-be08-4476eb2bda3a","Tumulus of Ramelot","http://commons.wikimedia.org/wiki/Special:FilePath/Tinlot-Tumulus%20van%20Ramelot%20%284%29.JPG","HTTP 429"
"e739184b-da95-4914-b7d0-b09b7f4ec217","Sapporo Clock Tower","https://img.vago.to/places/cover/v1/e7/39/e739184b-da95-4914-b7d0-b09b7f4ec217.jpg","HTTP 404"
"e770a37e-336b-42b8-91ee-f5d72e34fa4a","Drostei","http://commons.wikimedia.org/wiki/Special:FilePath/Pinneberg%20Drostei%201.jpg","HTTP 429"
"e754c703-80ad-4974-91e9-0c403dccea49","Park Row Building","http://commons.wikimedia.org/wiki/Special:FilePath/15%20Park%20Row%203.JPG","HTTP 429"
"e703db37-b371-4a21-8489-34d600b7d445","Stureparken","http://commons.wikimedia.org/wiki/Special:FilePath/Stureparken%20Stockholm%2020060509.jpg","HTTP 429"
"e71a29ea-8034-4057-82a1-4cdfcfb94f8a","Flines-lez-Raches churchyard","http://commons.wikimedia.org/wiki/Special:FilePath/Flines-lez-Raches%20-%20Cimeti%C3%A8re%20de%20l%27%C3%A9glise%20Saint-Michel%20%2807%29.JPG","HTTP 429"
"e73de5ae-0fca-46a8-81db-f548ed98921e","Museum of Fine Arts, Houston","http://commons.wikimedia.org/wiki/Special:FilePath/Housmfa.jpg","HTTP 429"
"e75a02eb-9e2a-47db-b981-768ea9ab52d1","House of Music","http://commons.wikimedia.org/wiki/Special:FilePath/Musikkens%20Hus%20-%20vest.JPG","HTTP 429"
"e7352d11-9306-4d68-8cef-c6d831681efa","Tigris Lane Cemetery","http://commons.wikimedia.org/wiki/Special:FilePath/Tigris%20Lane%20Cemetery%2010.jpg","HTTP 429"
"e703db64-1fbb-4539-99a2-6e22e3434bfd","New York City Hall","http://commons.wikimedia.org/wiki/Special:FilePath/New%20York%20City%20Hall.jpg","HTTP 429"
"e7028d81-800f-410c-9c1b-67bba13a3c38","Leonovskoye Cemetery","http://commons.wikimedia.org/wiki/Special:FilePath/%D0%9B%D0%B5%D0%BE%D0%BD%D0%BE%D0%B2%D1%81%D0%BA%D0%BE%D0%B5%20%D0%BA%D0%BB%D0%B0%D0%B4%D0%B1%D0%B8%D1%89%D0%B5%20%28%D0%9C%D0%BE%D1%81%D0%BA%D0%B2%D0%B0%29.jpg","HTTP 429"
"e7a60c9d-8fa6-4aff-b792-de49978927c8","Tokyo Photographic Art Museum","https://img.vago.to/places/cover/v1/e7/a6/e7a60c9d-8fa6-4aff-b792-de49978927c8.jpg","HTTP 404"
"e7f1417f-6285-4a10-978e-0c9f3b722e4f","Dentsu Tsukiji Building","http://commons.wikimedia.org/wiki/Special:FilePath/Tsukiji%20DENTSU%20Bldg.jpg","HTTP 429"
"e7fde538-7946-492d-811a-1e64496549ba","Croydon Cemetery","http://commons.wikimedia.org/wiki/Special:FilePath/Croydon%20Crematorium%2C%20Croydon%20Cemetery.%20-%20geograph.org.uk%20-%2029897.jpg","HTTP 429"
"e7db0938-6eba-41a1-b9eb-72629c77aba3","Tower of Siza","http://commons.wikimedia.org/wiki/Special:FilePath/Toren%20van%20Siza%2C%20Maastricht-40468.jpg","HTTP 429"
"e799e1f7-464a-4034-b6ac-30fdac8d8706","Isaac McLean House","http://commons.wikimedia.org/wiki/Special:FilePath/Isaac%20McLean%20House%2C%202218%20Massachusetts%20Avenue%2C%20Cambridge%2C%20MA%20-%20IMG%204388.JPG","HTTP 429"
"e7d9e0e6-46a0-48eb-a1eb-28b1b5bc23b9","Zahir-od-dowleh cemetery","http://commons.wikimedia.org/wiki/Special:FilePath/Zahir-od-dowlahc.JPG","HTTP 429"
"e7ee42fa-2879-46d8-b3ec-c8d494b7c2ac","Hauptfriedhof Dortmund","http://commons.wikimedia.org/wiki/Special:FilePath/Dortmund%20Hauptfriedhof.jpg","HTTP 429"
"e7853364-5dd7-41bb-91d8-423c62229239","Hyvinkää Church","http://commons.wikimedia.org/wiki/Special:FilePath/Aarno%20Ruusuvuori%20Hyvinkaan%20kirkko%201961.jpg","HTTP 429"
"e7b8e287-5cff-484a-a513-34a85fa6e43e","Escoeuilles Churchyard","http://commons.wikimedia.org/wiki/Special:FilePath/Esc%C5%93uilles%20%C3%A9glise.jpg","HTTP 429"
"e7c40041-a1f6-4f6d-b3ce-872f877b2a03","Cimetière marin de Landévennec","http://commons.wikimedia.org/wiki/Special:FilePath/Land%C3%A9vennec%20%2829%29%20%C3%89glise%20Notre-Dame%2002.JPG","HTTP 429"
"e7c60d32-8c8c-452b-8a03-b67c4469c4b1","Dean Cemetery","http://commons.wikimedia.org/wiki/Special:FilePath/The%20south-west%20section%20of%20Dean%20Cemetery.JPG","HTTP 429"
"e83093ff-4b96-44ad-806b-65ed1c55aa4e","Kunsthaus Bregenz","http://commons.wikimedia.org/wiki/Special:FilePath/Bregenz%20asv2022-10%20img28%20Kunsthaus.jpg","HTTP 429"
"e84301e2-b327-4e1c-885c-3b497654aa21","Elmwood Cemetery","http://commons.wikimedia.org/wiki/Special:FilePath/Elmwood%20Cemetery%20%283142510348%29.jpg","HTTP 429"
"e859cbfd-c6b1-4961-bbbc-e1cd54776f91","Beni Hasan","http://commons.wikimedia.org/wiki/Special:FilePath/BeniHasanTombs2.jpg","HTTP 429"
"e819de55-6f6f-4fae-8d36-b0d08aa6b524","tumulus de la Motte à Poljeau","http://commons.wikimedia.org/wiki/Special:FilePath/MottePeljeau2.JPG","HTTP 429"
"e82932b6-5280-4a11-adad-52ea7a6e460b","Palau del Marqués de Dos Aigües","http://commons.wikimedia.org/wiki/Special:FilePath/Valencia%2C%20palazzo%20de%20marchese%20di%20Dos%20Aig%C3%BCes%2C%20esterno%2001.jpg","HTTP 429"
"e81bcc5d-bbd3-451b-9e4d-041e3553da92","Utzon's House in Hellebæk","http://commons.wikimedia.org/wiki/Special:FilePath/J%C3%B8rn%20utzon%2C%20architects%20own%20house%2C%20helleb%C3%A6k%2C%201950-1952.jpg","HTTP 429"
"e8ccafc6-000d-4e9d-91c3-007107fe0421","Zorgvlied","http://commons.wikimedia.org/wiki/Special:FilePath/Zorgvlied%20Amsterdam.jpg","HTTP 429"
"e8af3acd-a13b-446c-88fc-d43bac53f5f2","Saqqara","http://commons.wikimedia.org/wiki/Special:FilePath/Saqqara%2C%20Ancient%20Egypt.jpg","HTTP 429"
"e89fc14a-3597-49c9-abe2-3984ce348f17","Apple Piazza Liberty","http://commons.wikimedia.org/wiki/Special:FilePath/Piazza%20del%20liberty%20Milano%20da%20dietro%202018.jpg","HTTP 429"
"e8b34082-5e8f-49bb-be78-1c31ef618f05","Cemetery for Hebrew Confederate Soldiers","http://commons.wikimedia.org/wiki/Special:FilePath/Hebrew%20Cemetery%20Richmond%20Virginia%2066.jpg","HTTP 429"
"e89426d3-7035-4738-986f-c54679b082ee","Sainsbury Wing","http://commons.wikimedia.org/wiki/Special:FilePath/National%20Gallery%20London%20Sainsbury%20Wing%202006-04-17.jpg","HTTP 429"
"e8744c52-ab75-49c3-8711-818da32328b1","Holy Trinity Church (Trofaiach)","http://commons.wikimedia.org/wiki/Special:FilePath/Dreifaltigkeitskirche.Trofaiach.jpg","HTTP 429"
"e87e4171-ea83-4e2f-b23d-eefa6aa490d9","Athenaeum","http://commons.wikimedia.org/wiki/Special:FilePath/Atheneum%20%28seminaarinm%C3%A4ki%29.jpg","HTTP 429"
"e90fce7c-fcf1-4949-849a-0ef0304b8b76","Brussels-Luxembourg railway station","http://commons.wikimedia.org/wiki/Special:FilePath/Ancienne%20gare%20de%20Bruxelles-Luxembourg%2001.jpg","HTTP 429"
"e8dd46a3-8ba5-4f49-b93f-ddfb4ee3bcb1","Forest Park Cemetery","http://commons.wikimedia.org/wiki/Special:FilePath/ForestParkEntrance.JPG","HTTP 429"
"e940fb43-8f56-4d14-9b8a-9c7c73d6b226","Lenox High School","http://commons.wikimedia.org/wiki/Special:FilePath/Lenox%20High%20School%2C%20Lenox%20MA.jpg","HTTP 429"
"e92f902a-c8b6-40d5-a466-76721a2d6905","Manneken Pis Café","http://commons.wikimedia.org/wiki/Special:FilePath/Rue%20Grands%20Carmes%2031-33.jpg","HTTP 429"
"e98a4b4f-2c42-46ab-8b16-ef4971c47bc5","Moses Mabhida Stadium","http://commons.wikimedia.org/wiki/Special:FilePath/Mabhida%20Stadium.jpg","HTTP 429"
"e98dcbd9-fd02-4cf6-b64b-91115dd4ba8b","Crum Elbow Meeting House and Cemetery","http://commons.wikimedia.org/wiki/Special:FilePath/Crum%20Elbow%20Meeting%20House.jpg","HTTP 429"
"e997df6e-a7ca-4aea-8e86-4c5ff4322d9e","Giza Necropolis","http://commons.wikimedia.org/wiki/Special:FilePath/All%20Gizah%20Pyramids.jpg","HTTP 429"
"e9837d13-10b0-466e-a24f-9ef7dd62bc8e","Pavilhão da Bienal","http://commons.wikimedia.org/wiki/Special:FilePath/Detalhe%20do%20Pavilh%C3%A3o%20Ciccillo%20Matarazzo.JPG","HTTP 429"
"ea145664-ca88-4f09-8498-8347ed6d5d02","Himeji City Museum of Literature","http://commons.wikimedia.org/wiki/Special:FilePath/Himeji%20City%20Museum%20of%20Literature04s3872.jpg","HTTP 429"
"ea1acde6-9b2f-48d5-b764-c173f752e287","Joodse begraafplaats in Groenlo","http://commons.wikimedia.org/wiki/Special:FilePath/Groenlo%20Joodse%20Begrpl.jpg","HTTP 429"
"e9e3a4a1-dc52-4c1d-b56d-53809e838478","Escuelas Lope de Vega de Parla","http://commons.wikimedia.org/wiki/Special:FilePath/Escuelas%20Lope%20de%20Vega%20%28Parla%29-1.jpg","HTTP 429"
"ea0f2ed9-6615-4596-9067-79e8f5892ca0","Dulles International Airport Main Terminal","http://commons.wikimedia.org/wiki/Special:FilePath/Washington%20Dulles%20International%20Airport%20at%20Dusk.jpg","HTTP 429"
"ea333075-0e4d-4907-8c12-be71a33c4d72","Mosque-Cathedral of Cordoba","http://commons.wikimedia.org/wiki/Special:FilePath/Mezquita%20de%20C%C3%B3rdoba%20desde%20el%20aire%20%28C%C3%B3rdoba%2C%20Espa%C3%B1a%29.jpg","HTTP 429"
"e9ec70af-03f2-4c97-a987-53ab29b79865","Chișinău Circus","http://commons.wikimedia.org/wiki/Special:FilePath/Circul%20Chisinau.jpg","HTTP 429"
"e9f65eb7-0c33-475e-aba3-6b8844322db2","Vyšehrad cemetery","http://commons.wikimedia.org/wiki/Special:FilePath/Vysehrad%20hrbitov%20cemetery.jpg","HTTP 429"
"ea0c8c0b-4eb2-499c-b584-f9a2e8c89a49","Luis Barragán House and Studio","http://commons.wikimedia.org/wiki/Special:FilePath/Luis%20Barragan%20House%20exterior%2002.jpg","HTTP 429"
"ea1d2861-1c00-4985-bff4-eb4083cdcf5e","James Boyd House","http://commons.wikimedia.org/wiki/Special:FilePath/JAMES%20BOYD%20HOUSE%2C%20SOUTHERN%20PINES%2C%20MOORE%20COUNTY.jpg","HTTP 429"
"e9e4ab25-da49-4bcb-a458-29b598f91008","Villa d'Adda-Borromeo","http://commons.wikimedia.org/wiki/Special:FilePath/Villa%20Borromeo4.jpg","HTTP 429"
"ea499e4b-8a33-4dc0-bc54-852509af45c9","Esplanada dos Ministérios, Bloco U","http://commons.wikimedia.org/wiki/Special:FilePath/Esplanada%20dos%20Minist%C3%A9rios%20-%2050494145873.jpg","HTTP 429"
"ea93d6a0-4beb-4467-aba6-af921d8d3ae0","Jüdischer Friedhof","http://commons.wikimedia.org/wiki/Special:FilePath/Aufse%C3%9F%20Judenfriedhof-20200912-RM-170047.jpg","HTTP 429"
"ea81f707-7133-49d7-860d-0713dd85f216","Häslerhau, Iron Age burial mound group","http://commons.wikimedia.org/wiki/Special:FilePath/H%C3%A4slerhau%207%20SWG0016.jpg","HTTP 429"
"eaaf3f5a-527b-4d17-91bf-c006f4ad9cfe","One Charles Center","http://commons.wikimedia.org/wiki/Special:FilePath/One%20Charles%20Center%20Baltimore.JPG","HTTP 429"
"ea801153-4169-4580-a2e9-4d6e31f67039","Forest Hill Cemetery","http://commons.wikimedia.org/wiki/Special:FilePath/Soldiers%20Lot%2C%20Forest%20Hill%20Cemetery%2C%20Madison%2C%20WI.jpg","HTTP 429"
"eaa2516c-88f8-4e77-9c8b-8bc2dc066704","Munich Olympic Stadium","http://commons.wikimedia.org/wiki/Special:FilePath/Blick%20vom%20Olympiaberg%20auf%20das%20Olympiastadion.jpg","HTTP 429"
"ea9a8c20-311b-4953-a6fd-e9827707301c","100 North Main","http://commons.wikimedia.org/wiki/Special:FilePath/100%20North%20Main.jpg","HTTP 429"
"eb1c63bb-39f3-4238-8d75-7d67c5b651c6","Satan's Coffee Corner","https://example.com/satans.jpg","HTTP 404"
"eada2b4c-fcd1-4c4a-926d-2beb4b660c63","Fair Grove Methodist Church Cemetery","http://commons.wikimedia.org/wiki/Special:FilePath/Fair%20Grove%20Methodist%20Church%20Cemetery.JPG","HTTP 429"
"eb015dfe-f04a-4c69-a9b7-d3570eb6d8ac","Jerusalem War Cemetery","http://commons.wikimedia.org/wiki/Special:FilePath/WWI%20cimetery%20Jerusalem.jpg","HTTP 429"
"eae1014a-2eae-48ee-adf0-ff51f8f00275","Borre Churchyard","http://commons.wikimedia.org/wiki/Special:FilePath/Borre%20Churchyard%207.JPG","HTTP 429"
"eaefa1fd-b524-4782-8301-8abee2ac23ea","Yokosuka Museum of Art","http://commons.wikimedia.org/wiki/Special:FilePath/Yokosuka%20Museum%20of%20Art%202009.jpg","HTTP 429"
"eb23c92d-c29a-4bc5-9df1-3009f7d07b29","Karet Bivak Cemetery","http://commons.wikimedia.org/wiki/Special:FilePath/Fighters%20of%20Indonesian%20Revolution%20buried%20at%20Karet%20Bivak%20Cemetery.jpg","HTTP 429"
"eb0d09e0-e326-4f8c-8b36-5d0df50d5f1f","Arney's Mount Friends Meetinghouse and Burial Ground","http://commons.wikimedia.org/wiki/Special:FilePath/Arney%27s%20Mount%20Friends%20Meetinghouse%20%26%20Burial%20Ground%20%282%29.JPG","HTTP 429"
"eacf76ff-f772-4aae-9754-efb9bf6904bb","Edifício Manchete","http://commons.wikimedia.org/wiki/Special:FilePath/Edificiomanchete.jpg","HTTP 429"
"eb7225c8-35f4-4d9e-abcb-19b41a7cd118","Wild Bird Society of Japan (WBSJ)","https://img.vago.to/places/cover/v1/eb/72/eb7225c8-35f4-4d9e-abcb-19b41a7cd118.jpg","HTTP 404"
"eb7e4239-f54f-4cfe-ada6-76b1ef9cff5c","Sky Coffee","https://example.com/skycoffee.jpg","HTTP 404"
"eb2bfe78-7637-43d2-aa15-462a28a4f285","Teatro La Fenice","http://commons.wikimedia.org/wiki/Special:FilePath/Teatro%20La%20Fenice%20%28Venice%29%20-%20Facade.jpg","HTTP 429"
"eb440c41-3fd6-487b-a45c-8402f6622d6f","Azabudai Hills Mori JP Tower","http://commons.wikimedia.org/wiki/Special:FilePath/2024%20Azabudai%20Hills%20Mori%20JP%20Tower%20%282%29.jpg","HTTP 429"
"eb2e7b3d-5e90-4a0c-bfa0-413acab80691","Gal Factory","http://commons.wikimedia.org/wiki/Special:FilePath/Antigua%20F%C3%A1brica%20Gal%20en%20Madrid%202.jpg","HTTP 429"
"eb4cef42-3c89-4e3a-bb79-62420cb4b816","Mount Hood Masonic Temple","http://commons.wikimedia.org/wiki/Special:FilePath/Mt%20Hood%20Masonic%20Temple%20-%20Portland%20Oregon.jpg","HTTP 429"
"eb45aade-2f32-47dd-a42a-d3b618d6e877","MetLife Building","http://commons.wikimedia.org/wiki/Special:FilePath/Metlife%20building%20from%20empire%20state%20building.jpg","HTTP 429"
"eb2ff1ee-341f-4e57-aba2-57730580952c","Paradise Inn","http://commons.wikimedia.org/wiki/Special:FilePath/Paradise%20Inn%2001.jpg","HTTP 429"
"eb442c1e-635d-464f-8b4a-483224cfde89","Lusehøj","http://commons.wikimedia.org/wiki/Special:FilePath/Luseh%C3%B8jH1a.jpg","HTTP 429"
"eb25794a-a0af-4f04-b46e-cde9bd9bb2ff","Pear Lake Ski Hut","http://commons.wikimedia.org/wiki/Special:FilePath/Pear%20Lake%20Winter%20Hut.jpg","HTTP 429"
"eb9c66a3-41e9-45c5-9ae7-10f9997c960a","Commonwealth Building","http://commons.wikimedia.org/wiki/Special:FilePath/Commonwealth-Equitable%20Building%20-%20Portland%20Oregon.jpg","HTTP 429"
"ebd39f4f-dba9-4ffa-acc3-ce14c277463d","Tour Granite","http://commons.wikimedia.org/wiki/Special:FilePath/Four%20men%20cleaning%20the%20OutsideWindows%20of%20TourGranite%20at%20LaDefenseParis.jpg","HTTP 429"
"eb89e788-8d5c-45df-898e-e19dec9a7f9e","Ehrenfriedhof für Gefallene der Roten Armee","http://commons.wikimedia.org/wiki/Special:FilePath/Bernau%20Ehrenfriedhof2.JPG","HTTP 429"
"eba70c07-022c-46ce-aeb3-cf0d728c9091","Jewish Cemetery of Diemen","http://commons.wikimedia.org/wiki/Special:FilePath/Isra%C3%ABlischebegraafplaatsDiemen.jpg","HTTP 429"
"eb917aee-dd41-4eb0-bad3-926aaa8bbc4c","Alexander Nevsky Cathedral, Paris","http://commons.wikimedia.org/wiki/Special:FilePath/Cathedrale-A-Nevski-Paris.jpg","HTTP 429"
"eb91e1e1-052d-4809-96a5-1f7c0bc77aae","Baron de Hirsch Cemetery, Montreal","http://commons.wikimedia.org/wiki/Special:FilePath/Hirsch%20Montreal.JPG","HTTP 429"
"ec0d553e-92a9-4875-8412-e8372c4bb287","Tsuta","https://example.com/tsuta_ramen.jpg","HTTP 404"
"ec3d6fee-c2d8-4a81-ae3d-aae5fb0e92a4","State Art Museum of Uzbekistan","http://commons.wikimedia.org/wiki/Special:FilePath/%D0%93%D0%BE%D1%81%D1%83%D0%B4%D0%B0%D1%80%D1%81%D1%82%D0%B2%D0%B5%D0%BD%D0%BD%D1%8B%D0%B9%20%D0%BC%D1%83%D0%B7%D0%B5%D0%B9%20%D0%B8%D1%81%D0%BA%D1%83%D1%81%D1%81%D1%82%D0%B2%20%D0%A3%D0%B7%D0%B1%D0%B5%D0%BA%D0%B8%D1%81%D1%82%D0%B0%D0%BD%D0%B0%20%2842052%29.jpg","HTTP 429"
"ebe6f1a9-c492-4cc6-8194-50738b01dfa5","Ehrenfriedhof Lübeck","http://commons.wikimedia.org/wiki/Special:FilePath/EF%20IR162%20gesamt2.jpg","HTTP 429"
"ec1e7dce-f3cb-475e-8932-e0d6e5488e63","Longmire Administration Building","http://commons.wikimedia.org/wiki/Special:FilePath/Longmire%20Administration%20Building%20%282015%29.jpg","HTTP 429"
"ec4e8454-63fa-48c4-94b2-8da2f5271bc0","Common Burying Ground at Sandy Bank","http://commons.wikimedia.org/wiki/Special:FilePath/MaldenMA%20BellRockCemetery.jpg","HTTP 429"
"ebf34cff-3727-4cf1-a388-80aedf852330","Hotel Moskva","http://commons.wikimedia.org/wiki/Special:FilePath/Hotel%20Moskva%20%28Belgrade%29.jpg","HTTP 429"
"ec1e0c16-ee59-4e41-bd70-25645ca507a1","Cimetière d'Antony","http://commons.wikimedia.org/wiki/Special:FilePath/Cimeti%C3%A8re%20d%27Antony%2C%20Entr%C3%A9e.jpg","HTTP 429"
"ebe9b005-dd52-4220-a8de-f0bdd13c314a","National Theatre Munich","http://commons.wikimedia.org/wiki/Special:FilePath/Nationaltheater%20Munich.jpg","HTTP 429"
"ebe756a0-6ef7-4662-96db-e4aea78c67d8","Zentralstellwerk Basel SBB","http://commons.wikimedia.org/wiki/Special:FilePath/Stellwerk%20Basel%20SBB.jpg","HTTP 429"
"ec2f2f19-8394-41d8-a0b6-17ad78b8a570","Meharicourt Communal Cemetery","http://commons.wikimedia.org/wiki/Special:FilePath/VCAndrewCharlesMynarskiGrave.jpg","HTTP 429"
"ec85c15b-dc51-4c62-8671-cc87d0981ee5","Bro 65:1","http://commons.wikimedia.org/wiki/Special:FilePath/Bro%20stens%C3%A4ttning%2065-1.jpg","HTTP 429"
"ec74bfbc-dea6-473d-a972-6ee390bfebf3","Second Bank of the United States","http://commons.wikimedia.org/wiki/Special:FilePath/Second%20Bank%20of%20the%20United%20States%20South%20side.jpg","HTTP 429"
"ec9399b6-77ad-44e9-b9b7-1c90fc78637d","Frida Kahlo Museum","http://commons.wikimedia.org/wiki/Special:FilePath/Museo%20Frida%20Kahlo.JPG","HTTP 429"
"ec6c4a0a-12d0-4257-bf9f-3ae66dfe61ce","Ming Zuling","http://commons.wikimedia.org/wiki/Special:FilePath/%E6%96%B0%E5%BB%BA%E6%98%8E%E7%A5%96%E9%99%B5%E5%8D%97%E7%BA%A2%E9%97%A8%20%E8%A1%8C%E6%91%84%E6%A2%93%E5%9C%B0.jpg","HTTP 429"
"ec778f5b-1427-4516-aa1e-11f4bdb57f67","Agecroft Cemetery","http://commons.wikimedia.org/wiki/Special:FilePath/Agecroft%20Cemetery%20entrance.JPG","HTTP 429"
"ec9462f6-250e-4323-b126-edc9ac510005","Escuelas Aguirre","http://commons.wikimedia.org/wiki/Special:FilePath/Casa%20%C3%81rabe%20de%20Madrid%20en%20septiembre%20de%202022%2005.jpg","HTTP 429"
"ec558373-ab8c-4fa5-90cd-dd28434e99b7","St. Ignatius","http://commons.wikimedia.org/wiki/Special:FilePath/Ignatiuskirche%20Frankfurt%202009.jpg","HTTP 429"
"ec68b61a-c589-44e6-bd29-18cc7e9d00a1","Villa Olanda","http://commons.wikimedia.org/wiki/Special:FilePath/RM452765%20Den%20Haag%20-%20Van%20Stolkweg%2023.jpg","HTTP 429"
"ec577a5e-5dda-4f6d-8a82-e96b6524eca1","Pfarrkirche St. Georgen unter Straßburg","http://commons.wikimedia.org/wiki/Special:FilePath/Kirche%20von%20St.%20Georgen%20unter%20Strassburg%20%28A-9341%29.jpg","HTTP 429"
"ed1d46f5-f7a7-4b8e-b2c0-f7e4612ff966","Daikanyamacho","https://img.vago.to/places/cover/v1/ed/1d/ed1d46f5-f7a7-4b8e-b2c0-f7e4612ff966.jpg","HTTP 404"
"ed16ac37-1571-4727-9de1-038687387a18","Jüdischer Friedhof Eltville","http://commons.wikimedia.org/wiki/Special:FilePath/Eltville%20J%C3%BCdischer%20Friedhof%203.JPG","HTTP 429"
"ecdcb6ca-a83f-4980-91ed-3b7a5bc1733c","Opa-locka Bank","http://commons.wikimedia.org/wiki/Special:FilePath/Opa%20Locka%20FL%20bank01.jpg","HTTP 429"
"ed473faf-3a2a-4409-b597-be3e096b5bb4","Danes Graves","http://commons.wikimedia.org/wiki/Special:FilePath/Danes%20Graves%2C%20Kilham%20-%20geograph.org.uk%20-%20356393.jpg","HTTP 429"
"ecaa60ea-f0e2-4cc3-880d-058349eb175f","Limburg Cathedral","http://commons.wikimedia.org/wiki/Special:FilePath/Limburger%20Dom%20Bild%204.jpg","HTTP 429"
"ed0e5447-f818-48df-b4ce-2f622eb93e12","Osamu Dazai Memorial Museum","http://commons.wikimedia.org/wiki/Special:FilePath/Shay%C5%8Dkan%20the%20birthhouse%20of%20Osamu%20Dazai.jpg","HTTP 429"
"ed955dbb-f99c-44bb-b3d1-9adb72a95655","SoFi Stadium","http://commons.wikimedia.org/wiki/Special:FilePath/SoFi%20Stadium%20%2851126606022%29.jpg","HTTP 429"
"ed63a0d4-0eb5-429e-a969-b065f0b2b575","Derby Central Library","http://commons.wikimedia.org/wiki/Special:FilePath/Library%20and%20Museum%2C%20Wardwick%2C%20Derby%20%28geograph%204181880%29.jpg","HTTP 429"
"ed7a399d-5241-446e-9ca6-d9ddbd14d06a","Gov. John F. Hill Mansion","http://commons.wikimedia.org/wiki/Special:FilePath/Governor%20Hill%20Mansion%205.JPG","HTTP 429"
"edb3c1dd-2299-4021-916b-f1e47550443b","Cimetière de Saint-Morel","http://commons.wikimedia.org/wiki/Special:FilePath/Saint%20Morel%20%2808%20Ardennes%29%20-%20%C3%89glise%20Saint-Maurice%20-%20mur%20de%20sout%C3%A8nement%20-%20Photo%20Francis%20Neuvens%20lesardennesvuesdusol.fotoloft.fr.jpg","HTTP 429"
"edc48860-031f-4d08-b2f8-59e05038c2b0","Ard Eevin","http://commons.wikimedia.org/wiki/Special:FilePath/Ard%20Eevin%2C%20Glendale%2C%20California%2004.JPG","HTTP 429"
"ed95eb11-ec08-4571-ab3d-218de7ff4997","M. H. de Young Memorial Museum","http://commons.wikimedia.org/wiki/Special:FilePath/M.%20H.%20de%20Young%20Memorial%20Museum.jpg","HTTP 429"
"ede2424f-826d-4d1a-a555-3c89ef88d059","Uppsala Old Cemetery","http://commons.wikimedia.org/wiki/Special:FilePath/Uppsala17.JPG","HTTP 429"
"edd2fcd7-0851-421a-971f-e7ff21a1787e","Rambla Just Oliveras 37","http://commons.wikimedia.org/wiki/Special:FilePath/Habitatge%20a%20la%20rambla%20Just%20Oliveras%2C%2037-1.JPG","HTTP 429"
"ede5fd4d-83c8-44db-ac8f-dabc2cbfdd8c","Fairview Cemetery","http://commons.wikimedia.org/wiki/Special:FilePath/Fairview%20Cemetery%20Boston%20MA%2001.jpg","HTTP 429"
"ee30954e-057d-411e-9904-187082dc78b4","Гольяновское кладбище","http://commons.wikimedia.org/wiki/Special:FilePath/Goliyanovskoe%20Cemetery.jpg","HTTP 429"
"ee1e92f4-6563-4eb3-8fa1-eaa9b10de36a","Cold Spring Presbyterian Church","http://commons.wikimedia.org/wiki/Special:FilePath/Cold%20Spring%20Presby%20from%20SE.JPG","HTTP 429"
"ee7f7dbc-aa41-4dd2-913d-ec6f364f72f5","55 Timeless","http://commons.wikimedia.org/wiki/Special:FilePath/55%20Timeless%20%E7%90%A2%E7%99%BD.jpg","HTTP 429"
"ee81ec1b-f5ba-4460-ae03-66752e662272","Domodedovo Cemetery","http://commons.wikimedia.org/wiki/Special:FilePath/Domodedovo%20Cemetery%20Aug12%20img08.jpg","HTTP 429"
"eea32834-6b80-4589-815a-5c5ffad85b38","Domfriedhof","http://commons.wikimedia.org/wiki/Special:FilePath/Ehemaliger%20Friedhof%20Limburg%2002.jpg","HTTP 429"
"ee978615-ffd7-4bcd-9394-da75ee90b75c","Pavillon im Westfalenpark","http://commons.wikimedia.org/wiki/Special:FilePath/Westfalenpark%20Sonnensegel.jpg","HTTP 429"
"eefb4bac-b608-4808-8e95-7113d5d7eeb2","Teleport Tower","http://commons.wikimedia.org/wiki/Special:FilePath/Regus%20Sloterdijk%20Teleport%20Towers.JPG","HTTP 429"
"eeebab4b-0319-4e4d-92e7-7596b7573128","Dieweg Cemetery","http://commons.wikimedia.org/wiki/Special:FilePath/Dieweg.JPG","HTTP 429"
"ef09969a-4515-4d0c-958c-a00d9449dba2","First Unitarian Church","http://commons.wikimedia.org/wiki/Special:FilePath/First%20Unitarian%20Church%20of%20Portland%20-%201924%20building%20and%202007-built%20Buchan%20Building.jpg","HTTP 429"
"eee77d19-ec17-4d6d-b75e-72da33ced677","Tsentrosoyuz building","http://commons.wikimedia.org/wiki/Special:FilePath/Moscow%20SakharovaStreet37%201468.jpg","HTTP 429"
"eecb1850-dfa2-43d5-b66a-9c5bcf648d57","Tour de la Bourse","http://commons.wikimedia.org/wiki/Special:FilePath/TourBoursenov.jpg","HTTP 429"
"ef2057d0-7569-4254-80b4-c14b97db580a","United States Post Office","http://commons.wikimedia.org/wiki/Special:FilePath/Beverly%2C%20MA%20Main%20Post%20Office.jpg","HTTP 429"
"ef94ca15-7cdb-4db0-85bc-fbf34e5350b4","Bernardsville","http://commons.wikimedia.org/wiki/Special:FilePath/Bernardsville%20Station.jpg","HTTP 429"
"ef5a3ac3-b906-4c73-a8e5-cf6cef037ada","Marion County Housing Committee Demonstration House","http://commons.wikimedia.org/wiki/Special:FilePath/Marion%20County%20Housing%20Committee%20Demonstration%20House%20-%20Salem%20Oregon.jpg","HTTP 429"
"ef559ffa-4a95-4630-9381-e6cdc15d8188","Osborne House","http://commons.wikimedia.org/wiki/Special:FilePath/Osborne%20House%20from%20the%20air.jpg","HTTP 429"
"ef35a996-2322-459b-9dcd-e076b75e1fba","Eggenberg Castle, Graz","http://commons.wikimedia.org/wiki/Special:FilePath/17-10-26-Graz-Schlo%C3%9F-Eggenberg%20RR79497.jpg","HTTP 429"
"ef669031-97f0-4cdc-af99-4893aa060b92","Votive Church","http://commons.wikimedia.org/wiki/Special:FilePath/Wien%20-%20Votivkirche%20%28a%29.JPG","HTTP 429"
"ef43d3d1-b745-476b-b707-8e77054e0bca","Cemetery Sceaux","http://commons.wikimedia.org/wiki/Special:FilePath/Sceaux%20cimeti%C3%A8re%201.jpg","HTTP 429"
"ef29424f-9f3b-462a-98ad-9627ca09d296","Tábornická škola v Lipnici nad Sázavou","http://commons.wikimedia.org/wiki/Special:FilePath/Tabornicka%20skola.jpg","HTTP 429"
"ef7cbe05-4f47-45d1-bd53-aee37cb57e51","Former casino of Hendaye","http://commons.wikimedia.org/wiki/Special:FilePath/Hendaye%20Ancien%20casino.jpg","HTTP 429"
"efd69017-1052-4774-a48e-12269a0ab42e","Telekom Tower","http://commons.wikimedia.org/wiki/Special:FilePath/Menara%20telekom.jpg","HTTP 429"
"efadf440-f8b5-46f0-a3c6-db4e3dc942e6","Eugene Pioneer Cemetery","http://commons.wikimedia.org/wiki/Special:FilePath/Eugene%20Pioneer%20Cemetery%20sign%202007.jpg","HTTP 429"
"efe28a58-4872-4165-a0f4-b94311766bdb","Dinamo Arena","http://commons.wikimedia.org/wiki/Special:FilePath/Boris%20Paichadze%20Dinamo%20Arena%2C%20Samtredia%20-%20Qaraba%C4%9F.jpg","HTTP 429"
"f0073b47-eeb7-4032-9248-3c4da00ce4d6","Westminster Hall and Burying Ground","http://commons.wikimedia.org/wiki/Special:FilePath/WestminsterChurch1857.jpg","HTTP 429"
"effa7604-3fd0-4052-ad26-c1547106d9cf","Agnez-les-Duisans Communal Cemetery","http://commons.wikimedia.org/wiki/Special:FilePath/Agnez-l%C3%A8s-Duisans%20-%20Cimeti%C3%A8re%20communal.jpg","HTTP 429"
"efa75623-1373-4e2d-9826-10b56207d22a","Rotonda della Besana","http://commons.wikimedia.org/wiki/Special:FilePath/Besana%2C%20Milano%2001.jpg","HTTP 429"
"efbc85fa-f0c5-4371-9e21-1ee33bf043b7","Kazachye Cemetery","http://commons.wikimedia.org/wiki/Special:FilePath/%D0%9D%D0%B5%D0%BA%D1%80%D0%BE%D0%BF%D0%BE%D0%BB%D1%8C%20%D0%BD%D0%B0%20%D0%9A%D0%BE%D0%BC%D0%BC%D1%83%D0%BD%D0%B8%D1%81%D1%82%D0%B8%D1%87%D0%B5%D1%81%D0%BA%D0%BE%D0%B9%20%D0%BF%D0%BB%D0%BE%D1%89%D0%B0%D0%B4%D0%BA%D0%B5.JPG","HTTP 429"
"f017a45a-ff8d-4dce-b3d6-716bd9ba24e8","Shiroi Koibito Park","https://img.vago.to/places/cover/v1/f0/17/f017a45a-ff8d-4dce-b3d6-716bd9ba24e8.jpg","HTTP 404"
"f01e8d4b-db42-4442-a37a-1b8a4ff1455a","Soviet War Memorial Schönholzer Heide","http://commons.wikimedia.org/wiki/Special:FilePath/Mother%20Statue.Sch%C3%B6nholzer%20Heide.Soviet%20War%20Memorial.JPG","HTTP 429"
"f04d6cd9-494c-45be-aa82-28cf65b47dfe","Kolumba","http://commons.wikimedia.org/wiki/Special:FilePath/Kolumba.jpg","HTTP 429"
"f05be542-a93d-41d0-a125-1da685642d38","Dury Mill British Cemetery","http://commons.wikimedia.org/wiki/Special:FilePath/Dury%20Mill%20British%20Cemetery.jpg","HTTP 429"
"f04dba5c-ab60-4caa-8a4e-fdfd7cd8f4a3","Hedemora 323:2","http://commons.wikimedia.org/wiki/Special:FilePath/Stens%C3%A4ttning%20Hedemora%20323-2.jpg","HTTP 429"
"f0711297-ff11-46c9-badd-4855fce230b5","Normandy American Cemetery and Memorial","http://commons.wikimedia.org/wiki/Special:FilePath/Cimetiere%20americain%20Colleville-sur-Mer.jpg","HTTP 429"
"f0577667-a0dd-4fd3-96aa-74f27300e8dc","Großes Schauspielhaus","http://commons.wikimedia.org/wiki/Special:FilePath/Bundesarchiv%20Bild%20183-L1109-0305%2C%20Berlin%2C%20Friedrichstadtpalast.jpg","HTTP 429"
"f046d193-e39f-4af5-84be-cf7f3e31fee7","Parish church Kitzeck im Sausal","http://commons.wikimedia.org/wiki/Special:FilePath/Kitzeck%20im%20Sausal%20Kirche.jpg","HTTP 429"
"f029f4ea-2c37-40dc-acaa-2915ba229eea","Forest Lawn Memorial Park","http://commons.wikimedia.org/wiki/Special:FilePath/Forest%20Lawn%20Hollywood%20Hills%20%283338154355%29.jpg","HTTP 429"
"f0cf595a-fd1b-423f-8f14-1152ec7f9ab4","Zecca of Venice","http://commons.wikimedia.org/wiki/Special:FilePath/La%20Zecca%20Venice.jpg","HTTP 429"
"f09227be-c16a-4769-8d4f-a7374c87d9aa","Yerablur","http://commons.wikimedia.org/wiki/Special:FilePath/Yerablur%20and%20Saint%20Vartan%20chapel%20%282%29.jpg","HTTP 429"
"f088ee9c-e00f-4ccc-a63c-bbea8f62d7a1","Har HaMenuchot","http://commons.wikimedia.org/wiki/Special:FilePath/WikiAir%20IL-13-06%20019%20-%20Har%20HaMenuchot.JPG","HTTP 429"
"f0d03a0a-5135-490f-b992-4a6496f7e279","Comfort Station No. 68","http://commons.wikimedia.org/wiki/Special:FilePath/Comfort%20Station%2068%202015%20-%20Crater%20Lake%20NP%20Oregon.jpg","HTTP 429"
"f0730d71-2bbf-4157-a6d7-48c37899a22d","United States Post Office","http://commons.wikimedia.org/wiki/Special:FilePath/Medina%2C%20NY%2C%20post%20office.jpg","HTTP 429"
"f15b3fba-dee2-45d7-9fa1-415ebb61ac1a","Granja Viader","https://example.com/granjaviader.jpg","HTTP 404"
"f0e66913-a33d-47bf-b0ae-d719a0f60f5b","Royal Saint-Hubert Galleries","http://commons.wikimedia.org/wiki/Special:FilePath/Galeries%20royales%20Saint-Hubert%2C%20Bruselas%2C%20B%C3%A9lgica%2C%202021-12-14%2C%20DD%2004-06%20HDR.jpg","HTTP 429"
"f12c6e76-c3a2-4c06-a38f-946b8c5850b3","San Martino a Gangalandi cemetery","http://commons.wikimedia.org/wiki/Special:FilePath/Lastra%20a%20signa%2C%20cimitero%20della%20misericordia%2C%2002.jpg","HTTP 429"
"f1260ada-e042-4d04-b8ef-0c7fc9754ac8","Opéra Nouvel","http://commons.wikimedia.org/wiki/Special:FilePath/Place%20de%20la%20Com%C3%A9die%20%28Lyon%2C%202025%29.jpg","HTTP 429"
"f138da05-13ee-4f78-a06d-58c8006ecfae","Cimetière de Préville","http://commons.wikimedia.org/wiki/Special:FilePath/Toussaint%201888%20800.jpg","HTTP 429"
"f171b35a-f15e-49b4-b6ca-a3732f11811a","Belgrade New Cemetery","http://commons.wikimedia.org/wiki/Special:FilePath/%D0%93%D0%BB%D0%B0%D0%B2%D0%BD%D0%B8%20%D1%83%D0%BB%D0%B0%D0%B7%20%D0%BD%D0%B0%20%D0%9D%D0%BE%D0%B2%D0%BE%20%D0%B3%D1%80%D0%BE%D0%B1%D1%99%D0%B5%20%D1%83%20%D0%91%D0%B8%D0%BE%D0%B3%D1%80%D0%B0%D0%B4%D1%83.jpg","HTTP 429"
"f12ac67f-374a-4fb5-86bb-b52433288ee9","Casa d'en Sanjuan","http://commons.wikimedia.org/wiki/Special:FilePath/Casa%20del%20carrer%20Moss%C3%A8n%20Cinto%20Verdaguer%2C%2013.jpg","HTTP 429"
"f1132219-94e3-4fdc-98f8-47497561a957","Gioia 22 Tower","http://commons.wikimedia.org/wiki/Special:FilePath/Torre%20Gioia%2022%202020.jpg","HTTP 429"
"f0fbc2d7-454e-4e8b-ab06-fa3689821e73","Brasilia Digital TV Tower","http://commons.wikimedia.org/wiki/Special:FilePath/Torre%20de%20TV%20Digital.JPG","HTTP 429"
"f106e358-8194-434d-b6c4-5be50579029f","Palais-Royal","http://commons.wikimedia.org/wiki/Special:FilePath/Conseil%20d%27Etat%20Paris%20WA.jpg","HTTP 429"
"f193f0e0-25c8-4601-a638-fa78c8dde7c7","Cemitério de São João Batista","http://commons.wikimedia.org/wiki/Special:FilePath/Cemit%C3%A9rio%20S%C3%A3o%20Jo%C3%A3o%20Batista.jpg","HTTP 429"
"f18204ba-83da-4017-baf5-14e69dbfec60","St. Peter's and St. Paul's Cathedral","http://commons.wikimedia.org/wiki/Special:FilePath/Reval-8425.jpg","HTTP 429"
"f18d6440-4d9a-4f27-b2d4-af01cb416a90","Maisons Jaoul","http://commons.wikimedia.org/wiki/Special:FilePath/Maisons%20Jaoul.jpg","HTTP 429"
"f183aa92-9199-4f6a-a7ca-8252af994d76","Centro Diaz","http://commons.wikimedia.org/wiki/Special:FilePath/MI-Milano-1964-piazza-Diaz-terrazza-Martini-notturno.jpg","HTTP 429"
"f212628e-803a-4a66-bfc1-c1633b2e36ba","Federal Café Gotic","https://example.com/federal.jpg","HTTP 404"
"f224b28f-0ba1-4da6-9cec-109e9f5e6360","Kinryu Ramen","https://example.com/kinryu_ramen.jpg","HTTP 404"
"f25d8ea6-a8cc-45cb-b167-746b66a4c299","Power Center for the Performing Arts","http://commons.wikimedia.org/wiki/Special:FilePath/UM%20Power%20Center.jpg","HTTP 429"
"f20cabdc-fe18-4dc5-b958-bb125f459acf","Sowjetischer Garnisonfriedhof","http://commons.wikimedia.org/wiki/Special:FilePath/Dresden%20Sowjetischer%20Friedhof%201.jpg","HTTP 429"
"f200fcb5-e553-4455-8a19-6b5d89d4b32a","Esbjerg Performing Arts Centre","http://commons.wikimedia.org/wiki/Special:FilePath/Esbjerg%20-%20Musikhaus.jpg","HTTP 429"
"f1e22ebb-bf21-492a-a64a-6ec56d25587f","De Bijenkorf","http://commons.wikimedia.org/wiki/Special:FilePath/Lahayebijenkorf19.JPG","HTTP 429"
"f2240d00-6570-4da1-9578-f23d7bbb57fd","Cimitero delle Porte Sante","http://commons.wikimedia.org/wiki/Special:FilePath/SanMiniatoAlMonte-Cimetiere.jpg","HTTP 429"
"f21dbcda-98e6-4000-aa40-0b67fbe72528","North Blockhouse","http://commons.wikimedia.org/wiki/Special:FilePath/Yakima%20Park%20Stockade%20Group%2C%20Longmire%2C%20Pierce%20County%2C%20WA%20HABS%20WA-236-23.tif","HTTP 429"
"f22799f4-4f4c-467f-889a-f81b9efccd2a","Chapelle de la Villa Algérienne","http://commons.wikimedia.org/wiki/Special:FilePath/Chapelle%20Sainte-Marie-du-Cap.jpg","HTTP 429"
"f246311c-11b0-452b-9264-7c39c30f361d","Château Frontenac","http://commons.wikimedia.org/wiki/Special:FilePath/Ch%C3%A2teau%20Frontenac01.jpg","HTTP 429"
"f27c3454-afab-436d-827d-1da74b06ff2f","Mariebjerg Cemetery","http://commons.wikimedia.org/wiki/Special:FilePath/Mariebjerg%20Cemetery.jpg","HTTP 429"
"f2bee0ae-30e5-484a-b5ca-d3a44878a4c9","Fira de Barcelona (Gran Via)","http://commons.wikimedia.org/wiki/Special:FilePath/Fira%20de%20Barcelona%20%28Gran%20Via%29.jpg","HTTP 429"
"f29fe1e1-4f4a-4631-915a-cbbdf5ec4168","Guemappe British Cemetery","http://commons.wikimedia.org/wiki/Special:FilePath/Guemappe%20British%20Cemetery%2C%20Wancourt%2012.jpg","HTTP 429"
"f278d60e-64b5-4568-9680-1820e9e5127a","Mikveh Israel Cemetery","http://commons.wikimedia.org/wiki/Special:FilePath/Mikveh%20Israel%20Cemetery.jpg","HTTP 429"
"f26b6359-d413-469d-9ad3-15c4647b219e","Allegheny Cemetery","http://commons.wikimedia.org/wiki/Special:FilePath/Allegheny%20Cemetery%202008%20spires.jpg","HTTP 429"
"f27d3e4f-9739-4fa0-b62f-7c00a61ee491","Cimetière de l'Hôpital-Général de Québec","http://commons.wikimedia.org/wiki/Special:FilePath/Mausol%C3%A9e%20de%20Louis-Joseph%2C%20marquis%20de%20Montcalm.jpg","HTTP 429"
"f2cdb0ff-d4e6-4a91-9194-4694040d25fe","Innis College","http://commons.wikimedia.org/wiki/Special:FilePath/Innis%20College.JPG","HTTP 429"
"f270be83-92e6-42ce-9c51-bbbea1eb8a43","St. Nicholas Church, Hamburg","http://commons.wikimedia.org/wiki/Special:FilePath/St%20Nikolai.jpg","HTTP 429"
"f34ee2a3-756f-483f-a3a9-e3f2c769b4e4","Dalston Coffee","https://example.com/dalston.jpg","HTTP 404"
"f31f337a-3f09-499e-933a-72c5236db96a","Dale Cemetery","http://commons.wikimedia.org/wiki/Special:FilePath/Benjamin%20Brandreth%20Grave.JPG","HTTP 429"
"f346d401-acfb-4d48-b716-8002a862f2ed","Tour La Marseillaise","http://commons.wikimedia.org/wiki/Special:FilePath/Bassin%20de%20la%20Joliette%20%40%20Rade%20de%20Marseille.jpg","HTTP 429"
"f2d85789-64f6-4283-a803-cbd2242bf168","Ås 15:2","http://commons.wikimedia.org/wiki/Special:FilePath/%C3%85s%2015%202%20H%C3%B6g.jpg","HTTP 429"
"f2e5bcd0-3807-45b5-957d-97d3ec10012c","Dalhousie Arts Centre","http://commons.wikimedia.org/wiki/Special:FilePath/Rebecca%20Cohn%20Auditorium.JPG","HTTP 429"
"f2f79dc2-7ccb-4352-a099-f1dba65b2c45","University Apartments","http://commons.wikimedia.org/wiki/Special:FilePath/20111110%20University%20Apartments.jpg","HTTP 429"
"f36a7b5f-6d26-488f-973f-0450ee6f9374","Unlimited Coffee Bar","https://example.com/unlimited_coffee.jpg","HTTP 404"
"f3877ca8-7f94-471d-bc35-c47e1e3bc8ca","Necropolis of Anghelu Ruju","http://commons.wikimedia.org/wiki/Special:FilePath/Alghero%2C%20necropoli%20di%20Anghelu%20Ruju%20%28004%29.jpg","HTTP 429"
"f3782ef4-4e11-4eb1-8021-080fe94a7058","Palazzo Corner","http://commons.wikimedia.org/wiki/Special:FilePath/0%20Venise%2C%20Palazzo%20Corner%20della%20Ca%27%20Granda.JPG","HTTP 429"
"f360443f-2bac-4d4c-b821-491fc7291eb6","Bavinchove churchyard","http://commons.wikimedia.org/wiki/Special:FilePath/Bavinkhove%20la%20fa%C3%A7ade%20de%20%C3%A9glise.jpg","HTTP 429"
"f37f3eb7-7cc2-4155-8aee-ee9bf39c1007","The Rock","http://commons.wikimedia.org/wiki/Special:FilePath/TheRock%20Zuidas.JPG","HTTP 429"
"f38b2382-8c90-40ba-8b0c-42898a1996e6","Nittele Tower","http://commons.wikimedia.org/wiki/Special:FilePath/Nippon%20TV%20Tower.jpg","HTTP 429"
"f34f95b3-5eec-4889-a2e1-d7ca4010a8d5","Esplanada dos Ministérios, Bloco G","https://commons.wikimedia.org/wiki/Special:FilePath/Bras%C3%ADlia%20-%20Congresso%20Nacional%2C%20Pal%C3%A1cio%20do%20Itamaraty%2C%20Minist%C3%A9rio%20da%20Sa%C3%BAde%20-%20retirada%20da%20bandeira%20no%20final%20da%20tarde%20%289%29.jpg","HTTP 429"
"f3695189-2231-47de-a563-ff16fde4bae9","Pfarrkirche St. Leonhard im Lavanttal","http://commons.wikimedia.org/wiki/Special:FilePath/Pfarrkirche%20St%20Leonhard%20i%20Lavanttal.JPG","HTTP 429"
"f3e9560d-7d9f-4b11-bf85-0ccdf39662b9","Wittes Churchyard","http://commons.wikimedia.org/wiki/Special:FilePath/Wittes%20%28Pas-de-Calais%2C%20Fr%29%20tombes%20de%20guerre%20de%20la%20CWGC.JPG","HTTP 429"
"f39876a5-a818-4109-92f7-78b8e3448715","Sedlec Ossuary","http://commons.wikimedia.org/wiki/Special:FilePath/Sedlec%2C%20kaple%20V%C5%A1ech%20svat%C3%BDch%20s%20kostnic%C3%AD.JPG","HTTP 429"
"f3c33106-27c7-4875-b598-11e884e7276f","Frösö 89:1","http://commons.wikimedia.org/wiki/Special:FilePath/Fr%C3%B6s%C3%B6%20h%C3%B6g%2089%201.jpg","HTTP 429"
"f405ba71-f0f8-42fc-b7b1-c57c5e132c09","Lerbäckshögen","http://commons.wikimedia.org/wiki/Special:FilePath/Lerb%C3%A4cksh%C3%B6gen%2C%20gravh%C3%B6g%20i%20Lunds%20kommun.jpg","HTTP 429"
"f3ed01df-3f7c-4245-9054-ad700c0bf561","Blue Pavilion","http://commons.wikimedia.org/wiki/Special:FilePath/Blue%20Pavilion%2C%20Fiera%20del%20Mare%201%20-%20Genoa%2C%20Italy.jpg","HTTP 429"
"f3a5fc6b-bb0f-43a3-a734-aa707768c101","Palazzo della Cancelleria","http://commons.wikimedia.org/wiki/Special:FilePath/Parione%20-%20palazzo%20Riario%20o%20Cancelleria%20nuova%201628.JPG","HTTP 429"
"f396f7ac-25b0-417a-ba4d-9bb2e3d94661","St. Cyriakus","http://commons.wikimedia.org/wiki/Special:FilePath/20190419%20Gernrode%20StCyriakus%20DSC07781%20HDRfusion%20PtrQs.jpg","HTTP 429"
"f3cebb46-ea16-4809-a937-f0bb7f67ec82","Tughluq Timur Mausoleum","http://commons.wikimedia.org/wiki/Special:FilePath/Tughlugh%20Timur%20Mausoleum%20-%20exterior.jpg","HTTP 429"
"f3c3f85d-9070-40e0-9148-1ef9ed544cec","Wat Benchamabophit","http://commons.wikimedia.org/wiki/Special:FilePath/Wat%20Benchamabophit%20face.jpg","HTTP 429"
"f4269d44-ef91-4183-b59b-eebe3aef180c","TC Energy Center","http://commons.wikimedia.org/wiki/Special:FilePath/Bank%20of%20America%20Center%20Houston%201.jpg","HTTP 429"
"f430020b-7e27-4911-b926-dd23ce7303bc","Federal Military Memorial Cemetery","http://commons.wikimedia.org/wiki/Special:FilePath/Federal%20military%20Memorial%20Cemetery%20%282013-06-22%29%2001.jpg","HTTP 429"
"f469e7e1-50ef-43ec-bc64-4e4394da0d55","Church of San Giorgio Maggiore","http://commons.wikimedia.org/wiki/Special:FilePath/Basilica%20di%20San%20Giorgio%20Maggiore%20%28Venice%29.jpg","HTTP 429"
"f41c6976-8fb8-472e-8a18-9a388cec720b","Dünenfriedhof Langeoog","http://commons.wikimedia.org/wiki/Special:FilePath/D%C3%BCnenfriedhof%20Langeoog%20%28Luftaufnahme%29.jpg","HTTP 429"
"f4508e69-885e-4fc5-b90f-d3cb8708771c","Palácio Monroe","http://commons.wikimedia.org/wiki/Special:FilePath/Pal%C3%A1cio%20Monroe%20%280074050cx006e007-01%29.jpg","HTTP 429"
"f48219ab-1946-4a85-bb72-59f90b0f13f6","Cube Houses","http://commons.wikimedia.org/wiki/Special:FilePath/Overzicht%20ingangspartij%20van%20het%20theater%2C%20ontworpen%20door%20Piet%20Blom%20-%20Helmond%20-%2020536874%20-%20RCE.jpg","HTTP 429"
"f470a57c-56d7-4c67-b53c-6c5b817f2941","U.S. Bank Center","http://commons.wikimedia.org/wiki/Special:FilePath/Milwaukee%20July%202022%20061%20%28U.S.%20Bank%20Center%29.jpg","HTTP 429"
"f4842db7-52bf-4ef9-b45f-3961351363c4","Mo'alla","http://commons.wikimedia.org/wiki/Special:FilePath/MoallaLandscape.jpg","HTTP 429"
"f40c5059-ff45-4fe5-bd6f-315dee7da35d","World War I Cemetery nr 16 in Osobnica","http://commons.wikimedia.org/wiki/Special:FilePath/Cmentarz%20wojskow%2016a.jpg","HTTP 429"
"f47ca084-0900-4764-86fd-345b4016d393","90 Church Street","http://commons.wikimedia.org/wiki/Special:FilePath/Church%20st%20post%20office%20crop.jpg","HTTP 429"
"f40cf14a-f4ac-44cd-8065-c75463cff8d0","Old City Hall","http://commons.wikimedia.org/wiki/Special:FilePath/London%20City%20Hall.jpg","HTTP 429"
"f4f0e700-fb4d-4310-91a3-54d14b7bb68f","Oakridge Glen Oaks Cemetery","http://commons.wikimedia.org/wiki/Special:FilePath/Oakridge%20Cemetery.jpg","HTTP 429"
"f4f1dae6-1777-4bfd-a251-a59d6e155b79","Krasnenkoe cemetery","http://commons.wikimedia.org/wiki/Special:FilePath/Krasnenkoe%20cemetery%207.jpg","HTTP 429"
"f48faef2-38fa-4a3a-81a6-a1165497727d","Jasper County Courthouse","http://commons.wikimedia.org/wiki/Special:FilePath/Jasper%20County%20Courthouse%2C%20Ridgeland%2C%20SC.jpg","HTTP 429"
"f4eb4c16-65b9-4858-b007-a59f601b8a49","Evergreen Cemetery","http://commons.wikimedia.org/wiki/Special:FilePath/Evergreen%20Cemetery%2C%20Richmond.jpg","HTTP 429"
"f4eb8cdc-9a41-486d-925e-a09987a28dbc","Trumpeldor cemetery","http://commons.wikimedia.org/wiki/Special:FilePath/Trumpeldor%20Cemetery%20general.JPG","HTTP 429"
"f4ae4041-b6b2-44b2-bc5b-98ef8035eb93","Lederzeele churchyard","http://commons.wikimedia.org/wiki/Special:FilePath/Lederzeele%20-%20Eglise%20-%202.JPG","HTTP 429"
"f5626fd8-a893-4f26-8478-6f7f59ca6e0c","Afuri Harajuku","https://example.com/afuri_harajuku.jpg","HTTP 404"
"f531a75f-8a88-488e-a9bd-dd3c6643a85b","Zehlendorf Forest Cemetery","http://commons.wikimedia.org/wiki/Special:FilePath/Willy%20brandt%20grave.jpg","HTTP 429"
"f5015b3b-dbc2-4c46-95df-bd93906a6523","John J. Swearingen House","http://commons.wikimedia.org/wiki/Special:FilePath/Bartow%20Swearingen%20JJ%20house01.jpg","HTTP 429"
"f5457d4b-cb79-4bd3-8fbf-1ac9895d74a1","Sūdėnų pilkapynas","http://commons.wikimedia.org/wiki/Special:FilePath/S%C5%ABd%C4%97n%C5%B3%20pilkapiai%202013.JPG","HTTP 429"
"f53ed5d3-9677-46b6-8d7c-ecc38860106d","Linselles Communal Cemetery","http://commons.wikimedia.org/wiki/Special:FilePath/Linselles%20Communal%20Cemetery%20-1.jpg","HTTP 429"
"f514888b-e06b-46a8-8935-7ad23c778839","Dormition Church","http://commons.wikimedia.org/wiki/Special:FilePath/%D0%9B%D1%8C%D0%B2%D1%96%D0%B2.%20%D0%A3%D1%81%D0%BF%D0%B5%D0%BD%D1%81%D1%8C%D0%BA%D0%B0%20%D1%86%D0%B5%D1%80%D0%BA%D0%B2%D0%B0.JPG","HTTP 429"
"f4f51987-6640-4531-970b-8f274e7319bc","Rectoria","http://commons.wikimedia.org/wiki/Special:FilePath/22%20Rectoria.jpg","HTTP 429"
"f54d66e2-1de3-4e92-80dd-8ba43fb5bc15","First Presbyterian Church","http://commons.wikimedia.org/wiki/Special:FilePath/First%20Presbyterian%20Church%20of%20Woodbridge.JPG","HTTP 429"
"f5bc6e55-8776-48a8-9f79-b19fcffc52f2","Santiago General Cemetery","http://commons.wikimedia.org/wiki/Special:FilePath/Cementerio%20General%20fachada.jpg","HTTP 429"
"f5946be9-9b33-475d-83f3-5774d763a9f2","Döhrener Friedhof","http://commons.wikimedia.org/wiki/Special:FilePath/Alter%20D%C3%B6hrener%20Friedhof%20Hannover%20Zugang%20von%20der%20Fiedeler%20Stra%C3%9Fe.jpg","HTTP 429"
"f5eb044c-9357-48e9-be64-8587e5a41a22","Zhalan Cemetery","http://commons.wikimedia.org/wiki/Special:FilePath/Gravestone%20of%20Boanerges%20in%20Maweigou%20church.JPG","HTTP 429"
"f5e7cbe5-f6d2-4061-9ee6-c54af148f961","Cimetière romain de Dabo","http://commons.wikimedia.org/wiki/Special:FilePath/Walscheid%20cimeti%C3%A8re%20gallo-romain%201.JPG","HTTP 429"
"f5de8342-b854-42d6-808d-102f5732ffa7","Christ King","http://commons.wikimedia.org/wiki/Special:FilePath/Ukrainisch%20Katholische%20Kirche%20D%C3%BCsseldorf-Niederkassel.JPG","HTTP 429"
"f5d81337-0cf5-479b-b5fd-a72a2900efec","30 Hudson Yards","http://commons.wikimedia.org/wiki/Special:FilePath/Hudson%20Yards%20from%20Hudson%20Commons%20%2895131p%29%20%2830%20Hudson%20Yards%29.jpg","HTTP 429"
"f5c24ad1-109f-4cb9-a8c0-73a9b8d80aec","Alpenzoo","http://commons.wikimedia.org/wiki/Special:FilePath/Hungerburgbahn-Station-Alpenzoo.jpg","HTTP 429"
"f56b4a09-027a-4e0b-b5e0-d92c56b8cfec","chiesa di San Francesco di Paola","http://commons.wikimedia.org/wiki/Special:FilePath/8903%20-%20Milano%20-%20Via%20Manzoni%20-%20San%20Francesco%20di%20Paola%20-%20Foto%20Giovanni%20Dall%27Orto%2014-Apr-2007.jpg","HTTP 429"
"f5ec2382-b379-4586-bca6-e5a8002ab5fe","Bogenhausener Friedhof","http://commons.wikimedia.org/wiki/Special:FilePath/Grabstein%20der%20Gebr%C3%BCder%20Hans-Jochen%20und%20Bernhard%20Vogel%20mit%20Familie%20in%20M%C3%BCnchen.jpg","HTTP 429"
"f5efc0a9-d40a-4d5f-9dd7-bb423da31bc5","Parma Cathedral","http://commons.wikimedia.org/wiki/Special:FilePath/Parma%20-%20Italy%20-%20July%207th%202013%20-%2007.jpg","HTTP 429"
"f5fac131-fb76-43ab-91d7-f7faba20284e","Equitable Building","http://commons.wikimedia.org/wiki/Special:FilePath/Equitable%20Building%20%28Manhattan%29.jpg","HTTP 429"
"f5f29420-7459-47ab-a82c-d9c770865099","Pfarrkirche Sankt Stefan","http://commons.wikimedia.org/wiki/Special:FilePath/Finkenstein%20am%20Faaker%20See%20Pfarrkirche%20Sankt%20Stefan%20SW-Ansicht%2030092011%204955.jpg","HTTP 429"
"f60bbeaf-2db2-4013-a686-6360fc7bfb5c","Hauptfriedhof Ibbenbüren","http://commons.wikimedia.org/wiki/Special:FilePath/Hauptfriedhof%20Ibbenbueren%2007.jpg","HTTP 429"
"f664f0cb-a31b-4a81-835a-740fc3d32677","Far's Dreng","https://lh3.googleusercontent.com/p/AF1QipM88q_2e0_wYq2Hk5i6y6e6dE3u4j5K6-yY9H4Z=s680-w680-h510","HTTP 400"
"f6547435-6522-4fcf-b72d-432d15c265fa","Mount Vernon","http://commons.wikimedia.org/wiki/Special:FilePath/MTVernonseenfromtheriver.jpg","HTTP 429"
"f65cec2f-42a2-4cc4-b19d-b8c700c73f81","Galeries Lafayette Haussmann","http://commons.wikimedia.org/wiki/Special:FilePath/Paris%2C%20Galeries%20Lafayette%20Haussmann.jpg","HTTP 429"
"f658ee61-f979-427b-b8db-3ff7cbab55cb","Fairview Cemetery","http://commons.wikimedia.org/wiki/Special:FilePath/DaltonMA%20FairviewCemetery.jpg","HTTP 429"
"f663f60b-bd6d-4f8c-a2f5-e566fa43d785","Mechanical Engineering Building, University of Toronto","http://commons.wikimedia.org/wiki/Special:FilePath/Mechanical%20Engineering%20Building.JPG","HTTP 429"
"f65624cd-75f4-4c72-a238-56d375a489f1","Cimetière des Chaprais","http://commons.wikimedia.org/wiki/Special:FilePath/Cimeti%C3%A8re%20des%20Chaprais%20-%20aper%C3%A7u%20entr%C3%A9e.jpg","HTTP 429"
"f669c0b0-4647-4331-95b5-68bb9d01a4cb","Severnoe Cemetery (Saint Petersburg)","http://commons.wikimedia.org/wiki/Special:FilePath/Sankt-Peterburg%20sent2013%201450105.JPG","HTTP 429"
"f67250c2-2963-4c17-8f54-df6a2960533d","Dennis Village Cemetery","http://commons.wikimedia.org/wiki/Special:FilePath/Caretaker%27s%20Building.jpg","HTTP 429"
"f63febd6-5319-4c4a-83ea-4200e0c34ac2","Wallfahrtskirche Mauer bei Melk","http://commons.wikimedia.org/wiki/Special:FilePath/Mauer%20Kirche%2010.jpg","HTTP 429"
"f64f961b-9bd1-4209-b565-3f34b392ea6b","Il Redentore","http://commons.wikimedia.org/wiki/Special:FilePath/Chiesa%20del%20Redentore%20%28Venice%29.jpg","HTTP 429"
"f631c027-5097-425e-8f98-e5c058733aeb","Cloverfields","http://commons.wikimedia.org/wiki/Special:FilePath/Cloverfields.jpg","HTTP 429"
"f66ee949-786e-41ed-875d-d9f70dd86cca","Durango","http://commons.wikimedia.org/wiki/Special:FilePath/Durango%20-%20Estaci%C3%B3n%20de%20Euskotren%201.jpg","HTTP 429"
"f63b3dd1-5f6b-4c1c-a556-72be4d9b2fbf","Texas State Cemetery","http://commons.wikimedia.org/wiki/Special:FilePath/TexasStateCemeteryEntrance.JPG","HTTP 429"
"f6a462fc-977b-4e57-9fc8-00a79e8eec01","Satan's Coffee Corner","https://example.com/satanscoffee.jpg","HTTP 404"
"f693a180-6f3b-47b3-9ca6-3e22a4fe2538","Patagonia Outlet Sapporo - South","https://img.vago.to/places/cover/v1/f6/93/f693a180-6f3b-47b3-9ca6-3e22a4fe2538.jpg","HTTP 404"
"f68d6d48-7415-46df-b9b8-185f5f5c6f8f","Grundtvigs Kirke","https://img.vago.to/places/cover/v1/f6/8d/f68d6d48-7415-46df-b9b8-185f5f5c6f8f.jpg","HTTP 404"
"f6b867c8-97d0-4a60-b3d0-69b535368c3f","Ledbergs kulle","http://commons.wikimedia.org/wiki/Special:FilePath/Ledbergshogen1.jpg","HTTP 429"
"f6a953b5-d44d-4932-bd5f-7de28f6a6090","Millenia Tower","http://commons.wikimedia.org/wiki/Special:FilePath/Millenia%20tower.jpg","HTTP 429"
"f6a9c9cf-6c31-4c18-ae7d-3462e728824d","Ponce de León Hotel","http://commons.wikimedia.org/wiki/Special:FilePath/Flagler%20College%202005-Sept%20fl%20104.JPEG","HTTP 429"
"f68afdaa-76c8-4f9c-bd3d-299762f3ad77","Utzon Center","http://commons.wikimedia.org/wiki/Special:FilePath/Utzon%20Center%2C%20west%20side%2C%20Aalborg.jpg","HTTP 429"
"f6aafd93-31d0-46d4-bace-a2fb28806d02","Torre de Valencia, Madrid","http://commons.wikimedia.org/wiki/Special:FilePath/Torre%20de%20Valencia%201.jpg","HTTP 429"
"f71c3828-20c4-4e4c-b923-f57b2f42a5d3","Pfarrkirche Aggsbach Markt","http://commons.wikimedia.org/wiki/Special:FilePath/Aggsbach%20Markt%20-%20Kirche.JPG","HTTP 429"
"f71cae10-3bda-49e9-871e-c535e4f1d129","National Centre for the Performing Arts","http://commons.wikimedia.org/wiki/Special:FilePath/National%20Centre%20for%20the%20Performing%20Arts.jpg","HTTP 429"
"f6d1a207-ba6b-4544-89e9-8f8a3c60955a","Marienfriedhof Hildesheim","http://commons.wikimedia.org/wiki/Special:FilePath/Marienfriedhof%20Hildesheim%20%281%29.jpg","HTTP 429"
"f6f9d0ba-c1d0-47e9-836f-14e22ffb62b3","First United Methodist Church","http://commons.wikimedia.org/wiki/Special:FilePath/Paris%20July%202015%2034%20%28First%20Methodist%20Church%29.jpg","HTTP 429"
"f6f6456e-8b6a-493c-a94f-606300167773","Cimetière marin de Tréboul","http://commons.wikimedia.org/wiki/Special:FilePath/141%20Tr%C3%A9boul%20Le%20cimeti%C3%A8re%20marin.JPG","HTTP 429"
"f6eca570-e0a1-4788-b040-dbaf7e8cf33b","Amos G. Winter House","http://commons.wikimedia.org/wiki/Special:FilePath/KingfieldME%20AmosGWinterHouse.jpg","HTTP 429"
"f6cac48d-700a-4b45-9dd8-6616ba7140af","Rödön 27:1","http://commons.wikimedia.org/wiki/Special:FilePath/R%C3%B6d%C3%B6n%2027%201%2C%20H%C3%B6g.jpg","HTTP 429"
"f6c35137-c72e-4666-add6-a15918b5a7a4","Royal Palace of La Granja de San Ildefonso","http://commons.wikimedia.org/wiki/Special:FilePath/La%20Granja%20Palacio.jpg","HTTP 429"
"f75c70de-56df-4bba-bbef-a2111f25b9bc","La maison LVMH","http://commons.wikimedia.org/wiki/Special:FilePath/La%20Maison%20LVMH%20%2831032422528%29.jpg","HTTP 429"
"f71fe004-15ad-4fd4-8a2f-07d40708a061","Nevigeser Wallfahrtsdom","http://commons.wikimedia.org/wiki/Special:FilePath/Gottfried%20b%C3%B6hm%2C%20pilgrimage%20church%2C%20neviges%201963-1972%2001.jpg","HTTP 429"
"f77e7e6a-8d3e-4842-a1bd-538f6e2e4623","Oscar Niemeyer Museum","http://commons.wikimedia.org/wiki/Special:FilePath/Museu%20do%20Olho%20-%20Oscar%20Niemeyer%20-%20Curitiba%20Brasil%20%2810146136615%29.jpg","HTTP 429"
"f7792283-de07-4653-99bc-fb1b8e114be5","Luisenfriedhof III","http://commons.wikimedia.org/wiki/Special:FilePath/Luisenfriedhof%20III.jpg","HTTP 429"
"f767e1b7-feb8-4d0c-a853-0c4986763d21","Cascade Canyon Barn","http://commons.wikimedia.org/wiki/Special:FilePath/Cascade%20Canyon%20Barn.jpg","HTTP 429"
"f76e2264-9b24-49c0-ac05-de268ff169a6","Anvin Churchyard","http://commons.wikimedia.org/wiki/Special:FilePath/Anvin01.jpg","HTTP 429"
"f76b6ee9-74db-4bc0-bbf0-7d96818437da","Dornhaldenfriedhof","http://commons.wikimedia.org/wiki/Special:FilePath/Dornhaldenfriedhof%20Stuttgart.JPG","HTTP 429"
"f7634bb8-d9a3-4523-84c0-24f4bd8b69da","New Town Hall","http://commons.wikimedia.org/wiki/Special:FilePath/Marienplatz%20und%20Rathaus%20M%C3%BCnchen.jpg","HTTP 429"
"f75fbe77-438b-43cf-83e8-c4e43fac4230","Turku Synagogue","http://commons.wikimedia.org/wiki/Special:FilePath/Turku%20Jewish%20Synagogue.jpg","HTTP 429"
"f7dff663-2467-4480-9c25-f0e4ff073a6b","OTARU TAISHOU GLASS MUSEUM","https://img.vago.to/places/cover/v1/f7/df/f7dff663-2467-4480-9c25-f0e4ff073a6b.jpg","HTTP 404"
"f7ea753b-f0b0-4ef6-8640-ef2b06c16e97","Civic Theatre","http://commons.wikimedia.org/wiki/Special:FilePath/Civic%20Theatre%20Auckland.jpg","HTTP 429"
"f7d050a7-9975-4912-a2cb-07bea49da2ef","Delaware Children's Theatre","http://commons.wikimedia.org/wiki/Special:FilePath/New%20Century%20Wilmington.JPG","HTTP 429"
"f788d38c-fd07-406e-a199-37dfca61da0e","Holy Cross Cemetery","http://commons.wikimedia.org/wiki/Special:FilePath/Holy%20Cross%20Cemetery%20hill%202.jpg","HTTP 429"
"f79297fa-64d1-4cb9-8c5b-89e6be31372e","Eden Memorial Park","http://commons.wikimedia.org/wiki/Special:FilePath/Groucho%20Marx%20Grave.JPG","HTTP 429"
"f7e27d27-7e7a-4d7e-968e-eb0d26bfc68f","Santo Sepolcro","http://commons.wikimedia.org/wiki/Special:FilePath/SSepolcroCA.jpg","HTTP 429"
"f7a9b767-b8aa-4968-8780-f00ff3458a92","Greenville City Hall","http://commons.wikimedia.org/wiki/Special:FilePath/Greenville%20Alabama%20City%20Hall%20Nov%202013%201.jpg","HTTP 429"
"f7fcbac4-e685-46bd-9551-07e2710b79b1","Lab Cafe","https://img.vago.to/places/cover/v1/f7/fc/f7fcbac4-e685-46bd-9551-07e2710b79b1.jpg","HTTP 404"
"f8286dd5-995e-4fc8-95a4-ce009914efff","Frankfurt Main Cemetery","http://commons.wikimedia.org/wiki/Special:FilePath/Frankfurter%20Hauptfriedhof%2C%20Gewann%204%2C%20Mausoleum%20Gans%20-%20007.jpg","HTTP 429"
"f85fb968-2376-4b34-b7a5-aaed2b68c64b","Beechwood Cemetery","http://commons.wikimedia.org/wiki/Special:FilePath/Beechwood%20Cemetery%20War%20Memorial.JPG","HTTP 429"
"f80c35f3-fdb7-418e-916d-180065f9fa27","Hagi Uragami Museum","http://commons.wikimedia.org/wiki/Special:FilePath/Hagi%20Uragami%20Mus.JPG","HTTP 429"
"f84b2f08-1bc9-402e-84e1-fab4ebd4495e","Rödön 33:1","http://commons.wikimedia.org/wiki/Special:FilePath/R%C3%B6d%C3%B6n%2033%201%2C%20H%C3%B6g.jpg","HTTP 429"
"f86109ac-f422-49af-a924-0e25fba20f8a","Garage Center for Contemporary Culture","http://commons.wikimedia.org/wiki/Special:FilePath/%D0%97%D0%B4%D0%B0%D0%BD%D0%B8%D0%B5%20%D0%9C%D1%83%D0%B7%D0%B5%D1%8F%20%D1%81%D0%BE%D0%B2%D1%80%D0%B5%D0%BC%D0%B5%D0%BD%D0%BD%D0%BE%D0%B3%D0%BE%20%D0%B8%D1%81%D0%BA%D1%83%D1%81%D1%81%D1%82%D0%B2%D0%B0%20%C2%AB%D0%93%D0%B0%D1%80%D0%B0%D0%B6%C2%BB.jpg","HTTP 429"
"f85b0e50-0ab4-404d-848a-dc707853929b","San Salvatore al Vescovo","http://commons.wikimedia.org/wiki/Special:FilePath/San%20Salvatore%20al%20Vescovo.JPG","HTTP 429"
"f84e6f30-e9ae-4335-be64-1245ff54ea3c","Blind Alley Cafe","https://eatyourkimchi.com/wp-content/uploads/2016/08/blind-alley-raccoon-cafe-seoul-korea-8.jpg","HTTP 522"
"f8f1a7e8-a166-4194-beaf-3a8bbe67a82a","SlowMov","https://example.com/slowmov.jpg","HTTP 404"
"f8c73013-0ed4-44e9-8dde-8061da5f5efb","190 St. George Street","http://commons.wikimedia.org/wiki/Special:FilePath/Pointy.jpg","HTTP 429"
"f8b04b74-6e4e-47f1-8c67-30fb1672b0ab","Château de Pau","http://commons.wikimedia.org/wiki/Special:FilePath/Ch%C3%A2teau%20Pau%20Enceinte.jpg","HTTP 429"
"f8a3700a-7380-4368-ad3b-1377a9f49d29","Waldfriedhof Zlín","http://commons.wikimedia.org/wiki/Special:FilePath/Lesn%C3%AD%20h%C5%99bitov%20%28Zl%C3%ADn%29%2001.jpg","HTTP 429"
"f902b923-32cc-45cb-918f-178011e79e41","Rooms-katholieke begraafplaats Sint Martinuskerk","http://commons.wikimedia.org/wiki/Special:FilePath/Begraafplaats%20bij%20Leeuwarderweg%2083%2C%20Sneek.jpg","HTTP 429"
"f8b9ca4c-ae19-4e08-89aa-abfec21fb2d5","Paleis op de Meir","http://commons.wikimedia.org/wiki/Special:FilePath/Antwerpen%205.JPG","HTTP 429"
"f9070890-eca9-426d-b7e2-90a64a14f99d","Leinster House","http://commons.wikimedia.org/wiki/Special:FilePath/20130810%20dublin214.JPG","HTTP 429"
"f8c26e56-66bc-460d-8f58-175c45115e95","Moose Creek Ranger Cabin No. 19","http://commons.wikimedia.org/wiki/Special:FilePath/Moose%20Creek%20Shelter%20Cabin.jpg","HTTP 429"
"f8c20ff8-10db-4c19-9d87-18f7daf55cc0","Cimitero della Misericordia","http://commons.wikimedia.org/wiki/Special:FilePath/Cimitero%20della%20misericordia%2C%20ingresso%2001.JPG","HTTP 429"
"f90df1c2-f842-49c8-a59c-49ce1d99fdd3","Palais Lerchenfeld","http://commons.wikimedia.org/wiki/Special:FilePath/PalaisLerchenfeld.JPG","HTTP 429"
"f9169e42-a3e3-4dfd-bea3-8a35a2fa4fbf","Towada Art Center","http://commons.wikimedia.org/wiki/Special:FilePath/Towada%20art%20center.JPG","HTTP 429"
"f93a7da2-a12b-48f5-b92d-18a1637b1eb9","Condado Plaza Hilton","http://commons.wikimedia.org/wiki/Special:FilePath/San%20Juan%20-%20Ponce%20de%20Leon%20Hotel.jpg","HTTP 429"
"f93a3616-74ef-4525-b08c-8a1bfd7be3e9","Essars Communal Cemetery","http://commons.wikimedia.org/wiki/Special:FilePath/Essars%20Communal%20Cemetery-2.jpg","HTTP 429"
"f923cf00-f017-4b86-8372-55d903560c3f","Hamburg Dammtor station","http://commons.wikimedia.org/wiki/Special:FilePath/Hamburg-Bahnhof%20Dammtor.jpg","HTTP 429"
"f97f3798-d870-4d1b-95c3-fdfe81e81602","Vagankovo Cemetery","http://commons.wikimedia.org/wiki/Special:FilePath/Grave-filippov.jpg","HTTP 429"
"f9af8a60-fefa-41e7-9800-3d9ad200e822","St. Oswald in Eberstein","http://commons.wikimedia.org/wiki/Special:FilePath/Eberstein%20Pfarrkirche%20Sankt%20Oswald%2025122006%2005.jpg","HTTP 429"
"f96b3344-0c26-477e-80e8-8e8938dca467","Botin Centre","http://commons.wikimedia.org/wiki/Special:FilePath/Centro%20Bot%C3%ADn%20%2837578627575%29.jpg","HTTP 429"
"f960b220-48a5-4e29-8436-e800fffc6606","Poets' Corner","http://commons.wikimedia.org/wiki/Special:FilePath/View%20of%20Poets%27%20Corner%20in%20Westminster%20Abbey%2003.jpg","HTTP 429"
"f9917436-5fe6-41d1-a8d1-cb3d2178355f","Trellick Tower","http://commons.wikimedia.org/wiki/Special:FilePath/Trellick%20Tower%2002.JPG","HTTP 429"
"f985cb3d-0dbf-4afb-a93c-0c204946b15f","Far's Dreng","https://farsdreng.dk/wp-content/uploads/2022/10/fars-dreng-nansensgade-copenhagen-1-1024x683.jpg","getaddrinfo ENOTFOUND farsdreng.dk"
"fa1ddb60-69f4-45a9-8611-35fd84f7734e","El Bosc de les Fades","https://example.com/bosc.jpg","HTTP 404"
"fa0d7040-ca01-4edb-885b-395bc3e94ce2","Gabbanat el-Bagawat","http://commons.wikimedia.org/wiki/Special:FilePath/BagawatEntrance.jpg","HTTP 429"
"f9f61927-1ba4-4f76-9cdd-741d77c88bc7","Saint-Claude cemetery","http://commons.wikimedia.org/wiki/Special:FilePath/Cimeti%C3%A8re%20de%20Saint-Claude%20-%20Besan%C3%A7on.JPG","HTTP 429"
"f9dd710d-57ce-4070-9d14-a8c61efa04ef","World War I Cemetery nr 93 in Stróżówka","http://commons.wikimedia.org/wiki/Special:FilePath/93Strozowka3.jpg","HTTP 429"
"fa24297f-edb4-42a2-a38b-3a534b2235d9","Manila Cathedral","http://commons.wikimedia.org/wiki/Special:FilePath/Catedral%20de%20la%20Inmaculada%20Concepci%C3%B3n%2C%20Manila%2C%20Filipinas%2C%202023-08-26%2C%20DD%2021.jpg","HTTP 429"
"f9c706d3-eff8-44e8-9f29-6da390e9923a","Palacio de Exposiciones y Congresos","http://commons.wikimedia.org/wiki/Special:FilePath/Palacio%20Congresos%20Torremolinos.jpg","HTTP 429"
"f9c25103-144a-4098-9406-2de742becceb","Colonnade Hotel","http://commons.wikimedia.org/wiki/Special:FilePath/2013%20Colonnade%20or%20Gatewood%20Hotel%20Seattle.jpg","HTTP 429"
"f9b7ebfa-28a0-4eb5-b30e-54d8d07303f7","Meteren (Mont-des-Cats) Communal Cemetery","http://commons.wikimedia.org/wiki/Special:FilePath/Mont-des-cats%204.JPG","HTTP 429"
"f9e69cd6-afa6-4cea-89d0-408b2c6f950c","Immaculate Conception church in Horodenka","http://commons.wikimedia.org/wiki/Special:FilePath/Horodenka%20Kirche.JPG","HTTP 429"
"f9e41186-e822-4915-bdef-1db01bd08073","Hospital de San Pedro de los Naturales","http://commons.wikimedia.org/wiki/Special:FilePath/Hospital%20de%20San%20Pedro%20de%20los%20Naturales%20%28Madrid%29%2002.jpg","HTTP 429"
"fa3ecaec-df2e-4afc-ad5c-185dd848f95c","Chiang Mai PAO Park","https://img.vago.to/places/cover/v1/fa/3e/fa3ecaec-df2e-4afc-ad5c-185dd848f95c.jpg","HTTP 404"
"fa8b0eba-766f-4535-9b6e-a65beaeef1ae","Palacio de la Magdalena","http://commons.wikimedia.org/wiki/Special:FilePath/Palacio%20de%20la%20Magdalena.jpg","HTTP 429"
"fa48b5f1-afa4-4431-ab3e-2b3b662cc2a3","The Lowry","http://commons.wikimedia.org/wiki/Special:FilePath/LowryArtsCentre.JPG","HTTP 429"
"fa73bc49-c078-4f19-ab1c-85027d8b3592","Stuttgart Forest Cemetery","http://commons.wikimedia.org/wiki/Special:FilePath/Waldfriedhof%20Jungfrau%20mit%20Tr%C3%A4neschale%20Stilleben%201996.JPG","HTTP 429"
"fa60c18b-708e-4fe2-95e9-a370b5f7afe4","Palazzo Chiericati","http://commons.wikimedia.org/wiki/Special:FilePath/Palazzo%20Chiericati%20%28Vicenza%29.jpg","HTTP 429"
"fa885369-b346-47ad-9911-b1306a113efa","Kalantarov House","http://commons.wikimedia.org/wiki/Special:FilePath/%E1%83%9A.%20%E1%83%90%E1%83%A1%E1%83%90%E1%83%97%E1%83%98%E1%83%90%E1%83%9C%E1%83%98%E1%83%A1%20%E1%83%A5%E1%83%A3%E1%83%A9%E1%83%90%2027.jpg","HTTP 429"
"fa7b090b-4c8e-4494-9c9e-a3449b6ff133","Town Hall, Vilnius","http://commons.wikimedia.org/wiki/Special:FilePath/Vilniaus%20Rotuse%20by%20Augustas%20Didzgalvis.jpg","HTTP 429"
"fa69eb6f-5b9a-4eb1-9de4-9cfac4cd7f07","Wiesner building","http://commons.wikimedia.org/wiki/Special:FilePath/MIT%20Media%20Lab.jpg","HTTP 429"
"fa3b3384-d763-44a4-b929-31e1455ea0eb","Plaza de toros de la Malagueta","http://commons.wikimedia.org/wiki/Special:FilePath/M%C3%A1laga%20La%20Malagueta%2001.jpg","HTTP 429"
"fa363529-756c-4411-9e45-c31b7d102a21","23 Marina","http://commons.wikimedia.org/wiki/Special:FilePath/23%20Marina%20Under%20Construction%20on%2013%20June%202008.jpg","HTTP 429"
"fb114e48-eb2f-4f0d-aa0f-ad29696e4011","Linnahall","http://commons.wikimedia.org/wiki/Special:FilePath/Linnahall%202006.jpg","HTTP 429"
"faaa8ff6-751d-44ae-b5c5-cfb4037f309c","Bayside Acacia Cemetery, Queens","http://commons.wikimedia.org/wiki/Special:FilePath/Bayside%20Acacia%20Cemetery%20-%20DSCF8662.JPG","HTTP 429"
"fae20b1a-19d0-4aa2-a32a-f3386175f61f","Iset Tower","http://commons.wikimedia.org/wiki/Special:FilePath/Iset%20Tower.jpg","HTTP 429"
"fa93469b-6847-4b02-a5ca-70671b8a8a6c","Basilica of St. Vincent de Paul","http://commons.wikimedia.org/wiki/Special:FilePath/Iglesia%20de%20la%20Milagrosa%20%28Madrid%29%2003.jpg","HTTP 429"
"fb7c5ed5-c304-4105-9fb2-6059a5e5bc54","The Story Lifestyle Shop, Night Bazaar Branch","https://img.vago.to/places/cover/v1/fb/7c/fb7c5ed5-c304-4105-9fb2-6059a5e5bc54.jpg","HTTP 404"
"fb4a1b9c-3310-4253-abec-dc5f1b99ce78","Bear Pond Espresso","https://example.com/bear_pond.jpg","HTTP 404"
"fb4eda0b-3673-4e17-a53a-ea6e418ad761","Cine-Teatro de Albergaria-a-Velha","http://commons.wikimedia.org/wiki/Special:FilePath/Cine-Teatro%20Alba.jpg","HTTP 429"
"fb5bda87-5661-43c6-b8ff-b23156dee991","Woods Hill","http://commons.wikimedia.org/wiki/Special:FilePath/The%20shack%201%20%282%29.JPG","HTTP 429"
"fb5fd8f2-d7f2-448d-b533-b18df67ba080","West Norwood Cemetery","http://commons.wikimedia.org/wiki/Special:FilePath/West%20Norwood%20Cemetery.jpg","HTTP 429"
"fb75461d-16e4-4cc2-885a-54d222e30e09","Hauptfriedhof Stuttgart","http://commons.wikimedia.org/wiki/Special:FilePath/Hauptfriedhof%20Stuttgart%2C%20013.jpg","HTTP 429"
"fb9ff428-45cf-4a8b-8120-20626db1dd2a","Omotesando Koffee","https://livejapan.com/storage/article/1/20/16/1201601/1201601_main.jpg","HTTP 404"
"fbc3d2b0-64d2-45a5-929f-c6a2054e5086","Copp's Hill Burying Ground","http://commons.wikimedia.org/wiki/Special:FilePath/Copp%27s%20Hill%20Burying%20Ground%20%2836245p%29.jpg","HTTP 429"
"fbab9cba-80ef-4bbb-a7e4-c10187f0e562","Weltstadthaus","http://commons.wikimedia.org/wiki/Special:FilePath/Weltstadthaus%20K%C3%B6ln%20%C3%BCber%20der%20Nord-S%C3%BCd-Fahrt%20%283379-81%29.jpg","HTTP 429"
"fbd1576b-1778-4ce2-b573-34cdfc4982ea","Dr. Joseph Leidy House","http://commons.wikimedia.org/wiki/Special:FilePath/Dr.%20Joseph%20Leidy%20House%201319%20Locust%20Street%20from%20west.jpg","HTTP 429"
"fba99f5d-7739-43cb-9def-09b70ca4f026","chiesa di San Giovanni Battista","http://commons.wikimedia.org/wiki/Special:FilePath/Chiesa%20di%20San%20Giovanni%20Battista%2C%20Arzignano%20%28VI%29.jpg","HTTP 429"
"fc42186e-fcf0-4f8c-be2a-522bab27060f","Sugamo Jizodori Shopping Street","https://img.vago.to/places/cover/v1/fc/42/fc42186e-fcf0-4f8c-be2a-522bab27060f.jpg","HTTP 404"
"fc3d3c18-642a-4814-81c4-dfd920452a4f","Jewish Cemetery, Świdwin","http://commons.wikimedia.org/wiki/Special:FilePath/%C5%9Awidwi%C5%84ski%20kirkut%2C%20nieliczne%20z%20ocala%C5%82ych%20macew.jpg","HTTP 429"
"fc5c7c3a-6133-429f-90af-2bf29bde64af","Elmwood Cemetery","http://commons.wikimedia.org/wiki/Special:FilePath/Elmwood%20sign2.jpg","HTTP 429"
"fc304e2d-2a52-44bc-8e15-cf07362e2f35","Terrein waarin 5 grafheuvels","http://commons.wikimedia.org/wiki/Special:FilePath/VasserHeide%20panorama.jpg","HTTP 429"
"fc342b9e-f688-4df9-ac26-d16090fea008","Oslo Opera House","http://commons.wikimedia.org/wiki/Special:FilePath/Full%20Opera%20by%20night.jpg","HTTP 429"
"fc6d4207-8aa3-4b5d-98f3-07abbf2dc284","Grafheuvel #45180","http://commons.wikimedia.org/wiki/Special:FilePath/Grafheuvel%2045180.JPG","HTTP 429"
"fc3cda89-85f4-4910-bf26-d15f2a6ae119","Žižkova mohyla","http://commons.wikimedia.org/wiki/Special:FilePath/Zizkovo%20Pole%20CZ%20Jan%20Zizka%20memorial%20051.jpg","HTTP 429"
"fcd9f10f-92ec-4218-b353-8b5c3c434391","Hjortsberga 9:1","http://commons.wikimedia.org/wiki/Special:FilePath/Johannishus%20-%20KMB%20-%2016000700000049.jpg","HTTP 429"
"fceff5fa-75cc-496d-94bf-4bf6876dc169","West-Cappel Churchyard Cemetery","http://commons.wikimedia.org/wiki/Special:FilePath/West-Cappel%20Soldatenfriedhof%20502.jpg","HTTP 429"
"fca33dae-dd16-4554-bd9f-9d2cafc11300","Medinah Temple","http://commons.wikimedia.org/wiki/Special:FilePath/Medinah%20temple%20facade.jpg","HTTP 429"
"fcf01326-394d-4ee6-92fb-39f03344127e","Tokyo Fashion Town Building","http://commons.wikimedia.org/wiki/Special:FilePath/Tokyo%20Fashion%20Town%20Building%2C%20at%20Ariake%2C%20Koto%2C%20Tokyo%20%282019-01-01%29%2001.jpg","HTTP 429"
"fc977e91-f118-41f6-9a7a-5c4849492fa6","Soros","http://commons.wikimedia.org/wiki/Special:FilePath/Tumulus%20%28tomb%29%20in%20Marathon.jpg","HTTP 429"
"fcd2a4b1-2316-4434-9ea9-284b273b7f46","耶稣堂 (圣塞瓦斯蒂安)","http://commons.wikimedia.org/wiki/Special:FilePath/Iglesia%20de%20Iesu-Donostia-R.%20Moneo%20%285%29.JPG","HTTP 429"
"fcbd7b9b-9cfd-4dba-bc9b-e6f2e8f1b147","Beck's Reformed Church Cemetery","http://commons.wikimedia.org/wiki/Special:FilePath/Graveyard%20View%20with%20Beck%20Church%20in%20Background.jpg","HTTP 429"
"fcbae373-3e4a-4937-b789-83df11c339e8","Saint-Jean-de-Montmartre","http://commons.wikimedia.org/wiki/Special:FilePath/St%20Jean%20de%20Montmartre.jpg","HTTP 429"
"fd2abb3d-c889-407b-a04b-d4f5e69b7383","Beyeler Foundation","http://commons.wikimedia.org/wiki/Special:FilePath/Switzerland%20riehen%20fondation%20beyeler.jpg","HTTP 429"
"fd2040cc-43bd-461a-9231-84432534b38b","Mercat del Centre","http://commons.wikimedia.org/wiki/Special:FilePath/Mercat%20del%20Centre%2C%20l%27Hospitalet-1.JPG","HTTP 429"
"fd9dfa89-9df0-4222-99f0-d83fd4d87980","La Seine Musicale","http://commons.wikimedia.org/wiki/Special:FilePath/La%20Seine%20musicale%20at%20night.jpg","HTTP 429"
"fcff899c-7476-4b44-b5ba-c83d5388d7e0","Milwaukee Art Museum","http://commons.wikimedia.org/wiki/Special:FilePath/Milwaukee%20Art%20Museum%20exterior.jpg","HTTP 429"
"fd3b023e-08d2-4264-9644-1b5fabb57cc7","Willems cemetery","http://commons.wikimedia.org/wiki/Special:FilePath/Willems%20Communal%20Cemetery-7.jpg","HTTP 429"
"fd877588-3bed-48b9-9850-06218adaad9c","Frösö 59:2","http://commons.wikimedia.org/wiki/Special:FilePath/Fr%C3%B6s%C3%B6%20h%C3%B6g%2059%202.jpg","HTTP 429"
"fd899630-348d-4e30-918d-6a378ac1a7ab","Nécropole des Près-de-l'Eau","http://commons.wikimedia.org/wiki/Special:FilePath/Tumulus%20Pr%C3%A8s-de-l%27Eau%20%28Lacrost%29%201.jpg","HTTP 429"
"fd5b14f8-17dd-443e-aacc-93e9bee738ec","Church of the Apostols in Chełm","http://commons.wikimedia.org/wiki/Special:FilePath/Rsapost.JPG","HTTP 429"
"fd6f490f-7e5c-44b4-905b-8d86a763e439","Remuh Cemetery","http://commons.wikimedia.org/wiki/Special:FilePath/Old%20Jewish%20%28Remah%29%20Cemetery%20and%20Remah%20Synagogue%2C%2040%20Szeroka%20Street%2C%20Kazimierz%2C%20Krak%C3%B3w%2C%20Poland.jpg","HTTP 429"
"fd066411-da14-40c9-9594-5d57c15f9ce3","Cimitero Evangelico agli Allori","http://commons.wikimedia.org/wiki/Special:FilePath/Cimitero%20Evangelico%20Agli%20Allori%20II.jpg","HTTP 429"
"fdf6b1b1-ad00-46d6-8d83-1e4943cbda40","Sapporo Factory Hall","https://img.vago.to/places/cover/v1/fd/f6/fdf6b1b1-ad00-46d6-8d83-1e4943cbda40.jpg","HTTP 404"
"fdcb1027-5061-42b5-bbdc-0efcea3b7529","Lincliff","http://commons.wikimedia.org/wiki/Special:FilePath/Lincliff%20gates.jpg","HTTP 429"
"fdd5eeb8-4089-431a-8f9c-983e0cdded2d","Moscowa","http://commons.wikimedia.org/wiki/Special:FilePath/Mausoleum%20Moscowa%20Arnhem.JPG","HTTP 429"
"fe59c724-da90-47ae-b233-0828057e7c94","Kamukura Dotonbori","https://fastly.4sqi.net/img/general/600x600/44501649_gq06E5D5hX2n67FkY1l_wH9K-R2xUf9_Xy5c8_QkH4A.jpg","HTTP 404"
"fe24a39a-106c-43f1-8587-74b6f9fb8b3e","Mouko Tanmen Nakamoto","https://example.com/nakamoto_ramen.jpg","HTTP 404"
"fe5b2b02-a369-4841-9e31-89bb02553414","Vasile Alecsandri National Theatre Iași","http://commons.wikimedia.org/wiki/Special:FilePath/Romania%20Ia%C8%99i%20National%20Theatre.jpg","HTTP 429"
"fe2b4835-f505-4ce1-aaf9-a7834cc40c4b","Old Synagogue (Bonn)","http://commons.wikimedia.org/wiki/Special:FilePath/Bonn%20Synagoge%201880er.jpg","HTTP 429"
"fe2d87b0-cde7-445c-a031-fa4a33dce3b0","Nara Centennial Hall","http://commons.wikimedia.org/wiki/Special:FilePath/Nara%20Centennial%20Hall02s3872.jpg","HTTP 429"
"fe83eca7-0960-4926-a2f5-e2b8ad1133cf","The Museum of Modern Art, Gunma","http://commons.wikimedia.org/wiki/Special:FilePath/The%20Museum%20of%20Modern%20Art%2C%20Gunma.JPG","HTTP 429"
"fe5d4321-f8eb-43e0-90da-5cd36a35c831","Sailly-sur-la-Lys Churchyard","http://commons.wikimedia.org/wiki/Special:FilePath/Sailly-sur-la-Lys%20Churchyard-6.JPG","HTTP 429"
"fe93c13b-5fcd-4e91-a40d-db356479c838","Chauchilla Cemetery","http://commons.wikimedia.org/wiki/Special:FilePath/Nazca-chauchilla-c06.jpg","HTTP 429"
"fea5f58b-7087-4e43-a41f-5f311207e076","Metsakalmistu","http://commons.wikimedia.org/wiki/Special:FilePath/Kloostrimetsa%2C%20Tallinn%2C%20Estonia%20-%20panoramio%20%283%29.jpg","HTTP 429"
"ff1ffbe3-006f-417b-a862-185217dd29b2","The London Mosque","http://commons.wikimedia.org/wiki/Special:FilePath/Fazl%20Moschee.JPG","HTTP 429"
"ff1b0bf9-b45b-47f0-a3e1-c69163e08a10","Parish Cemetery","http://commons.wikimedia.org/wiki/Special:FilePath/%D0%93%D1%80%D0%BE%D0%B4%D0%B7%D0%B5%D0%BD%D1%81%D0%BA%D1%96%D1%8F%20%D0%B7%D0%B0%D0%BC%D0%B0%D0%BB%D1%91%D1%9E%D0%BA%D1%96%2001.jpg","HTTP 429"
"ff1dcf9d-f8a4-4560-9ddc-e172bd3ffa2e","Dresden Castle","http://commons.wikimedia.org/wiki/Special:FilePath/DD-Schloss-gp.jpg","HTTP 429"
"fead8541-5f71-4c7a-842a-c664eec8e3cb","Bohemian National Cemetery","http://commons.wikimedia.org/wiki/Special:FilePath/Bohemian%20National%20Cemetery.jpg","HTTP 429"
"fee827ab-ff9d-4b56-81e0-575b8a08c8fb","Trescault Communal Cemetery","http://commons.wikimedia.org/wiki/Special:FilePath/Trescault%20-%20Cimeti%C3%A8re%20de%20Trescault%20%2819%29.JPG","HTTP 429"
"fea23c03-8ab4-49e9-b214-cbcc58f33cd0","Col·legi d'Arquitectes","http://commons.wikimedia.org/wiki/Special:FilePath/Col%C2%B7legi%20d%27Arquitectes%20%28Tarragona%29%2001.jpg","HTTP 429"
"fee50648-9b88-4928-976e-ece069c6d4c6","Kriegsgräberstätte Reutti","http://commons.wikimedia.org/wiki/Special:FilePath/Kriegsgr%C3%A4berst%C3%A4tte%20Reutti%202025-05.jpg","HTTP 429"
"fea3e8b4-c263-4c3a-8cee-0df561fc1291","Nhow Amsterdam RAI","http://commons.wikimedia.org/wiki/Special:FilePath/NHOW%20Hotel%20Amsterdam%20RAI%20%281%29.jpg","HTTP 429"
"febffa37-71e4-44da-b108-3232c64b9f2a","United States Post Office","http://commons.wikimedia.org/wiki/Special:FilePath/US%20Post%20Office-Bath%20Oct%2009.JPG","HTTP 429"
"ff259c0a-12b5-4fd5-966f-1ce71491252e","World War I Cemetery nr 14 in Cieklin","http://commons.wikimedia.org/wiki/Special:FilePath/Cieklin%20cm%2014.jpg","HTTP 429"
"ff6fe102-b9e2-4c2d-ac34-d6cba28c50c4","Stirzenhofstraße 21","http://commons.wikimedia.org/wiki/Special:FilePath/Bad%20Godesberg%20Stirzenhofstra%C3%9Fe%2021%20%281%29.jpg","HTTP 429"
"ff817e1f-42bc-4a70-bdf5-b632c588dc90","Reformierter Friedhof","http://commons.wikimedia.org/wiki/Special:FilePath/Braunschweig%20Brunswick%20Ref-Friedhof%20diverse%20%282006%29.JPG","HTTP 429"
"ffc07f0a-1a4c-4d9b-bf5b-5ada67f5fa17","Church of the Annunciation","http://commons.wikimedia.org/wiki/Special:FilePath/Stoney%20Point-Church.JPG","HTTP 429"
"ff72b63d-b338-481c-b442-d50bb4f82e4b","Yarkand Khanate Royal Cemetery","http://commons.wikimedia.org/wiki/Special:FilePath/2015-09-12-105316%20-%20Friedhof%20beim%20Grabmal%20der%20Amann%20Shahan%20Isa%20Khan.jpg","HTTP 429"
"ffb6e793-0a1c-4bb3-9a10-8e3eb1e6d11f","Palazzina Cinese","http://commons.wikimedia.org/wiki/Special:FilePath/Palazzina%20cinese%200001.JPG","HTTP 429"
"ff28037f-9ab0-4bca-bd6f-2d3e559f343f","Fred Florence Hall","http://commons.wikimedia.org/wiki/Special:FilePath/Fred%20Florence%20Hall.JPG","HTTP 429"
"ff736bd2-f68d-4411-9eae-babfca51036e","Romanian Athenaeum","http://commons.wikimedia.org/wiki/Special:FilePath/Ateneo%20Rumano%2C%20Bucarest%2C%20Ruman%C3%ADa%2C%202016-05-29%2C%20DD%2073.jpg","HTTP 429"
"ff531b40-7c73-4d32-9528-f08551f567e5","56 Leonard Street","http://commons.wikimedia.org/wiki/Special:FilePath/56%20Leonard%20St%20New%20York%2028-02-2016%2011-28-31.JPG","HTTP 429"
"ff70a680-a215-4be9-9c12-839c9f81d8ae","Butovo Cemetery","http://commons.wikimedia.org/wiki/Special:FilePath/%D0%A1%D1%85%D0%B5%D0%BC%D0%B0%20%D0%91%D1%83%D1%82%D0%BE%D0%B2%D1%81%D0%BA%D0%BE%D0%B3%D0%BE%20%D0%BA%D0%BB%D0%B0%D0%B4%D0%B1%D0%B8%D1%89%D0%B0%202018%20%D0%B3%D0%BE%D0%B4.jpg","HTTP 429"
"fff393de-33bf-4928-9d01-b1959783762a","Casa das Histórias Paula Rego","http://commons.wikimedia.org/wiki/Special:FilePath/Casa%20das%20Hist%C3%B3rias%20Paula%20Rego.JPG","HTTP 429"
"ffe45a36-a59e-4895-a909-800993eb8df6","Meteren Communal Cemetery","http://commons.wikimedia.org/wiki/Special:FilePath/Meteren%20Communal%20Cemetery%201.jpg","HTTP 429"