name,latitude,longitude,description,city,country,address
'Minna no Mori' Gifu Media Cosmos,35.42744444,136.75994444,Wikidata: Q24861909,Nagoya,Japan,
"""Fluite"" building in Zelenograd",55.992401,37.217407,Wikidata: Q123059050,Zelenograd,Russia,
»Ziegelsteinhaus«,59.9477,10.5009,Wikidata: Q123118032,Bærum Municipality,Norway,
1 avenue Paul-Doumer,48.861651778,2.286046357,Wikidata: Q113314795,Paris,France,
1 Police Plaza,40.712202777,-74.001677777,Wikidata: Q4596012,New York,United States,
1/2 Baseina Street,50.442194444,30.522638888,Wikidata: Q73906306,Kyiv,Ukraine,
10 Downing Street,51.503333333,-0.127777777,Wikidata: Q169101,City of Westminster,United Kingdom,
10 Lafayette Square,42.89,-78.87,Wikidata: Q4546882,Buffalo,United States,
100 Eleventh Avenue,40.7461,-74.0078,Wikidata: Q16823802,New York City,United States,
100 North Main,35.1478,-90.0509,Wikidata: Q4546167,Memphis,United States,
101 California Street,37.792847,-122.397953,Wikidata: Q2536727,San Francisco,United States,
1095 Avenue of the Americas,40.7546,-73.9847,Wikidata: Q3286566,New York,United States,
11 West 54th Street,40.761611111,-73.976194444,Wikidata: Q106977642,New York,United States,
1101 New York Avenue,38.9003,-77.0275,Wikidata: Q4547248,"Washington, D.C.",United States,
111 West 57th Street,40.764888888,-73.9775,Wikidata: Q2631268,New York,United States,
1111 Lincoln Road,25.790728,-80.141042,Wikidata: Q170391,Miami Beach,United States,
116 John Street,40.70747,-74.00589,Wikidata: Q22329563,New York,United States,
1211 Avenue of the Americas,40.758611111,-73.982222222,Wikidata: Q2943880,New York,United States,
"122 Calle de Toledo, Madrid",40.405791666,-3.712419444,Wikidata: Q29529356,Madrid,Spain,
122 East 23rd Street,40.73935,-73.985493,Wikidata: Q40151610,New York,United States,
122 Leadenhall Street,51.5138,-0.0821,Wikidata: Q2742547,London,United Kingdom,
1221 Avenue of the Americas,40.759166666,-73.981666666,Wikidata: Q172811,New York,United States,
1270 Avenue of the Americas,40.760257467,-73.979836241,Wikidata: Q101084958,New York,United States,
1345 Avenue of the Americas,40.7631,-73.9788,Wikidata: Q3750408,New York,United States,
1411 Fourth Avenue Building,47.6094,-122.336,Wikidata: Q4549639,Seattle,United States,
1717 East Ninth Building,41.5021394,-81.6879576,Wikidata: Q4552487,Cleveland,United States,
1818 Market Street,39.953,-75.171,Wikidata: Q570717,Center City,United States,
190 St. George Street,43.6694,-79.4011,Wikidata: Q136222092,Toronto,Canada,
191 Peachtree Tower,33.7589,-84.3867,Wikidata: Q2746067,Atlanta,United States,
2 World Trade Center,40.712222222,-74.011111111,Wikidata: Q1127212,New York,United States,
21st Century Museum of Contemporary Art,36.5608,136.658,Wikidata: Q3242206,Hirosaka,Japan,
22 Bishopsgate,51.5145,-0.0829,Wikidata: Q18602,London,United Kingdom,
220 Central Park South,40.7671,-73.9802,Wikidata: Q15781036,Midtown Manhattan,United States,
23 Marina,25.089806,55.150611,Wikidata: Q216264,Dubai,United Arab Emirates,
24 Sussex Drive,45.444348,-75.693934,Wikidata: Q217304,Ottawa,Canada,
27 Wałowa Street in Gdańsk,54.358687954,18.654087689,Wikidata: Q112721886,Gdańsk,Poland,
270 Park Avenue,40.755833333,-73.975555555,Wikidata: Q1676687,New York,United States,
275 Madison Avenue,40.7512,-73.98001,Wikidata: Q108098815,New York,United States,
3 Grafheuvels,52.16949,5.93519,Wikidata: Q17453333,Apeldoorn,Netherlands,
3 Mickiewicza Street in Katowice,50.2605,19.0209,Wikidata: Q9268837,Katowice,Poland,
3 World Trade Center,40.710923,-74.011608,Wikidata: Q941908,New York,United States,
30 Hudson Yards,40.753967,-74.00075,Wikidata: Q15264266,New York City,United States,
30 Rockefeller Plaza,40.75897222,-73.97938889,Wikidata: Q680614,New York,United States,
330 West 42nd Street,40.757222,-73.991111,Wikidata: Q3303658,New York,United States,
333 North Michigan,41.888,-87.6242,Wikidata: Q2816206,Chicago,United States,
333 South Wabash,41.877416666,-87.625638888,Wikidata: Q961346,Chicago,United States,
383 Madison Avenue,40.755555555,-73.976944444,Wikidata: Q228242,New York,United States,
4 grafheuvels,51.97409,5.7924,Wikidata: Q17441250,Renkum,Netherlands,
4 Grafheuvels,51.96811,5.7029,Wikidata: Q17454797,Wageningen,Netherlands,
4 World Trade Center,40.71062,-74.012125,Wikidata: Q2593897,New York City,United States,
4 World Trade Center,40.7104,-74.0119,Wikidata: Q1351208,New York,United States,
40 Wall Street,40.706944444,-74.009722222,Wikidata: Q218305,New York,United States,
425 Park Avenue,40.760542,-73.971157,Wikidata: Q2631826,New York,United States,
432 Park Avenue,40.761666666,-73.971944444,Wikidata: Q233940,New York,United States,
48 Wall Street,40.706388888,-74.009166666,Wikidata: Q630074,New York,United States,
51 Astor Place,40.73027778,-73.99027778,Wikidata: Q29469890,,United States,
520 West 28th Street,40.7512,-74.0027,Wikidata: Q29469309,New York,United States,
53W53,40.761666666,-73.978333333,Wikidata: Q2446907,New York,United States,
55 Timeless,25.033361111,121.596247222,Wikidata: Q85882694,Taipei,Taiwan,
55 Water Street,40.70306,-74.00925,Wikidata: Q244114,New York,United States,
550 Madison Avenue,40.761388888,-73.973333333,Wikidata: Q1477826,New York,United States,
56 Leonard Street,40.7177,-74.0064,Wikidata: Q244358,New York,United States,
580 California Street,37.7929,-122.404,Wikidata: Q2817725,San Francisco,United States,
60 Wall Street,40.70626,-74.0085,Wikidata: Q247887,New York,United States,
7 World Trade Center,40.7133,-74.012,Wikidata: Q270066,,,
70 Pine Street,40.706388888,-74.0075,Wikidata: Q262041,,,
70 St Mary Axe,51.515361111,-0.079333333,Wikidata: Q80201655,London,United Kingdom,
731 Lexington Avenue,40.761805555,-73.968,Wikidata: Q875078,Midtown Manhattan,United States,
8 Spruce Street,40.710922,-74.005686,Wikidata: Q274916,New York,United States,
860–880 Lake Shore Drive Apartments,41.898611,-87.618611,Wikidata: Q273155,Chicago,United States,
875 North Michigan Avenue,41.898889,-87.623056,Wikidata: Q217727,Chicago,United States,
88 Wood Street,51.5153,-0.095,Wikidata: Q4645063,London,United Kingdom,
90 Church Street,40.71271,-74.01064,Wikidata: Q4645629,New York,United States,
909 Walnut,39.1033,-94.5818,Wikidata: Q4645620,Kansas City,United States,
960 Fifth Avenue,40.775733,-73.964277,Wikidata: Q40151582,New York,United States,
A. E. Larson Building,46.6022,-120.504,Wikidata: Q14713581,Yakima,United States,
A.M.V.J. building,52.362944444,4.8795,Wikidata: Q21707612,Amsterdam,Netherlands,
Aachen Cathedral,50.77475,6.083922222,Wikidata: Q5908,Aachen-Mitte,Germany,
Aachen East Cemetery,50.7763,6.10717,Wikidata: Q2035472,Aachen,Germany,
Abbey Church of St. Anna,48.140221586,11.585904653,Wikidata: Q875536,Schwabing-Freimann,Germany,
ABC Serrano,40.432241666,-3.686880555,Wikidata: Q5817981,Salamanca,Spain,
Abel Tasmanschool,53.33121,6.9215,Wikidata: Q1919469,Eemsdelta,Netherlands,
Abeno Harukas,34.645947222,135.514266666,Wikidata: Q16318627,,,
Abney Park Cemetery,51.5649,-0.0781,Wikidata: Q124369,London Borough of Hackney,United Kingdom,
Abraj Al Bait,21.418888888,39.826388888,Wikidata: Q189476,Mecca,Saudi Arabia,
Abteiberg Museum,51.192778,6.433056,Wikidata: Q206346,Mönchengladbach,Germany,
Abu Rawash,30.032222222,31.074722222,Wikidata: Q335278,Kerdasa,Egypt,
Abulfazlil Abbas Mosque,40.651973335,47.738793829,Wikidata: Q110104543,Goychay,Azerbaijan,
Abusir,29.896111111,31.203611111,Wikidata: Q336098,Markaz al Badrashayn,Egypt,
Abydos,26.185167,31.918889,Wikidata: Q192268,Sohag Governorate,Egypt,
Academie Brochu,42.079444,-72.038056,Wikidata: Q4671318,Southbridge,United States,
Academiesingel lighthouse,51.593138888,4.778166666,Wikidata: Q42303960,Breda,Netherlands,
Achiet-le-Grand Communal Cemetery,50.1365,2.7756,Wikidata: Q2168563,Achiet-le-Grand,France,
Achiet-le-Petit Communal Cemetery,50.122252,2.756849,Wikidata: Q2289520,Achiet-le-Petit,France,
Ada Arts and Heritage Center,34.771053,-96.676472,Wikidata: Q346270,Ada,United States,
Adam P. Leighton House,43.651111,-70.276111,Wikidata: Q4679576,Portland,United States,
Adamson House,34.034444,-118.678333,Wikidata: Q4680503,Malibu,United States,
Adina Mosque,25.15255737,88.16423798,Wikidata: Q357320,West Bengal,India,
"Administration Building, Treasure Island",37.816944,-122.370278,Wikidata: Q4683413,San Francisco,United States,
Admiralty building in Saint Petersburg,59.937458333,30.30855,Wikidata: Q359185,Second Admiral Island,Russia,
Adolfo Alsina town hall,-37.180333,-62.761194,Wikidata: Q58864279,Adolfo Alsina Partido,Argentina,
Adolfo Gonzales Chaves municipal market,-38.03375,-60.098417,Wikidata: Q60537809,Adolfo Gonzales Chaves Partido,Argentina,
Adolfo Gonzales Chaves town hall,-38.032833,-60.098528,Wikidata: Q58864200,Adolfo Gonzales Chaves Partido,Argentina,
African Cemetery No. 2,38.050139,-84.478056,Wikidata: Q180624,Lexington,United States,
"Afrikahuis, Amsterdam",52.352889,4.897762,Wikidata: Q28922920,Amsterdam,Netherlands,
Agape Centro Ecumenico,44.892507,7.054158,Wikidata: Q3606344,Prali,Italy,
Agecroft Cemetery,53.5098,-2.29431,Wikidata: Q4691940,Pendlebury,United Kingdom,
Agenville Churchyard,50.164908,2.099312,Wikidata: Q2029134,Agenville,France,
Agnez-les-Duisans Communal Cemetery,50.30444,2.660086,Wikidata: Q1913158,Agnez-lès-Duisans,France,
Ahavas Chesed Cemetery,30.6708,-88.0622,Wikidata: Q4695021,Alabama,United States,
Ahrensfelde East Churchyard,52.585,13.5731,Wikidata: Q1277986,Ahrensfelde,Germany,
Ahwahnee Hotel,37.745744,-119.574186,Wikidata: Q4696448,Yosemite Village,United States,
Aiboa,43.343889,-3.002778,Wikidata: Q3035014,Getxo,Spain,
Aiken Colored Cemetery,33.5704,-81.7242,Wikidata: Q4696931,Aiken,United States,
Ainola,60.454514,25.08639,Wikidata: Q151782,Järvenpää,Finland,
Akhisar Stadium,38.9209,27.8118,Wikidata: Q17508044,Akhisar,Turkey,
Al Bahr Towers,24.456611111,54.400861111,Wikidata: Q15707433,Abu Dhabi,United Arab Emirates,
Al Faisaliah Centre,24.690277777,46.685277777,Wikidata: Q2303314,Riyadh,Saudi Arabia,
Al Hamra Tower,29.378611111,47.992777777,Wikidata: Q557933,,,
Al-Akbar Mosque,-7.336543,112.715243,Wikidata: Q13094984,Surabaya,Indonesia,
Al-Baqi',24.466944444,39.616388888,Wikidata: Q154204,Medina,Saudi Arabia,
Alabama State Capitol,32.377447222,-86.300941666,Wikidata: Q473393,Alabama,United States,
Albanifriedhof,51.531938888,9.94195,Wikidata: Q2637231,Göttingen,Germany,
Albany Rural Cemetery,42.706667,-73.735556,Wikidata: Q1790095,Menands,United States,
Aldershot Military Cemetery,51.2553,-0.746944,Wikidata: Q4713728,Rushmoor,United Kingdom,
Ale's Stones,55.3827,14.0544,Wikidata: Q686510,Ystad Municipality,Sweden,
Alexa,52.5192,13.4156,Wikidata: Q322847,Bezirk Mitte,Germany,
Alexander K. McClure School,40.015,-75.1381,Wikidata: Q4719270,Philadelphia,United States,
Alexander Nevsky Cathedral,59.435833333,24.739444444,Wikidata: Q568214,,,
Alexander Nevsky Cathedral,42.695838888,23.332969444,Wikidata: Q43282,,,
"Alexander Nevsky Cathedral, Paris",48.877558333,2.301991666,Wikidata: Q1493222,Paris,France,
Alexeevskoe Cemetery,55.818380555,37.643733333,Wikidata: Q4061925,Moscow,Russia,
Alexis Palace,59.928055555,30.283416666,Wikidata: Q1620227,Saint Petersburg,Russia,
Alfonse M. D'Amato United States Courthouse,40.7596,-73.1906,Wikidata: Q4721975,Central Islip,United States,
Alfred Butters House,39.73433,-104.98135,Wikidata: Q133733173,Denver,United States,
Alfred H. and Sarah Frahm House,41.45398,-96.02803,Wikidata: Q64877757,Fort Calhoun,United States,
Algemene Begraafplaats Crooswijk: grafheuvel met kwadrant en rotonde,51.93833,4.48927,Wikidata: Q17457097,Rotterdam,Netherlands,
Algemene Begraafplaats Hofwijk,51.95778,4.4,Wikidata: Q2196395,Rotterdam,Netherlands,
Algemene Begraafplaats Meppelerstraatweg,52.518333,6.1075,Wikidata: Q2013113,Zwolle,Netherlands,
Algemene Begraafplaats Montfoort,52.043167,4.944911,Wikidata: Q2210097,Montfoort,Netherlands,
Algemene Begraafplaats Schoonebeek,52.660297,6.882569,Wikidata: Q2208609,Emmen,Netherlands,
Algiers Central Post Office,36.773056,3.059444,Wikidata: Q3115007,Algiers,Algeria,
Algorta,43.350847222,-3.009513888,Wikidata: Q3124553,Getxo,Spain,
All Saints Church in Hodovytsia,50.2794,24.5394,Wikidata: Q11155330,Hodovytsia,Ukraine,
Allegheny Cemetery,40.4725,-79.95,Wikidata: Q1271094,Pittsburgh,United States,
"Allerheiligenkirche, Graz",47.0658,15.385,Wikidata: Q2648545,Graz,Austria,
Allerton Cemetery,53.35981,-2.87597,Wikidata: Q4732137,Liverpool,United Kingdom,
Alley of Honor,40.361944444,49.820833333,Wikidata: Q2671033,Baku,Azerbaijan,
Allonville Communal Cemetery,49.94118,2.369244,Wikidata: Q2666049,Allonville,France,
Almaty International Airport,43.351944444,77.040555555,Wikidata: Q858844,,,
Almudena Cathedral,40.415556,-3.714444,Wikidata: Q849711,,,
Alpenzoo,47.2823,11.40061,Wikidata: Q116619712,Innsbruck,Austria,
Alta Mesa Memorial Park,37.3983,-122.129,Wikidata: Q2477691,Palo Alto,United States,
Altare della Patria,41.894722222,12.483055555,Wikidata: Q506234,Rome,Italy,
Alte Synagoge,50.0833,8.23695,Wikidata: Q436316,Wiesbaden,Germany,
Alte Synagoge,49.14,9.22181,Wikidata: Q436308,Heilbronn,Germany,
"Alter Annenfriedhof, Dresden",51.0359,13.7129,Wikidata: Q437721,Dresden,Germany,
Alter Friedhof,51.1041,13.639,Wikidata: Q437897,Radebeul,Germany,
Alter Friedhof,49.145,9.22755,Wikidata: Q437892,Heilbronn,Germany,
Alter Friedhof,49.134,9.1947,Wikidata: Q437867,Heilbronn,Germany,
Alter Friedhof,48.0007,7.85696,Wikidata: Q437887,Freiburg im Breisgau,Germany,
Alter Friedhof,50.0896,8.23133,Wikidata: Q437906,Wiesbaden,Germany,
Alter Friedhof,50.6408,7.22596,Wikidata: Q437863,Bad Honnef,Germany,
Alter Friedhof (Baiertal),49.3007,8.73773,Wikidata: Q437864,Wiesloch,Germany,
Alter Friedhof (Dirmstein),49.5632,8.2593,Wikidata: Q437870,Dirmstein,Germany,
Alter Friedhof Herford,52.11157,8.668073,Wikidata: Q437910,Herford,Germany,
Alter Friedhof Langerfeld,51.2745,7.24536,Wikidata: Q438238,Wuppertal,Germany,
Alter Friedhof Oberursel,50.196,8.59169,Wikidata: Q437916,Oberursel (Taunus),Germany,
Alter Friedhof Rüggeberg,51.2665,7.38493,Wikidata: Q437918,Ennepetal,Germany,
Alter Friedhof Segeroth,51.4669,6.99806,Wikidata: Q437922,Essen,Germany,
Alter Garnisonfriedhof Berlin,52.528333333,13.404166666,Wikidata: Q437929,Bezirk Mitte,Germany,
Alter Hammer Friedhof,53.55591667,10.05713889,Wikidata: Q437953,Hamburg-Mitte,Germany,
Alter Jüdischer Friedhof Eisenstadt,47.8471,16.5145,Wikidata: Q437987,Eisenstadt,Austria,
Alter Katholischer Friedhof,51.0603,13.7193,Wikidata: Q317663,Dresden,Germany,
Alter Nordfriedhof,48.1537,11.5702,Wikidata: Q438119,Munich,Germany,
Alter St.-Matthäus-Kirchhof Berlin,52.490277777,13.366944444,Wikidata: Q438183,Tempelhof-Schöneberg,Germany,
Alter St.-Nikolai-Friedhof,52.3786,9.73222,Wikidata: Q438184,Mitte,Germany,
Altmannsdorfer Friedhof,48.165277777,16.327222222,Wikidata: Q442555,Meidling,Austria,
Alto de São João Cemetery,38.730236,-9.12178,Wikidata: Q1053349,Penha de França,Portugal,
Altria Theater,37.5462,-77.4522,Wikidata: Q6484803,Richmond,United States,
Altstadt,47.2711,11.39535,Wikidata: Q28714993,Innsbruck,Austria,
Amalfi Cathedral,40.63444444,14.60305556,Wikidata: Q686306,Amalfi,Italy,
Amalienborg,55.684027777,12.593333333,Wikidata: Q211053,Copenhagen Municipality,Denmark,
Ambleteuse Communal Cemetery,50.8087,1.6085,Wikidata: Q2190300,Ambleteuse,France,
Amdavad ni Gufa,23.03611111,72.54944444,Wikidata: Q1744232,Ahmedabad,India,
Amherst West Cemetery,42.379167,-72.518611,Wikidata: Q4746056,Amherst,United States,
Amisos Hill,41.31888889,36.32305556,Wikidata: Q19610508,Atakum district,Turkey,
Amory House,42.8939,-72.1,Wikidata: Q15991670,Dublin,United States,
Amos G. Winter House,44.95916667,-70.16027778,Wikidata: Q25000246,Kingfield,United States,
Amsterdam Central station,52.37895,4.90016,Wikidata: Q50719,Amsterdam,Netherlands,
Anchorage Memorial Park,61.2152,-149.876,Wikidata: Q4752726,Anchorage,United States,
ancien presbytère de Sainte-Monique-des-Saules,46.811837,-71.3213201,Wikidata: Q134500872,Quebec City,Canada,
Ancient Burying Ground,41.654722,-70.343889,Wikidata: Q4752808,Barnstable,United States,
Anderson–Frank House,27.939167,-82.463333,Wikidata: Q4754011,Tampa,United States,
Andersons Bay Cemetery,-45.9044,170.534,Wikidata: Q4754247,Dunedin City,New Zealand,
Andersonville National Historic Site,32.194722222,-84.128888888,Wikidata: Q491712,Andersonville,United States,
Ando Conference Pavilion,47.601093,7.62017,Wikidata: Q54989344,Weil am Rhein,Germany,
Andrew Melville Hall,56.3406,-2.8175,Wikidata: Q4758008,Fife,United Kingdom,
"Andrew Melville Hall, University of St Andrews, North Haugh",56.3405,-2.81741,Wikidata: Q17570697,Fife,United Kingdom,
"Andrieskerk, Amsterdam",52.331861111,4.868111111,Wikidata: Q20982460,Amsterdam,Netherlands,
AnfaPlace Mall,33.598055555,-7.666944444,Wikidata: Q23002011,Casablanca,Morocco,
Anfield,53.430833333,-2.960833333,Wikidata: Q45671,,,
Anfield Cemetery,53.43874,-2.95833,Wikidata: Q4761788,Liverpool,United Kingdom,
Angelus-Rosedale Cemetery,34.042,-118.298,Wikidata: Q4763115,Los Angeles,United States,
Anichkov Palace,59.932777777,30.339722222,Wikidata: Q187333,Tsentralny District,Russia,
Annappes Churchyard,50.627993,3.149816,Wikidata: Q2729226,Annappes,France,
Annezin Communal Cemetery,50.5408,2.6045,Wikidata: Q2685726,Annezin,France,
Annœullin cemetery,50.52455,2.942453,Wikidata: Q2211805,Annœullin,France,
Anoka Post Office,45.197778,-93.386944,Wikidata: Q4769887,Anoka,United States,
Anor Communal Cemetery,49.992886,4.105154,Wikidata: Q1944186,Anor,France,
Anshei Sphard Beth El Emeth Congregation,35.1344,-89.8708,Wikidata: Q4770669,Tennessee,United States,
Antakalnis Cemetery,54.698787,25.320954,Wikidata: Q1457300,Vilnius City Municipality,Lithuania,
Anthony Overton Elementary School,41.80555556,-87.62055556,Wikidata: Q85741984,Chicago,United States,
Antic escorxador municipal,41.3789,2.04094,Wikidata: Q17587035,Sant Feliu de Llobregat,Spain,
Antic Mercat Municipal del Masnou,41.47847,2.31596,Wikidata: Q26235019,El Masnou,Spain,
"Antigua Central Termoeléctrica, Málaga",36.719770525,-4.410602151,Wikidata: Q54820877,Centro (District 1),Spain,
Antiguo Colegio Máximo de la Compañía de Jesús,37.193332437,-3.595950077,Wikidata: Q43117150,Granada,Spain,
Antioch Missionary Baptist Church Cemetery,34.393611,-91.983889,Wikidata: Q4775025,Jefferson County,United States,
"Antonius van Paduakerk (Vianen, North Brabant)",51.718091666,5.857188888,Wikidata: Q131152182,Land van Cuijk,Netherlands,
Antwerp-Central railway station,51.216944444,4.421111111,Wikidata: Q800398,Antwerp,Belgium,
Anundshög,59.63055556,16.64472222,Wikidata: Q612476,Västerås Municipality,Sweden,
Anvin Churchyard,50.445577,2.257745,Wikidata: Q4461430,Anvin,France,
Anzeiger-Hochhaus,52.3769,9.73139,Wikidata: Q614321,Mitte,Germany,
AON Hanoi Landmark Tower,21.01732222,105.78405278,Wikidata: Q609140,Mễ Trì,Vietnam,
Aoyama Cemetery,35.666666666,139.722222222,Wikidata: Q1036028,Tokyo,Japan,
Apartment house of Chirikov (Rostov-on-Don),47.223981,39.706362,Wikidata: Q16646137,Budenovsky avenue in Rostov-on-Don,Russia,
"Apollolaan 166, Amsterdam",52.345685,4.871131,Wikidata: Q17292419,Amsterdam,Netherlands,
Apple Piazza Liberty,45.465426,9.194087,Wikidata: Q56328172,Milan,Italy,
Appomattox Court House National Historical Park cemeteries,37.3786,-78.7964,Wikidata: Q4781657,Virginia,United States,
Aqua,41.886497,-87.619711,Wikidata: Q622895,Cook County,United States,
Arbed SA Hauptverwaltung,49.4988,5.9881,Wikidata: Q119215281,Esch-sur-Alzette,Luxembourg,
Archbasilica of St. John Lateran,41.885905555,12.506155555,Wikidata: Q84090,Rome,Italy,
"Archcathedral Basilica of St. Stanislaus Kostka, Łódź",51.748819444,19.459608333,Wikidata: Q1140861,Katedralna,Poland,
Ard Eevin,34.176944444,-118.270277777,Wikidata: Q26955589,California,United States,
Ardennes American Cemetery and Memorial,50.547430555,5.465430555,Wikidata: Q638977,Neupré,Belgium,
Areeta,43.326111,-3.009722,Wikidata: Q3034948,Getxo,Spain,
Arena Amazônia,-3.083056,-60.028056,Wikidata: Q641527,,,
Arena AufSchalke,51.554502777,7.067588888,Wikidata: Q150961,,,
Arena Cidade da Copa,-8.040555555,-35.008333333,Wikidata: Q1362211,,,
Arena Civica,45.475463,9.178544,Wikidata: Q1088761,Milan,Italy,
Arena da Baixada,-25.448333,-49.276944,Wikidata: Q606803,,,
Arena Lviv,49.775278055,24.027778055,Wikidata: Q215399,,,
Argoules Communal Cemetery,50.336724,1.830791,Wikidata: Q2549487,Argoules,France,
Arleux-du-Nord Communal Cemetery,50.282061,3.111524,Wikidata: Q2043492,Arleux,France,
Arlington National Cemetery,38.878087,-77.068769,Wikidata: Q216344,Arlington County,United States,
Arlington Town Hall,42.415897769,-71.156377673,Wikidata: Q133154812,Arlington,United States,
Armazéns Grandella,38.711734771,-9.139493942,Wikidata: Q679969,Santa Maria Maior,Portugal,
Armenian Cemetery,55.766522222,37.553722222,Wikidata: Q685338,Presnensky District,Russia,
"Armenian cemetery in Hyderabad, India",17.341028,78.48972,Wikidata: Q4793252,Hyderabad,India,
Armenian Cemetery in Julfa,38.974172222,45.564802777,Wikidata: Q2471315,Julfa,Azerbaijan,
Armenian cemetery of Khojivanq,41.698422222,44.818630555,Wikidata: Q4793209,Tbilisi,Georgia,
Armenian Church of the Holy Nazareth,22.579,88.351,Wikidata: Q3585462,"Ward No. 45, Kolkata Municipal Corporation",India,
Arneke Churchyard,50.831693,2.411787,Wikidata: Q2753479,Arnèke,France,
Arney's Mount Friends Meetinghouse and Burial Ground,40.0092,-74.6972,Wikidata: Q4794742,Springfield Township,United States,
Arnold Burying Ground,41.4861,-71.3119,Wikidata: Q4794987,Rhode Island,United States,
Arnos Vale Cemetery,51.44,-2.5675,Wikidata: Q4795375,City of Bristol,United Kingdom,
Arras Communal Cemetery,50.289373,2.794034,Wikidata: Q2689827,Arras,France,
Arry Communal Cemetery,50.273333,1.718338,Wikidata: Q2216665,Arry,France,
Arsenal Stadium,51.557696,-0.102966,Wikidata: Q205309,,,
Arshakuni Palace,41.7014,44.793,Wikidata: Q42630542,Mtatsminda District,Georgia,
Arskoe cemetery,55.793333333,49.155833333,Wikidata: Q4070070,Waxitof City District,Russia,
Art Institute of Chicago building,41.8796,-87.6237,Wikidata: Q4796889,Chicago,United States,
Arthur C. and Mary S.A. Nash House,35.91388889,-79.04527778,Wikidata: Q48839549,Chapel Hill,United States,
Arthur Street Cemetery,-45.8733,170.494,Wikidata: Q4800382,Dunedin City,New Zealand,
Artificial Mountain of Buen Retiro,40.421108,-3.680558,Wikidata: Q104248079,Madrid,Spain,
Artillery Park,41.496397,-71.374692,Wikidata: Q4801143,Jamestown,United States,
Arts Centre Melbourne,-37.820277777,144.968333333,Wikidata: Q4801443,City of Melbourne,Australia,
Ås 14:1,63.235179,14.538876,Wikidata: Q29380669,Krokom Municipality,Sweden,
Ås 15:2,63.234563,14.539713,Wikidata: Q29380671,Krokom Municipality,Sweden,
Ås Abbey,57.225303,12.220417,Wikidata: Q1478626,Varberg Municipality,Sweden,
Ascq Communal Cemetery,50.619063,3.165969,Wikidata: Q1893713,Villeneuve-d'Ascq,France,
Ashford Designer Outlet,51.136388888,0.8775,Wikidata: Q4804999,Ashford,United Kingdom,
Ashmolean Museum,51.75556,-1.26056,Wikidata: Q636400,,,
"Asilo de Convalecientes, Madrid",40.437897222,-3.697077777,Wikidata: Q5708305,Almagro,Spain,
Aşiyan Asri Cemetery,41.0825,29.055277777,Wikidata: Q4833524,Beşiktaş,Turkey,
Askold's Grave,50.44388889,30.55138889,Wikidata: Q2994456,Kyiv,Ukraine,
Assens Tumulus,46.61144,6.63321,Wikidata: Q3542045,Assens,Switzerland,
Assistens Cemetery,55.691111111,12.548888888,Wikidata: Q742670,Copenhagen Municipality,Denmark,
Astana Cemetery,42.88155,89.52711389,Wikidata: Q746537,Turpan,China,
Astrabudua,43.314722,-2.986944,Wikidata: Q3035003,Greater Bilbao,Spain,
AT&T Stadium,32.74769,-97.09288,Wikidata: Q838284,,,
Ata-Beyit,42.723117,74.593655,Wikidata: Q20622014,Süymönkul Çokmorov,Kyrgyzstan,
Atalaya Castle,33.513889,-79.085278,Wikidata: Q4812699,Georgetown County,United States,
Athenaeum,62.237667,25.734222,Wikidata: Q28464253,Jyväskylä,Finland,
Athenaeum,35.614161,-87.041394,Wikidata: Q4813390,Tennessee,United States,
Athies Communal Cemetery,50.303715,2.836207,Wikidata: Q3265457,Athies,France,
Atlantis House,53.0748,8.80547,Wikidata: Q1589900,Mitte,Germany,
Atocha Railway Station,40.4075,-3.691666666,Wikidata: Q23093,Madrid,Spain,
Atocha-Cercanías,40.40596,-3.68876,Wikidata: Q2842655,Madrid,Spain,
Au-Friedhof,47.549694444,7.948527777,Wikidata: Q758357,Bad Säckingen,Germany,
Auberge d'Italie,35.89646,14.51128,Wikidata: Q16863312,Valletta,Malta,
Aubers Ridge British Cemetery,50.589402,2.836421,Wikidata: Q658901,Aubers,France,
Aubigny-au-Bac Communal Cemetery,50.264177,3.158709,Wikidata: Q2219207,Aubigny-au-Bac,France,
Auby Communal Cemetery,50.409462,3.050491,Wikidata: Q2499624,Auby,France,
Auchonvillers Communal Cemetery,50.078452,2.632931,Wikidata: Q2308542,Auchonvillers,France,
Auditorio de Tenerife,28.456067,-16.251278,Wikidata: Q28964,Santa Cruz de Tenerife,Spain,
Auditorium del Parco,42.353517,13.402604,Wikidata: Q3629510,L'Aquila,Italy,
Auditorium Niccolò Paganini,44.801618,10.343205,Wikidata: Q3629506,Parma,Italy,
Audrey Jones Beck Building,29.7251,-95.3895,Wikidata: Q107317766,Texas,United States,
Augsburg Protestant Cemetery,48.354,10.9003,Wikidata: Q204223,Augsburg,Germany,
Aukštųjų Rusokų pilkapynas,54.80833333,25.20222222,Wikidata: Q16444856,Avižieniai Eldership,Lithuania,
Auld Aisle Cemetery,55.9324,-4.1384,Wikidata: Q4821737,East Dunbartonshire,United Kingdom,
Ausstellungsgebäude Sammlung Goetz,48.1661,11.6231,Wikidata: Q114496506,,Germany,
Austin City Hall,30.2649,-97.7472,Wikidata: Q39070904,Austin,United States,
Australian War Memorial,-35.280815,149.148707,Wikidata: Q782783,Canberra,Australia,
Austrian Parliament Building,48.20805,16.3587,Wikidata: Q702121,Innere Stadt,Austria,
Austrian Postal Savings Bank,48.21,16.3803,Wikidata: Q877570,Innere Stadt,Austria,
Auteuil Cemetery,48.8411,2.25944,Wikidata: Q2972508,Paris,France,
Auto Posto Clube dos 500,-22.78805988,-45.156405482,Wikidata: Q122751246,Guaratinguetá,Brazil,
Avalon Cemetery,-26.29638889,27.86222222,Wikidata: Q4827565,Soweto,South Africa,
Avelin cemetery,50.539687,3.078194,Wikidata: Q1879063,Avelin,France,
Aviva Stadium,53.334956,-6.228253,Wikidata: Q244402,,,
Awaji Yumebutai,34.56148,135.00878,Wikidata: Q2960179,Kobe,Japan,
Ayer–Shea House,45.528889,-122.688611,Wikidata: Q4831199,Portland,United States,
Azabudai Hills Mori JP Tower,35.660992329,139.740386009,Wikidata: Q109703244,Tokyo,Japan,
Azerbaijan State Academic Opera and Ballet Theater,40.374701,49.845397,Wikidata: Q48623,Baku,Azerbaijan,
B'nai Israel Synagogue and Montefiore Cemetery,47.91616667,-97.03286111,Wikidata: Q4833617,Grand Forks,United States,
Bab al-Saghir Cemetery,33.504307,36.303648,Wikidata: Q96372940,Damascus,Syria,
Babaoshan Revolutionary Cemetery,39.907736111,116.235963888,Wikidata: Q838166,Laoshan Subdistrict,China,
Back Creek Presbyterian Church and Cemetery,35.650833,-80.706667,Wikidata: Q4839084,North Carolina,United States,
Bäckerbichl,47.966311111,11.203019444,Wikidata: Q28732829,Andechs,Germany,
Bad Honnef-Rhöndorf Forest Cemetery,50.6627,7.21845,Wikidata: Q2541510,Bad Honnef,Germany,
Baensch House,52.503298,13.185536,Wikidata: Q61767983,Spandau,Germany,
Bagsværd Church,55.7618,12.4445,Wikidata: Q800141,Gladsaxe Municipality,Denmark,
Baikove Cemetery,50.416666666,30.505833333,Wikidata: Q2630252,Holosiiv Raion,Ukraine,
Bailly Cemetery,41.632777777,-87.090833333,Wikidata: Q4848474,Indiana,United States,
Bains-douches Castagnary,48.833958336,2.309211276,Wikidata: Q108783845,Paris,France,
Baitul Mukarram National Mosque,23.72944444,90.41222222,Wikidata: Q804009,Dhaka,Bangladesh,
Bajus Churchyard,50.421633,2.483001,Wikidata: Q4280809,Bajus,France,
Bakersfield National Cemetery,35.2554,-118.668,Wikidata: Q4849305,Kern County,United States,
Balham tube station,51.443418,-0.153179,Wikidata: Q579345,London Borough of Wandsworth,United Kingdom,
Balmoral Castle,57.0407,-3.23016,Wikidata: Q42049,Aberdeenshire,United Kingdom,
Banchory Ternan East Church,57.0529,-2.48484,Wikidata: Q4854062,Banchory,United Kingdom,
Bancourt British Cemetery,50.102288,2.897486,Wikidata: Q2104852,Bancourt,France,
Bank Al Maghrib Building,34.019394,-6.836353,Wikidata: Q92067896,Rabat,Morocco,
Bank Melli Iran (University of Tehran Branch),35.700694444,51.399638888,Wikidata: Q6813091,District 11,Iran,
Bank of America Plaza,34.0536,-118.253,Wikidata: Q806671,California,United States,
Bank of America Tower,40.755278,-73.984167,Wikidata: Q328505,New York City,United States,
Bank of Shanghai Headquarters,31.24151944,121.49965556,Wikidata: Q782435,Shanghai,China,
Bank of Spain headquarters,40.418267,-3.694872,Wikidata: Q4889526,Cortes,Spain,
Bankinter building,40.43085,-3.690008333,Wikidata: Q29016759,Madrid,Spain,
Banski Dvor,44.7732,17.1924,Wikidata: Q2883493,Banja Luka,Serbia,
Baptistry San Giovanni,43.72327,10.3942,Wikidata: Q1278477,Pisa,Italy,
Baranovskoe Central Cemetery,43.644335,39.72749,Wikidata: Q4504185,Khostinsky City District,Russia,
Barbadoes Street Cemetery,-43.524265,172.6455,Wikidata: Q4858585,Christchurch City,New Zealand,
Barbican Centre,51.5202,-0.095,Wikidata: Q653858,London,United Kingdom,
Barbican Estate,51.519166666,-0.093888888,Wikidata: Q2319878,London,United Kingdom,
Barcelona-Sagrera,41.421667,2.193611,Wikidata: Q618596,La Sagrera,Spain,
Barclay-Vesey Building,40.713753,-74.012917,Wikidata: Q1983213,New York,United States,
Bardwell–Ferrant House,44.956111,-93.266389,Wikidata: Q808047,Minneapolis,United States,
Bargello National Museum,43.770398,11.258008,Wikidata: Q388448,,,
Bark Street School,41.749444,-71.163889,Wikidata: Q4860871,Swansea,United States,
Barnes Cemetery,51.471012,-0.234479,Wikidata: Q4861515,London Borough of Richmond upon Thames,United Kingdom,
Barnweill Church,55.536721,-4.5289427,Wikidata: Q4862019,South Ayrshire,United Kingdom,
Barolo Palace,-34.609555555,-58.385861111,Wikidata: Q571763,Buenos Aires,Argentina,
"Baron de Hirsch Cemetery, Halifax",44.659777777,-63.620111111,Wikidata: Q4862942,Nova Scotia,Canada,
"Baron de Hirsch Cemetery, Montreal",45.50185,-73.654711111,Wikidata: Q4862943,Montreal,Canada,
Basilica and Expiatory Church of the Holy Family,41.40369,2.17433,Wikidata: Q48435,Sagrada Família,Spain,
Basílica Catedral Nuestra Señora de la Altagracia,18.61611111,-68.71694444,Wikidata: Q4868422,Higüey,Dominican Republic,
Basilica di Santa Maria Maggiore,41.8975,12.498611111,Wikidata: Q186282,Rome,Italy,
Basilica in Eger,47.8994,20.37326,Wikidata: Q735805,Eger,Hungary,
Basilica of Candelaria,28.35128,-16.369782,Wikidata: Q34485,Candelaria,Spain,
Basilica of Jesus de Medinaceli,40.4142772,-3.6958389,Wikidata: Q4867355,Madrid,Spain,
Basilica of Our Lady of Peace of Yamoussoukro,6.811111111,-5.296944444,Wikidata: Q815584,,,
Basilica of Saint Paul outside the Walls,41.858611111,12.477222222,Wikidata: Q231699,,,
Basilica of Saint-Denis,48.935555555,2.359722222,Wikidata: Q184407,Saint-Denis,France,
Basilica of Sainte-Anne-de-Beaupré,47.023851,-70.928975,Wikidata: Q810148,Sainte-Anne-de-Beaupré,Canada,
Basilica of San Francesco d'Assisi,43.07484,12.60581,Wikidata: Q207486,Assisi,Italy,
Basilica of Sant'Eustorgio,45.453926,9.181407,Wikidata: Q672082,Milan,Italy,
Basilica of Santa Croce,43.76845,11.26274,Wikidata: Q51177,Florence,Italy,
Basilica of Santa Maria Novella,43.7743,11.249367,Wikidata: Q51175,Florence,Italy,
Basilica of St. John the Baptist,43.365,-5.85083333,Wikidata: Q5197007,Oviedo City,Spain,
Basilica of St. Pius X,43.097222,-0.053611,Wikidata: Q810101,Lourdes,France,
Basilica of St. Vincent de Paul,40.436836111,-3.694902777,Wikidata: Q16746780,Madrid,Spain,
"Basilica of St. Vitus, Mönchengladbach",51.192361111,6.431666666,Wikidata: Q896842,Mönchengladbach,Germany,
Basilica of Superga,45.08062,7.767366,Wikidata: Q1145261,Turin,Italy,
Basilica Palladiana,45.546944444,11.546388888,Wikidata: Q284719,Vicenza,Italy,
Basilika of St. Ludmila,50.075277777,14.437222222,Wikidata: Q632057,Prague 2,Czech Republic,
Batalha Monastery,39.659166666,-8.826111111,Wikidata: Q174779,Batalha,Portugal,
Batavia Cemetery,42.9933,-78.1714,Wikidata: Q4868665,Batavia,United States,
Bath Abbey Cemetery,51.3701,-2.3481,Wikidata: Q4868883,Bath and North East Somerset,United Kingdom,
Bath National Cemetery,42.348727777,-77.351130555,Wikidata: Q4868933,Bath,United States,
Batignolles Cemetery,48.897777777,2.316666666,Wikidata: Q2655037,Paris,France,
Battlefield in Tovačov,49.4437,17.2704,Wikidata: Q12038476,Tovačov I-Město,Czech Republic,
Baublių pilkapynas,55.832744,21.395731,Wikidata: Q12650538,Kretinga Municipality,Lithuania,
Baumgartner Friedhof,48.203055555,16.281944444,Wikidata: Q811564,Penzing,Austria,
Bavelincourt Communal Cemetery,49.986962,2.460008,Wikidata: Q2229644,Bavelincourt,France,
Bavinchove churchyard,50.786825,2.452886,Wikidata: Q2003271,Bavinchove,France,
Bayenghem-lès-Seninghem churchyard,50.70021,2.075005,Wikidata: Q2034903,Bayenghem-lès-Seninghem,France,
"Bayside Acacia Cemetery, Queens",40.6775,-73.855,Wikidata: Q4874823,New York,United States,
Bayview – New York Bay Cemetery,40.6954,-74.0874,Wikidata: Q4875024,Jersey City,United States,
Bazinghen Churchyard,50.825222,1.66142,Wikidata: Q1989707,Bazinghen,France,
Beck's Reformed Church Cemetery,35.758056,-80.225833,Wikidata: Q4878583,Davidson County,United States,
Beckenham Crematorium and Cemetery,51.4017,-0.0569444,Wikidata: Q4878646,London Borough of Bromley,United Kingdom,
Beech Grove Cemetery,40.188889,-85.405556,Wikidata: Q4879583,Muncie,United States,
Beechwood Cemetery,45.4469,-75.6599,Wikidata: Q4087599,Ottawa,Canada,
Beechwood Cemetery,35.959,-78.913,Wikidata: Q4879684,Durham,United States,
Beekman Meeting House and Friends' Cemetery,41.633611,-73.766389,Wikidata: Q4879826,New York,United States,
Begraafplaats Buitenveldert,52.34027778,4.86138889,Wikidata: Q1909508,Amsterdam,Netherlands,
Begraafplaats Daelwijck,52.12882,5.09651,Wikidata: Q2292813,Utrecht,Netherlands,
Begraafplaats Groenesteeg,52.15745,4.50299,Wikidata: Q2031209,Leiden,Netherlands,
Begraafplaats Oostergaarde,52.349392,5.638411,Wikidata: Q2259861,Harderwijk,Netherlands,
Begraafplaats Rijnhof,52.09939,4.89977,Wikidata: Q2695989,Woerden,Netherlands,
Begraafplaats Sint Barbara,52.093333,5.143333,Wikidata: Q2782701,Utrecht,Netherlands,
Begraafplaats Sint Barbara Amsterdam,52.39055556,4.86361111,Wikidata: Q2313026,Amsterdam,Netherlands,
Begraafplaats Stuiverstraat,51.20889,2.91417,Wikidata: Q2054978,Ostend,Belgium,
Behesht-e Zahra,35.536269444,51.370183333,Wikidata: Q814479,Tehran,Iran,
Beijing Daxing International Airport,39.511944,116.410556,Wikidata: Q1139574,Jiuzhou,China,
Beijing National Stadium,39.991544,116.390478,Wikidata: Q133525,Aoyuncun Subdistrict,China,
Beijing Television Cultural Center,39.91555556,116.45777778,Wikidata: Q1820001,Chaoyang District,China,
Belfast City Cemetery,54.589722222,-5.979166666,Wikidata: Q4882254,Belfast,United Kingdom,
Belgian Military Cemetery Keiem,51.08639,2.88528,Wikidata: Q1982052,Diksmuide,Belgium,
Belgrade New Cemetery,44.80944444,20.48722222,Wikidata: Q569556,Belgrade,Serbia,
Bell's Hill Burial Ground,51.649,-0.215,Wikidata: Q4883064,London Borough of Barnet,United Kingdom,
Bellefontaine Cemetery,38.6974,-90.2336,Wikidata: Q2972444,St. Louis,United States,
Belleville Cemetery,44.1409,-77.4189,Wikidata: Q4883852,Belleville,Canada,
Bellevue Cemetery,42.710556,-71.186111,Wikidata: Q4883920,Lawrence,United States,
Bellevue Palace,52.5175,13.353333333,Wikidata: Q317091,Bezirk Mitte,Germany,
Bellu Cemetery,44.403888888,26.1,Wikidata: Q592204,Bucharest,Romania,
Belvedere,48.1934,16.380519444,Wikidata: Q211818,Landstraße,Austria,
Belvedere on the Pfingstberg,52.4187,13.059,Wikidata: Q454078,Nördliche Vorstädte,Germany,
Belview,50.840879859,4.379193016,Wikidata: Q113841280,City of Brussels,Belgium,
Belweder,52.213055555,21.027777777,Wikidata: Q645474,Śródmieście,Poland,
Ben Rose House,42.173611111,-87.785277777,Wikidata: Q22771022,Illinois,United States,
Beneckeallee 32,52.41998,9.70781,Wikidata: Q101576170,Nord,Germany,
Benesse House,34.445,133.990889,Wikidata: Q11337013,Naoshima,Japan,
Beni Hasan,27.931388888,30.875280555,Wikidata: Q817286,Minya Governorate,Egypt,
Beni Israel Cemetery,38.927792,-95.112114,Wikidata: Q4887899,Eudora Township,United States,
Benjamin Church House,41.685833,-71.278611,Wikidata: Q4888396,Bristol,United States,
Benjamin Walworth Arnold House and Carriage House,42.658333,-73.768333,Wikidata: Q4889362,New York,United States,
Bennington Street Burying Ground,42.381111,-71.020833,Wikidata: Q4889885,Boston,United States,
Benrath Palace,51.161029833,6.870569833,Wikidata: Q455965,Benrath,Germany,
Berango,43.366944,-2.999444,Wikidata: Q965833,Berango,Spain,
Berg cemetery,48.505,9.0707,Wikidata: Q819655,Tübingen,Germany,
Bergen Crest Mausoleum,40.778,-74.029,Wikidata: Q4891512,New Jersey,United States,
Bergfriedhof,49.3972,8.69028,Wikidata: Q819654,Heidelberg,Germany,
Berkovets cemetery,50.494444444,30.395,Wikidata: Q3406849,Podil Raion,Ukraine,
Berlin Brandenburg Airport,52.362247222,13.500672222,Wikidata: Q160556,,,
Berlin Humboldthain station,52.5451,13.3796,Wikidata: Q481276,Bezirk Mitte,Germany,
Berlin Mosque,52.4875,13.311667,Wikidata: Q238528,Charlottenburg-Wilmersdorf,Germany,
Berlin Nordbahnhof,52.532457,13.387676,Wikidata: Q673721,Bezirk Mitte,Germany,
Berlin Palace,52.5175,13.402777777,Wikidata: Q170119,Bezirk Mitte,Germany,
Berlin-Tegel Airport,52.559722,13.287778,Wikidata: Q9688,,,
Berlin-Tegel Russian Orthodox Cemetery,52.577666666,13.300666666,Wikidata: Q320354,Reinickendorf,Germany,
Berlin-Tempelhof Airport,52.473611111,13.401666666,Wikidata: Q9686,,,
Bernardin-Johnson House,37.96888889,-87.52333333,Wikidata: Q27957871,Evansville,United States,
Bernardine Cemetery,54.68,25.307,Wikidata: Q2362479,Vilnius,Lithuania,
Bernardsville,40.7169,-74.5711,Wikidata: Q4893995,Bernardsville,United States,
Bertenacre Military Cemetery,50.777867,2.630525,Wikidata: Q3492254,Flêtre,France,
Bertram Hall at Radcliffe College,42.380556,-71.125278,Wikidata: Q4895779,Cambridge,United States,
Bertry Communal Cemetery,50.086572,3.447294,Wikidata: Q5176742,Bertry,France,
Berwald Hall,59.33333333,18.10055556,Wikidata: Q829222,Stockholm,Sweden,
Besançon Cathedral,47.233611,6.030556,Wikidata: Q1586486,Besançon,France,
Bethencourt Communal Cemetery,50.1394,3.4344,Wikidata: Q2232864,Béthencourt,France,
Beuvry Communal Cemetery,50.52305556,2.67805556,Wikidata: Q2900356,Beuvry,France,
Beverly National Cemetery,40.0544,-74.9206,Wikidata: Q4899599,Edgewater Park Township,United States,
Beyeler Foundation,47.588055555,7.651111111,Wikidata: Q673833,Riehen,Switzerland,
Biblioteca Joaquín Leguina building,40.400006944,-3.69021,Wikidata: Q29917723,Madrid,Spain,
Biblioteca Municipal de Viana do Castelo,41.691459,-8.826788,Wikidata: Q17318051,Viana do Castelo,Portugal,
Bidezabal,43.356944444,-3.011666666,Wikidata: Q3497389,Getxo,Spain,
Bielsko Synagogue,49.82472222,19.04444444,Wikidata: Q1163483,Bielsko-Biała,Poland,
Bihucourt Communal Cemetery,50.12373,2.801201,Wikidata: Q2108561,Bihucourt,France,
Bilbao British Cemetery,43.2994,-2.91639,Wikidata: Q4907602,Bilbao,Spain,
Billy-Berclau Communal Cemetery,50.5194,2.8694,Wikidata: Q2545185,Billy-Berclau,France,
Bình An Cemetery,10.889282,106.810327,Wikidata: Q5005097,Dĩ An,Vietnam,
Binnenstad Cemetery,51.556083,5.076778,Wikidata: Q2228095,Tilburg,Netherlands,
Binoculars Building,33.9953,-118.477,Wikidata: Q194004,Venice,United States,
Bintepe,38.576944444,27.993333333,Wikidata: Q6055664,Manisa Province,Turkey,
Birmingham Central Library,52.480297222,-1.904769444,Wikidata: Q3640335,Birmingham,United Kingdom,
Biscay Foral Delegation Palace,43.26194444,-2.93194444,Wikidata: Q3750779,Bilbao,Spain,
Bishops Palace in Ciążeń,52.2083,17.8062,Wikidata: Q11814897,Ciążeń,Poland,
Bishopwearmouth Cemetery,54.898719444,-1.420880555,Wikidata: Q4918125,Sunderland,United Kingdom,
Björn Järnsidas hög,59.3661,17.6283,Wikidata: Q10430679,Ekerö Municipality,Sweden,
Black Diamond Cemetery,47.3108,-122.015,Wikidata: Q4920653,King County,United States,
Blackley Cemetery,53.5305,-2.238,Wikidata: Q4923088,Manchester,United Kingdom,
Blackwood-Harwood Plantations Cemetery,30.486944,-84.350278,Wikidata: Q4923624,Leon County,United States,
Blanche Kelso Bruce Elementary School,38.929722222,-77.025555555,Wikidata: Q85845531,"Washington, D.C.",United States,
Blandford Cemetery,37.2258,-77.3806,Wikidata: Q4925011,Petersburg,United States,
Block Realty-Baker House,34.770833,-92.324444,Wikidata: Q4927172,Little Rock,United States,
Blue Chapel,40.7613,-74.0379,Wikidata: Q4928956,Union City,United States,
Blue Pavilion,44.39583333,8.93972222,Wikidata: Q16585735,Genoa,Italy,
BMW Central Building,51.4081,12.4435,Wikidata: Q4836031,Leipzig,Germany,
BMW Welt,48.17694,11.55667,Wikidata: Q699614,Milbertshofen-Am Hart,Germany,
Bode Museum,52.521944444,13.394722222,Wikidata: Q157825,Bezirk Mitte,Germany,
Bodenstown,53.266666666,-6.666666666,Wikidata: Q4089963,Bodenstown,Ireland,
Boëseghem churchyard,50.66151,2.43826,Wikidata: Q3917309,Boëseghem,France,
Boffles churchyard,50.254194,2.202634,Wikidata: Q2310594,Boffles,France,
Bogenhausener Friedhof,48.147847222,11.601513888,Wikidata: Q890502,Bogenhausen,Germany,
Bogorodskoje-kyrkogården,55.766072222,38.3101,Wikidata: Q4089744,Moscow Oblast,Russia,
Bogoslovskoe cemetery,59.990555555,30.394722222,Wikidata: Q1332307,Kalininsky District,Russia,
Bohemian National Cemetery,41.977757,-87.728115,Wikidata: Q890781,Chicago,United States,
Bohemian National Cemetery,39.3078,-76.5536,Wikidata: Q4938109,Baltimore,United States,
Böhmischer Gottesacker,52.473416666,13.4423,Wikidata: Q1019769,Neukölln,Germany,
Bois-de-Vaux Cemetery,46.51823,6.60245,Wikidata: Q2972597,Canton of Vaud,Switzerland,
Bøler samfunnshus,59.883502777,10.842963888,Wikidata: Q63965175,Oslo Municipality,Norway,
Bolsheohtinskoe cemetery,59.95,30.439444444,Wikidata: Q4092015,Saint Petersburg,Russia,
Bolton Street Memorial Park,-41.2793,174.774,Wikidata: Q4940230,Wellington City,New Zealand,
Bolwoningen,51.72944,5.30639,Wikidata: Q13441584,'s-Hertogenbosch,Netherlands,
Bonaventure Cemetery,32.047288,-81.043687,Wikidata: Q4941210,Thunderbolt,United States,
Bonifacio cemetery,41.3869,9.15028,Wikidata: Q2972506,Bonifacio,France,
Bonjour Tristesse,52.4999,13.4435,Wikidata: Q822311,Friedrichshain-Kreuzberg,Germany,
Bonn Minster,50.733408,7.099789,Wikidata: Q686664,Stadtbezirk Bonn,Germany,
Bonn North Cemetery,50.7541,7.06781,Wikidata: Q1997953,Stadtbezirk Bonn,Germany,
Bordentown School,40.1414,-74.7236,Wikidata: Q4944514,Burlington County,United States,
Borgel cemetery,36.823887,10.19081,Wikidata: Q2972598,Tunis,Tunisia,
Bornova Anglican Cemetery,38.45954,27.21065,Wikidata: Q4946148,Bornova district,Turkey,
Borobudur,-7.60793,110.20384,Wikidata: Q42798,,,
Boroondara General Cemetery,-37.8034,145.044,Wikidata: Q4946285,Victoria,Australia,
Borre Churchyard,50.730833,2.584576,Wikidata: Q2681817,Borre,France,
Bortnychanske cemetery,50.368055555,30.698055555,Wikidata: Q4094776,Darnytskyi District,Ukraine,
Borum Eshøj,56.200876955,9.991828632,Wikidata: Q2695465,Aarhus Municipality,Denmark,
Boscawen Public Library,43.3192,-71.6253,Wikidata: Q16844909,Boscawen,United States,
"Boston Public Library, McKim Building",42.3492,-71.078744,Wikidata: Q4948040,Boston,United States,
Bothell Pioneer Cemetery,47.7589,-122.194,Wikidata: Q4948628,King County,United States,
Botin Centre,43.46055,-3.803877777,Wikidata: Q5402606,Santander,Spain,
Botkin Street Cemetery,41.306944444,69.315,Wikidata: Q2972445,Tashkent,Uzbekistan,
Bourecq Churchyard,50.571208,2.434161,Wikidata: Q2212430,Bourecq,France,
Bourse départementale du travail,48.9065734,2.4218441,Wikidata: Q17309923,Bobigny,France,
Bourse Palace,50.848111111,4.350305555,Wikidata: Q28485845,City of Brussels,Belgium,
Box Hill Cemetery,-37.8225,145.136,Wikidata: Q4951528,Victoria,Australia,
Brainerd Mission,35.0101,-85.213,Wikidata: Q4955883,Chattanooga,United States,
Brandwood End Cemetery,52.4172,-1.89778,Wikidata: Q4957218,Birmingham,United Kingdom,
Brasilia Digital TV Tower,-15.699269,-47.829569,Wikidata: Q627859,Lago Norte,Brazil,
"Bratske cemetery, Kyiv",50.409166666,30.395277777,Wikidata: Q4409882,Kyiv,Ukraine,
Bratskoe kladbishche,54.76733333,32.05485,Wikidata: Q4095988,Smolensk,Russia,
Brattle Hall,42.373528,-71.121528,Wikidata: Q4958106,Cambridge,United States,
Braunes Haus,48.1453,11.5675,Wikidata: Q819575,Maxvorstadt,Germany,
Brazilian Military Cemetery of Pistoia,43.945033333,10.943205555,Wikidata: Q1248729,Pistoia,Italy,
Breda Tower,45.48036,9.19947,Wikidata: Q3995141,Milan,Italy,
Breitenleer Friedhof,48.2517,16.493,Wikidata: Q906385,Vienna,Austria,
Bremen Cathedral,53.07548,8.80906,Wikidata: Q695038,Mitte,Germany,
Bremgarten cemetery,46.949444444,7.420277777,Wikidata: Q908034,Bern,Switzerland,
Bridge No. 3355-Kathio Township,46.21536,-93.792847,Wikidata: Q24061679,Kathio Township,United States,
Bridge Road Cemetery,41.825833,-69.981389,Wikidata: Q4966286,Eastham,United States,
Brigham Cemetery,42.341667,-71.56,Wikidata: Q4967293,Marlborough,United States,
Bright Angel Lodge,36.057056,-112.140958,Wikidata: Q4967380,Grand Canyon Village,United States,
Brighton Cemetery,-37.9,145.021,Wikidata: Q4967614,Caulfield South,Australia,
Brighton Community Stadium,50.861822222,-0.083277777,Wikidata: Q619409,,,
Brighton Evangelical Congregational Church,42.348917,-71.155194,Wikidata: Q4967639,Boston,United States,
Brillon cemetery,50.436322,3.327697,Wikidata: Q2803142,Brillon,France,
Brin,44.428056,8.895556,Wikidata: Q3644795,Genoa,Italy,
Brion tomb,45.751322858,11.913340984,Wikidata: Q3992600,Altivole,Italy,
British Cemetery Montevideo,-34.9006,-56.1292,Wikidata: Q2972500,Montevideo Department,Uruguay,
Brittany American Cemetery and Memorial,48.518888888,-1.304166666,Wikidata: Q2972653,Montjoie-Saint-Martin,France,
Brno Central Cemetery,49.1707,16.5941,Wikidata: Q11088399,Štýřice,Czech Republic,
Brno Ossuary,49.19643,16.60816,Wikidata: Q4971773,Brno-město,Czech Republic,
Bro 37:1,57.661966,18.446947,Wikidata: Q29284376,Region Gotland,Sweden,
Bro 65:1,57.662444,18.441203,Wikidata: Q29284839,Region Gotland,Sweden,
Broad Contemporary Art Museum,34.063413,-118.359683,Wikidata: Q162154,Los Angeles,United States,
Brockley and Ladywell Cemeteries,51.457,-0.032,Wikidata: Q4972839,London Borough of Lewisham,United Kingdom,
Brodsky Synagogue,50.433333333,30.516666666,Wikidata: Q924845,Pecherskyi District,Ukraine,
Bromley Cemetery,-43.5387,172.6863,Wikidata: Q4973669,Christchurch City,New Zealand,
Brompton Cemetery,51.484882,-0.190796,Wikidata: Q926913,Royal Borough of Kensington and Chelsea,United Kingdom,
Brookfield Cemetery,42.217222,-72.113611,Wikidata: Q4974563,Brookfield,United States,
Brooklyn Tower,40.690555555,-73.982222222,Wikidata: Q22329554,New York,United States,
Brookwood Cemetery,51.296666666,-0.633333333,Wikidata: Q990618,Woking,United Kingdom,
Brotherhood Cemetery,44.636111111,33.555833333,Wikidata: Q1984750,Sevastopol,Ukraine,
Brothers' Cemetery,56.988888888,24.142777777,Wikidata: Q996777,Riga,Latvia,
Broxeele churchyard,50.830539,2.320171,Wikidata: Q2535211,Broxeele,France,
Bruay-sur-l'Escaut Communal Cemetery,50.398851,3.540363,Wikidata: Q2243247,Bruay-sur-l'Escaut,France,
"Brühl Palace, Warsaw",52.24194444,21.01083333,Wikidata: Q996986,Warsaw,Poland,
Brunflo 122:1,63.093556,14.813843,Wikidata: Q29380918,Östersund Municipality,Sweden,
Brunflo 58:1,63.089375,14.818528,Wikidata: Q29380887,Östersund Municipality,Sweden,
Brunflo 58:2,63.089062,14.819441,Wikidata: Q29380888,Östersund Municipality,Sweden,
Brunswick Cathedral,52.264166666,10.524166666,Wikidata: Q279402,Brunswick,Germany,
Brussels Airport,50.901388888,4.484444444,Wikidata: Q28934,,,
Brussels Cemetery,50.869733333,4.422855555,Wikidata: Q579666,Evere,Belgium,
Brussels Town Hall,50.846389,4.351667,Wikidata: Q1255327,City of Brussels,Belgium,
Brussels-Luxembourg railway station,50.838889,4.373333,Wikidata: Q800583,Ixelles,Belgium,
Bryant Hill Cemetery,42.305278,-78.601944,Wikidata: Q4980586,New York,United States,
Bryce Canyon Lodge,37.626978,-112.168005,Wikidata: Q2927193,Garfield County,United States,
Brytestuhög,55.415405,13.126582,Wikidata: Q15977271,Trelleborg Municipality,Sweden,
Buchanan School,41.526111,-90.608611,Wikidata: Q4982585,Iowa,United States,
Buckauer Friedhof,52.0976,11.6512,Wikidata: Q999388,Magdeburg,Germany,
Buckingham Building,41.87666667,-87.625,Wikidata: Q16985591,Chicago,United States,
Buckingham Palace,51.501,-0.142,Wikidata: Q42182,City of Westminster,United Kingdom,
Bucquoy Communal Cemetery,50.140529,2.714576,Wikidata: Q1846354,Bucquoy,France,
Budapest-Keleti railway station,47.500555555,19.083611111,Wikidata: Q841167,Budapest,Hungary,
Building A,52.173339,5.818828,Wikidata: Q2116292,Radio Kootwijk,Netherlands,
Building at 30–34 Station Street,42.332972,-71.116889,Wikidata: Q4986560,Brookline,United States,
building of revenue house of K. A. Vorozhein,47.22509722,39.73034722,Wikidata: Q16645453,Rostov-on-Don,Russia,
Building of the Congress of Puebla,19.0433224,-98.2002461,Wikidata: Q25905552,Puebla,Mexico,
Building of TVP Warsaw,52.188186763,21.008947587,Wikidata: Q109058191,Mokotów,Poland,
"Building of Vilnian Bank, Gomel",52.42826,31.01317,Wikidata: Q61027209,Gomel,Belarus,
Buildings at 1644-1666 Park Road NW,38.931667,-77.038056,Wikidata: Q4986639,"Washington, D.C.",United States,
Bukit Cina,2.2,102.258,Wikidata: Q4986887,Malacca,Malaysia,
Bullock’s Wilshire,34.0616,-118.288,Wikidata: Q4996997,Los Angeles,United States,
Bullring of Castro Urdiales,43.38864,-3.23072,Wikidata: Q24023628,Castro Urdiales,Spain,
Bullring of Teruel,40.33714,-1.103359,Wikidata: Q24023791,Teruel,Spain,
"Bully's Acre, Dublin",53.34277778,-6.30666667,Wikidata: Q4997076,Dublin,Ireland,
Bümpliz Cemetery,46.94047,7.38655,Wikidata: Q1457311,Bern,Switzerland,
Bunshaft Residence,40.938156,-72.229614,Wikidata: Q16255865,East Hampton,United States,
Bunyans Cemetery,50.283269,2.827994,Wikidata: Q2630097,Tilloy-lès-Mofflaines,France,
Burgerweeshuis,52.34056,4.85611,Wikidata: Q2787387,Amsterdam,Netherlands,
Burial mount Grootebroek,52.69053,5.22732,Wikidata: Q17453732,Stede Broec,Netherlands,
Burial mounts at De Dorschkamp,51.97399,5.70068,Wikidata: Q17454801,Wageningen,Netherlands,
Burj Al Alam,25.1815,55.273,Wikidata: Q738685,Emirate of Dubai,United Arab Emirates,
Burj al-Arab,25.141388888,55.185277777,Wikidata: Q62939,Dubai,United Arab Emirates,
Burleigh County Courthouse,46.807778,-100.783611,Wikidata: Q4999114,Bismarck,United States,
Burlington Arcade,51.50913908,-0.140305635,Wikidata: Q2928520,City of Westminster,United Kingdom,
Burr Oak Cemetery,41.6622,-87.7292,Wikidata: Q5000327,Illinois,United States,
Bursa Green Mosque,40.182194444,29.074611111,Wikidata: Q1549086,Bursa,Turkey,
Burton Morse House,42.5625,-114.461388888,Wikidata: Q85749610,Twin Falls,United States,
Burtscheid cemetery,50.7579,6.09377,Wikidata: Q1601546,Aachen,Germany,
Bush Stadium,39.788056,-86.188611,Wikidata: Q5001417,Indianapolis,United States,
Butovo Cemetery,55.526944444,37.564166666,Wikidata: Q4100284,Moscow,Russia,
Butovo firing range,55.53339,37.59434,Wikidata: Q1018007,德罗日诺_(莫斯科州),Russia,
Butte Saint-Sauveur,50.60324,5.18821,Wikidata: Q1981929,Braives,Belgium,
Byakugō-ji Temple,34.67111111,135.85138889,Wikidata: Q1018450,Nara,Japan,
Bykovo cemetery,55.60666668,38.07944445,Wikidata: Q133513,Zhukovsky,Russia,
Byzantium,52.362038888,4.880508333,Wikidata: Q21980990,Amsterdam,Netherlands,
C. C. Cavanah House,43.611944444,-116.193333333,Wikidata: Q65074416,Boise,United States,
C.F. and Mary Singmaster House,41.381389,-91.980278,Wikidata: Q5006101,Iowa,United States,
Ca la Pilar,41.276819275,2.064874317,Wikidata: Q98770247,Viladecans,Spain,
Caballero Rivero Woodlawn Park North Cemetery and Mausoleum,25.764611111,-80.248527777,Wikidata: Q5015199,Miami,United States,
Cadillac Hotel,25.811944,-80.123056,Wikidata: Q2928530,Miami Beach,United States,
Cagnicourt Communal Cemetery,50.213515,3.0059,Wikidata: Q2005951,Cagnicourt,France,
Caju Cemetery,-22.88305556,-43.22194444,Wikidata: Q3339570,Rio de Janeiro,Brazil,
Cal Llonch,41.4931,2.03034,Wikidata: Q19830876,Rubí,Spain,
Calhoun County Courthouse,33.663056,-80.779444,Wikidata: Q5019765,South Carolina,United States,
California Academy of Sciences building,37.7698243,-122.4660866,Wikidata: Q134486471,San Francisco,United States,
California Aerospace Museum,34.0167,-118.2839,Wikidata: Q134498214,South Los Angeles,United States,
Califórnia Building (São Paulo),-23.5449467,-46.6412545,Wikidata: Q10270276,São Paulo,Brazil,
Caltrans District 7 Headquarters,34.0514,-118.244,Wikidata: Q5024011,Los Angeles,United States,
Calvary Cemetery,43.033980555,-87.981961111,Wikidata: Q5024157,Milwaukee,United States,
Calvary Cemetery,-9.8006,-139.0382,Wikidata: Q5024152,Hiva-Oa,France,
Calvary Cemetery,40.735277777,-73.918055555,Wikidata: Q2934520,New York,United States,
Calvary Cemetery,34.024927777,-118.178847222,Wikidata: Q4141336,Los Angeles,United States,
Calvary Cemetery,47.667,-122.293,Wikidata: Q5024158,Seattle,United States,
Calvary Cemetery,41.4375,-81.6075,Wikidata: Q5024155,Cleveland,United States,
Calverton National Cemetery,40.925363888,-72.815472222,Wikidata: Q681106,Riverhead,United States,
Camas Cemetery,45.593638888,-122.395222222,Wikidata: Q5024984,Washington,United States,
Cambridge American Cemetery and Memorial,52.2161,0.05381,Wikidata: Q954555,Cambridge,United Kingdom,
Camp Nelson National Cemetery,37.785997222,-84.60125,Wikidata: Q5027453,Jessamine County,United States,
Camp Nou,41.380833333,2.122777777,Wikidata: Q159848,,,
Campagne-lès-Wardrecques churchyard,50.718926,2.334406,Wikidata: Q2516320,Campagne-lès-Wardrecques,France,
Camperdown Cemetery,-33.894222,151.18049,Wikidata: Q5028318,Inner West,Australia,
Campo Santo,52.5196,13.4004,Wikidata: Q1031432,Bezirk Mitte,Germany,
Campo Santo,51.063889,3.749167,Wikidata: Q5395397,Ghent,Belgium,
Campo Santo d'Orléans,47.9033,1.91068,Wikidata: Q2935536,Orléans,France,
Campo Santo Teutonico,41.901388888,12.454444444,Wikidata: Q27333,Roma Capitale,Italy,
Campo Verano,41.901516046,12.520300467,Wikidata: Q27426,Roma Capitale,Italy,
Camposanto della Misericordia di Siena,43.309051,11.333145,Wikidata: Q3654765,Siena,Italy,
Can Casas,41.451346,2.244555,Wikidata: Q63104011,Badalona,Spain,
Can Duran i Can Mirabent,41.2384,1.80773,Wikidata: Q18004192,Sitges,Spain,
Can Nonell,41.48013,2.26863,Wikidata: Q28712392,Tiana,Spain,
Can Nyol (Vilassar de Mar),41.50402,2.39261,Wikidata: Q19627134,Vilassar de Mar,Spain,
Can Suñol,41.480587578,2.321205139,Wikidata: Q132195392,El Masnou,Spain,
Canadian Broadcasting Centre,43.6448,-79.3882,Wikidata: Q2935781,Ontario,Canada,
Canadian Museum of History,45.429722222,-75.708888888,Wikidata: Q1032269,Gatineau,Canada,
Canary Wharf,51.503611111,-0.018611111,Wikidata: Q1032842,Isle of Dogs,United Kingdom,
Cane Hill Cemetery,35.91388,-94.3992,Wikidata: Q5032190,Arkansas,United States,
Cannon County Courthouse,35.828333,-86.070833,Wikidata: Q5032755,Tennessee,United States,
Canton Tower,23.1092,113.319147222,Wikidata: Q168400,Chigang Subdistrict,China,
Canyon Creek Shelter,47.9517532,-123.8199193,Wikidata: Q5034191,Clallam County,United States,
Cao Cao Mausoleum,36.24083333,114.25972222,Wikidata: Q11091115,Anfeng Township,China,
Cape Town Stadium,-33.903461111,18.411152777,Wikidata: Q173559,,,
Capital Club Building,35.777222,-78.640556,Wikidata: Q5035528,Raleigh,United States,
Capitol Records Building,34.1031,-118.326,Wikidata: Q2937482,Los Angeles,United States,
Capitole de Toulouse,43.604444444,1.444,Wikidata: Q2351013,Toulouse,France,
Cappella Colleoni,45.70344,9.66211,Wikidata: Q1034843,Bergamo,Italy,
Cappella Paolina,41.902611111,12.454727777,Wikidata: Q1034868,Vatican City,Vatican City,
Cappelle-en-Pévèle cemetery,50.512874,3.165898,Wikidata: Q2140985,Cappelle-en-Pévèle,France,
Capt. John Jeffries Burial Marker,39.3489,-74.6609,Wikidata: Q5036442,New Jersey,United States,
Captain Noble Allen Birge House,33.64484,-96.61772,Wikidata: Q107321862,Sherman,United States,
Carew Tower,39.10083,-84.5132,Wikidata: Q152129,Cincinnati,United States,
Carleton Crematorium and Cemetery,53.8462,-3.0211,Wikidata: Q5041212,England,United Kingdom,
Carlton Hotel,-26.20611111,28.04638889,Wikidata: Q25212617,Johannesburg,South Africa,
"Carlton Hotel, Amsterdam",52.3665,4.893055555,Wikidata: Q4026256,Amsterdam,Netherlands,
Carlton Tel Aviv,32.08652,34.76955,Wikidata: Q9184754,Tel Aviv,Israel,
Carmelite Church,52.24333333,21.01555556,Wikidata: Q4569133,Warsaw,Poland,
Carolina Inn,35.910442,-79.054536,Wikidata: Q5044845,Chapel Hill,United States,
Caroline Brevard Grammar School,30.435833,-84.279167,Wikidata: Q5044990,Florida,United States,
Caroline Church and Cemetery,40.9470006,-73.1128689,Wikidata: Q5045018,Brookhaven,United States,
"Carpenter, Lakeside, and Springvale Cemeteries",41.8425,-71.3525,Wikidata: Q5045682,Rhode Island,United States,
Carrickbrennan Churchyard,53.289901,-6.150617,Wikidata: Q5046156,Monkstown,Ireland,
Carrousel du Louvre,48.861111,2.335278,Wikidata: Q2940350,Paris,France,
Carrowkeel Megalithic Cemetery,54.053333,-8.377778,Wikidata: Q261318,County Sligo,Ireland,
Carvin German military cemetery,50.49852,2.95108,Wikidata: Q2972638,Carvin,France,
Casa Antoni Pous,41.5654,2.01386,Wikidata: Q18695953,Terrassa,Spain,
Casa Boleda,41.3688,2.12686,Wikidata: Q17593594,L'Hospitalet de Llobregat,Spain,
Casa d'en Sanjuan,41.47753,2.31179,Wikidata: Q132192466,El Masnou,Spain,
Casa das Canoas,-22.985902,-43.272883,Wikidata: Q6816788,Rio de Janeiro,Brazil,
Casa das Histórias Paula Rego,38.69036,-9.42133,Wikidata: Q9698241,Cascais e Estoril,Portugal,
Casa de Correos y Telégrafos (Málaga),36.720055555,-4.416138888,Wikidata: Q5754796,Málaga,Spain,
Casa de las Bolas,40.424641666,-3.676483333,Wikidata: Q29167249,Madrid,Spain,
Casa de Serralves,41.1585,-8.6577,Wikidata: Q2940773,Lordelo do Ouro e Massarelos,Portugal,
Casa de veïns d'Antoni Prats,41.380436,2.0517,Wikidata: Q61474896,Sant Feliu de Llobregat,Spain,
Casa del Doctor Núñez,40.434116666,-3.702911111,Wikidata: Q27161471,Trafalgar,Spain,
Casa Dr. Klein,41.63892,2.35632,Wikidata: Q20901076,Cardedeu,Spain,
Casa Emili Soler,41.565,2.01411,Wikidata: Q18695984,Terrassa,Spain,
Casa F. Berenguer,41.647225694,1.572864261,Wikidata: Q105958722,Rubió,Spain,
Casa Josep Urgell,41.234542,1.805916,Wikidata: Q65207679,Sitges,Spain,
Casa Miquel Mach,41.5615,2.01168,Wikidata: Q18696019,Terrassa,Spain,
Casa Roberto Ivens - Casa da Arquitetura,41.182184,-8.691441,Wikidata: Q96758175,Matosinhos e Leça da Palmeira,Portugal,
Casa Valarino,37.601824475,-0.986977618,Wikidata: Q131631578,Cartagena,Spain,
Casa Vicens,41.403486545,2.150643258,Wikidata: Q746333,Vila de Gràcia,Spain,
Casablanca Finance City Tower,33.56355,-7.661,Wikidata: Q60851364,Casablanca,Morocco,
Casamaures,45.200846,5.717241,Wikidata: Q2940800,Saint-Martin-le-Vinoux,France,
Cascade Canyon Barn,43.7675,-110.818611,Wikidata: Q5048106,Teton County,United States,
Cases bessones al carrer de l'Hospital,41.424494,1.787961,Wikidata: Q47166110,Sant Sadurní d'Anoia,Spain,
Caseta de la Maquinilla,41.601266361,2.623860218,Wikidata: Q21645418,Sant Pol de Mar,Spain,
Casino da Madeira,32.644194444,-16.916194444,Wikidata: Q6586935,Sé,Portugal,
Casino de Murcia,37.985423,-1.129032,Wikidata: Q8342036,Murcia,Spain,
Casino de Toledo,39.858669,-4.021671,Wikidata: Q5697217,Toledo,Spain,
Casino Kursaal Ostend,51.23139,2.9125,Wikidata: Q2516946,Ostend,Belgium,
Casino La Constància,41.781671,3.032122,Wikidata: Q17595729,Sant Feliu de Guíxols,Spain,
Casino Mauresque,44.658333,-1.172778,Wikidata: Q2941080,Arcachon,France,
Casino Palm Beach,43.53612,7.03719,Wikidata: Q104732316,Cannes,France,
Cassel Communal Cemetery Extension,50.79883,2.492219,Wikidata: Q3174297,Cassel,France,
Castello Estense,44.837628,11.619426,Wikidata: Q1048836,Ferrara,Italy,
Castellum of Weltenburg-Frauenberg,48.8957,11.8229,Wikidata: Q1554063,凯尔海姆,Germany,
Castle de Haar,52.121431,4.986347,Wikidata: Q1735318,Utrecht,Netherlands,
Catacomb of Callixtus,41.85887778,12.51105833,Wikidata: Q1027069,Rome,Italy,
Catacombe dei Cappuccini,38.111667,13.339167,Wikidata: Q1728834,Palermo,Italy,
Catacombs of Kom el Shoqafa,31.186944,29.904722,Wikidata: Q2671839,Sydney,Egypt,
Catacombs of Marcellinus and Peter,41.87902778,12.54908333,Wikidata: Q1055805,Rome,Italy,
Catacombs of Saint Agnes,41.92277778,12.51861111,Wikidata: Q3663182,Rome,Italy,
Catacombs of San Gennaro,40.86418,14.247624,Wikidata: Q3663206,Naples,Italy,
Catacombs of San Sebastiano,41.855762,12.516484,Wikidata: Q546419,Rome,Italy,
Catania Cathedral,37.50246,15.08821,Wikidata: Q1499188,Catania,Italy,
Cataraqui Cemetery,44.264444444,-76.541111111,Wikidata: Q5051475,Kingston,Canada,
Catequística,41.485,2.267319444,Wikidata: Q28477860,Tiana,Spain,
Catete Palace,-22.925833333,-43.176111111,Wikidata: Q1142766,Rio de Janeiro,Brazil,
Cathays Cemetery,51.5017,-3.18083,Wikidata: Q5052159,Cardiff,United Kingdom,
Cathedral Basilica of St. Ann,28.10083333,-15.41472222,Wikidata: Q1385934,Las Palmas de Gran Canaria,Spain,
Cathedral of Brasília,-15.798333333,-47.875555555,Wikidata: Q201720,Brasília,Brazil,
Cathedral of Jesus' Heart,43.8592918,18.4253936,Wikidata: Q1267112,Stari Grad,Bosnia and Herzegovina,
Cathedral of Our Lady of Strasbourg,48.581666666,7.750833333,Wikidata: Q745460,Strasbourg,France,
Cathedral of Our Lady of the Angels,34.058333333,-118.245833333,Wikidata: Q1631067,Los Angeles,United States,
Cathedral of Saint Bavo,52.376389,4.622222,Wikidata: Q962195,Haarlem,Netherlands,
Cathedral of San Fernando,29.42449882,-98.49404997,Wikidata: Q4347159,Texas,United States,
Cathedral of Santa Maria d'Urgell,42.357851,1.461917,Wikidata: Q951104,La Seu d'Urgell,Spain,
Cathedral of the Holy Cross and Saint Eulalia,41.383888888,2.176388888,Wikidata: Q17155,Gothic Quarter,Spain,
Cathedral of the Holy Trinity,36.138235,-5.35406,Wikidata: Q93896,Gibraltar,United Kingdom,
Cathedral of the Immaculate Conception,55.767222222,37.571111111,Wikidata: Q657306,Presnensky District,Russia,
cathedral of the Magdalene,40.303992,-3.729199,Wikidata: Q2942676,Getafe,Spain,
"Cathedral of the Sacred Heart of Jesus, Algiers",36.76416667,3.04777778,Wikidata: Q2942908,Algiers,Algeria,
Cathedral of Trier,49.756111111,6.643055555,Wikidata: Q5920,Trier,Germany,
Cathedral of Urbino,43.725,12.636389,Wikidata: Q2754576,Urbino,Italy,
Cathedral of Valladolid,41.652678,-4.723415,Wikidata: Q2722123,Valladolid,Spain,
Caudry Old Communal Cemetery,50.120068,3.422729,Wikidata: Q2062520,Caudry,France,
Cave Hill Cemetery,38.245556,-85.715833,Wikidata: Q2943261,Louisville,United States,
Cayan Tower,25.086889,55.145222,Wikidata: Q391648,Emirate of Dubai,United Arab Emirates,
CDRI RTC building,60.020598,30.368842,Wikidata: Q99463917,Kalininsky District,Russia,
Cebeci Asri Cemetery,39.948,32.8889,Wikidata: Q4822451,Ankara,Turkey,
Cecilienhof,52.419167,13.070833,Wikidata: Q321783,Nördliche Vorstädte,Germany,
Cedar,52.315,4.95,Wikidata: Q81854086,Amsterdam,Netherlands,
Cedar Grove Cemetery,40.502,-74.5335,Wikidata: Q5056723,Franklin Township,United States,
Cedar Hill Cemetery,40.0242,-75.0747,Wikidata: Q5056757,Philadelphia,United States,
Cedar Hill Cemetery,41.723055555,-72.699444444,Wikidata: Q5056756,Wethersfield,United States,
Cedar Lawn Cemetery,32.318380555,-90.216802777,Wikidata: Q5274136,Jackson,United States,
Cefn Golau Cholera Cemetery,51.76025,-3.2491153,Wikidata: Q5057261,布莱奈格温特,United Kingdom,
Celle Castle,52.6239,10.0775,Wikidata: Q472403,Celle,Germany,
Celler Cooperatiu d'Espolla,42.3883,3.00117,Wikidata: Q11913390,Espolla,Spain,
Cementerio Británico,-34.5898,-58.4647,Wikidata: Q2894649,Buenos Aires,Argentina,
Cementerio del Norte,-34.84138889,-56.17833333,Wikidata: Q5058668,Montevideo,Uruguay,
cemeteries at Hallesches Tor,52.495277777,13.391944444,Wikidata: Q1457560,Friedrichshain-Kreuzberg,Germany,
Cemeteries in Coburg,50.2539,10.9723,Wikidata: Q1457457,Coburg,Germany,
cemeteries on Bergmannstrasse,52.487080555,13.402030555,Wikidata: Q1457553,Friedrichshain-Kreuzberg,Germany,
Cemetery Atzgersdorf,48.142161,16.300604,Wikidata: Q758337,Liesing,Austria,
Cemetery Bohnsdorf,52.399741666,13.559072222,Wikidata: Q1457303,Berlin,Germany,
Cemetery Chapel,47.2175,15.402,Wikidata: Q1527468,Semriach,Austria,
Cemetery Daleu,46.852905555,9.524183333,Wikidata: Q1457312,Canton of the Grisons,Switzerland,
Cemetery Eichbühl,47.382886111,8.474541666,Wikidata: Q1457318,Canton of Zürich,Switzerland,
Cemetery Feldmoching,48.2165,11.5256,Wikidata: Q1457326,Feldmoching-Hasenbergl,Germany,
Cemetery for Hebrew Confederate Soldiers,37.5523,-77.4296,Wikidata: Q5058717,Virginia,United States,
cemetery Graafseweg,51.83139,5.8325,Wikidata: Q2611939,Nijmegen,Netherlands,
cemetery Huis te Vraag,52.34667,4.84889,Wikidata: Q1883977,Amsterdam,Netherlands,
Cemetery in Baiertal,49.2943,8.73879,Wikidata: Q819656,Wiesloch,Germany,
Cemetery in Kluki,54.68176,17.32359,Wikidata: Q4423845,Kluki,Poland,
Cemetery in Komarovo,60.204722222,29.799166666,Wikidata: Q2972533,Komarovo,Russia,
Cemetery Nordheim,47.4047,8.53189,Wikidata: Q1457378,Unterstrass,Switzerland,
Cemetery of Agramonte,41.15618889,-8.632325,Wikidata: Q1053347,"Cedofeita, Santo Ildefonso, Sé, Miragaia, São Nicolau e Vitória",Portugal,
Cemetery of Arlon,49.694166666,5.816388888,Wikidata: Q1716059,Arlon,Belgium,
cemetery of Baarlo,52.737542,5.949458,Wikidata: Q2051802,Steenwijkerland,Netherlands,
Cemetery of Bailleul,50.738673,2.741815,Wikidata: Q2691004,Bailleul,France,
cemetery of Bozen,46.475374,11.33788,Wikidata: Q1457380,Bolzano,Italy,
Cemetery of Confucius,35.61861111,116.98638889,Wikidata: Q619258,Qufu,China,
Cemetery of Croix-Rousse,45.7829,4.81965,Wikidata: Q1542,Lyon,France,
Cemetery of Kings,46.201944444,6.136388888,Wikidata: Q665815,Geneva,Switzerland,
Cemetery of Nanterre Mont-Valérien,48.8759,2.20814,Wikidata: Q2972600,Nanterre,France,
"Cemetery of Poggioreale, Naples",40.870042,14.29238,Wikidata: Q934858,Naples,Italy,
Cemetery of Punta Arenas,-53.1528,-70.8975,Wikidata: Q5058719,Punta Arenas,Chile,
Cemetery of Saint-Denis,48.937445,2.363851,Wikidata: Q2972553,Saint-Denis,France,
Cemetery of Saint-Fargeau,47.641,3.0756,Wikidata: Q2972554,Saint-Fargeau,France,
"Cemetery of Saint-Louis, Versailles",48.7927,2.1223,Wikidata: Q2972470,Versailles,France,
Cemetery of Saint-Tropez,43.2728,6.64639,Wikidata: Q2972627,Saint-Tropez,France,
cemetery of San Pietro in Vincoli,45.08246,7.68222,Wikidata: Q3676946,Turin,Italy,
Cemetery of Soviet Prisoners of War in Naujoji Vilnia,54.684,25.424,Wikidata: Q2972599,Vilnius,Lithuania,
Cemetery of Steenvoorde,50.809688,2.585833,Wikidata: Q2663835,Steenvoorde,France,
cemetery of Terre Cabade,43.6069,1.46,Wikidata: Q2972562,Toulouse,France,
Cemetery of the Victims of January 9,59.851203,30.447753,Wikidata: Q4222824,Saint Petersburg,Russia,
cemetery of the victims of the Vajont,46.233,12.2876,Wikidata: Q3676932,Longarone,Italy,
cemetery of Undefeated,45.84896,13.48488,Wikidata: Q2972662,Fogliano Redipuglia,Italy,
cemetery of Ypres,50.85319,2.89717,Wikidata: Q3895319,Ypres,Belgium,
Cemetery of Zhenghaijun,23.153622056,120.638907828,Wikidata: Q5058723,Xiaolin Village,Taiwan,
Cemetery on Sienkiewicza Street in Katowice,50.25,19.020833333,Wikidata: Q4222837,Śródmieście,Poland,
Cemetery Perchtoldsdorf,48.1174,16.2757,Wikidata: Q1669518,Perchtoldsdorf,Austria,
Cemetery Rodaun,48.134166666,16.27,Wikidata: Q1457413,Rodaun,Austria,
cemetery Saint-Lazare (Montpellier),43.6261,3.890088888,Wikidata: Q2972457,Montpellier,France,
Cemetery Sant'Orsola,38.0997,13.362,Wikidata: Q3948900,Palermo,Italy,
Cemetery Sceaux,48.77973,2.2838,Wikidata: Q2972561,Sceaux,France,
Cemetery Sihlfeld,47.375027777,8.509472222,Wikidata: Q1457424,Zurich,Switzerland,
Cemetery Sint Barbara,52.0685,4.34203,Wikidata: Q2723000,The Hague,Netherlands,
cemetery Willeskop,52.022205555,4.890277777,Wikidata: Q2588024,Oudewater,Netherlands,
Cemitério de São João Batista,-22.959161111,-43.188411111,Wikidata: Q5058741,Rio de Janeiro,Brazil,
Cemitério de Vila Formosa,-23.563986111,-46.527441666,Wikidata: Q3676953,São Paulo,Brazil,
Cemitério do Morumbi,-23.624166666,-46.723888888,Wikidata: Q1617472,São Paulo,Brazil,
Cemitério Municipal de Santana,-23.49666667,-46.63888889,Wikidata: Q5058737,São Paulo,Brazil,
Centennial Hall,51.106944444,17.077222222,Wikidata: Q155743,Wrocław,Poland,
Center Cemetery,42.394444,-72.943333,Wikidata: Q5059272,Worthington,United States,
Center for the Visual Arts,41.657854,-83.557766,Wikidata: Q118636751,Toledo,United States,
Center of Innovation Anacleto Angelini,-33.497866,-70.61515,Wikidata: Q88667534,Macul,Chile,
Center Street Cemetery,41.4565,-72.8241,Wikidata: Q5059354,Wallingford,United States,
Centerville Pioneer Cemetery,37.5599,-122.008,Wikidata: Q5060136,California,United States,
Central Bank of Iraq Tower,33.288972222,44.3845,Wikidata: Q100258244,Baghdad,Iraq,
Central Cemetery in Szczecin,53.420555555,14.523333333,Wikidata: Q1589477,Szczecin,Poland,
Central Cemetery of Bogotá,4.616388888,-74.075277777,Wikidata: Q2972505,Bogotá,Colombia,
Central Fire Station,41.551667,-70.607778,Wikidata: Q5061082,Massachusetts,United States,
Central Heating Plant,38.885575,-77.028917,Wikidata: Q5061162,"Washington, D.C.",United States,
"Central Library, Des Moines",41.58608,-93.631106,Wikidata: Q66042452,Des Moines,United States,
Central National Bank,37.5436,-77.44,Wikidata: Q5061482,Richmond,United States,
Central Sofia Cemetery,42.716375,23.333008333,Wikidata: Q3400970,Sofia,Bulgaria,
centre commercial Maillot,48.186944444,3.303888888,Wikidata: Q18610930,Maillot,France,
Centre Georges Pompidou,48.860642,2.352245,Wikidata: Q178065,Quartier Saint-Merri,France,
Centre International de Congrès de Tours,47.3918,0.693363,Wikidata: Q2945812,Tours,France,
Centre Pompidou-Metz,49.108056,6.18,Wikidata: Q1054169,Metz,France,
Centro Comercial Aragonia,41.6400777,-0.9091422,Wikidata: Q5761063,Zaragoza,Spain,
Centro Direzionale di Fontivegge,43.1057,12.3762,Wikidata: Q104902186,Perugia,Italy,
Centrum LIM,52.22732626,21.00461483,Wikidata: Q769503,Śródmieście,Poland,
Ceramics Park Mino,35.33086111,137.15488889,Wikidata: Q11314499,Nagoya,Japan,
Céramique-Wohn- und Bürohaus,50.8468,5.7026,Wikidata: Q120742346,Maastricht-Centrum,Netherlands,
Certosa di Bologna,44.497405,11.307747,Wikidata: Q3671680,Bologna,Italy,
Certosa di Pavia,45.257,9.14827778,Wikidata: Q654443,Certosa di Pavia,Italy,
Chain Bridge Road School,38.929167,-77.096667,Wikidata: Q5067864,"Washington, D.C.",United States,
Chalet Orduña,37.63963312,-1.006819053,Wikidata: Q105485148,Cartagena,Spain,
Challenger,48.785294,2.072459,Wikidata: Q2947978,Guyancourt,France,
Champeaux cemetery of Montmorency,48.99362,2.323514,Wikidata: Q24545,Montmorency,France,
Champmol,47.321694444,5.017427777,Wikidata: Q922303,Dijon,France,
Champs Bruley cemetery,47.2479,6.03994,Wikidata: Q2972586,Besançon,France,
Chanin Building,40.751111,-73.975556,Wikidata: Q2956104,New York,United States,
Chapel of St. Mary and St. Nathalan,56.976885,-2.192012,Wikidata: Q5073086,Aberdeenshire,United Kingdom,
Chapel of Thanks-Giving,32.7829,-96.7983,Wikidata: Q124117919,Dallas,United States,
Chapel of the Chimes,37.8317,-122.246,Wikidata: Q5073099,Oakland,United States,
Chapel of the Pines Crematory,34.0438,-118.295,Wikidata: Q5073118,Los Angeles,United States,
Chapel on the Water,43.064992,142.623361,Wikidata: Q11548172,Shimukappu,Japan,
Chapelle de la Villa Algérienne,44.686238,-1.23538,Wikidata: Q22996560,Lège-Cap-Ferret,France,
Chapelle du Vieux-Cimetière (Soignies),50.581,4.07118,Wikidata: Q3558106,Soignies,Belgium,
Chapelle expiatoire,48.8737,2.32276,Wikidata: Q1062732,Paris,France,
Chapelle Notre-Dame-de-la-Sagesse,48.8357,2.37347,Wikidata: Q2956625,Paris,France,
Chapman House,43.067472,-76.156889,Wikidata: Q5073293,New York,United States,
Chappelle Administration Building,34.010717,-81.021008,Wikidata: Q5073387,Columbia,United States,
Chapultepec Castle,19.420555555,-99.181666666,Wikidata: Q1072510,Primera Sección del Bosque de Chapultepec,Mexico,
Charles Bridge,50.086388888,14.411944444,Wikidata: Q204871,Prague 1,Czech Republic,
Charles E. Chamberlain Federal Building & Post Office,42.73194444,-84.55638889,Wikidata: Q55607060,Lansing,United States,
Charles Lovejoy House,42.463333,-70.938611,Wikidata: Q5080349,Massachusetts,United States,
Charles Morschauser House,41.69027778,-73.92194444,Wikidata: Q23091946,Poughkeepsie,United States,
Charleston Baptist Temple,38.3453,-81.6289,Wikidata: Q5084105,West Virginia,United States,
Charlottenhof Palace,52.3955,13.0259,Wikidata: Q674963,Potsdam,Germany,
Chartreuse Cemetery,44.8355,-0.593991,Wikidata: Q2972581,Bordeaux,France,
Chartwell,51.2441,0.08245,Wikidata: Q1067909,Westerham,United Kingdom,
Chase Tower,43.0382908,-87.909433,Wikidata: Q5087205,Milwaukee,United States,
Chatam Sofer Memorial,48.14189,17.09188,Wikidata: Q4180493,Bratislava,Slovakia,
Château d'Anet,48.858333333,1.438611111,Wikidata: Q2032524,Anet,France,
Château de Blois,47.585501,1.33095,Wikidata: Q4055,Blois,France,
Château de Chambord,47.616111111,1.517222222,Wikidata: Q205367,Tour-en-Sologne,France,
Château de Chantilly,49.193888888,2.485833333,Wikidata: Q766938,Chantilly,France,
Château de Chenonceau,47.325,1.0706,Wikidata: Q193215,,,
Château de Pau,43.294722222,-0.375,Wikidata: Q1480604,Pau,France,
Château de Saint-Cloud,48.8375,2.216388888,Wikidata: Q662491,Saint-Cloud,France,
Château de Villesavin,47.546666666,1.514166666,Wikidata: Q1808966,Tour-en-Sologne,France,
Château Frontenac,46.81182,-71.20538,Wikidata: Q745964,,,
Chauchilla Cemetery,-14.9833,-74.9263,Wikidata: Q2390928,Ica Department,Peru,
Chaves County Courthouse,33.3969,-104.521,Wikidata: Q14705956,Roswell,United States,
Chehalis Post Office,46.663055555,-122.966388888,Wikidata: Q130755052,Chehalis,United States,
Chellah,34.00666667,-6.82027778,Wikidata: Q2314811,Rabat,Morocco,
Chelsea Garden Cemetery,42.390278,-71.033056,Wikidata: Q5090077,London,United States,
Chennai Tech Park,13.0688266,80.2710856,Wikidata: Q18648965,Ambattur,India,
Cherisy Road East Cemetery,50.237404,2.87645,Wikidata: Q2942568,Héninel,France,
Chesapeake and Potomac Telephone Company Building,38.898889,-77.028333,Wikidata: Q5092895,"Washington, D.C.",United States,
Chesme Church,59.856947222,30.330838888,Wikidata: Q1636756,"Moskovsky District, Saint Petersburg",Russia,
Chester Cathedral,53.191944444,-2.890555555,Wikidata: Q2559480,Chester,United Kingdom,
Chester Rural Cemetery,39.8603,-75.3681,Wikidata: Q5093704,Chester,United States,
Chester Village Cemetery,42.9575,-71.256111,Wikidata: Q5093758,New Hampshire,United States,
Chhatrapati Shivaji Maharaj Terminus,18.9398,72.8355,Wikidata: Q235884,,,
Chicago Bee Building,41.828039,-87.626183,Wikidata: Q5095503,Illinois,United States,
Chicago Board of Trade Building,41.878125,-87.63225,Wikidata: Q2224700,Chicago,United States,
Chicago Women's Club Building,41.869516,-87.625093,Wikidata: Q97693339,Chicago,United States,
Chichu Art Museum,34.44975833,133.98580278,Wikidata: Q4556499,Naoshima,Japan,
Chief Wapello's Memorial Park,40.991944,-92.292222,Wikidata: Q5096952,Wapello County,United States,
chiesa della Natività di Maria,45.336288888,11.246938888,Wikidata: Q126946236,Ronco all'Adige,Italy,
chiesa di San Francesco di Paola,45.470327,9.193448,Wikidata: Q3670167,Milan,Italy,
Chiesa di San Giacomo Apostolo,44.83698675,11.595334756,Wikidata: Q110087199,Ferrara,Italy,
chiesa di San Giovanni Battista,45.518493,11.344459,Wikidata: Q3670372,Arzignano,Italy,
Chiesa di San Vitale Martire,44.816777777,9.9775,Wikidata: Q33156763,Salsomaggiore Terme,Italy,
Chilean National Museum of Fine Arts,-33.435322,-70.643569,Wikidata: Q775376,Santiago commune,Chile,
Chilehaus,53.5482,10.0016,Wikidata: Q542783,Hamburg-Mitte,Germany,
Chilton Post Office,44.029167,-88.161389,Wikidata: Q1073049,Chilton,United States,
Chin Pao San,25.251,121.604,Wikidata: Q5099495,Jinshan District,Taiwan,
China Media Group Guanghua Road Office Area,39.915,116.4575,Wikidata: Q754321,,,
Chinese House,52.4002,13.0321,Wikidata: Q644667,Brandenburger Vorstadt,Germany,
Chinese Theatre in Tsarskoe Selo,59.717786111,30.386038888,Wikidata: Q4222420,Pushkin,Russia,
Chippiannock Cemetery,41.481667,-90.577778,Wikidata: Q5101696,Rock Island,United States,
Chișinău Circus,47.03734,28.84919,Wikidata: Q4222663,Chișinău,Moldova,
Chodkiewicz Palace,52.24722222,21.00916667,Wikidata: Q162099,Śródmieście,Poland,
Chor-Bakr,39.77444444,64.33444444,Wikidata: Q1649236,Bukhara District,Uzbekistan,
Choueke House,34.697911,135.1872,Wikidata: Q11307947,Kobe,Japan,
Christ Church and Manlius Village Cemeteries,43.0025,-75.97,Wikidata: Q5108834,New York,United States,
Christ Church Burial Ground,42.244167,-71.0025,Wikidata: Q5108767,Massachusetts,United States,
Christ Church Burial Ground,39.952095,-75.14811,Wikidata: Q5108770,Philadelphia,United States,
Christ Church Lutheran,44.943611111,-93.223333333,Wikidata: Q281123,Minneapolis,United States,
Christ Church Tashua,41.286667,-73.260556,Wikidata: Q5108900,Connecticut,United States,
Christ King,51.2391,6.73783,Wikidata: Q1087200,Oberkassel,Germany,
"Christ the King Cathedral, Belo Horizonte",-19.820277777,-43.945555555,Wikidata: Q27700254,Belo Horizonte,Brazil,
Christchurch Town Hall,-43.527,172.635,Wikidata: Q5109102,Christchurch City,New Zealand,
Christi Auferstehung,50.9352,6.91652,Wikidata: Q1078598,Lindenthal,Germany,
Christian Dior Building,35.6674,139.7072,Wikidata: Q125393713,Tokyo,Japan,
Christian's Church,55.6724,12.5872,Wikidata: Q1082978,Copenhagen Municipality,Denmark,
Christiansborg Palace,55.675833333,12.578888888,Wikidata: Q940733,Copenhagen Municipality,Denmark,
Christuskirchhof,52.4312,13.3952,Wikidata: Q1087449,Berlin,Germany,
Chung Wah Cemetery,38.670278,-121.195278,Wikidata: Q5116341,California,United States,
Chungkai War Cemetery,14.00583,99.51513,Wikidata: Q2301176,Tha Makham,Thailand,
Church of Colònia Güell,41.363797,2.027847,Wikidata: Q2160663,Colònia Güell,Spain,
Church of Notre-Dame-de-Bonsecours,48.6767,6.19944,Wikidata: Q3580202,Nancy,France,
Church of Our Lady,55.67933333,12.5725,Wikidata: Q1451811,Copenhagen Municipality,Denmark,
Church of Our Lady,51.051944444,13.741666666,Wikidata: Q157229,Dresden,Germany,
Church of Our Lady,51.204648,3.22447,Wikidata: Q917183,Bruges,Belgium,
Church of Our Lady before Týn,50.08771,14.4227,Wikidata: Q1453427,,,
Church of Saint Francis of Assisi,-19.858363888,-43.978975,Wikidata: Q636642,Belo Horizonte,Brazil,
Church of Saint Roch,45.436972222,12.325261111,Wikidata: Q5418235,Venice,Italy,
Church of Saint Sava,44.798083333,20.46855,Wikidata: Q330385,,,
Church of Saint-Sulpice,48.851002,2.334923,Wikidata: Q295844,,,
"Church of Saints Peter and Paul, Drysviaty",55.590155555,26.666919444,Wikidata: Q18907638,Vidzaŭski sieĺsaviet,Belarus,
Church of Saints Simon and Helena,53.896519444,27.547477777,Wikidata: Q1742825,Minsk,Belarus,
Church of San Fermín de los Navarros,40.432725,-3.692592,Wikidata: Q5117094,Chamberí,Spain,
Church of San Giorgio Maggiore,45.4293,12.3433,Wikidata: Q713558,Venice,Italy,
"Church of San Matías, Madrid",40.47277222,-3.64065278,Wikidata: Q17389575,Pinar del Rey,Spain,
Church of San Ramón Nonato,40.3973,-3.669477777,Wikidata: Q28534574,San Diego,Spain,
church of Santa Cristina,40.41396667,-3.72816389,Wikidata: Q5911546,Madrid,Spain,
Church of Santa Cruz,40.414527777,-3.70525,Wikidata: Q5912532,Madrid,Spain,
Church of St Mary and St Joseph,51.512027,-0.020628,Wikidata: Q27086079,London Borough of Tower Hamlets,United Kingdom,
Church of St. Augustine,50.816635,4.33674,Wikidata: Q3581005,Forest,Belgium,
Church of St. Elisabeth,48.143388888,17.116833333,Wikidata: Q579043,Bratislava,Slovakia,
Church of St. Johann am Pressen,46.967,14.5829,Wikidata: Q2083070,Hüttenberg,Austria,
Church of St. John the Baptist,50.857177777,4.340461111,Wikidata: Q20853463,Molenbeek-Saint-Jean,Belgium,
Church of St. Martin am Silberberg,46.9855,14.5461,Wikidata: Q1617508,Hüttenberg,Austria,
Church of St. Vincent de Paul,50.848108333,4.311291666,Wikidata: Q23726528,Anderlecht,Belgium,
Church of the Annunciation,42.304254,-82.547252,Wikidata: Q106458514,Lakeshore,Canada,
Church of the Apostols in Chełm,51.132417,23.472028,Wikidata: Q11745775,Chełm,Poland,
Church of the Dormition,50.004722222,25.506944444,Wikidata: Q25436242,Pochaiv,Ukraine,
Church of the Dormition of Our Lady in Dabravolia,52.907463888,24.033641666,Wikidata: Q23072358,Dabravolia,Belarus,
Church of the Gesù,41.895833333,12.479722222,Wikidata: Q719794,Rome,Italy,
Church of the Holiest Saviour,52.21917,21.01786,Wikidata: Q5117878,Warsaw,Poland,
Church of the Light,34.818611,135.536944,Wikidata: Q1655766,Osaka,Japan,
Church of the Savior on Blood,59.94,30.328611111,Wikidata: Q215208,,,
Church of the Transfiguration in Tarnogród,50.363056,22.743944,Wikidata: Q11745759,Tarnogród,Poland,
Church of the Wind,34.75638889,135.24555556,Wikidata: Q11665348,Kobe,Japan,
Church of Virgen de la Paloma and San Pedro el Real,40.408365,-3.711824,Wikidata: Q5912503,Palacio,Spain,
Church of Zosen,46.9574,14.5522,Wikidata: Q989774,Hüttenberg,Austria,
Church Saint Rupert,47.2469,14.8456,Wikidata: Q2083154,Kobenz,Austria,
Church St. Michael,47.2273,9.57214,Wikidata: Q1443841,Feldkirch,Austria,
Church Wetzelsdorf,48.6474,16.6296,Wikidata: Q1299920,Poysdorf,Austria,
Cille Bharra,57.03949,-7.43433,Wikidata: Q2282409,Outer Hebrides,United Kingdom,
Cimetière Ancien de Rueil-Malmaison,48.880132,2.191264,Wikidata: Q2972487,Rueil-Malmaison,France,
Cimetière attenant à l'église Saint-Vivien de Romagne,44.7603,-0.197545,Wikidata: Q2972495,Romagne,France,
Cimetière d'Aixe-sur-Vienne,45.7947,1.12306,Wikidata: Q2972496,Aixe-sur-Vienne,France,
Cimetière d'Antony,48.758753,2.290263,Wikidata: Q2972497,Antony,France,
Cimetière de Balham,49.4913,4.16151,Wikidata: Q2972502,Balham,France,
Cimetière de Bosc,49.0317,2.28554,Wikidata: Q2972507,Saint-Prix,France,
Cimetière de Chamonix,45.92194,6.87694,Wikidata: Q2972511,Chamonix-Mont-Blanc,France,
Cimetière de Cocherel,49.0524,1.34026,Wikidata: Q2972512,Houlbec-Cocherel,France,
Cimetière de Contamine-sur-Arve,46.1269,6.34263,Wikidata: Q2972514,Contamine-sur-Arve,France,
Cimetière de Gentilly,48.8186,2.34972,Wikidata: Q2972523,Paris,France,
Cimetière de Gisy-les-Nobles,48.2845,3.247,Wikidata: Q2972522,Gisy-les-Nobles,France,
Cimetière de Grenelle,48.84138889,2.27972222,Wikidata: Q2972535,Paris,France,
Cimetière de l'Hôpital-Général de Québec,46.814444444,-71.231666666,Wikidata: Q2972579,Notre-Dame-des-Anges,Canada,
cimetière de la Trinité de Krasnoïarsk,56.020833333,92.888611111,Wikidata: Q598580,Krasnoyarsk,Russia,
Cimetière de Louyat,45.8573,1.26048,Wikidata: Q2972534,Limoges,France,
Cimetière de Loyasse,45.7625,4.811667,Wikidata: Q1540,Lyon,France,
cimetière de Mailly-le-Château,47.5965,3.64155,Wikidata: Q2972536,Mailly-le-Château,France,
Cimetière de Maurin,44.593483333,6.846630555,Wikidata: Q2972537,Saint-Paul-sur-Ubaye,France,
Cimetière de Montrouge,48.8222,2.31917,Wikidata: Q2972544,Paris,France,
Cimetière de Neuilly,47.9163,3.44378,Wikidata: Q2972541,Valravillon,France,
Cimetière de Pacy-sur-Armançon,47.7744,4.09174,Wikidata: Q2972547,Pacy-sur-Armançon,France,
Cimetière de Pantin,48.9058,2.411,Wikidata: Q2972674,Pantin,France,
Cimetière de Préville,48.69,6.16361,Wikidata: Q2972551,Nancy,France,
Cimetière de Roubaix,50.69835452,3.18908214,Wikidata: Q1092081,Roubaix,France,
Cimetière de Saint-Morel,49.337405,4.693456,Wikidata: Q2972556,Saint-Morel,France,
Cimetière de Saint-Paul-de-Vence,43.694078,7.123243,Wikidata: Q2972557,Saint-Paul-de-Vence,France,
Cimetière de Saint-Pierre,-21.3422,55.4667,Wikidata: Q2972558,Saint-Pierre,France,
Cimetière de Savigny-sur-Aisne,49.359526,4.725044,Wikidata: Q2972560,Savigny-sur-Aisne,France,
Cimetière de Velotte,47.2201,6.01102,Wikidata: Q2972563,Besançon,France,
Cimetière des animaux de Liège,50.6646,5.57032,Wikidata: Q2972493,Liège,Belgium,
Cimetière des Arabes de Nessadiou,-21.62001,165.54767,Wikidata: Q2972584,Bourail,France,
Cimetière des Carmes,45.7844,3.09624,Wikidata: Q2972588,Clermont-Ferrand,France,
Cimetière des Chaprais,47.2488,6.03521,Wikidata: Q2972585,Besançon,France,
Cimetière des Chiens et Autres Animaux Domestiques,48.909444444,2.296666666,Wikidata: Q1092097,Asnières-sur-Seine,France,
Cimetière des Gonards,48.791388888,2.138055555,Wikidata: Q2627946,Versailles,France,
Cimetière des Juifs portugais de Paris,48.8867,2.37306,Wikidata: Q2972592,Paris,France,
Cimetière des Oubliés (Cadillac),44.6342,-0.312494,Wikidata: Q2972591,Cadillac-sur-Garonne,France,
Cimetière du Château,43.698055555,7.280555555,Wikidata: Q2972611,Nice,France,
cimetière du Nord,48.125222,-1.680447,Wikidata: Q2972602,Rennes,France,
Cimetière du Sud,50.605841,3.052382,Wikidata: Q1827497,Lille,France,
Cimetière du Vieux Château,43.77812,7.50567,Wikidata: Q921785,Menton,France,
cimetière Gromovskoïe,59.888528,30.304154,Wikidata: Q2972448,Saint Petersburg,Russia,
Cimetière juif de Saint-Rémy-de-Provence,43.7794,4.82889,Wikidata: Q2972619,Saint-Rémy-de-Provence,France,
cimetière Kortchevatskoïe,50.368611111,30.522777777,Wikidata: Q4503289,Kyiv,Ukraine,
Cimetière marin de Landévennec,48.2936,-4.26722,Wikidata: Q2972624,Landévennec,France,
Cimetière marin de Saint-Paul,-21.0149,55.2601,Wikidata: Q2972625,Saint-Paul,France,
Cimetière marin de Tréboul,48.100443,-4.344094,Wikidata: Q2972632,Douarnenez,France,
"Cimetière Marin, Sète",43.3947,3.6917,Wikidata: Q2972633,Sète,France,
cimetière militaire belge d'Eppegem,50.96694,4.45528,Wikidata: Q740027,Zemst,Belgium,
Cimetière militaire belge de Saint-Jean-Cap-Ferrat,43.686,7.34621,Wikidata: Q2972651,Saint-Jean-Cap-Ferrat,France,
Cimetière monumental de Rouen,49.4501,1.11669,Wikidata: Q2972665,Rouen,France,
Cimetière Nord de Strasbourg,48.61,7.7748,Wikidata: Q2972449,Strasbourg,France,
cimetière Novo-Derevenskoïe,56.022916666,37.877888888,Wikidata: Q4322910,Pushkino,Russia,
Cimetière parisien d'Ivry,48.8118,2.36781,Wikidata: Q2081077,Ivry-sur-Seine,France,
Cimetière parisien de Bagneux,48.805833333,2.309166666,Wikidata: Q2482942,Bagneux,France,
Cimetière protestant de Nîmes,43.8388,4.34202,Wikidata: Q2972679,Nîmes,France,
Cimetière romain de Dabo,48.636839,7.181442,Wikidata: Q2972613,Walscheid,France,
Cimetière Saint-Gall de Strasbourg,48.5786,7.72094,Wikidata: Q2972454,Strasbourg,France,
Cimetière Saint-Louis de la Robertsau,48.5994,7.78038,Wikidata: Q2972464,Strasbourg,France,
Cimetière Saint-Maurice de Bruille-Saint-Amand,50.47387,3.49959,Wikidata: Q5172002,Bruille-Saint-Amand,France,
Cimetière Saint-Michel,46.3521,-72.5752,Wikidata: Q2972467,Trois-Rivières,Canada,
Cimetière Sainte-Hélène de Strasbourg,48.5987,7.74129,Wikidata: Q2972478,Strasbourg,France,
Cimetière Sainte-Marguerite,48.8531,2.38115,Wikidata: Q2972484,Paris,France,
Cimetière Sainte-Marie,49.50567,0.12985,Wikidata: Q2972481,Le Havre,France,
cimetière Staro-Semionovskoïe,55.196135,30.170745,Wikidata: Q4440035,Vitebsk,Belarus,
Cimetière Sud de Saint-Mandé,48.8375,2.41154,Wikidata: Q2972482,Paris,France,
Cimitero comunale dei Lupi,43.57010833,10.32665278,Wikidata: Q3676910,Livorno,Italy,
cimitero dei Cappuccini (Palermo),38.1122,13.33859,Wikidata: Q3676915,Palermo,Italy,
Cimitero dei colerosi di Barra,40.827015,14.323484,Wikidata: Q3676916,Naples,Italy,
Cimitero della Congregazione Olandese Alemanna,43.562668,10.324282,Wikidata: Q1457469,Livorno,Italy,
Cimitero della Misericordia,43.530875,10.32215833,Wikidata: Q3676919,Livorno,Italy,
Cimitero della Misericordia,43.77991389,11.26949167,Wikidata: Q3676918,Florence,Italy,
Cimitero della Purificazione,43.53089444,10.32070833,Wikidata: Q3676923,Livorno,Italy,
Cimitero delle Ballodole,43.814917,11.262402,Wikidata: Q3676926,Florence,Italy,
Cimitero delle Porte Sante,43.759,11.2641,Wikidata: Q3676928,Florence,Italy,
"Cimitero di Piacenza (Piacenza, Italy)",45.046506,9.723143,Wikidata: Q3676935,Piacenza,Italy,
Cimitero di Santa Maria dei Rotoli,38.1603,13.3687,Wikidata: Q3676947,Palermo,Italy,
Cimitero di Sassari,40.72972222,8.55,Wikidata: Q3676911,Sassari,Italy,
Cimitero Evangelico agli Allori,43.74731944,11.23025556,Wikidata: Q530666,Florence,Italy,
Cimitero Flaminio,42.0143,12.4945,Wikidata: Q3676869,Rome,Italy,
"Cimitero Monumentale della Misericordia, Antella",43.72508333,11.32683889,Wikidata: Q3676888,Bagno a Ripoli,Italy,
Cimitero monumentale di Caltagirone,37.2325,14.53722222,Wikidata: Q3676890,Caltagirone,Italy,
Cimitero monumentale suburbano di Reggio Emilia,44.6922,10.6223,Wikidata: Q3676987,Reggio Emilia,Italy,
Cincinnati Times-Star Building,39.105475,-84.507239,Wikidata: Q5120322,Ohio,United States,
Cine-Teatro de Albergaria-a-Velha,40.690647,-8.478318,Wikidata: Q18467001,Albergaria-a-Velha e Valmaior,Portugal,
Cinecittà,41.85,12.566667,Wikidata: Q728399,Rome,Italy,
"Cinq Rues British Cemetery, Hazebrouck",50.729219,2.501964,Wikidata: Q2655721,Hazebrouck,France,
Círculo de Contribuyentes,40.482291,-3.363684,Wikidata: Q30225133,Alcalá de Henares,Spain,
Cirencester Amphitheatre,51.712,-1.97261,Wikidata: Q5121861,Cirencester,United Kingdom,
CITIC Plaza,23.144444444,113.319444444,Wikidata: Q245246,,,
Citigroup Center,40.758611111,-73.970277777,Wikidata: Q391243,New York City,United States,
Citroën Garage,50.85953,4.34853,Wikidata: Q38066486,City of Brussels,Belgium,
Citrus House,32.06326458,34.77867007,Wikidata: Q6936755,Tel Aviv,Israel,
City Cemetery,35.7792,-78.6308,Wikidata: Q5123056,Raleigh,United States,
City Cemetery,32.982342,-82.814191,Wikidata: Q5123057,Sandersville,United States,
City Green Court,50.0505433,14.4350325,Wikidata: Q53757296,Prague 4,Czech Republic,
City hall of Texel,53.050689,4.802185,Wikidata: Q113563932,Texel,Netherlands,
city hall of The Hague,52.077904,4.317218,Wikidata: Q7474100,The Hague,Netherlands,
"City Hall, Hoorn, the Netherlands",52.655369,5.062825,Wikidata: Q19839283,Hoorn,Netherlands,
City of Angels,43.191,44.566,Wikidata: Q3889250,Beslan,Russia,
City of Capitals,55.7474,37.5391,Wikidata: Q1034657,Moscow,Russia,
City of London Cemetery and Crematorium,51.56,0.048,Wikidata: Q5123768,London Borough of Newham,United Kingdom,
City of the Dead,30.0467,31.2764,Wikidata: Q2066414,Cairo Governorate,Egypt,
City Palace,52.394722,13.060556,Wikidata: Q527260,Potsdam,Germany,
City Road Cemetery,53.3697,-1.44,Wikidata: Q5123404,Sheffield,United Kingdom,
City Tower,50.050277777,14.436111111,Wikidata: Q3489939,Nusle,Czech Republic,
City View Cemetery,44.9192,-123.053,Wikidata: Q5123491,Salem,United States,
City-Haus,50.110277777,8.66,Wikidata: Q195138,Frankfurt,Germany,
Ciudad BBVA,40.501166666,-3.664166666,Wikidata: Q19788709,Madrid,Spain,
Ciutat de la Justícia de Barcelona i l'Hospitalet de Llobregat,41.364166666,2.1325,Wikidata: Q4886310,La Bordeta,Spain,
Civic Theatre,-36.8511,174.764,Wikidata: Q4391509,Auckland Region,New Zealand,
"Civil Cemetery, Madrid",40.421372,-3.635885,Wikidata: Q8343387,Madrid,Spain,
CLA Building,34.0594,-117.82,Wikidata: Q5012678,California,United States,
Clairmarais Churchyard,50.76999,2.303706,Wikidata: Q2024077,Clairmarais,France,
Clandon Barrow,50.6996,-2.48805,Wikidata: Q1095021,Winterborne St Martin,United Kingdom,
Cláudio Santoro National Theater,-15.792107,-47.880344,Wikidata: Q3462810,Brasília,Brazil,
Clay Street Cemetery,64.841389,-147.706944,Wikidata: Q5129988,Alaska,United States,
Clements Hall,32.84345252,-96.78411171,Wikidata: Q55607772,University Park,United States,
Clifton Street Cemetery,54.6079,-5.9353,Wikidata: Q5133319,Belfast,United Kingdom,
Clinton Grove Cemetery,42.602778,-82.903611,Wikidata: Q5134125,Michigan,United States,
Clore Gallery,51.490871,-0.127181,Wikidata: Q98929280,City of Westminster,United Kingdom,
Cloverfields,47.0208,-122.885,Wikidata: Q5135964,Washington,United States,
CMA CGM Tower,43.315038888,5.365805555,Wikidata: Q3533034,Marseille,France,
Cmentarz Hołoskowski we Lwowie,49.8914,24.0286,Wikidata: Q4142176,Lviv,Ukraine,
Cmentarz jeńców radzieckich w Kielcach,50.8381,20.6494,Wikidata: Q649346,Kielce,Poland,
Cmentarz Żołnierzy Radzieckich w Kluczborku,50.964,18.2177,Wikidata: Q649375,Kluczbork,Poland,
Cmentarz Żołnierzy Radzieckich w Piotrkowie Trybunalskim,51.423888888,19.715833333,Wikidata: Q976237,Piotrków Trybunalski,Poland,
Cmentarz Żołnierzy Radzieckich w Zgierzu,51.8594,19.3978,Wikidata: Q722095,Zgierz,Poland,
CN Tower,43.642752777,-79.387147222,Wikidata: Q134883,,,
Cnoc Freiceadain Long Cairns,58.565161,-3.698471,Wikidata: Q1025963,Highland,United Kingdom,
Coal Creek Patrol Cabin,48.416106,-113.650857,Wikidata: Q5137720,Flathead County,United States,
Coddington Cemetery,41.4925,-71.31444444,Wikidata: Q5139953,Newport,United States,
Cohasset Central Cemetery,42.245833,-70.807222,Wikidata: Q5141308,Cohasset,United States,
Cold Spring Presbyterian Church,38.9765,-74.9164,Wikidata: Q5142364,Lower Township,United States,
Cold Springs Cemetery,43.183056,-78.656944,Wikidata: Q5142376,Lockport,United States,
Colden Family Cemetery,41.521111,-74.146389,Wikidata: Q5142505,Montgomery,United States,
Cole's Hill,41.9575,-70.662778,Wikidata: Q5142609,Plymouth,United States,
Colección Jumex,19.4406,-99.2033,Wikidata: Q5142722,Mexico City,Mexico,
Colegio de Areneros,40.4297,-3.7114,Wikidata: Q5777228,Universidad,Spain,
Colegio de María Inmaculada,40.43478,-3.695933,Wikidata: Q27164092,Almagro,Spain,
Colegio de San Diego y San Nicolás,40.432388888,-3.694416666,Wikidata: Q52362781,Almagro,Spain,
Colegio La Salle-La Paloma,40.408144444,-3.711825,Wikidata: Q54157589,Palacio,Spain,
Colegio mixto La Salle-San Rafael,40.433958333,-3.712958333,Wikidata: Q27031547,Gaztambide,Spain,
Coleman–Scott House,45.537655,-122.649077,Wikidata: Q5143048,Portland,United States,
Colestown Cemetery,39.9334,-74.9895,Wikidata: Q5144674,Cherry Hill,United States,
Col·legi d'Arquitectes,41.1191,1.2593,Wikidata: Q56401067,Tarragona,Spain,
Collegium Stomatologicum w Poznaniu,52.4086,16.89,Wikidata: Q9195464,Poznań,Poland,
Colliers Wood,51.418167,-0.177913,Wikidata: Q1109527,London Borough of Merton,United Kingdom,
Cologne Central Mosque,50.945555555,6.928333333,Wikidata: Q836059,Cologne,Germany,
"Colón Cemetery, Havana",23.123055555,-82.398611111,Wikidata: Q1053319,Centro Habana,Cuba,
Colón Theater,-34.601083333,-58.383083333,Wikidata: Q827401,Buenos Aires,Argentina,
Colonial House,34.095833333,-118.359722222,Wikidata: Q26955576,California,United States,
Colonnade Hotel,47.609722222,-122.340555555,Wikidata: Q105972687,Seattle,United States,
Colorado Springs Fine Arts Center,38.845833,-104.825556,Wikidata: Q5148924,El Paso County,United States,
Columbia Cemetery,38.949166666,-92.337222222,Wikidata: Q5149632,Columbia,United States,
Columbiadamm Cemetery,52.481388888,13.409444444,Wikidata: Q1457313,Berlin,Germany,
Comcast Technology Center,39.955,-75.17,Wikidata: Q16958963,Philadelphia,United States,
Comfort Station No. 68,42.911341,-122.145582,Wikidata: Q5151688,Klamath County,United States,
Comfort Station No. 72,42.911111,-122.147222,Wikidata: Q5151689,Klamath County,United States,
Comines cemetery,50.765499,3.010657,Wikidata: Q2786344,Comines,France,
Commack United Methodist Church and Cemetery,40.844722,-73.293333,Wikidata: Q5152065,New York,United States,
Commerzbank Tower,50.11116,8.67437,Wikidata: Q151765,Frankfurt-Innenstadt I,Germany,
Commodore Hotel,45.521639,-122.688231,Wikidata: Q5153227,Portland,United States,
Common Burying Ground,41.49638889,-71.31555556,Wikidata: Q5153295,Newport,United States,
Common Burying Ground at Sandy Bank,42.417528,-71.070739,Wikidata: Q5153296,Malden,United States,
Commonwealth Building,45.520887,-122.677543,Wikidata: Q5153704,Portland,United States,
Community Memorial Hospital,42.560833,-71.582222,Wikidata: Q5154817,Ayer,United States,
Concertgebouw,52.356305555,4.879083333,Wikidata: Q849957,Amsterdam,Netherlands,
Conciliar Seminary of Madrid,40.4117,-3.71563,Wikidata: Q18328133,Madrid,Spain,
Concord Cemetery,28.67628457,-81.337315143,Wikidata: Q5158777,Casselberry,United States,
Concord Free Public Library,42.458,-71.353,Wikidata: Q5158795,Concord,United States,
Concordia Cemetery,42.906111,-78.819444,Wikidata: Q5158953,New York,United States,
Condado Plaza Hilton,18.461313,-66.081014,Wikidata: Q56426620,San Juan,United States,
Conde-sur-L'Escaut Communal Cemetery,50.45444,3.590215,Wikidata: Q2842436,Condé-sur-l'Escaut,France,
Condorcet Building,48.828695679,2.382919679,Wikidata: Q66594884,Paris,France,
Congressional Cemetery,38.881111,-76.977222,Wikidata: Q2892262,"Washington, D.C.",United States,
"Conjunt de cases unifamiliars a la carretera de Rubí, 171-191",41.554054,2.017391,Wikidata: Q20875075,Terrassa,Spain,
Constanța Casino,44.1705,28.6635,Wikidata: Q12723726,Constanța County,Romania,
Contemporary Arts Museum of Lyon,45.78416667,4.8525,Wikidata: Q8330,Lyon,France,
Contrabands and Freedmen Cemetery,38.7944,-77.0497,Wikidata: Q5165631,Virginia,United States,
Convent de les Mínimes,41.09028,0.64263,Wikidata: Q20985645,Móra d'Ebre,Spain,
Convent of Las Descalzas Reales,40.418267,-3.706192,Wikidata: Q2268271,Madrid,Spain,
Copenhagen Central Station,55.672778,12.564444,Wikidata: Q1495052,Copenhagen Municipality,Denmark,
Copenhagen Opera House,55.681944444,12.600555555,Wikidata: Q838297,Copenhagen Municipality,Denmark,
Copp's Hill Burying Ground,42.367222,-71.056389,Wikidata: Q1131544,Boston,United States,
Corbal Building,42.431083333,-8.645611111,Wikidata: Q135653620,Pontevedra,Spain,
Corbin Palms House,34.181867,-118.563329,Wikidata: Q136026669,Los Angeles,United States,
Corbin Palms Model H-3,34.182224,-118.563501,Wikidata: Q136026607,Los Angeles,United States,
Corn Palace,43.7146,-98.026,Wikidata: Q2997434,South Dakota,United States,
Cosman Family Cemetery,41.581667,-74.006111,Wikidata: Q5173971,New York,United States,
Cove Burying Ground,41.811111,-69.971389,Wikidata: Q5178919,Eastham,United States,
CPF Building,1.276833333,103.847861111,Wikidata: Q2813490,Downtown Core,Singapore,
Craighead County Courthouse,35.8372,-90.705,Wikidata: Q18706122,Jonesboro,United States,
Crane Flat Fire Lookout,37.759718,-119.820672,Wikidata: Q5182018,Mariposa County,United States,
Cranfield University Library,52.0726,-0.6274,Wikidata: Q118904356,Cranfield,United Kingdom,
Crater Lake Superintendent's Residence,42.900208,-122.137389,Wikidata: Q5182625,Klamath County,United States,
Craven Cottage,51.475,-0.221666666,Wikidata: Q318043,,,
Crawford Hall,33.6478,-117.848,Wikidata: Q5182872,California,United States,
Creek Meeting House and Friends' Cemetery,41.831389,-73.761944,Wikidata: Q5183855,New York,United States,
"Crematorium, Csömör",47.5406,19.235667,Wikidata: Q876327,Csömör,Hungary,
Criel Mound,38.368611,-81.696667,Wikidata: Q5185117,Kanawha County,United States,
Croatian National Theatre in Zagreb,45.8095,15.97,Wikidata: Q268151,Zagreb,Croatia,
Croisilles British Cemetery,50.194809,2.877393,Wikidata: Q2053664,Croisilles,France,
Croisilles Railway Cemetery,50.193239,2.890018,Wikidata: Q2258992,Croisilles,France,
Cromlech des Bonnettes,50.277091,2.974806,Wikidata: Q19520988,Sailly-en-Ostrevent,France,
Crookes Cemetery,53.3827,-1.5171,Wikidata: Q5187879,Sheffield,United Kingdom,
Cross Bones,51.5042,-0.093,Wikidata: Q5188236,London Borough of Southwark,United Kingdom,
Cross Creek Cemetery,35.0589,-78.8714,Wikidata: Q5188279,Fayetteville,United States,
Cross Roads Presbyterian Church and Cemetery and Stainback Store,36.17,-79.286389,Wikidata: Q5188410,Alamance County,United States,
Crosstown Concourse,35.152021,-90.015002,Wikidata: Q55150,Memphis,United States,
Crouse House,25.9092,-80.2489,Wikidata: Q8341592,Opa-locka,United States,
Crown Hill Cemetery,39.818889,-86.1725,Wikidata: Q5189371,Indianapolis,United States,
Crowne Plaza Copenhagen Towers,55.627155,12.577028,Wikidata: Q5189539,Copenhagen Municipality,Denmark,
Croydon Cemetery,51.3912,-0.1254,Wikidata: Q5189647,London Borough of Croydon,United Kingdom,
Crum Elbow Meeting House and Cemetery,41.805,-73.866667,Wikidata: Q5190023,New York,United States,
Crypt of Merit at Skałka,50.0482,19.9377,Wikidata: Q198591,Kraków,Poland,
Crystal Lake Cemetery,44.547778,-123.253333,Wikidata: Q5191256,Oregon,United States,
Crystal River Archaeological State Park,28.916944,-82.609167,Wikidata: Q3485388,Citrus County,United States,
CTF Finance Centre,23.12027778,113.32055556,Wikidata: Q168575,Guangzhou,China,
Cube Houses,51.48073056,5.65476944,Wikidata: Q23927016,Helmond,Netherlands,
Cuinchy Communal Cemetery,50.516291,2.754982,Wikidata: Q2164804,Cuinchy,France,
Cummins Corporate Office Building,39.2061,-85.924,Wikidata: Q5194133,Columbus,United States,
Cuvilliés Theatre,48.1409,11.58002,Wikidata: Q532191,Altstadt-Lehel,Germany,
Cypress Cemetery,41.2829,-72.3546,Wikidata: Q5200311,Old Saybrook,United States,
Cypress Hills Cemetery,40.689166666,-73.875277777,Wikidata: Q2972519,New York,United States,
Czapski Palace,52.239444444,21.015,Wikidata: Q1149220,Śródmieście,Poland,
Czernowitz Synagogue,48.29316667,25.93297222,Wikidata: Q2095885,Chernivtsi,Ukraine,
D7,53.06129,6.68461,Wikidata: Q2209037,Aa en Hunze,Netherlands,
Dabuzi,34.2149784,105.27282,Wikidata: Q1156509,Li County,China,
Daddy Frye's Hill Cemetery,42.725278,-71.166111,Wikidata: Q5208012,Massachusetts,United States,
Dagshög,56.3983,12.629,Wikidata: Q10465949,Båstad Municipality,Sweden,
Dahlem Cemetery,52.458913888,13.286105555,Wikidata: Q321319,Steglitz-Zehlendorf,Germany,
Dahshur,29.8,31.233333333,Wikidata: Q685414,Markaz al Badrashayn,Egypt,
Daisen Kofun,34.563923,135.487296,Wikidata: Q5849431,Osaka,Japan,
Dale Cemetery,41.171038888,-73.856058333,Wikidata: Q5210378,Ossining,United States,
Dalgaards Østerhøj,56.785214137,8.787433029,Wikidata: Q18558491,Morsø Municipality,Denmark,
Dalhousie Arts Centre,44.63789,-63.58856,Wikidata: Q4135315,Halifax,Canada,
Damariscotta Baptist Church,44.031389,-69.529722,Wikidata: Q5212000,Maine,United States,
Dampfmaschinenhaus,52.39624,13.04457,Wikidata: Q962542,Potsdam,Germany,
Dancing House,50.075555555,14.414166666,Wikidata: Q244816,New Town,Czech Republic,
Danes Graves,54.0555,-0.446203,Wikidata: Q5215885,Kilham,United Kingdom,
Danilov Cemetery,55.703975,37.608733333,Wikidata: Q558959,Donskoy District,Russia,
Dänische Botschaft,35.6484,139.6998,Wikidata: Q125398396,Tokyo,Japan,
"Darnytske cemetery, Kyiv",50.426,30.636,Wikidata: Q4155101,Kyiv,Ukraine,
Darsena,44.413056,8.926667,Wikidata: Q3702849,Genoa,Italy,
David H. Koch Theater,40.7719,-73.9836,Wikidata: Q3018029,Upper West Side,United States,
Davidson County Courthouse,36.167222,-86.778611,Wikidata: Q5241644,Tennessee,United States,
Davis Burial Ground,40.5434,-74.5618,Wikidata: Q5241848,South Bound Brook,United States,
Dawes County Courthouse,42.8325,-103.331,Wikidata: Q14704840,Nebraska,United States,
Dawes Road Cemetery,43.7093,-79.2862,Wikidata: Q5242312,Toronto,Canada,
Day Nursery,-22.963641721,-43.203580485,Wikidata: Q10340046,Rio de Janeiro,Brazil,
Dayton Arcade,39.758333,-84.1925,Wikidata: Q5243503,Ohio,United States,
Dayton National Cemetery,39.747386111,-84.260952777,Wikidata: Q5243557,Montgomery County,United States,
DC Towers,48.23161,16.41356,Wikidata: Q675964,Vienna,Austria,
De Bijenkorf,52.076389,4.311944,Wikidata: Q2844816,The Hague,Netherlands,
De Dageraad,52.34924,4.9005,Wikidata: Q17234586,Amsterdam,Netherlands,
De Kuip,51.893894444,4.523252777,Wikidata: Q330298,,,
De Nieuwe Noorder,52.406111111,4.927222222,Wikidata: Q2118448,Amsterdam,Netherlands,
De Producent,52.01012222,4.70085833,Wikidata: Q17594332,Gouda,Netherlands,
De Rode Olifant,52.08796,4.32007,Wikidata: Q17453454,The Hague,Netherlands,
De Rots,52.20929,5.96007,Wikidata: Q2200376,Apeldoorn,Netherlands,
De Rotterdam,51.906667,4.488056,Wikidata: Q2741526,Rotterdam,Netherlands,
De Stille Hof (Hoogezand),53.16581,6.75306,Wikidata: Q1865630,Hoogezand-Sappemeer,Netherlands,
Dean Cemetery,55.953026,-3.2225039,Wikidata: Q5246062,City of Edinburgh,United Kingdom,
Deans Grange Cemetery,53.28333333,-6.16666667,Wikidata: Q1181173,Kill of the Grange,Ireland,
Dearborn City Hall Complex,42.32138889,-83.17666667,Wikidata: Q28008067,Michigan,United States,
Death Canyon Barn,43.664722,-110.829167,Wikidata: Q5247095,Teton County,United States,
Defence Forces Cemetery of Tallinn,59.4216,24.7655,Wikidata: Q5251189,Tallinn City,Estonia,
Deir el-Medina,25.728333333,32.601388888,Wikidata: Q750212,Luxor Governorate,Egypt,
Delano Hotel,25.7921,-80.1288,Wikidata: Q5253151,Miami Beach,United States,
Delaware Children's Theatre,39.7517,-75.5561,Wikidata: Q5253246,Wilmington,United States,
Delettes Communal Cemetery,50.623031,2.218288,Wikidata: Q2287833,Delettes,France,
Delsaux Farm Cemetery,50.108888888,2.934166666,Wikidata: Q4891370,Beugny,France,
Denain Communal Cemetery,50.333612,3.40789,Wikidata: Q2185097,Denain,France,
Denby High School,42.424722,-82.960556,Wikidata: Q5256640,Detroit,United States,
Dennis Village Cemetery,41.736389,-70.1925,Wikidata: Q5259034,Dennis,United States,
Dentsu Building,35.66437,139.76237,Wikidata: Q5259646,Tokyo,Japan,
Dentsu Tsukiji Building,35.66922778,139.77034722,Wikidata: Q22119511,Tokyo,Japan,
Derby Cathedral,52.9248,-1.4773,Wikidata: Q2310409,City of Derby,United Kingdom,
Derby Central Library,52.92266,-1.47965,Wikidata: Q1650391,City of Derby,United Kingdom,
Derby Museum and Art Gallery,52.92292,-1.48003,Wikidata: Q8012,,,
Derveni,40.71666718,22.96249962,Wikidata: Q5263281,Oreokastro Municipality,Greece,
Des Moines Art Center,41.583888888,-93.681666666,Wikidata: Q5263501,Des Moines,United States,
Des Moines Building,41.58715278,-93.62478056,Wikidata: Q16959999,Des Moines,United States,
Detroit News Complex,42.3285,-83.053944444,Wikidata: Q28008065,Michigan,United States,
Deutsche Kriegsgräberstätte Tolmin,46.175282508,13.732668775,Wikidata: Q3886730,Municipality of Tolmin,Slovenia,
Deutscher Friedhof,50.1359,8.91117,Wikidata: Q1204869,Hanau,Germany,
Deux Tertres - Twee Heuvels,50.787958333,4.405775,Wikidata: Q18515624,Watermael-Boitsfort,Belgium,
Devil's Farmhouse,35.95582,14.35006,Wikidata: Q22826923,Mellieħa,Malta,
Devil's Humps,50.8931,-0.836389,Wikidata: Q5267169,Stoughton,United Kingdom,
Devonshire Street Cemetery,-33.884124,151.207014,Wikidata: Q5267881,New South Wales,Australia,
Dickey Ridge Visitor Center,38.871737,-78.20465,Wikidata: Q35985530,Warren County,United States,
Dickson County War Memorial Building,36.07416667,-87.39055556,Wikidata: Q39050676,Dickson,United States,
Dieweg Cemetery,50.79472,4.34722,Wikidata: Q2689824,Uccle,Belgium,
Dinamo Arena,41.723,44.78975,Wikidata: Q290801,,,
Dinegro,44.413889,8.911944,Wikidata: Q3707866,Genoa,Italy,
Diözesanmuseum Paderborn,51.7185,8.75514,Wikidata: Q1363869,Paderborn,Germany,
Dissignac tumulus,47.270972222,-2.279305555,Wikidata: Q2459723,圣纳泽尔,France,
Djamaa El Djazaïr,36.735833333,3.138055555,Wikidata: Q23012984,Mohammadia,Algeria,
Dobberworth,54.519722222,13.547222222,Wikidata: Q1233136,Sagard,Germany,
Döbling Cemetery,48.238611111,16.328055555,Wikidata: Q1270909,Döbling,Austria,
Doge's Palace,45.433666666,12.340416666,Wikidata: Q189883,Venice,Italy,
Doha Tower,25.31745,51.52836944,Wikidata: Q10413351,Doha,Qatar,
Döhrener Friedhof,52.3381,9.76402,Wikidata: Q1114365,Döhren-Wülfel,Germany,
Dolgoprudnenskoye Cemetery,55.909077777,37.497125,Wikidata: Q4164684,Moscow,Russia,
Dolmabahçe Palace,41.039444444,29.001666666,Wikidata: Q274141,Beşiktaş,Turkey,
Dolmen of Mander,52.45679,6.84129,Wikidata: Q13729209,Tubbergen,Netherlands,
Dolmens in South Zhejiang,27.611782,120.523071,Wikidata: Q1479926,Cangnan County,China,
Dölzschen cemetery,51.0266,13.6822,Wikidata: Q1457317,Dresden,Germany,
Dom dla samotnych WSM Żoliborz Centralny,52.27029,20.97594,Wikidata: Q120646680,Żoliborz,Poland,
Dom- und St. Magnifriedhof,52.2578,10.5375,Wikidata: Q1236500,Brunswick,Germany,
Dombrabad cemetery,41.255833333,69.174166666,Wikidata: Q4165781,Tashkent,Uzbekistan,
Domfriedhof,50.3891,8.06637,Wikidata: Q1299443,Limburg an der Lahn,Germany,
Dominion Tower,55.72252,37.6683,Wikidata: Q30233471,Sharikopodshipnikovskaya street,Russia,
Domodedovo Cemetery,55.459444444,37.895888888,Wikidata: Q4165933,Istomikha,Russia,
Don CeSar,27.70933,-82.73707,Wikidata: Q1239042,St. Pete Beach,United States,
Don Communal Cemetery,50.543273,2.918407,Wikidata: Q2489091,Don,France,
Donbass Arena,48.020833,37.809722,Wikidata: Q180479,,,
Donnybrook Cemetery,53.321268,-6.235713,Wikidata: Q5296764,Donnybrook,Ireland,
Donskoe cemetery,55.712144444,37.602275,Wikidata: Q1242128,Donskoy District,Russia,
Dorchester North Burying Ground,42.316667,-71.064444,Wikidata: Q5297613,Boston,United States,
Dorfkirche Schöneberg,52.482916666,13.349444444,Wikidata: Q1244723,Tempelhof-Schöneberg,Germany,
Dormition Cathedral,55.750926,37.617053,Wikidata: Q748910,,,
Dormition Church,49.842063888,24.034455555,Wikidata: Q575468,Lviv,Ukraine,
Dornbacher Cemetery,48.227861111,16.311166666,Wikidata: Q1245599,Vienna,Austria,
Dornhaldenfriedhof,48.7527,9.1548,Wikidata: Q1245749,Stuttgart,Germany,
Dorotheenstadt Cemetery,52.528411111,13.383702777,Wikidata: Q564922,Bezirk Mitte,Germany,
Dorre Barriak,43.26083333,-2.94944444,Wikidata: Q12258202,Bilbao,Spain,
Dourges cemetery,50.438373,2.98771,Wikidata: Q1976791,Dourges,France,
Dr Chau Chak Wing Building,-33.8811,151.201,Wikidata: Q5304516,New South Wales,Australia,
Dr. David J. Loring Residence and Clinic,41.468889,-87.060833,Wikidata: Q5304051,Indiana,United States,
Dr. James Davies House,43.621388888,-116.203055555,Wikidata: Q63637264,Boise,United States,
Dr. Joseph Leidy House,39.947778,-75.163889,Wikidata: Q5304215,Pennsylvania,United States,
Dr. Van Buren Knott House,42.51494444,-96.40411111,Wikidata: Q28125858,Iowa,United States,
Dra' Abu el-Naga,25.735280555,32.620561111,Wikidata: Q676508,Luxor Governorate,Egypt,
Dreifaltigkeitskirchhof II,52.4875,13.400166666,Wikidata: Q1257743,Friedrichshain-Kreuzberg,Germany,
Dresden Castle,51.052780555,13.736938888,Wikidata: Q167314,Dresden,Germany,
Dresden Central Station,51.040277777,13.731666666,Wikidata: Q704354,Dresden,Germany,
Drie Tommen,50.70972,5.16104,Wikidata: Q2562828,Gingelom,Belgium,
Drobytsky Yar,49.933055555,36.44,Wikidata: Q561913,Kharkiv,Ukraine,
Drostei,53.6608,9.79667,Wikidata: Q1260605,Pinneberg,Germany,
Drottningholm Palace,59.321694,17.886383,Wikidata: Q208559,,,
Druid Ridge Cemetery,39.3819,-76.721,Wikidata: Q5308988,Baltimore County,United States,
"Drujba Sanatorium, Kurpaty",44.445332,34.133667,Wikidata: Q107332945,Kurpaty,Ukraine,
Druzhba Hotel in Vyborg,60.715788888,28.744955555,Wikidata: Q18659136,Vyborg,Russia,
Dryburgh Abbey,55.575545352,-2.64908237,Wikidata: Q1261598,Scottish Borders,United Kingdom,
Dubai Mall,25.1975,55.279166666,Wikidata: Q1133309,Dubai,United Arab Emirates,
Dulaney Valley Memorial Gardens,39.456,-76.6165,Wikidata: Q5313294,Baltimore County,United States,
Dulles International Airport Main Terminal,38.952777777,-77.447777777,Wikidata: Q136544402,Dulles,United States,
Dunbar School,39.48666667,-80.14666667,Wikidata: Q24041217,Fairmont,United States,
Dunedin Northern Cemetery,-45.861189,170.52531,Wikidata: Q5314985,Dunedin City,New Zealand,
Dunedin Southern Cemetery,-45.8899,170.4937,Wikidata: Q5314989,Dunedin City,New Zealand,
Dünenfriedhof Langeoog,53.7533,7.48944,Wikidata: Q1271754,Langeoog,Germany,
Dunfermline Abbey,56.0697028,-3.463541394,Wikidata: Q2044924,Fife,United Kingdom,
Duomo di Pienza,43.07633333,11.67913889,Wikidata: Q620729,Pienza,Italy,
Durango,43.169519,-2.635032,Wikidata: Q12256426,Durango,Spain,
Dury Mill British Cemetery,50.238885,2.998521,Wikidata: Q2968034,Dury,France,
Düsseldorf North Cemetery,51.258,6.772,Wikidata: Q1997967,Düsseldorf,Germany,
Dutch Embassy building,52.515278,13.411944,Wikidata: Q134987329,Bezirk Mitte,Germany,
DZ Bank building,52.515555555,13.378888888,Wikidata: Q1156269,Bezirk Mitte,Germany,
Early Christian Necropolis of Pécs,46.074444444,18.227777777,Wikidata: Q927535,Pécs,Hungary,
East 80th Street Houses,40.775556,-73.959167,Wikidata: Q5327628,New York,United States,
East Building of the National Gallery of Art,38.8913,-77.017,Wikidata: Q118314575,"Washington, D.C.",United States,
East cemetery in Essen,51.4469,7.03111,Wikidata: Q2035474,Essen,Germany,
East Entrance Checking Station,37.23332,-112.875377,Wikidata: Q90160268,Kane County,United States,
East Entrance Residence,37.233324,-112.876567,Wikidata: Q97143918,Kane County,United States,
East Finchley Cemetery,51.592,-0.184,Wikidata: Q1277838,London Borough of Barnet,United Kingdom,
East Hall,42.40765,-71.118738,Wikidata: Q30612847,Medford,United States,
East Line Union Cemetery,42.93452,-73.825,Wikidata: Q5328842,New York,United States,
East London Cemetery,51.527,0.015,Wikidata: Q5328858,London Borough of Newham,United Kingdom,
East Main Street Cemetery,42.473333,-73.151389,Wikidata: Q5328915,Dalton,United States,
East Parish Burying Ground,42.3423,-71.1917,Wikidata: Q5329105,Newton,United States,
East Perth Cemeteries,-31.95582,115.878656,Wikidata: Q5329138,Western Australia,Australia,
Eastcliff,44.946389,-93.198333,Wikidata: Q5329857,Saint Paul,United States,
Eastern Cemetery,53.940557,27.661557,Wikidata: Q3647218,Minsk,Belarus,
Eastern Cemetery,43.662778,-70.250833,Wikidata: Q5330050,Portland,United States,
Eastern Slope Inn,44.054444,-71.130278,Wikidata: Q5330470,New Hampshire,United States,
Eastern Suburbs Memorial Park,-33.974528,151.227399,Wikidata: Q5330507,City of Randwick,Australia,
Easton Cemetery,40.698611,-75.218611,Wikidata: Q5330839,Easton,United States,
Ebershaldenfriedhof,48.7402,9.32034,Wikidata: Q1279770,Esslingen am Neckar,Germany,
École nationale d'administration,48.843942273,2.336220789,Wikidata: Q108329129,Paris,France,
École régionale des Beaux-Arts de Rouen,49.4403,1.09988,Wikidata: Q2876188,Rouen,France,
Ecoust-St. Mein British Cemetery,50.184514,2.906115,Wikidata: Q2201282,Écoust-Saint-Mein,France,
Ecques Churchyard,50.669264,2.287257,Wikidata: Q4852195,Ecques,France,
Ecuelin Churchyard,50.193052,3.907032,Wikidata: Q1872978,Écuélin,France,
Ecurie Communal Cemetery,50.3296,2.7722,Wikidata: Q1865338,Écurie,France,
Eden Cemetery,39.922222,-75.273333,Wikidata: Q5336824,Collingdale,United States,
Eden Memorial Park,34.280444,-118.468474,Wikidata: Q5336889,Los Angeles,United States,
Eden Project,50.361944444,-4.744722222,Wikidata: Q596642,Cornwall,United Kingdom,
Edgar Holloway House,37.00888889,-121.57,Wikidata: Q55757591,Gilroy,United States,
Édifice Marie-Guyart,46.808056,-71.217222,Wikidata: Q273781,Quebec City,Canada,
Edifici Colon,41.3765,2.17524,Wikidata: Q5338045,El Raval,Spain,
Edifici de Correus i Telègrafs,39.98733333,-0.04015278,Wikidata: Q9051839,Castellón de la Plana,Spain,
Edifici Gas Natural,41.383297,2.190458,Wikidata: Q5338037,La Barceloneta,Spain,
Edifici Illa Diagonal,41.389721944,2.135,Wikidata: Q47166175,Les Corts,Spain,
Edifício Copan,-23.546611,-46.644361,Wikidata: Q632566,Central Zone of São Paulo,Brazil,
Edifício da Confraria do Santíssimo da Sé do Funchal,32.6481,-16.90783,Wikidata: Q111988926,Sé,Portugal,
Edificio de viviendas y comercio para Manuel Nogueira,37.39291709,-5.994677811,Wikidata: Q28956859,Seville,Spain,
Edifício Itatiaia,-22.90380833,-47.05726389,Wikidata: Q10270232,Campinas,Brazil,
Edifício Manchete,-22.924174818,-43.173156162,Wikidata: Q10270240,Rio de Janeiro,Brazil,
Edificio Siboney,43.46333056,-3.79506389,Wikidata: Q5818297,Santander,Spain,
Edificio Urumea,43.322777222,-1.978486111,Wikidata: Q136487807,San Sebastián,,
"Edificis al carrer Montserrat, 18-36",41.476999,1.925285,Wikidata: Q22968642,Martorell,Spain,
Edirnekapı Martyr's Cemetery,41.032194,28.930575,Wikidata: Q5338337,Eyüp,Turkey,
EDP Headquarters,38.70713151,-9.148966252,Wikidata: Q131279052,Misericórdia,Portugal,
Eecke churchyard,50.778433,2.595735,Wikidata: Q2970051,Eecke,France,
"Eggenberg Castle, Graz",47.0739,15.3913,Wikidata: Q203797,Styria,Austria,
Ehrenfriedhof,49.1308,9.2562,Wikidata: Q1300074,Heilbronn,Germany,
Ehrenfriedhof,53.546388888,8.1025,Wikidata: Q1300082,Wilhelmshaven,Germany,
Ehrenfriedhof Cap-Arcona Scharbeutz,54.052,10.737,Wikidata: Q1300120,Scharbeutz,Germany,
Ehrenfriedhof Elberfeld,51.2447,7.12389,Wikidata: Q1300090,Wuppertal,Germany,
Ehrenfriedhof für Gefallene der Roten Armee,52.6801,13.5849,Wikidata: Q1300118,Bernau bei Berlin,Germany,
Ehrenfriedhof Heidelberg,49.393611111,8.6975,Wikidata: Q1300095,Heidelberg,Germany,
Ehrenfriedhof Kastel,49.5674,6.57101,Wikidata: Q120256,Kastel-Staadt,Germany,
Ehrenfriedhof Lübeck,53.8862,10.7095,Wikidata: Q139243,Lübeck,Germany,
Ehrenfriedhof Weisweiler,50.8296,6.32151,Wikidata: Q1300113,Eschweiler,Germany,
Ehrenhain,53.9287,10.7056,Wikidata: Q1300138,Bad Schwartau,Germany,
Eichelberger Apartments,43.620833333,-116.199166666,Wikidata: Q60764946,Boise,United States,
Eiffel Building,-23.544184,-46.64466,Wikidata: Q10270223,São Paulo,Brazil,
Eindhoven (Woensel) General Cemetery,51.455277777,5.481666666,Wikidata: Q2012365,Eindhoven,Netherlands,
Eingangsgebäude des Freilichtmuseums Maihaugen,61.1119,10.4779,Wikidata: Q118601750,Lillehammer,Norway,
Einkehrhaus Waidmannsruh,50.687067,7.225917,Wikidata: Q1308105,Königswinter,Germany,
Einstein Tower,52.378888888,13.063611111,Wikidata: Q321789,Potsdam-Süd,Germany,
Ekenäs Castle,58.38208333,15.94597222,Wikidata: Q2240877,Linköping Municipality,Sweden,
El Campo Santo Cemetery,34.018611,-117.9625,Wikidata: Q5350905,City of Industry,United States,
El Capitolio,23.13528,-82.35944,Wikidata: Q1352908,Havana,Cuba,
El Castell,41.390083095,2.188454579,Wikidata: Q109806993,"Sant Pere, Santa Caterina i la Ribera",Spain,
El Cortez Hotel,39.5267,-119.816,Wikidata: Q14705087,Nevada,United States,
El Palauet,41.66955,2.750883,Wikidata: Q72049198,Palafolls,Spain,
El San Juan Hotel,18.443811019,-66.017777246,Wikidata: Q114267693,Carolina,United States,
El-Assasif,25.733491666,32.612833333,Wikidata: Q286631,Luxor Governorate,Egypt,
El-Khokha,25.732684,32.612709,Wikidata: Q1323768,Luxor,Egypt,
El-Kurru,18.409230555,31.771002777,Wikidata: Q2119834,Northern State,Sudan,
El-Lahun,29.228611111,30.966666666,Wikidata: Q56924,Markaz al Fayyūm,Egypt,
El-Tarif,25.739644444,32.637805555,Wikidata: Q286169,Luxor Governorate,Egypt,
Elbphilharmonie,53.54141667,9.98419444,Wikidata: Q673223,Hamburg-Mitte,Germany,
Electric Building,32.75149699,-97.33299582,Wikidata: Q1325835,Fort Worth,United States,
elementary school,11.8423,-0.4872,Wikidata: Q134108016,Gando,Burkina Faso,
Eliot Burying Ground,42.331944,-71.081944,Wikidata: Q5361218,Boston,United States,
Elisabeta Palace,44.470805,26.079612,Wikidata: Q5356931,Bucharest,Romania,
Eliseyev Emporium,59.934166666,30.337638888,Wikidata: Q968295,Tsentralny District,Russia,
Elkhorn Municipal Building,42.67157,-88.54451,Wikidata: Q16969512,Elkhorn,United States,
Elliott R. Corbett House,45.4335,-122.662,Wikidata: Q5365712,Multnomah County,United States,
Elm Place,32.7815,-96.8008,Wikidata: Q11878340,Dallas,United States,
Elm Ridge Cemetery,40.4539,-74.5153,Wikidata: Q5366309,North Brunswick,United States,
Elmsford Reformed Church and Cemetery,41.053889,-73.820833,Wikidata: Q5366909,New York,United States,
Elmwood Cemetery,40.475,-74.451,Wikidata: Q5366956,North Brunswick,United States,
Elmwood Cemetery,33.4886,-86.8461,Wikidata: Q5366957,Birmingham,United States,
Elmwood Cemetery,42.347222,-83.018611,Wikidata: Q5366958,Detroit,United States,
Elmwood Cemetery,35.121944,-90.029311,Wikidata: Q5366962,Memphis,United States,
Els Quatre Gats,41.385777777,2.173666666,Wikidata: Q1333395,Gothic Quarter,Spain,
Ely L.D.S. Stake Tabernacle,39.2489,-114.888,Wikidata: Q14705090,Ely,United States,
Emery School,43.4887,-70.4542,Wikidata: Q5370999,Maine,United States,
Emirates Office Tower,25.2175,55.283333333,Wikidata: Q845182,Emirate of Dubai,United Arab Emirates,
Enclos des fusillés,50.6538,5.57867,Wikidata: Q3053799,Liège,Belgium,
Enghenbergje,52.1702,5.30296,Wikidata: Q13135468,Soest,Netherlands,
Engine Company 12,38.91199683,-77.009455,Wikidata: Q15216652,"Washington, D.C.",United States,
Engine Company 16-Truck Company 3,38.903333,-77.029722,Wikidata: Q5377677,"Washington, D.C.",United States,
Engine Company 26,38.924722,-76.986667,Wikidata: Q5377685,"Washington, D.C.",United States,
Engine Company 29,38.915555,-77.093536,Wikidata: Q60747938,"Washington, D.C.",United States,
Engine Company 31,38.954444,-77.069444,Wikidata: Q5377689,"Washington, D.C.",United States,
Engine House No. 6,42.713611,-71.149722,Wikidata: Q5377721,Massachusetts,United States,
Englebelmer Communal Cemetery,50.056926,2.604262,Wikidata: Q2246068,Englebelmer,France,
English Cemetery,44.006293,10.589609,Wikidata: Q3676964,Bagni di Lucca,Italy,
English Cemetery in Malaga,36.72168478,-4.406812355,Wikidata: Q5378201,Málaga,Spain,
"English Cemetery, Florence",43.777525,11.268163888,Wikidata: Q1092134,Florence,Italy,
Enid Cemetery,36.421667,-97.879722,Wikidata: Q5378860,Enid,United States,
Enrollment Services Center,42.025,-93.648889,Wikidata: Q5379884,Iowa,United States,
Enzenbühl cemetery,47.3496,8.5807,Wikidata: Q1457321,Canton of Zürich,Switzerland,
Ephraim-Palais,52.515848,13.40714,Wikidata: Q878325,Bezirk Mitte,Germany,
Epinal American Cemetery,48.143889,6.496667,Wikidata: Q2190686,Dinozé,France,
Episcopal Burying Ground and Chapel,38.0472,-84.4891,Wikidata: Q5383286,Lexington,United States,
Episcopal Cemetery,36.296111,-76.220556,Wikidata: Q5383289,North Carolina,United States,
Equitable Building,40.70822,-74.01052,Wikidata: Q1347892,New York,United States,
Erandio,43.303889,-2.974444,Wikidata: Q3034969,Erandio,Spain,
Erbbegräbnisstätte Schede,51.3953,7.37799,Wikidata: Q1233200,Herdecke,Germany,
Erfurt Main Cemetery,50.9714,10.9933,Wikidata: Q1589458,Erfurt,Germany,
Erie Armory,42.1325,-80.077778,Wikidata: Q5388269,Erie,United States,
Erie Cemetery,42.111388888,-80.084722222,Wikidata: Q5388282,Erie,United States,
Erieview Tower,41.5053,-81.6883,Wikidata: Q5388371,Cleveland,United States,
Eringhem churchyard,50.896257,2.345705,Wikidata: Q5166556,Eringhem,France,
Erlacherhof,46.9475,7.453611111,Wikidata: Q1355223,Bern,Switzerland,
Ermita de la Virgen del Val,40.484185,-3.340189,Wikidata: Q5836024,Alcalá de Henares,Spain,
Ernst & Young Building,51.91425,4.486444444,Wikidata: Q24200092,Rotterdam,Netherlands,
Ernst-Happel-Stadion,48.207222222,16.420833333,Wikidata: Q185741,,,
Errancis Cemetery,48.88081,2.316759,Wikidata: Q2972595,Paris,France,
Erweiterungsbau für das Ordrupgaard Museum,55.76711,12.56319,Wikidata: Q123925341,Gentofte Municipality,Denmark,
Esbjerg Performing Arts Centre,55.4641,8.45154,Wikidata: Q16891116,Esbjerg Municipality,Denmark,
Escoeuilles Churchyard,50.726705,1.930032,Wikidata: Q3320145,Escœuilles,France,
Escorxador municipal,42.199571,2.192503,Wikidata: Q65205700,Ripoll,Spain,
Escuela de Artes y Oficios de Algeciras,36.13683192,-5.447939928,Wikidata: Q5839060,Algeciras,Spain,
"Escuela de Artes y Oficios, Zaragoza",41.648967,-0.878455,Wikidata: Q48782135,Zaragoza,Spain,
Escuelas Aguirre,40.421667,-3.681667,Wikidata: Q5397501,Recoletos,Spain,
Escuelas Lope de Vega de Parla,40.238055555,-3.768333333,Wikidata: Q97729040,Parla,Spain,
Església de Sant Esteve,42.5072,1.5217,Wikidata: Q63789,Andorra la Vella,Andorra,
Esnes Communal Cemetery,50.1062,3.3147,Wikidata: Q2006971,Esnes,France,
Esperanza,41.85638889,-73.00180556,Wikidata: Q29649417,New Hartford,United States,
"Esplanada dos Ministérios, Bloco A",-15.7987,-47.8734,Wikidata: Q127605341,Brasília,Brazil,
"Esplanada dos Ministérios, Bloco B",-15.799,-47.8726,Wikidata: Q127605370,Brasília,Brazil,
"Esplanada dos Ministérios, Bloco C",-15.7993,-47.8718,Wikidata: Q127605379,Brasília,Brazil,
"Esplanada dos Ministérios, Bloco D",-15.7996,-47.871,Wikidata: Q127605422,Brasília,Brazil,
"Esplanada dos Ministérios, Bloco G",-15.8003,-47.8685,Wikidata: Q127605440,,,
"Esplanada dos Ministérios, Bloco L",-15.7951,-47.8731,Wikidata: Q127605452,Brasília,Brazil,
"Esplanada dos Ministérios, Bloco N",-15.7955,-47.8714,Wikidata: Q127605462,Brasília,Brazil,
"Esplanada dos Ministérios, Bloco P",-15.7961,-47.8698,Wikidata: Q127605464,Brasília,Brazil,
"Esplanada dos Ministérios, Bloco R",-15.7968,-47.8672,Wikidata: Q127605466,Brasília,Brazil,
"Esplanada dos Ministérios, Bloco U",-15.7966,-47.8681,Wikidata: Q127605467,Brasília,Brazil,
Esquelbecq Communal Cemetery,50.889,2.4329,Wikidata: Q2192900,Esquelbecq,France,
Esquerchin Communal Cemetery,50.37946,3.01084,Wikidata: Q5061468,Esquerchin,France,
Essars Communal Cemetery,50.5504,2.6714,Wikidata: Q2198975,Essars,France,
Essen Central Station,51.451388888,7.013888888,Wikidata: Q135607,Essen,Germany,
Essen City Hall,51.458055555,7.016111111,Wikidata: Q135672,Essen,Germany,
Estación de Servicio Repsol - Foster,39.487702777,-0.404213888,Wikidata: Q20014920,Valencia,Spain,
Estadio Banorte,19.303055555,-99.150555555,Wikidata: Q320454,,,
Estadio Centenario,-34.894444,-56.152778,Wikidata: Q498245,,,
Estádio da Luz,38.752777777,-9.184722222,Wikidata: Q7875112,,,
Estadio de La Cartuja,37.417236,-6.004564,Wikidata: Q368737,,,
Estádio do Dragão,41.161758,-8.583933,Wikidata: Q271454,,,
Estádio José Alvalade,38.761194444,-9.160783333,Wikidata: Q287359,,,
Estádio Municipal de Braga,41.5624,-8.4308,Wikidata: Q849239,"Real, Dume e Semelhe",Portugal,
Estádio Nacional de Brasília,-15.7835,-47.899164,Wikidata: Q336088,,,
Estádio Nilton Santos,-22.893172,-43.292269,Wikidata: Q17489,,,
Estádio Serra Dourada,-16.698889,-49.233889,Wikidata: Q924172,Goiânia,Brazil,
Esztergom Basilica,47.798888888,18.736388888,Wikidata: Q991832,Esztergom,Hungary,
Et Oeis van ’t Brussels,50.85245,4.345777777,Wikidata: Q42418418,City of Brussels,Belgium,
Établissement des bains publics dunkerquois,51.0305,2.3725,Wikidata: Q22960716,Dunkirk,France,
Étaples Military Cemetery,50.535277777,1.6225,Wikidata: Q2972667,Étaples,France,
Eternitatea cemetery,47.167777777,27.608888888,Wikidata: Q5402751,Iași,Romania,
Ethnographic Museum of Zagreb,45.8083503,15.9689998,Wikidata: Q502157,Donji grad,Croatia,
Etihad Stadium,53.483055555,-2.200277777,Wikidata: Q48159,,,
Eugene J. Carpenter House,44.966389,-93.283056,Wikidata: Q5407370,Minneapolis,United States,
Eugene Masonic Cemetery,44.031389,-123.073333,Wikidata: Q5407495,Eugene,United States,
Eugene Pioneer Cemetery,44.041389,-123.076111,Wikidata: Q5407643,Oregon,United States,
Euharlee's Black Pioneers Cemetery,34.1473,-84.9334,Wikidata: Q5408638,Euharlee,United States,
Euphrosyne Cemetery in Vilnius,54.664867,25.296364,Wikidata: Q1959467,Vilnius,Lithuania,
Eureka Tower,-37.821666666,144.964444444,Wikidata: Q270407,City of Melbourne,Australia,
Europa building,50.8425,4.380833333,Wikidata: Q1375164,City of Brussels,Belgium,
Evangelical Cemetery of the Augsburg Confession in Warsaw,52.24138889,20.97111111,Wikidata: Q1379798,Warsaw,Poland,
Evangelischer Friedhof Alt-Schmargendorf,52.473722222,13.293894444,Wikidata: Q1294974,Charlottenburg-Wilmersdorf,Germany,
Evelynton,37.32991667,-77.15358333,Wikidata: Q14712300,Charles City County,United States,
Évêques-de-Trois-Rivières Mausoleum,46.3525,-72.575,Wikidata: Q3301851,Trois-Rivières,Canada,
Evere Cemetery,50.86944,4.42028,Wikidata: Q2020581,Evere,Belgium,
Evergreen Cemetery,40.6922,-74.2108,Wikidata: Q5417175,Hillside,United States,
Evergreen Cemetery,44.8888,-91.9122,Wikidata: Q5417184,Menomonie,United States,
Evergreen Cemetery,58.3047,-134.4236,Wikidata: Q5417183,Juneau,United States,
Evergreen Cemetery,38.815556,-104.795278,Wikidata: Q5417181,Colorado Springs,United States,
Evergreen Cemetery,42.107222,-76.265278,Wikidata: Q5417187,Owego,United States,
Evergreen Cemetery,34.04225,-118.201013888,Wikidata: Q5417177,Los Angeles,United States,
Evergreen Cemetery,43.681667,-70.301111,Wikidata: Q5417188,Portland,United States,
Evergreen Cemetery,42.339806,-71.161111,Wikidata: Q5417180,Boston,United States,
Evergreen Cemetery,33.9799,-117.3869,Wikidata: Q5417190,Riverside,United States,
Evergreen Cemetery,36.064167,-94.169167,Wikidata: Q5417182,Arkansas,United States,
Evergreen Cemetery,37.5338,-77.3888,Wikidata: Q5417189,Richmond,United States,
Evergreen Cemetery,39.8208,-77.2293,Wikidata: Q5417176,Gettysburg,United States,
Eversberg War Cemetery,51.3677,8.29896,Wikidata: Q1300091,Meschede,Germany,
Everson Museum of Art,43.0447,-76.1469,Wikidata: Q5417350,Syracuse,United States,
Everton Cemetery,53.457,-2.942,Wikidata: Q5417393,Liverpool,United Kingdom,
Evolution Tower,55.74847,37.541827,Wikidata: Q1985903,Moscow,Russia,
Ex casa della Telefonica Tirrena,41.884780555,12.508597222,Wikidata: Q21208516,Rome,Italy,
Exaltation of the Holy Cross Church Cemetery in Jelenia Góra,50.904856,15.743839,Wikidata: Q1533053,Jelenia Góra,Poland,
Experimental Theater,18.9252,72.8199,Wikidata: Q15217115,Mumbai,India,
Exxon Building,40.76,-73.9814,Wikidata: Q173498,New York,United States,
Eyüpsultan Cemetery,41.05219,28.93329,Wikidata: Q6002600,Eyüp,Turkey,
Fàbrica Albiñana Ribas,41.5678,2.00895,Wikidata: Q18696189,Terrassa,Spain,
Facultad de Ciencias de la Comunicación de Santiago de Compostela,42.891615767,-8.543509494,Wikidata: Q25509569,Santiago de Compostela,Spain,
Faffemont Isolated Grave,50.003857,2.844355,Wikidata: Q2218189,Combles,France,
Fair Grove Methodist Church Cemetery,35.851389,-80.078333,Wikidata: Q5429814,North Carolina,United States,
Fair Hill Burial Ground,39.9967,-75.1464,Wikidata: Q4906792,Philadelphia,United States,
Fairbanks City Hall,64.8397,-147.721,Wikidata: Q19868022,Fairbanks,United States,
Fairfield Street School,44.808611111,-73.079166666,Wikidata: Q27958472,St. Albans,United States,
Fairmont Senior High School,39.4786,-80.1572,Wikidata: Q5430605,Fairmont,United States,
Fairmont Singapore,1.29417,103.854,Wikidata: Q5430604,Downtown Core,Singapore,
Fairmount Cemetery,40.7464,-74.2031,Wikidata: Q5430637,Newark,United States,
Fairmount Cemetery,39.7053,-104.897,Wikidata: Q5430638,Denver,United States,
Fairmount First Presbyterian Churchyard,40.73596,-74.77475,Wikidata: Q120098688,Hunterdon County,United States,
Fairmount Methodist Churchyard,40.72597,-74.77597,Wikidata: Q120801867,Tewksbury Township,United States,
Fairview Cemetery,40.862,-75.24,Wikidata: Q5430797,Pen Argyl,United States,
Fairview Cemetery,42.245556,-71.140361,Wikidata: Q5430795,Boston,United States,
Fairview Cemetery,42.586944,-71.420833,Wikidata: Q5430803,Westford,United States,
Fairview Cemetery,42.476944,-73.1725,Wikidata: Q5430796,Dalton,United States,
Fairview Cemetery,35.6754901,-105.9590801,Wikidata: Q5430798,Santa Fe,United States,
Fairy Lochs,57.676277777,-5.677819444,Wikidata: Q5430965,Highland,United Kingdom,
Faisal Mosque,33.729727777,73.03715,Wikidata: Q500983,Islamabad,Pakistan,
Fallingwater,39.906388888,-79.468055555,Wikidata: Q463179,Stewart Township,United States,
Familiebegraafplaats Uniken,53.03542,6.88561,Wikidata: Q1871617,Stadskanaal,Netherlands,
Fampoux British Cemetery,50.305177,2.859293,Wikidata: Q2298047,Fampoux,France,
Fatih Istanbul Mosque,41.019722,28.949722,Wikidata: Q756189,,,
Faumont churchyard,50.458687,3.136535,Wikidata: Q2208500,Faumont,France,
Favreuil British Cemetery,50.122645,2.865209,Wikidata: Q2746932,Favreuil,France,
Fawkner Memorial Park,-37.711944444,144.957222222,Wikidata: Q5438753,City of Merri-bek,Australia,
FCG Building,35.626944,139.774444,Wikidata: Q10954019,Tokyo,Japan,
Federal Building,36.14722222,-81.35416667,Wikidata: Q20709194,North Carolina,United States,
Federal Building and United States Courthouse,42.49602778,-96.40716667,Wikidata: Q28125850,Sioux City,United States,
Federal Military Memorial Cemetery,55.927222222,37.675277777,Wikidata: Q2895767,Mytishchi,Russia,
Federal Office Building,47.604444,-122.335,Wikidata: Q5440316,Seattle,United States,
Fedyakovskoye Cemetery,56.230555555,44.078055555,Wikidata: Q4482364,Nizhny Novgorod Oblast,Russia,
Feldkapelle,50.592980832,6.727386645,Wikidata: Q992149,Mechernich,Germany,
"Félix de la Torre's house, Madrid",40.431752777,-3.683172222,Wikidata: Q29462650,Madrid,Spain,
Feltrinelli Porta Volta,45.481417,9.184359,Wikidata: Q44470963,Milan,Italy,
Fenain Communal Cemetery,50.353151,3.306797,Wikidata: Q2097417,Fenain,France,
Feriköy Protestant Cemetery,41.053889,28.983889,Wikidata: Q5444318,Şişli,Turkey,
Fern Lake Patrol Cabin,40.338056,-105.676111,Wikidata: Q5444463,Larimer County,United States,
Fernández López Building of the Pontevedra Museum,42.432305555,-8.643222222,Wikidata: Q117457185,Pontevedra,Spain,
Ferncliff Cemetery,41.0275,-73.8325,Wikidata: Q1771319,Greenburgh,United States,
Fernhill Cemetery,45.2944,-66.034,Wikidata: Q2972447,New Brunswick,Canada,
Fernsehturm Berlin,52.520833333,13.409444444,Wikidata: Q151356,,,
Festubert Communal Cemetery,50.5432,2.7292,Wikidata: Q2003083,Festubert,France,
Fiat Tagliero Building,15.32833333,38.92583333,Wikidata: Q1410651,Asmara,Eritrea,
"Filialkirche hl. Geist, Straßburg",46.8932,14.3263,Wikidata: Q1595177,Strassburg,Austria,
"Filialkirche hl. Gertrud, Unterradlberg",48.255525,15.677758,Wikidata: Q2126542,St. Pölten,Austria,
Filialkirche St Florian am Krappfeld,46.8005,14.5185,Wikidata: Q1230792,Kappel am Krappfeld,Austria,
"Filialkirche St. Martin, Launsdorf",46.7588,14.466,Wikidata: Q1295134,St. Georgen am Längsee,Austria,
Finn's Point National Cemetery,39.611111111,-75.555833333,Wikidata: Q5450596,Pennsville,United States,
Fira,41.3521,2.13084,Wikidata: Q5492214,L'Hospitalet de Llobregat,Spain,
Fira de Barcelona (Gran Via),41.354515075,2.129147052,Wikidata: Q124327252,La Marina de Port,Spain,
Fire Department Headquarters-Fire Alarm Headquarters,38.923333,-77.013056,Wikidata: Q5451345,"Washington, D.C.",United States,
First Bank of the United States,39.948055555,-75.146388888,Wikidata: Q934187,Philadelphia,United States,
First Baptist Church of Bowdoin and Coombs Cemetery,44.039444,-69.945556,Wikidata: Q5452453,Maine,United States,
First Burial Ground,42.481667,-71.153056,Wikidata: Q5452575,Woburn,United States,
First Cemetery of Athens,37.963161111,23.737875,Wikidata: Q1362125,Athens Municipality,Greece,
"First Church of Christ, Scientist",42.3477,-71.2071,Wikidata: Q5452692,Newton,United States,
First Congregational Church,42.375556,-71.24,Wikidata: Q5452826,Waltham,United States,
First Congregational Church and Cemetery,44.277778,-73.568056,Wikidata: Q5452828,New York,United States,
first Goetheanum,47.486,7.62044,Wikidata: Q71727917,Dornach,Switzerland,
First National Center,35.468333333,-97.516111111,Wikidata: Q5453420,Oklahoma City,United States,
First Old School Baptist Church of Roxbury and Vega Cemetery,42.249444,-74.536111,Wikidata: Q5453463,New York,United States,
First Presbyterian Church,40.5618,-74.2737,Wikidata: Q5453666,Woodbridge Township,United States,
First Presbyterian Church,40.220333333,-74.763333333,Wikidata: Q5453643,Trenton,United States,
First Presbyterian Church Cemetery,35.9643,-83.9161,Wikidata: Q5453657,Knoxville,United States,
First Shearith Israel Graveyard,40.7125,-73.998333,Wikidata: Q5453797,New York,United States,
First Unitarian Church,45.518156,-122.68573,Wikidata: Q5453953,Portland,United States,
First United Methodist Church,33.66108031,-95.55318685,Wikidata: Q5454008,Paris,United States,
Fisherman's Bastion,47.50222,19.03472,Wikidata: Q493117,Budapest District I,Hungary,
Fishing Bridge Museum,44.563,-110.378,Wikidata: Q5455006,Park County,United States,
Fiume Road Graveyard,47.495769444,19.090586111,Wikidata: Q288130,Budapest District VIII,Hungary,
"Five Scattered Houses, Ningbo",29.811064,121.546801,Wikidata: Q15704247,Zhejiang,China,
Flame Towers,40.359722222,49.826111111,Wikidata: Q80499,,,
Flanders Field American Cemetery and Memorial,50.873611,3.453889,Wikidata: Q2216737,Waregem,Belgium,
Flaybrick Memorial Gardens,53.4,-3.065,Wikidata: Q5458303,Wirral,United Kingdom,
Flers-en-Escrebieux Communal Cemetery,50.402173,3.049997,Wikidata: Q2933532,Flers-en-Escrebieux,France,
Flines-lez-Raches churchyard,50.429616,3.180538,Wikidata: Q4843865,Flines-lez-Raches,France,
Florence American Cemetery and Memorial,43.691528,11.208206,Wikidata: Q952641,Impruneta,Italy,
Florence Cathedral,43.773055555,11.256944444,Wikidata: Q191739,Florence,Italy,
Florida National Cemetery,28.605830555,-82.210088888,Wikidata: Q5461525,Sumter County,United States,
Flower Hill Cemetery,40.7882,-74.0251,Wikidata: Q5462169,North Bergen,United States,
Flowerdown Barrows,51.0913,-1.3454,Wikidata: Q5462256,England,United Kingdom,
Fluntern Cemetery,47.3833,8.57235,Wikidata: Q666565,Canton of Zürich,Switzerland,
Flushing Cemetery,40.751666666,-73.799444444,Wikidata: Q2972524,New York,United States,
Fondation des États-Unis,48.81983157,2.339695708,Wikidata: Q3075639,Paris,France,
Fondation Jérôme Seydoux-Pathé,48.834176971,2.354912,Wikidata: Q16038744,Paris,France,
Fondation suisse,48.818194903,2.342275276,Wikidata: Q646264,Paris,France,
Fondazione Prada Building,45.444008,9.204279,Wikidata: Q55832089,Milan,Italy,
Fontaine-au-Bois Communal Cemetery,50.1441,3.646,Wikidata: Q2577841,Fontaine-au-Bois,France,
Fontaine-au-Pire Communal Cemetery,50.130518,3.370177,Wikidata: Q2198355,Fontaine-au-Pire,France,
Fontaine-lavoir et cimetière de Pennesières,47.485233,6.098942,Wikidata: Q2972548,Pennesières,France,
Fontainebleau Miami Beach,25.8178372,-80.1227119,Wikidata: Q1435790,Miami Beach,United States,
Fontanelle cemetery,40.858111111,14.239055555,Wikidata: Q782398,Naples,Italy,
Foochow Mission Cemetery,26.0423,119.313,Wikidata: Q5465253,Cangshan District,China,
Forbidden City,39.915833333,116.390833333,Wikidata: Q80290,,,
Ford Park Cemetery,50.383055555,-4.143333333,Wikidata: Q5467891,City of Plymouth,United Kingdom,
Forest Cemetery,56.987222222,24.149444444,Wikidata: Q2564167,Riga,Latvia,
Forest cemetery (cemetery grounds and funeral parlour),47.7082,8.65115,Wikidata: Q2541524,Schaffhausen,Switzerland,
Forest City Cemetery,43.633,-70.28,Wikidata: Q5468819,Maine,United States,
Forest Hill Cemetery,43.0634,-89.431330555,Wikidata: Q5468923,Madison,United States,
Forest Hill Cemetery,42.2777,-83.7305,Wikidata: Q5468925,Ann Arbor,United States,
Forest Hill Cemetery,43.078055555,-75.253888888,Wikidata: Q2972526,Utica,United States,
Forest Hills Cemetery,42.294688,-71.104916,Wikidata: Q5468959,Boston,United States,
Forest Home Cemetery,42.999437,-87.943157,Wikidata: Q1437196,Milwaukee,United States,
Forest Lawn Cemetery,42.9308,-78.8608,Wikidata: Q5469014,Buffalo,United States,
Forest Lawn Cemetery,37.5945,-77.4354,Wikidata: Q5469017,Richmond,United States,
Forest Lawn Memorial Park,34.124166666,-118.241944444,Wikidata: Q1437214,Glendale,United States,
Forest Lawn Memorial Park,49.2472,-122.992,Wikidata: Q5469022,British Columbia,Canada,
Forest Lawn Memorial Park,34.145,-118.32,Wikidata: Q1302545,Hollywood Hills,United States,
Forest Municipal Hall,50.811357,4.319004,Wikidata: Q2834825,Forest,Belgium,
Forest Park Cemetery,42.7173,-73.6362,Wikidata: Q5469052,New York,United States,
Forest-l'Abbaye Churchyard,50.207343,1.82376,Wikidata: Q2757433,Forest-l'Abbaye,France,
Forest-Montiers Churchyard,50.24591,1.736819,Wikidata: Q1944164,Forest-Montiers,France,
Former casino of Hendaye,43.371238,-1.785762,Wikidata: Q20947149,Hendaye,France,
Former Mitsui & Co. Moji branch,33.945167,130.962194,Wikidata: Q11510897,Kitakyushu,Japan,
"Former Muto Villa, Kobe",34.630083,135.036361,Wikidata: Q11511082,Kobe,Japan,
former Poznań Town Hall,52.40833333,16.93416667,Wikidata: Q53211,Poznań,Poland,
Former Reidsville High School,36.36277778,-79.67055556,Wikidata: Q24040065,Reidsville,United States,
Former Sharp's House,34.700978,135.189256,Wikidata: Q515026,Kobe,Japan,
Former Tokyo Metropolitan Government Building,35.676944444,139.764166666,Wikidata: Q135106812,Tokyo,Japan,
Former United States Post Office,44.27884,-88.27041,Wikidata: Q5470141,Kaukauna,United States,
Försterfriedhof Barsberge,52.8658,11.7146,Wikidata: Q1480178,Seehausen (Altmark),Germany,
Fort Custer National Cemetery,42.336305555,-85.316194444,Wikidata: Q5471005,Kalamazoo County,United States,
Fort Golgotha and the Old Burial Hill Cemetery,40.871389,-73.423889,Wikidata: Q5471233,New York,United States,
Fort Smith Masonic Temple,35.385833,-94.418333,Wikidata: Q5472049,Arkansas,United States,
Forum Building,41.411013,2.220916,Wikidata: Q2842986,El Besòs i el Maresme,Spain,
Foundation E.G. Bührle Collection,47.353045,8.561758,Wikidata: Q666331,Zurich,Switzerland,
Fouquieres Churchyard,50.514515,2.610824,Wikidata: Q2687892,Fouquières-lès-Béthune,France,
"Four Domes Pavilion, Wrocław",51.1083,17.0761,Wikidata: Q11814615,Dąbie,Poland,
Four Seasons Hotel New York,40.76229,-73.97127,Wikidata: Q992616,New York,United States,
Fox Theatre,47.6571,-117.427,Wikidata: Q5476991,Spokane,United States,
Fragrant Hill Hotel,39.988308,116.188461,Wikidata: Q16075106,Xiangshan Subdistrict,China,
Francis Buttrick Library,42.376389,-71.239722,Wikidata: Q5480388,Waltham,United States,
"Franciscan Church, Salzburg",47.7982,13.0441,Wikidata: Q1450274,Salzburg,Austria,
Frankfurt (Main) Hbf,50.107256,8.662616,Wikidata: Q165368,Frankfurt,Germany,
Frankfurt (Main) Süd,50.099204,8.686163,Wikidata: Q285550,Frankfurt,Germany,
Frankfurt Main Cemetery,50.1361,8.68486,Wikidata: Q881481,Frankfurt,Germany,
Franklin County Courthouse,42.09583333,-111.87722222,Wikidata: Q48791897,Preston,United States,
Franklin Pierce Tate House,35.7406,-81.6947,Wikidata: Q18158637,Morganton,United States,
Franklin School,42.430833,-71.229167,Wikidata: Q5491814,Massachusetts,United States,
Franvillers Communal Cemetery,49.964696,2.511449,Wikidata: Q2122239,Franvillers,France,
Französischer Friedhof,50.1336,8.9091,Wikidata: Q1450701,Hanau,Germany,
Fraser Tombs,28.161938888,30.776938888,Wikidata: Q675047,Minya Governorate,Egypt,
Frauenkirche,48.138578587,11.573615723,Wikidata: Q167193,,,
Frauenkirche,48.456606156,10.276721678,Wikidata: Q1451776,Günzburg,Germany,
Frauenkirchhof,51.05192566,13.74162483,Wikidata: Q1451779,Dresden,Germany,
Fred F. French Building,40.755361111,-73.978888888,Wikidata: Q2893962,New York,United States,
Fred Florence Hall,32.84558093,-96.78610645,Wikidata: Q54871225,University Park,United States,
Fred Hottes House,43.619166666,-116.194444444,Wikidata: Q64789421,Boise,United States,
Frederick L. and L. Frederick Gottschalk Houses,41.433055555,-97.352222222,Wikidata: Q65042336,Columbus,United States,
Frederik's Church,55.685,12.589444444,Wikidata: Q1321231,Copenhagen Municipality,Denmark,
Frederiksborg Palace,55.935,12.300833333,Wikidata: Q226103,Hillerød Municipality,Denmark,
Freikirchlicher Friedhof Wuppertal,51.2653,7.15,Wikidata: Q1454435,Wuppertal,Germany,
Freising Cathedral,48.39892653,11.746495305,Wikidata: Q262769,Freising,Germany,
French Embassy building,52.516944444,13.378888888,Wikidata: Q134893215,Berlin-Mitte,Germany,
Fricourt German war cemetery,50.004444444,2.715277777,Wikidata: Q2972646,Fricourt,France,
Frida Kahlo Museum,19.355143,-99.162525,Wikidata: Q2663377,Coyoacán,Mexico,
Friedenshügel,54.77288,9.4037,Wikidata: Q18697773,Flensburg,Germany,
Friedhof,49.206030475,10.701067401,Wikidata: Q1457290,Merkendorf,Germany,
Friedhof,49.7125,10.2163,Wikidata: Q437902,Mainbernheim,Germany,
Friedhof (Böckingen),49.1453,9.18824,Wikidata: Q1457287,Heilbronn,Germany,
Friedhof Adlershof,52.443016666,13.546733333,Wikidata: Q1457292,Treptow-Köpenick,Germany,
Friedhof am Hallo,51.4792,7.05342,Wikidata: Q1457458,Essen,Germany,
Friedhof am Hörnli,47.565694444,7.639555555,Wikidata: Q1457464,Riehen,Switzerland,
Friedhof am Kettwiger Tor,51.4501,7.01333,Wikidata: Q1457462,Essen,Germany,
Friedhof am Perlacher Forst,48.098623154,11.596560336,Wikidata: Q1457460,Munich,Germany,
Friedhof Baumschulenweg,52.460833333,13.493888888,Wikidata: Q1457298,Berlin,Germany,
Friedhof Brisgaret,49.54916667,0.19666667,Wikidata: Q1457308,Montivilliers,France,
Friedhof Chrochrjakowskoje,56.903888888,53.307222222,Wikidata: Q4500591,Khokhryaki,Russia,
Friedhof der Märzgefallenen,52.524444444,13.436388888,Wikidata: Q1457472,Friedrichshain-Kreuzberg,Germany,
Friedhof Drüsewitz,53.9901,12.4605,Wikidata: Q1457320,Selpin,Germany,
Friedhof Ewiger Frieden,52.1374,8.68559,Wikidata: Q1457323,Herford,Germany,
Friedhof Frankfurt-Unterliederbach,50.1139,8.52826,Wikidata: Q1457432,Frankfurt,Germany,
Friedhof Hadersdorf-Weidlingau,48.2075,16.233888888,Wikidata: Q1457335,Penzing,Austria,
Friedhof Heerstraße,52.514,13.251,Wikidata: Q176298,Charlottenburg-Wilmersdorf,Germany,
Friedhof Heinersdorf,52.574722222,13.4375,Wikidata: Q1457341,Pankow,Germany,
Friedhof Höchst,50.1153,8.54833,Wikidata: Q1457346,Frankfurt,Germany,
Friedhof Idstein,50.21,8.27,Wikidata: Q998526,Idstein,Germany,
Friedhof II der Sophiengemeinde Berlin,52.5339,13.3917,Wikidata: Q1457350,Bezirk Mitte,Germany,
Friedhof IV der Gemeinde Jerusalems- und Neue Kirche,52.486388888,13.403888888,Wikidata: Q1457352,Friedrichshain-Kreuzberg,Germany,
Friedhof Jammertal,52.1575,10.3556,Wikidata: Q1457357,Salzgitter,Germany,
Friedhof Kals am Großglockner,47.0013,12.6446,Wikidata: Q1457358,Kals am Großglockner,Austria,
Friedhof Lankwitz,52.424,13.3345,Wikidata: Q1457361,Berlin,Germany,
Friedhof Mauer,48.153611111,16.273611111,Wikidata: Q1457371,Mauer,Austria,
Friedhof Norderreihe Altona,53.55833333,9.95333333,Wikidata: Q1457375,Hamburg,Germany,
Friedhof Nymphenburg,48.16225,11.506861111,Wikidata: Q2006147,Munich,Germany,
Friedhof Oberlaa,48.138611111,16.405833333,Wikidata: Q1121352,Favoriten,Austria,
Friedhof Öjendorf,53.55277778,10.125,Wikidata: Q1457488,Hamburg-Mitte,Germany,
Friedhof Pankow II,52.563333333,13.3975,Wikidata: Q1254379,Pankow,Germany,
Friedhof Pankow VII,52.593333333,13.365,Wikidata: Q1457392,Pankow,Germany,
Friedhof Pasing,48.136460139,11.458995084,Wikidata: Q1457397,Munich,Germany,
Friedhof Perlach,48.098433316,11.641664226,Wikidata: Q1457399,Munich,Germany,
Friedhof Reinickendorf,52.568447222,13.336458333,Wikidata: Q1653813,Reinickendorf,Germany,
Friedhof Riem,48.132083065,11.679990873,Wikidata: Q1457410,Munich,Germany,
Friedhof Rummelsburg,52.500277777,13.500277777,Wikidata: Q1457417,Berlin,Germany,
Friedhof Salbke,52.0735,11.6657,Wikidata: Q1457421,Magdeburg,Germany,
Friedhof Solln,48.0787,11.5178,Wikidata: Q1457425,Munich,Germany,
Friedhof Steglitz,52.45665,13.343602777,Wikidata: Q1457429,Steglitz-Zehlendorf,Germany,
Friedhof Trenkebergstraße,50.8582,6.93078,Wikidata: Q629548,Meschenich,Germany,
Friedhof Uemmingen,51.465,7.294333333,Wikidata: Q1620931,Bochum-Ost,Germany,
"Friedhof Wannsee, Lindenstraße",52.425227777,13.153872222,Wikidata: Q1457440,Steglitz-Zehlendorf,Germany,
Friedhof Weißensee,52.56,13.451944444,Wikidata: Q1457444,Pankow,Germany,
Friedhof Woringen,47.927,10.2032,Wikidata: Q1457447,Woringen,Germany,
Friedhof Zehlendorf,52.439202777,13.25435,Wikidata: Q1457449,Steglitz-Zehlendorf,Germany,
Friedrichswerder Church,52.515833,13.397222,Wikidata: Q833817,Bezirk Mitte,Germany,
Friedrichswerderscher Friedhof,52.486388888,13.403888888,Wikidata: Q1298781,Friedrichshain-Kreuzberg,Germany,
Frijoles Canyon Visitor Center,35.7791,-106.270866,Wikidata: Q99584814,Sandoval County,United States,
Frist Art Museum,36.157778,-86.783889,Wikidata: Q5504731,Nashville,United States,
Frösö 58:1,63.176552,14.519462,Wikidata: Q29380998,Östersund Municipality,Sweden,
Frösö 58:4,63.17697,14.519648,Wikidata: Q29380999,Östersund Municipality,Sweden,
Frösö 59:2,63.176708,14.517523,Wikidata: Q29381002,Östersund Municipality,Sweden,
Frösö 79:1,63.166908,14.583579,Wikidata: Q29381021,Östersund Municipality,Sweden,
Frösö 80:1,63.166138,14.584958,Wikidata: Q29381025,Östersund Municipality,Sweden,
Frösö 89:1,63.166078,14.604235,Wikidata: Q29381036,Östersund Municipality,Sweden,
Fubon Sky Tree,24.139444444,120.659444444,Wikidata: Q104880932,West District,Taiwan,
Fubon Xinyi A25,25.039298,121.57013,Wikidata: Q47539081,Taipei,Taiwan,
Fukushima Daiichi Nuclear Power Plant,37.42138889,141.0325,Wikidata: Q114295,,,
Fundación Instituto San José,40.362866666,-3.772869444,Wikidata: Q29436698,Cuatro Vientos,Spain,
Fürstengrabhügel Sonnenbühl,47.354167,8.482222,Wikidata: Q1483252,Uitikon,Switzerland,
Furuichi Kofun Cluster,34.56277778,135.60916667,Wikidata: Q4250076,Osaka,Japan,
G.W. Andrews Federal Building,32.648056,-85.377222,Wikidata: Q2466403,Opelika,United States,
Gabbanat el-Bagawat,25.485769444,30.554938888,Wikidata: Q12244492,New Valley Governorate,Egypt,
Gal Factory,40.434872222,-3.71765,Wikidata: Q52836353,Madrid,Spain,
Gala–Rodriguez House,13.961951,121.524808,Wikidata: Q17068046,Sariaya,Philippines,
Galeries Lafayette,52.5144,13.39,Wikidata: Q1406145,Bezirk Mitte,Germany,
Galeries Lafayette Haussmann,48.87363,2.33215,Wikidata: Q218613,Paris,France,
Galgebakke,55.37624,11.33529,Wikidata: Q1491996,Slagelse Municipality,Denmark,
Galitska Synagogue,50.445833333,30.488055555,Wikidata: Q117232,Kyiv,Ukraine,
Gallatin County Courthouse,45.679722222,-111.041111111,Wikidata: Q65121529,Bozeman,United States,
Gallerie dell'Accademia,45.431078,12.328139,Wikidata: Q338330,Venice,Italy,
Garage Center for Contemporary Culture,55.7278,37.6016,Wikidata: Q4504054,Moscow,Russia,
Garden of Fine Arts Kyoto,35.05111111,135.76530556,Wikidata: Q11375286,Kyoto,Japan,
Garden of the Missing Soldiers,31.77616111,35.17970556,Wikidata: Q2916596,Jerusalem,Israel,
Gare de Lyon-Part-Dieu,45.760555555,4.859444444,Wikidata: Q2008,Lyon,France,
Gare de Paris-Est,48.876944444,2.359166666,Wikidata: Q757180,,,
Gare de Paris-Nord,48.881111111,2.355277777,Wikidata: Q745942,,,
Gare de Rouen-Rive-Droite,49.448888888,1.093888888,Wikidata: Q3088372,Rouen,France,
Gare Montparnasse,48.839333333,2.318288888,Wikidata: Q631114,,,
Gare Saint-Lazare,48.876944444,2.324444444,Wikidata: Q747506,,,
Garfield Building,34.0448,-118.256,Wikidata: Q5523054,California,United States,
Garfield School,46.415277777,-116.989722222,Wikidata: Q85762747,Lewiston,United States,
Garnisonfriedhof Schleswig,54.52049,9.54303,Wikidata: Q1494382,Schleswig,Germany,
Garten der Frauen,53.62043611,10.05172778,Wikidata: Q1494591,Hamburg,Germany,
Gartenfriedhof,52.369795163,9.747385126,Wikidata: Q1494648,Mitte,Germany,
Gasimbey Mosque,40.3725,49.83256,Wikidata: Q124359066,Yasamal raion,Azerbaijan,
Gasometerumbau (Gasometer A),48.1852,16.4184,Wikidata: Q124358268,Vienna,Austria,
Gasunie Building,53.201111111,6.551111111,Wikidata: Q2554154,Groningen,Netherlands,
Gatchina Palace,59.563904,30.107979,Wikidata: Q7461,Gatchina,Russia,
Gate of Europe,40.466388888,-3.687777777,Wikidata: Q1141262,Tetuán,Spain,
Gate of Heaven Cemetery,41.095697,-73.794546,Wikidata: Q4127009,Hawthorne,United States,
Gate to the East,31.318888888,120.674722222,Wikidata: Q1495771,Suzhou,China,
Gauche Wood Cemetery,50.040071,3.138603,Wikidata: Q2123788,Villers-Guislain,France,
Gazi Husrev-beg Mosque,43.859166666,18.429027777,Wikidata: Q1255835,Stari Grad,Bosnia and Herzegovina,
Gazprom Arena,59.972953,30.220533,Wikidata: Q722970,,,
Gebouw Batavia,52.376666666,4.901666666,Wikidata: Q1497093,Amsterdam,Netherlands,
"Gedempte Singel 50-56, Assen",52.995164,6.56133235,Wikidata: Q137602715,Assen,Netherlands,
Gedenkstätte für die Gefallenen der Roten Armee in Senftenberg,51.5144,13.9877,Wikidata: Q1497552,Senftenberg,Germany,
Gedenkstätte Gudendorf,54.0185,9.10472,Wikidata: Q1497531,Gudendorf,Germany,
Geffen Contemporary at MOCA,34.0499,-118.2391,Wikidata: Q110521914,Los Angeles,United States,
Gehenna,31.76916667,35.22805556,Wikidata: Q558093,Jerusalem,Israel,
Gehry Tower,52.3747,9.73065,Wikidata: Q661168,Mitte,Germany,
Gelehrtenfriedhof (Königsberg),54.71027778,20.49166667,Wikidata: Q1499598,Kaliningrad,Russia,
Gemäldegalerie Alte Meister,51.05338,13.73466,Wikidata: Q4890,,,
Gemäldegalerie Berlin,52.508611111,13.364722222,Wikidata: Q165631,,,
Gemeentehuis van Vlezenbeek,50.80788,4.23167,Wikidata: Q121327749,Sint-Pieters-Leeuw,Belgium,
Gemeindezentrum Rheinberg,51.5462,6.6031,Wikidata: Q118905870,Rheinberg,Germany,
Genech cemetery,50.532124,3.209253,Wikidata: Q1846090,Genech,France,
Generaalsheuvel,51.3447,6.17775,Wikidata: Q17454669,Venlo,Netherlands,
General Post Office,53.349334,-6.261075,Wikidata: Q1339254,Dublin,Ireland,
Genève-Champel railway station,46.192193335,6.153498698,Wikidata: Q48610587,Plainpalais,Switzerland,
Genève-Eaux-Vives railway station,46.201445433,6.166569548,Wikidata: Q3098155,Eaux-Vives,Switzerland,
Gent-Sint-Pieters railway station,51.035556,3.710556,Wikidata: Q800814,Ghent,Belgium,
Gentse Handelsbank (Dendermonde),51.030405555,4.099611111,Wikidata: Q65132363,Dendermonde,Belgium,
Georg Kolbe Museum,52.50991,13.25478,Wikidata: Q1503409,Charlottenburg-Wilmersdorf,Germany,
George and Lola Perkins House,42.42197222,-94.993,Wikidata: Q27957813,Sac City,United States,
George B. Dryden House,42.0417,-87.6892,Wikidata: Q19872761,Evanston,United States,
George D. Dayton House,43.623111,-95.593806,Wikidata: Q5538301,Worthington,United States,
George Earle Chamberlain House,45.53774,-122.646031,Wikidata: Q5538815,Portland,United States,
Georgen-Parochial-Friedhof IV,52.512738888,13.460763888,Wikidata: Q2699139,Friedrichshain-Kreuzberg,Germany,
Georgenkirche Frankfurt (Oder),52.3508,14.54,Wikidata: Q2318381,Frankfurt (Oder),Germany,
Georgetown Central School,42.7225,-70.993889,Wikidata: Q5546977,Massachusetts,United States,
Georgetown Neighborhood Library,38.913406,-77.066037,Wikidata: Q63437240,"Washington, D.C.",United States,
Georgian Terrace Hotel,33.7726,-84.3846,Wikidata: Q5548054,Georgia,United States,
Gerichtsberg,53.908,13.433,Wikidata: Q1513020,Neetzow-Liepen,Germany,
Gerling Ring-Karree,50.941066666,6.940808333,Wikidata: Q16080,Cologne,Germany,
German Chancellery in Berlin,52.52,13.3694,Wikidata: Q320459,Bezirk Mitte,Germany,
Gersthof cemetery,48.231388888,16.317222222,Wikidata: Q1515097,Währing,Austria,
Gertraude's Cemetery,51.5048,11.9846,Wikidata: Q1515487,Halle (Saale),Germany,
Gertrudenfriedhof,53.1484,8.21483,Wikidata: Q1500121,Oldenburg,Germany,
Gesù Church,50.854308333,4.366541666,Wikidata: Q23888796,Saint-Josse-ten-Noode,Belgium,
Gesù Nuovo,40.84762222,14.25180278,Wikidata: Q718774,Naples,Italy,
Gewandhaus,51.337778,12.380556,Wikidata: Q519613,Zentrum,Germany,
Ghencea Cemetery,44.41833333,26.05333333,Wikidata: Q4355583,Bucharest,Romania,
Ghissignies British Cemetery,50.228864,3.622933,Wikidata: Q4430562,Ghissignies,France,
Ghiyasiyeh Madrasa,34.532361111,60.178222222,Wikidata: Q5854526,Khaf County,Iran,
Giant Forest Museum,36.564723,-118.77272,Wikidata: Q64174074,Tulare County,United States,
Giant Forest Ranger Residence,36.563781,-118.773598,Wikidata: Q99440165,Tulare County,United States,
Gibsonville School,36.11,-79.5442,Wikidata: Q18705897,Gibsonville,United States,
Gifu Kitagata Appartementhaus,35.4334,136.6848,Wikidata: Q118611161,Motosu,Japan,
Gildhøj,55.6544,12.4162,Wikidata: Q12313886,Brøndby Municipality,Denmark,
Gillette Stadium,42.090944444,-71.264344444,Wikidata: Q373355,,,
Gioia 22 Tower,45.48525,9.196861111,Wikidata: Q60838294,Milan,Italy,
Girod Street Cemetery,29.949722222,-90.078888888,Wikidata: Q3035,New Orleans,United States,
Givenchy-les-la-Bassee Communal Cemetery,50.527103,2.762071,Wikidata: Q2050886,Givenchy-lès-la-Bassée,France,
Giza Necropolis,29.983333,31.133333,Wikidata: Q13217298,Giza Governorate,Egypt,
Giza pyramid complex,29.976111,31.132778,Wikidata: Q12508,Giza Governorate,Egypt,
Glageon Communal Cemetery Extension,50.053393,4.067869,Wikidata: Q2799198,Glageon,France,
Glasgow Airport,55.871944444,-4.433055555,Wikidata: Q8721,,,
Glasgow Necropolis,55.862521,-4.231115,Wikidata: Q1529512,Glasgow City,United Kingdom,
Glasnevin Cemetery,53.372222222,-6.277777777,Wikidata: Q1263215,Glasnevin,Ireland,
Glass House,41.142425,-73.5294,Wikidata: Q1506237,New Canaan,United States,
Glenville School,41.036667,-73.664444,Wikidata: Q5569416,Connecticut,United States,
Glenwood Cemetery,29.7656,-95.3852,Wikidata: Q2751751,Houston,United States,
Glienicke Palace,52.4142,13.0953,Wikidata: Q301684,Steglitz-Zehlendorf,Germany,
Gliwice Central Cemetery,50.30666667,18.63833333,Wikidata: Q190477,Gliwice,Poland,
Glockengasse Synagogue,50.9382,6.9528,Wikidata: Q259675,Altstadt-Nord,Germany,
Glyptothek,48.146555597,11.565815194,Wikidata: Q162077,Munich,Germany,
Glysas grav,58.97226148,16.25980866,Wikidata: Q10506400,Katrineholm Municipality,Sweden,
Gobela,43.333056,-3.007361,Wikidata: Q478624,Getxo,Spain,
Goede Herderkerk,53.30471,6.59808,Wikidata: Q17461594,Het Hogeland,Netherlands,
Goetheanum,47.486111,7.620278,Wikidata: Q659654,Dornach,Switzerland,
Goharshad Mosque,36.2875,59.614722222,Wikidata: Q2393680,Mashhad County,Iran,
Gokstad Mound,59.14075889,10.253125,Wikidata: Q11972326,Sandefjord,Norway,
Golden Angel,50.07177,14.40364,Wikidata: Q5579128,Prague 5,Czech Republic,
Golovinskoye Cemetery,55.838129,37.501181,Wikidata: Q2912411,Golovinsky District,Russia,
Golzheimer Friedhof,51.2398,6.77363,Wikidata: Q1536749,Düsseldorf,Germany,
Gomel Palace,52.42222222,31.01638889,Wikidata: Q2384554,Gomel,Belarus,
Gomiecourt South Cemetery,50.14758,2.805328,Wikidata: Q1919848,Gomiécourt,France,
"gomila Beli križ, Grad",46.783064398,16.078155379,Wikidata: Q12785599,Municipality of Grad,Slovenia,
Gonnehem Churchyard,50.562969,2.575343,Wikidata: Q2925268,Gonnehem,France,
"Gordon Wu Hall, Butler College [Princeton University]",40.3447,-74.6564,Wikidata: Q119720686,Princeton,United States,
Gorms Mound,55.756010581,9.419233066,Wikidata: Q23747658,Vejle Municipality,Denmark,
Gothenburg Cathedral,57.704444444,11.965277777,Wikidata: Q1236650,Gothenburg Municipality,Sweden,
Gothenburg-Landvetter Airport,57.66,12.291111111,Wikidata: Q1137115,,,
Göttingen City Cemetery,51.5325,9.90972,Wikidata: Q2327123,Göttingen,Germany,
Gov. John F. Hill Mansion,44.3125,-69.77888889,Wikidata: Q24693658,Augusta,United States,
Governorate's Palace,41.90238056,12.451225,Wikidata: Q917387,Vatican City,Vatican City,
Gräberfeld X,48.527213888,9.057347222,Wikidata: Q1551293,Tübingen,Germany,
Grabhügel auf dem Vierth,54.0195,10.6985,Wikidata: Q1540800,Scharbeutz,Germany,
Grabhügel bei Högersdorf-Rotenhahn,53.9266,10.2434,Wikidata: Q1442726,Högersdorf,Germany,
Grabhügel bei Trenthorst,54.198,10.3552,Wikidata: Q1540806,Lehmkuhlen,Germany,
Grabhügel im Postels Busch,53.6997,9.12139,Wikidata: Q1540808,Hemmoor,Germany,
Grabhügel von Möllenbeck,52.1499,9.0489,Wikidata: Q27092748,Rinteln,Germany,
Grabijolų pilkapynas,54.84444444,24.9,Wikidata: Q12655772,Dūkštos Eldership,Lithuania,
Grabkiste im Gadehøj,56.07407,12.16602,Wikidata: Q1540856,Gribskov Municipality,Denmark,
Grace Hopkinson Eliot Hall,42.380833,-71.124722,Wikidata: Q12057051,Cambridge,United States,
Grafheuvel  #45964,51.98329,5.80566,Wikidata: Q17454360,Renkum,Netherlands,
Grafheuvel #341220,52.27552,5.60591,Wikidata: Q17441224,Putten,Netherlands,
Grafheuvel #341312,52.0209,5.79381,Wikidata: Q17441252,Renkum,Netherlands,
Grafheuvel #45122,51.99929,5.83735,Wikidata: Q17453189,Arnhem,Netherlands,
Grafheuvel #45134,52.19035,5.23571,Wikidata: Q17453212,Baarn,Netherlands,
Grafheuvel #45180,52.22597,5.90339,Wikidata: Q17453321,Apeldoorn,Netherlands,
Grafheuvel #45186,52.17355,5.9154,Wikidata: Q17453328,Apeldoorn,Netherlands,
Grafheuvel #45187,52.17338,5.91962,Wikidata: Q17453331,Apeldoorn,Netherlands,
Grafheuvel #45188,52.17154,5.92796,Wikidata: Q17453332,Apeldoorn,Netherlands,
Grafheuvel #45194,52.25214,5.92489,Wikidata: Q17453345,Apeldoorn,Netherlands,
Grafheuvel #45196,52.25157,5.92538,Wikidata: Q17453348,Apeldoorn,Netherlands,
Grafheuvel #45438,52.30743,5.67723,Wikidata: Q17453723,Harderwijk,Netherlands,
Grafheuvel #47060,51.96637,5.69749,Wikidata: Q17455738,Wageningen,Netherlands,
Grafheuvel #47520,51.99452,5.68976,Wikidata: Q17455872,Wageningen,Netherlands,
Grafheuvel #47521,51.98322,5.71501,Wikidata: Q17455873,Wageningen,Netherlands,
Grafheuvel #47522,51.9854,5.70717,Wikidata: Q17455874,Wageningen,Netherlands,
Grafheuvel #47523,51.96733,5.70427,Wikidata: Q17455875,Wageningen,Netherlands,
"Grafheuvel 45412, Bennekom",52.01009,5.73325,Wikidata: Q17453675,Ede,Netherlands,
"Grafheuvel 45414, Bennekom",52.00662,5.73365,Wikidata: Q17453678,Ede,Netherlands,
Grafheuvel Bergerbos,51.13253,6.0014,Wikidata: Q14629989,Roerdalen,Netherlands,
Grafheuvel Monnikenbosch,52.14958,5.33402,Wikidata: Q17454529,Soest,Netherlands,
Grafheuvel van de familie Van Sminia,53.26463,5.88888,Wikidata: Q17463936,Tytsjerksteradiel,Netherlands,
"Grafheuvel, alsmede een zone",51.98178,5.77497,Wikidata: Q17441248,Renkum,Netherlands,
"Grafheuvel, alsmede een zone",51.99595,5.73537,Wikidata: Q17441241,Renkum,Netherlands,
"Grafheuvel, alsmede een zone",51.99782,5.81341,Wikidata: Q17441255,Renkum,Netherlands,
"Grafheuvels 45790, Elsen",52.26838,6.51233,Wikidata: Q17454180,Hof van Twente,Netherlands,
"Grafheuvels 45791, Elsen",52.27763,6.51866,Wikidata: Q17454182,Hof van Twente,Netherlands,
Grafton Post Office,48.419167,-97.411667,Wikidata: Q5592559,North Dakota,United States,
Gran Teatre del Liceu,41.380277777,2.173611111,Wikidata: Q1130050,El Raval,Spain,
Gran Torre Costanera,-33.41694444,-70.60666667,Wikidata: Q1542408,Santiago,Chile,
Granary Burying Ground,42.3574,-71.0616,Wikidata: Q1140339,Boston,United States,
Grand Canyon Lodge,36.197177,-112.052985,Wikidata: Q5594354,Coconino County,United States,
Grand Canyon National Park Superintendent's Residence,36.056945,-112.13535,Wikidata: Q5594355,Grand Canyon Village,United States,
Grand Central Airport,34.163,-118.287,Wikidata: Q5594398,Glendale,United States,
Grand Hyatt Hotel und Bürogebäude,52.5082,13.3726,Wikidata: Q117255504,Berlin,Germany,
Grand Mosque of Paris,48.841944444,2.355,Wikidata: Q392564,Paris,France,
Grand National Theatre of Rabat,34.025586111,-6.815766944,Wikidata: Q64809079,Rabat,Morocco,
Grand Nikko Awaji,34.55893,135.00822,Wikidata: Q11288498,Kobe,Japan,
Grand Prince Hotel Akasaka,35.6798825,139.7372472,Wikidata: Q555225,Tokyo,Japan,
Grande Arche,48.8928,2.235830555,Wikidata: Q216357,,,
Grande Hotel,-5.778144606,-35.204472207,Wikidata: Q10290947,Natal,Brazil,
Grande Hotel of Ouro Preto,-20.384166666,-43.505111111,Wikidata: Q18481218,Sede,Brazil,
Grays Road Recreation Center,39.9422,-75.185,Wikidata: Q5598375,Pennsylvania,United States,
Great Cemetery,56.970555555,24.143055555,Wikidata: Q3036898,Vidzeme Suburb,Latvia,
Great Glasshouse,51.842055,-4.146659,Wikidata: Q55841858,Llanarthney,United Kingdom,
Great Hall of the People,39.903333333,116.3875,Wikidata: Q72891,,,
Great Market Hall,47.48669,19.0588,Wikidata: Q195344,Budapest District IX,Hungary,
Great Mosque of Brussels,50.843333,4.387778,Wikidata: Q1548310,City of Brussels,Belgium,
Great Pyramid of Giza,29.97915,31.13422,Wikidata: Q37200,,,
Great St. Martin Church,50.938492,6.961839,Wikidata: Q564520,Altstadt-Nord,Germany,
Great Synagogue,50.261388888,19.019166666,Wikidata: Q471463,Katowice,Poland,
Great Synagogue of Florence,43.77273,11.26633,Wikidata: Q1548456,Florence,Italy,
Great Synagogue of Rome,41.89195,12.47799,Wikidata: Q1548485,Roma Capitale,Italy,
Greeley Masonic Temple,40.424167,-104.694167,Wikidata: Q5602138,Colorado,United States,
Green Bay and Western Railroad Depot,44.36813,-91.3177,Wikidata: Q16969286,Whitehall,United States,
Green Building,42.3604,-71.0891,Wikidata: Q5602382,Cambridge,United States,
Green Mount Cemetery,44.2578,-72.5969,Wikidata: Q92210326,Montpelier,United States,
Green Mount Cemetery,39.3075,-76.6072,Wikidata: Q3776324,Baltimore,United States,
Green-Wood Cemetery,40.65241,-73.99024,Wikidata: Q239043,New York,United States,
Greenville City Hall,31.83,-86.6228,Wikidata: Q16891906,Greenville,United States,
Gregoriuskerk,50.949861,5.970828,Wikidata: Q3265490,Brunssum,Netherlands,
Gresham Palace,47.49974722,19.04798056,Wikidata: Q854317,Budapest District V,Hungary,
Greyfriars Kirkyard,55.947,-3.19272,Wikidata: Q2876448,City of Edinburgh,United Kingdom,
Grieg Hall,60.38885602,5.32817602,Wikidata: Q1341892,Bergen Municipality,Norway,
Grinzing Cemetery,48.254444444,16.336111111,Wikidata: Q1546996,Döbling,Austria,
Gropius House,42.426944,-71.326944,Wikidata: Q4179781,Lincoln,United States,
Großes Schauspielhaus,52.52277778,13.38611111,Wikidata: Q566365,Bezirk Mitte,Germany,
Groton High School,42.6072,-71.5697,Wikidata: Q15713125,Groton,United States,
Grotto Camping Ground North Comfort Station,37.259166666,-112.9425,Wikidata: Q76215288,Washington County,United States,
Grotto Camping Ground South Comfort Station,37.258611111,-112.940833333,Wikidata: Q76217314,Washington County,United States,
Group Recreation Hall,31.859341,-99.017749,Wikidata: Q98097177,Brown County,United States,
Grundtvig's Church,55.71658333,12.53361111,Wikidata: Q650849,Copenhagen Municipality,Denmark,
Grunewald Cemetery,52.498888888,13.285,Wikidata: Q1457328,Charlottenburg-Wilmersdorf,Germany,
Grünwald Woodland Cemetery,48.0301,11.5219,Wikidata: Q2541513,Grünwald,Germany,
Guangzhou International Finance Center,23.120347222,113.318075,Wikidata: Q1043438,Guangzhou,China,
Guangzhou Opera House,23.1175,113.317222222,Wikidata: Q3354553,Guangzhou,China,
Guemappe British Cemetery,50.251888,2.878318,Wikidata: Q2215740,Guémappe,France,
Guggenheim Hermitage Museum,36.1214,-115.169,Wikidata: Q1974769,Nevada,United States,
Guggenheim Museum,43.26883,-2.934099,Wikidata: Q179199,Bilbao,Spain,
Guild House,39.9618,-75.1507,Wikidata: Q5615728,Philadelphia,United States,
Guines Communal Cemetery,50.864066,1.878831,Wikidata: Q2608127,Guînes,France,
Gunetzrhainerhaus,48.139992314,11.572211719,Wikidata: Q41176018,Munich,Germany,
Gustavo Capanema Palace,-22.9092,-43.17382778,Wikidata: Q2598551,Centro,Brazil,
Guthrie Theater,44.9781,-93.2553,Wikidata: Q2027239,Minneapolis,United States,
H. A. Schmelzel House,43.62,-116.195833333,Wikidata: Q65083133,Boise,United States,
H. C. Burnett House,43.597777777,-116.163888888,Wikidata: Q65084105,Boise,United States,
H. G. Vaughn House,42.206667,-71.369167,Wikidata: Q5628252,Sherborn,United States,
H. L. and Gretchen Hoyt Corbett House,45.43861111,-122.66388889,Wikidata: Q24041477,Multnomah County,United States,
H. Russell Albee House,45.522,-122.6287,Wikidata: Q5628537,Portland,United States,
Haarlem railway station,52.387778,4.638889,Wikidata: Q800863,Haarlem,Netherlands,
Haas House,48.208333,16.371667,Wikidata: Q697572,Innere Stadt,Austria,
Habitat 67,45.5,-73.543888888,Wikidata: Q1032248,Ville-Marie,Canada,
Håga kurgan,59.83722222,17.58694444,Wikidata: Q1540834,Uppsala Municipality,Sweden,
Hagi Uragami Museum,34.409444,131.394361,Wikidata: Q11467091,Hagi,Japan,
Hagia Sophia,41.008333333,28.98,Wikidata: Q12506,,,
Haji Ali Dargah,18.9825,72.8088,Wikidata: Q542756,Mumbai,India,
Haleakalā Visitor Center,20.715085,-156.249803,Wikidata: Q64087607,Maui County,United States,
Hallett Flats–Rawson & Co. Apartment Building,41.585,-93.633611,Wikidata: Q5642920,Iowa,United States,
Hallgrímskirkja,64.14179,-21.92674,Wikidata: Q271466,Reykjavík,Iceland,
Hallstatt period burial mound group,47.029216666,7.138302777,Wikidata: Q19362652,Lüscherz,Switzerland,
Halvdanshaugen,60.3961,10.512,Wikidata: Q11973782,Gran Municipality,Norway,
Hamburg Dammtor station,53.560833,9.989444,Wikidata: Q634142,Eimsbüttel,Germany,
Hames-Boucres Churchyard,50.876862,1.839705,Wikidata: Q2061381,Hames-Boucres,France,
Hammond House,42.332222,-71.173889,Wikidata: Q5645847,Newton,United States,
Hampden Park,55.825863888,-4.252002777,Wikidata: Q193651,,,
Hancock Whitney Center,29.9502,-90.0711,Wikidata: Q28868,New Orleans,United States,
Handskehøj,56.0205,12.1334,Wikidata: Q12315161,Gribskov Municipality,Denmark,
Hanehög,55.43416667,13.03416667,Wikidata: Q10517200,Vellinge Municipality,Sweden,
Hangman's Hill,53.829987,14.602763,Wikidata: Q9381097,Wolin,Poland,
Hans Otto Theater,52.4031,13.0753,Wikidata: Q113714891,Nördliche Vorstädte,Germany,
Hansahochhaus,50.9489,6.95139,Wikidata: Q281051,Neustadt-Nord,Germany,
Har HaMenuchot,31.798133333,35.177727777,Wikidata: Q335336,Jerusalem,Israel,
Harbor Towers,42.358,-71.05,Wikidata: Q5654683,Massachusetts,United States,
Hardenberg Protestant Cemetery,52.57528,6.62333,Wikidata: Q1925500,Hardenberg,Netherlands,
Hardwick Hall,53.168777,-1.308742,Wikidata: Q2526406,Ault Hucknall,United Kingdom,
Harry C. Duncan House,28.801111,-81.722778,Wikidata: Q5667700,Florida,United States,
Harvard Art Museums,42.37416667,-71.11472222,Wikidata: Q3783572,Cambridge,United States,
"Häslerhau, Iron Age burial mound group",47.36957091,8.272057618,Wikidata: Q19362406,Wohlen,Switzerland,
Hasnon churchyard,50.424025,3.388025,Wikidata: Q2059142,Hasnon,France,
Hassan Bek Mosque,32.06641389,34.76349167,Wikidata: Q2914593,Tel Aviv,Israel,
Hassan II Mosque,33.607341666,-7.632561111,Wikidata: Q41346,Casablanca,Morocco,
Hatch's Department Store,26.713611,-80.052222,Wikidata: Q5681010,Florida,United States,
Hauptfriedhof Dortmund,51.5127,7.54317,Wikidata: Q1564095,Dortmund,Germany,
Hauptfriedhof Freiburg,48.0075,7.84495,Wikidata: Q991436,Freiburg im Breisgau,Germany,
Hauptfriedhof Heilbronn,49.1361,9.23686,Wikidata: Q1519669,Heilbronn,Germany,
Hauptfriedhof Ibbenbüren,52.2656,7.74546,Wikidata: Q1248284,Ibbenbüren,Germany,
Hauptfriedhof Karlsruhe,49.017461111,8.435427777,Wikidata: Q873449,Karlsruhe,Germany,
Hauptfriedhof Koblenz,50.351444444,7.575697222,Wikidata: Q1589465,Koblenz,Germany,
Hauptfriedhof Mainz,49.995,8.25,Wikidata: Q302744,Mainz,Germany,
Hauptfriedhof Pforzheim,48.9018,8.69538,Wikidata: Q1470961,Pforzheim,Germany,
Hauptfriedhof Scheib,49.3347,7.18194,Wikidata: Q1589464,Neunkirchen,Germany,
Hauptfriedhof Stuttgart,48.8228,9.23667,Wikidata: Q1523685,Stuttgart,Germany,
Hauptfriedhof Ulm,48.4148948,9.9897282,Wikidata: Q1589466,Ulm,Germany,
Hauptfriedhof Worms,49.6437,8.33453,Wikidata: Q1589461,Worms,Germany,
Hauptfriedhof Würzburg,49.795944444,9.948055555,Wikidata: Q1589469,Würzburg,Germany,
Hauptsitz Möbelfirma Vitra - Vitra-Center,47.5446,7.6307,Wikidata: Q118636577,Birsfelden,Switzerland,
Hauptverwaltung Züblin AG,48.7278,9.1328,Wikidata: Q118289103,Stuttgart,Germany,
Haus Armanda Passos,41.1577,-8.667,Wikidata: Q118905462,Porto,Portugal,
Haus des Lehrers,52.5214,13.4164,Wikidata: Q586235,Bezirk Mitte,Germany,
Haus des Rundfunks,52.508,13.2769,Wikidata: Q316021,Charlottenburg-Wilmersdorf,Germany,
Haus X1,50.8732,6.97667,Wikidata: Q1377538,Hahnwald,Germany,
Hausdülmen War Cemetery,51.7979619,7.2640121,Wikidata: Q2001053,Dülmen,Germany,
Havenhuis,51.24105833,4.40734444,Wikidata: Q23930610,Antwerp,Belgium,
Hawa Mahal,26.924,75.82672,Wikidata: Q836531,,,
Hawaii State Capitol,21.3075,-157.8575,Wikidata: Q1290002,Honolulu,United States,
Hawara,29.274,30.899,Wikidata: Q26237,Markaz al Fayyūm,Egypt,
Hawkins House,39.522025,-119.818497,Wikidata: Q5685154,Nevada,United States,
Haydnpark,48.181666666,16.346111111,Wikidata: Q1591875,Meidling,Austria,
Házsongárd cemetery,46.764452,23.593172,Wikidata: Q714902,Cluj-Napoca,Romania,
He Art Museum,22.9357,113.2147,Wikidata: Q85877621,Shunde District,China,
Headquarters Administration Building,37.172372,-122.221778,Wikidata: Q43371273,Santa Cruz County,United States,
Headquarters of the French Communist Party,48.877777777,2.371666666,Wikidata: Q496060,Paris,France,
Headquarters of the United Nations,40.749629166,-73.96739,Wikidata: Q11297,New York,United States,
Hearst Tower,40.766555555,-73.983611111,Wikidata: Q859452,New York City,United States,
Heath Wood barrow cemetery,52.8294,-1.49393,Wikidata: Q2002979,Ingleby,United Kingdom,
"Heating plant and main controls cabin, Florence",43.78165,11.24496,Wikidata: Q3664637,Florence,Italy,
Hedemora 112:1,60.31077,15.843149,Wikidata: Q29252433,Hedemora Municipality,Sweden,
Hedemora 323:2,60.251167,15.96664,Wikidata: Q29252565,Hedemora Municipality,Sweden,
Hedemora 67:2,60.321424,15.900423,Wikidata: Q29252296,Hedemora Municipality,Sweden,
Heidefriedhof,52.4387,13.3912,Wikidata: Q1593941,Tempelhof-Schöneberg,Germany,
Heidefriedhof,51.1036,13.7085,Wikidata: Q1277053,Dresden,Germany,
Heidefriedhof,51.8822,7.16306,Wikidata: Q1593949,Coesfeld,Germany,
Heidehof Cemetery,52.177286,5.932017,Wikidata: Q2115957,Apeldoorn,Netherlands,
Heidelberg University Library,49.4097,8.70583,Wikidata: Q880794,Heidelberg,Germany,
Heilig-Geist-Kirchhof Altona,53.5475,9.94333333,Wikidata: Q1594894,Hamburg,Germany,
"Heiligenkreuzkirche, Villach",46.6091,13.852,Wikidata: Q1595204,Villach,Austria,
Heiligenstädter Friedhof,48.260277777,16.346666666,Wikidata: Q1595231,Döbling,Austria,
Heliopolis Palace,30.088897,31.319543,Wikidata: Q3132953,Cairo Governorate,Egypt,
Hellebækgård,56.0711,12.5534,Wikidata: Q12316090,Helsingør Municipality,Denmark,
Hellighøje,57.09,10.1444,Wikidata: Q23747375,Aalborg Municipality,Denmark,
Helsinki Central Railway Station,60.17104832,24.94144874,Wikidata: Q1044613,Kluuvi,Finland,
Helsinki Olympic Stadium,60.18689398,24.92606242,Wikidata: Q332219,,,
Helsinki Synagogue,60.16759,24.928569,Wikidata: Q2614280,Helsinki,Finland,
Hem cemetery,50.6528,3.1924,Wikidata: Q2015397,Hem,France,
Hendricks Chapel,43.037634,-76.13512,Wikidata: Q116740779,Syracuse,United States,
Henin Crucifix Cemetery,50.227258,2.83349,Wikidata: Q2084134,Hénin-sur-Cojeul,France,
Henin-Lietard Communal Cemetery,50.422824,2.95359,Wikidata: Q2803246,Hénin-Beaumont,France,
Henri-Chapelle American Cemetery and Memorial,50.697416666,5.901083333,Wikidata: Q1605663,Plombières,Belgium,
Henry B. Dickson House,45.538056,-122.643056,Wikidata: Q5717599,Oregon,United States,
Henry B. Tompkins House,33.8292,-84.3915,Wikidata: Q14686652,Atlanta,United States,
Henry E. Wright House,42.384025476,-71.081356472,Wikidata: Q133567332,Somerville,United States,
Henry J. Daly Building,38.894166666,-77.016666666,Wikidata: Q52308581,"Washington, D.C.",United States,
Hepburn Library of Norfolk,44.801232,-74.991179,Wikidata: Q5731819,New York,United States,
Herbert F. Johnson Museum of Art building,42.4508,-76.4865,Wikidata: Q136422811,Ithaca,United States,
Herder-Gymnasium,52.5108,13.2581,Wikidata: Q1609642,Charlottenburg-Wilmersdorf,Germany,
Hermelsbacher Friedhof,50.8881,8.00917,Wikidata: Q1613486,Siegen,Germany,
Hernalser Friedhof,48.225833333,16.319583333,Wikidata: Q1495592,Hernals,Austria,
Hervormde begraafplaats (Hoogezand),53.165731,6.753081,Wikidata: Q2211010,Hoogezand-Sappemeer,Netherlands,
Herz-Jesu-Kirche (Bergisch Gladbach),51.0154,7.08087,Wikidata: Q1615042,Bergisch Gladbach,Germany,
Het Nieuwe Huis,52.352472222,4.882388888,Wikidata: Q1616099,Amsterdam,Netherlands,
Het Sieraad,52.364388888,4.859027777,Wikidata: Q1996061,Amsterdam,Netherlands,
Heusden Jewish Cemetery,51.73571,5.1299,Wikidata: Q2872548,Heusden,Netherlands,
Heydar Aliyev Cultural Center,40.395277777,49.866944444,Wikidata: Q43928,Baku,Azerbaijan,
HHHR Tower,25.221111111,55.280833333,Wikidata: Q1470076,Emirate of Dubai,United Arab Emirates,
HHStyle,35.6664,139.7057,Wikidata: Q125393987,Tokyo,Japan,
Hietaniemi cemetery,60.169444444,24.917777777,Wikidata: Q2972543,Helsinki,Finland,
Highpoint I,51.574861111,-0.150805555,Wikidata: Q940507,London Borough of Haringey,United Kingdom,
Highseas,44.3558,-68.1836,Wikidata: Q19874183,Maine,United States,
Hillside Cemetery,41.4422,-74.4311,Wikidata: Q1618821,Middletown,United States,
Hillside Memorial Park,33.9806,-118.39,Wikidata: Q5763964,Los Angeles County,United States,
Hilton Cincinnati Netherland Plaza,39.1009,-84.514,Wikidata: Q16641845,Cincinnati,United States,
Hilton Valencia,39.49444444,-0.40111111,Wikidata: Q3062297,Valencia,Spain,
Himeji City Museum of Literature,34.841767,134.687664,Wikidata: Q11447552,Himeji,Japan,
Hinckley High School Gymnasium,39.32611111,-112.66944444,Wikidata: Q65069919,Hinckley,United States,
Hinges Communal Cemetery,50.561343,2.620657,Wikidata: Q4413562,Hinges,France,
Hirshhorn Museum and Sculpture Garden,38.888161,-77.022968,Wikidata: Q1620553,"Washington, D.C.",United States,
"Historical Cemetery, Weimar",50.9725,11.3256,Wikidata: Q1620934,Weimar,Germany,
History Faculty Building,52.201809,0.108559,Wikidata: Q26660430,Cambridge,United Kingdom,
Hitachi Station,36.5902,140.6616,Wikidata: Q39929,Hitachi,Japan,
Hjortahammars grave field,56.1685,15.4611,Wikidata: Q1551334,Ronneby Municipality,Sweden,
Hjortsberga 9:1,56.222721,15.405605,Wikidata: Q29232741,Ronneby Municipality,Sweden,
Hjortsberga grave field,56.2186,15.406,Wikidata: Q1551286,Ronneby Municipality,Sweden,
Hochdorf Chieftain's Grave,48.889166666,9.003333333,Wikidata: Q641907,Eberdingen,Germany,
Hofburg Palace,48.206388888,16.365277777,Wikidata: Q46242,Innere Stadt,Austria,
Hohenschwangau Castle,47.555833333,10.736388888,Wikidata: Q161988,Schwangau,Germany,
Hohenstein power station,51.425116666,7.349427777,Wikidata: Q2551134,Witten,Germany,
Hohøj,56.644606479,10.000873689,Wikidata: Q12316993,Mariagerfjord Municipality,Denmark,
Holladay-Harrington House,39.7744,-75.5928,Wikidata: Q5880771,Delaware,United States,
Hollandse Synagoge,51.207772,4.39698,Wikidata: Q2718294,Antwerp,Belgium,
Hollywood & Western Building,34.1012,-118.31,Wikidata: Q5882542,Los Angeles,United States,
Hollywood Forever Cemetery,34.088889,-118.319444,Wikidata: Q1624932,Los Angeles,United States,
Holt County Courthouse,42.4594,-98.6469,Wikidata: Q14704868,O'Neill,United States,
Holten Canadian War Cemetery,52.299444,6.429444,Wikidata: Q2694144,Rijssen-Holten,Netherlands,
Holy Cross Cemetery,40.646488888,-73.938569444,Wikidata: Q1625319,New York,United States,
Holy Cross Cemetery,33.991649,-118.387096,Wikidata: Q1625328,Culver City,United States,
Holy Trinity cemetery in Kurgan,55.448611111,65.344722222,Wikidata: Q4463631,Kurgan,Russia,
Holy Trinity Church (Trofaiach),47.4255,15.0091,Wikidata: Q1257729,Trofaiach,Austria,
Holy Trinity Column in Olomouc,49.59402,17.250492,Wikidata: Q742362,,,
Hoofdpostkantoor Maastricht,50.85014,5.68731,Wikidata: Q17457385,Maastricht,Netherlands,
"Hoofdpostkantoor, Utrecht",52.093056,5.117778,Wikidata: Q7474243,Utrecht,Netherlands,
Hook and Ladder No. 4,42.641667,-73.780278,Wikidata: Q5897933,New York,United States,
Hoosac Street School,42.625278,-73.114722,Wikidata: Q5898512,Massachusetts,United States,
Horace Jayne House,39.9478,-75.1736,Wikidata: Q5901905,Pennsylvania,United States,
Hornaing Communal Cemetery,50.365217,3.334493,Wikidata: Q2160739,Hornaing,France,
Horniman Museum and Gardens,51.440555555,-0.060833333,Wikidata: Q1628487,London Borough of Lewisham,United Kingdom,
Horse Barn,37.626544,-112.182779,Wikidata: Q14711584,Garfield County,United States,
Hospital da Lagoa,-22.963486412,-43.215656947,Wikidata: Q10298511,Lagoa,Brazil,
Hospital de San Pedro de los Naturales,40.43114,-3.70552,Wikidata: Q64442988,Arapiles,Spain,
Hospital de Sant Pau,41.412777777,2.174444444,Wikidata: Q507282,El Baix Guinardó,Spain,
Hospital of Innocents,43.776388888,11.261111111,Wikidata: Q1257947,borough 1,Italy,
Hot Lake Hotel,45.243333,-117.956667,Wikidata: Q5910081,Union County,United States,
Hotel Alfonso XIII y Jardines,37.38153164,-5.992757619,Wikidata: Q1108879,Seville,Spain,
Hotel Ambassador,50.0837679,14.4248052,Wikidata: Q31831953,Prague 1,Czech Republic,
Hotel Arts,41.386666666,2.196111111,Wikidata: Q1425790,La Barceloneta,Spain,
Hotel Astoria,59.932777777,30.308888888,Wikidata: Q2633715,Bolshaya Morskaya street,Russia,
Hotel Catalonia Plaza Europa,41.356372833,2.123102903,Wikidata: Q1189222,L'Hospitalet de Llobregat,Spain,
Hotel Chelsea,40.744444444,-73.996944444,Wikidata: Q240711,New York,United States,
Hôtel Danois,48.844257176,2.263356334,Wikidata: Q113756687,Paris,France,
Hôtel de Beaumont,49.5056,-1.4703,Wikidata: Q3145743,Valognes,France,
Hôtel de Crillon,48.867336822,2.321149469,Wikidata: Q692768,Paris,France,
hôtel de Groesbeeck - de Croix,50.46336,4.86111,Wikidata: Q733790,Namur,Belgium,
Hôtel de Marsilly,48.85083,2.32832,Wikidata: Q22924531,Paris,France,
Hôtel de Soubise,48.860555555,2.358333333,Wikidata: Q917337,Quartier des Archives,France,
"Hôtel de Ville, Paris",48.856389,2.352222,Wikidata: Q640968,,,
Hôtel du Lac,36.80186111,10.18730556,Wikidata: Q27670825,Tunis,Tunisia,
Hotel Gellért,47.483867,19.052214,Wikidata: Q1799636,Budapest,Hungary,
Hôtel George-V,48.868789967,2.300724647,Wikidata: Q217708,Paris,France,
Hotel Haerens,50.805913888,4.343311111,Wikidata: Q41679446,Uccle,Belgium,
Hotel Horsa Nacional,-22.99796611,-43.25711389,Wikidata: Q5911578,São Conrado,Brazil,
Hotel Indigo Atlanta Midtown,33.7732,-84.3845,Wikidata: Q16995918,Atlanta,United States,
Hotel InterContinental Prague,50.091375,14.41838056,Wikidata: Q3507213,Prague 1,Czech Republic,
Hotel Kaskaskia,41.3294,-89.0958,Wikidata: Q14687569,Illinois,United States,
Hotel Kirkwood (Des Moines),41.5875,-93.609167,Wikidata: Q5911664,Des Moines,United States,
Hôtel Loews Le Concorde,46.805107,-71.21711,Wikidata: Q3221699,Quebec City,Canada,
Hotel Marcel,41.296527777,-72.918722222,Wikidata: Q63615028,New Haven,United States,
Hotel Metropol,55.758767726,37.621203468,Wikidata: Q2034313,Tverskoy District,Russia,
Hotel Moskva,44.813593,20.4599499,Wikidata: Q3145608,Belgrade,Serbia,
Hotel Nacional de Cuba,23.1435,-82.38101,Wikidata: Q2915936,Havana,Cuba,
Hotel National,55.756666666,37.613888888,Wikidata: Q4314782,Tverskoy District,Russia,
Hotel Paris,40.795604,-73.972617,Wikidata: Q23035375,New York,United States,
Hôtel Paris Bastille Boutet,48.8519,2.3838,Wikidata: Q28041305,Paris,France,
Hotel Pez Espada,36.605870748,-4.507261584,Wikidata: Q5911850,Torremolinos,Spain,
Hôtel Pieper,50.808611111,4.384722222,Wikidata: Q106515708,City of Brussels,Belgium,
Hotel Porta Fira,41.35489,2.12554,Wikidata: Q1189944,L'Hospitalet de Llobregat,Spain,
Hôtel Prince de Galles,48.869117889,2.300722629,Wikidata: Q3145636,Paris,France,
Hôtel Ritz Paris,48.86797,2.32889,Wikidata: Q656054,,,
Hotel Saljut,50.44125,30.55,Wikidata: Q4406243,Kyiv,Ukraine,
Hôtel Solvay,50.826319,4.365278,Wikidata: Q2671145,City of Brussels,Belgium,
Hôtel Subit-Gouyon,45.43901,4.39844,Wikidata: Q22967429,Saint-Étienne,France,
Hôtel Tassel,50.827778,4.362028,Wikidata: Q1881679,City of Brussels,Belgium,
Hotel Thermal,50.22880936,12.87649822,Wikidata: Q20755361,Karlovy Vary,Czech Republic,
Hôtel van Eetvelde,50.847167,4.380389,Wikidata: Q1818182,City of Brussels,Belgium,
Hôtel Wielemans,50.828530555,4.361202777,Wikidata: Q17630195,City of Brussels,Belgium,
Hotel Yancey,41.1375,-100.760277777,Wikidata: Q85767387,North Platte,United States,
Houghton Memorial Building,42.5389425,-71.4835699,Wikidata: Q5912976,Littleton,United States,
Houlle Churchyard,50.796735,2.174013,Wikidata: Q1880000,Houlle,France,
Hounsom Memorial Church,50.8443,-0.1925,Wikidata: Q15225946,Brighton and Hove,United Kingdom,
"House ""De Waal""",52.087111111,5.155833333,Wikidata: Q57341726,Utrecht,Netherlands,
"House in rambla Just Oliveras, 46",41.3621,2.10101,Wikidata: Q11925107,L'Hospitalet de Llobregat,Spain,
House of Culture and Library,48.3220701,21.5669185,Wikidata: Q93081326,Sárospatak,Hungary,
House of F. N. Solodov,47.222812,39.715049,Wikidata: Q28754132,Rostov-on-Don,Russia,
House of Music,57.0475,9.93306,Wikidata: Q12327958,Aalborg Municipality,Denmark,
House of the Black Madonna,50.087,14.42545,Wikidata: Q2717859,Prague 1,Czech Republic,
House of the Livonian Noble Corporation,56.9511,24.1044,Wikidata: Q16355736,Central District,Latvia,
House with Chimaeras,50.445,30.528611111,Wikidata: Q1440653,Kyiv,Ukraine,
Houses of Parliament,-33.926111111,18.419166666,Wikidata: Q18125735,Cape Town,South Africa,
Houston City Hall,29.76,-95.369167,Wikidata: Q1631477,Houston,United States,
HSBC Building,22.28,114.159444444,Wikidata: Q1372014,Central and Western District,China,
Hügelgrab Gresse,53.434762,10.754756,Wikidata: Q19964156,Gresse,Germany,
Hügelgrab von Wiera,50.8726,9.14633,Wikidata: Q1112042,Hesse,Germany,
"Huguenot cemetery, Dublin",53.33863,-6.254869,Wikidata: Q2972618,Dublin,Ireland,
Huis De Lange,52.62871,4.74079,Wikidata: Q2392069,Alkmaar,Netherlands,
Huis Maarnbergen: grafheuvel op de Foldocusheuvel,52.04106,5.40399,Wikidata: Q17460181,Utrechtse Heuvelrug,Netherlands,
Huize Eikenhoven,52.0591,5.26963,Wikidata: Q17447413,Utrechtse Heuvelrug,Netherlands,
Huize Lydia,52.353019,4.881119,Wikidata: Q1636190,Amsterdam,Netherlands,
Hundertwasserhaus,48.2075,16.3939,Wikidata: Q493126,Vienna,Austria,
Hunebed D38 in Boswachterij Emmen,52.81114,6.88789,Wikidata: Q17453637,Emmen,Netherlands,
Hunebedden in Havelterberg,52.79101,6.21961,Wikidata: Q17458456,Westerveld,Netherlands,
Hungarian Parliament Building,47.506944444,19.045555555,Wikidata: Q11819,Budapest District V,Hungary,
Hungarian State Opera House,47.50278,19.05833,Wikidata: Q36833,,,
Hungerburg,47.28622,11.40019,Wikidata: Q116619720,Innsbruck,Austria,
Huntington Tower,41.0824,-81.5185,Wikidata: Q5452229,Ohio,United States,
Hütteldorfer Friedhof,48.204722222,16.245277777,Wikidata: Q1652549,Hütteldorf,Austria,
Hyatt Regency Barcelona Tower,41.34611111,2.10833333,Wikidata: Q3044181,L'Hospitalet de Llobregat,Spain,
Hyde Mansion,43.90527778,-69.82305556,Wikidata: Q24040225,Bath,United States,
Hyōgo Prefectural Museum of Art,34.69919167,135.21801111,Wikidata: Q3329607,Kobe,Japan,
Hypo Alpe-Adria-Center,46.6285,14.3465,Wikidata: Q119214319,Sentpeter,Austria,
Hyrdehøj,56.017851971,12.131437708,Wikidata: Q2083670,Gribskov Municipality,Denmark,
Hyvinkää Church,60.6338677,24.86253948,Wikidata: Q2027900,Hyvinkää,Finland,
I & M Building,41.6775,-86.2528,Wikidata: Q5975771,Indiana,United States,
IAC Building,40.745555555,-74.007777777,Wikidata: Q3146488,New York City,United States,
Ibarbengoa station,43.3633,-3.00693,Wikidata: Q45838338,Getxo,Spain,
Ibbenbüren Central Cemetery,52.282,7.7151,Wikidata: Q190487,Ibbenbüren,Germany,
Ibirapuera Auditorium,-23.58583333,-46.65638889,Wikidata: Q758948,São Paulo,Brazil,
ICI House,-37.808991,144.973522,Wikidata: Q1653239,Melbourne,Australia,
Ida M. Rice House,38.85055556,-104.82444444,Wikidata: Q15227850,Colorado Springs,United States,
IDS Center,44.976,-93.2724,Wikidata: Q2745898,Minneapolis,United States,
Iglesia de Las Reparadoras,36.68697918,-6.142288247,Wikidata: Q97616475,Jerez de la Frontera,Spain,
Igreja Matriz,-27.0514073,-49.6234011,Wikidata: Q107191191,Presidente Getúlio,Brazil,
Igreja Matriz de Brusque,-27.0982897,-48.9179832,Wikidata: Q115647355,Brusque,Brazil,
Igreja São Paulo Apóstolo,-26.91971,-49.06635,Wikidata: Q107191233,Blumenau,Brazil,
Igrejinha Nossa Senhora de Fátima,-15.81397778,-47.90374167,Wikidata: Q10300978,Brasília,Brazil,
II Alley of Honor,40.361388888,49.808055555,Wikidata: Q92206160,Baku,Azerbaijan,
III. Städtischer Friedhof Stubenrauchstraße,52.476388888,13.322777777,Wikidata: Q873085,Berlin,Germany,
Il Redentore,45.424991666,12.332452777,Wikidata: Q830807,Venice,Italy,
Ilmenau Cemetery,50.6892,10.9114,Wikidata: Q1515627,Ilmenau,Germany,
Immacolata church,46.423128683,11.147616104,Wikidata: Q105396019,Ronzone,Italy,
Immaculate Conception church in Horodenka,48.670555555,25.506944444,Wikidata: Q11745595,Horodenka,Ukraine,
"Immanuel Church, Stockholm",59.3425,18.063333333,Wikidata: Q10534724,Stockholm,Sweden,
In den Kisseln,52.556666666,13.1795,Wikidata: Q1660690,Spandau,Germany,
Independence Hall,39.948888888,-75.15,Wikidata: Q390028,,,
Indiana Bell Building,37.97361111,-87.57111111,Wikidata: Q28124603,Indiana,United States,
"Individual monuments of cemetery Alter Johannisfriedhof, Leipzig",51.337,12.3895,Wikidata: Q437979,Leipzig,Germany,
"Information, Communications and Media Centre Cottbus",51.7672,14.3294,Wikidata: Q1662515,Cottbus,Germany,
Inglewood Park Cemetery,33.9675,-118.339,Wikidata: Q1645215,Inglewood,United States,
Inglinge hög,56.74607,14.90946,Wikidata: Q10535552,Växjö Municipality,Sweden,
Inland Steel Building,41.880833,-87.628611,Wikidata: Q3151358,Chicago,United States,
Innerer Neustädter Friedhof,51.0713,13.7442,Wikidata: Q1664030,Dresden,Germany,
Innis College,43.665569,-79.399483,Wikidata: Q3151381,Ontario,Canada,
Inquirer Building,39.9608,-75.1631,Wikidata: Q20639521,Philadelphia,United States,
Institut für Leichte Flächentragwerke,48.7486,9.1129,Wikidata: Q131419990,Vaihingen,Germany,
Insurance Company of North America Building,40.70827,-74.00602,Wikidata: Q5818141,New York,United States,
Intelsat headquarters,38.9425,-77.063333333,Wikidata: Q6044259,"Washington, D.C.",United States,
International Museum of Horology,47.10032,6.83094,Wikidata: Q683489,La Chaux-de-Fonds,Switzerland,
International Museum of the Baroque,19.01931,-98.24661,Wikidata: Q22981426,Puebla,Mexico,
International Stadium Yokohama,35.510044,139.606247,Wikidata: Q116601,,,
International Towers Sydney,-33.86293333,151.20165833,Wikidata: Q14934843,New South Wales,Australia,
Intesa Sanpaolo Building,45.069507,7.662801,Wikidata: Q3775871,Turin,Italy,
Invalids' Cemetery,52.531944444,13.371111111,Wikidata: Q643891,Bezirk Mitte,Germany,
Inveraray Castle,56.2374808,-5.0735762,Wikidata: Q1671720,Argyll and Bute,United Kingdom,
Investcorp Building,51.76383,-1.26358,Wikidata: Q123492551,Oxford,United Kingdom,
Inzersdorfer Friedhof,48.145833333,16.349444444,Wikidata: Q1525601,Vienna,Austria,
Iranistan,41.174,-73.202,Wikidata: Q14714956,Bridgeport,United States,
Isaac M. Wise Temple,39.103672,-84.518069,Wikidata: Q1100476,Cincinnati,United States,
Isaac McLean House,42.3933,-71.12619,Wikidata: Q6076776,Cambridge,United States,
Iserlohn Main Cemetery,51.3752,7.67991,Wikidata: Q1278995,Iserlohn,Germany,
Iset Tower,56.843461,60.590622,Wikidata: Q4080245,Yekaterinburg,Russia,
Islamic cemetery of Bobigny,48.9006,2.43361,Wikidata: Q2972666,Bobigny,France,
Islamic Cemetery of Vienna,48.145277777,16.363611111,Wikidata: Q1674159,Liesing,Austria,
Islamic Center of Greater Toledo,41.528,-83.618,Wikidata: Q113555543,Perrysburg,United States,
Isozaki Atea,43.265833333,-2.928888888,Wikidata: Q2738281,Bilbao,Spain,
Israel Museum,31.7725,35.204166666,Wikidata: Q46815,,,
Istiqlal Mosque,-6.169722222,106.830833333,Wikidata: Q475379,Pasar Baru,Indonesia,
Itaipu Dam,-25.407777777,-54.59,Wikidata: Q244169,,,
Italian Military Cemetery of Bligny,49.1884,3.84087,Wikidata: Q2972661,Bligny,France,
Italie Deux,48.83027778,2.35527778,Wikidata: Q3155868,Paris,France,
Itamaraty Palace,-15.801,-47.867,Wikidata: Q3020254,Brasília,Brazil,
Ito-toren,52.336944,4.872778,Wikidata: Q2269636,Amsterdam,Netherlands,
Ivan Skvartsov family vault,52.242,20.9724,Wikidata: Q4150018,Warsaw,Poland,
Ivan Vazov National Theatre,42.69416667,23.32655556,Wikidata: Q1858012,Sofia,Bulgaria,
Ivančena,49.5672222,18.4380556,Wikidata: Q12022070,Malenovice,Czech Republic,
Ivanovskoe cemetery,56.827777777,60.575,Wikidata: Q4196759,Leninski district,Russia,
Ivars kulle,56.71083333,12.89444444,Wikidata: Q10538496,Halmstad Municipality,Sweden,
Iwasaki Art Museum,31.221872,130.654451,Wikidata: Q24963709,Jūnichō,Japan,
Ixelles Cemetery,50.815556,4.392778,Wikidata: Q779367,Ixelles,Belgium,
J. Edgar Hoover Building,38.895277777,-77.025,Wikidata: Q167479,"Washington, D.C.",United States,
J. Leslie Sensenbrenner House,44.185278,-88.443889,Wikidata: Q113158808,Neenah,United States,
J. Marvin Jones Federal Building and United States Courthouse,35.208611,-101.834167,Wikidata: Q6106481,Amarillo,United States,
J. Paul Getty Museum,34.0775,-118.475,Wikidata: Q731126,Los Angeles,United States,
J.W. Schaffer House,34.215141666,-118.249619444,Wikidata: Q39060356,Glendale,United States,
Jackson County Courthouse,39.0925,-94.382778,Wikidata: Q6117028,Independence,United States,
Jackson Lake Lodge,43.877532,-110.577594,Wikidata: Q3157428,Teton County,United States,
Jacob Riis Park Bathhouse,40.5658971,-73.8700231,Wikidata: Q133545043,New York,United States,
Jacobshof,51.45861,5.77917,Wikidata: Q2109548,Deurne,Netherlands,
James Boyd House,35.1706,-79.3833,Wikidata: Q19460631,Southern Pines,United States,
James Buchanan Duke House,35.2014,-80.8275,Wikidata: Q19461425,Charlotte,United States,
James Oviatt Building,34.0475,-118.25388889,Wikidata: Q14682503,Los Angeles,United States,
James Simon Gallery,52.52,13.39701,Wikidata: Q664484,Bezirk Mitte,Germany,
Jameson House,49.286117,-123.115709,Wikidata: Q1531538,Vancouver,Canada,
Janet Gray Hayes Rotunda,37.337777777,-121.885833333,Wikidata: Q133834591,San Jose,United States,
Jannat al-Mu'alla,21.436991,39.829213,Wikidata: Q42004,Mecca,Saudi Arabia,
Jantzen Knitting Mills Company Building,45.5272,-122.645,Wikidata: Q14708945,Portland,United States,
Jardine House,22.283055555,114.158888888,Wikidata: Q6130456,Hong Kong,China,
Jasper County Courthouse,32.484167,-80.985556,Wikidata: Q6163934,South Carolina,United States,
Jatiya Sangsad Bhaban,23.762222222,90.378611111,Wikidata: Q497536,Dhaka,Bangladesh,
Jeddah Tower,21.734,39.08284,Wikidata: Q737945,Jeddah,Saudi Arabia,
Jedleseer Friedhof,48.2729,16.3825,Wikidata: Q1686165,Vienna,Austria,
Jellhaugen,59.14722222,11.25111111,Wikidata: Q19376190,Halden,Norway,
Jelling Mounds,55.75651427,9.419743429,Wikidata: Q2276428,Vejle Municipality,Denmark,
Jelshøj,56.0975,10.18111111,Wikidata: Q3176917,Aarhus Municipality,Denmark,
Jerónimos Monastery,38.697846,-9.205601,Wikidata: Q272781,Belém,Portugal,
Jerusalem War Cemetery,31.79831944,35.239775,Wikidata: Q6185108,Jerusalem,Israel,
Jesse Knight House,40.2931,-111.693,Wikidata: Q6186529,Utah,United States,
Ještěd,50.7663,15.055,Wikidata: Q12024690,Liberec,Czech Republic,
Ještěd Tower,50.732628,14.984592,Wikidata: Q1129608,Horní Hanychov,Czech Republic,
Jetée-Promenade de Nice,43.6945,7.26642,Wikidata: Q16508381,Nice,France,
Jewel Changi Airport,1.36022,103.98976,Wikidata: Q28419359,Changi,Singapore,
Jewell Building,41.2796,-95.946830555,Wikidata: Q16855131,Omaha,United States,
Jewish cemeteries in Pápa,47.3195,17.4824,Wikidata: Q587310,Pápa,Hungary,
Jewish cemeteries in Viciebsk,55.215,30.191666666,Wikidata: Q4440038,Vitebsk,Belarus,
Jewish Cemetery,49.629722222,8.355555555,Wikidata: Q573209,Worms,Germany,
Jewish cemetery in Berezhany,49.44290556,24.92900833,Wikidata: Q1715773,Berezhany,Ukraine,
Jewish cemetery in Chișinău,47.03527778,28.79722222,Wikidata: Q1716140,Chișinău,Moldova,
Jewish cemetery in Klagenfurt,46.6126,14.3116,Wikidata: Q1674733,Klagenfurt am Wörthersee,Austria,
Jewish cemetery in Mszczonów,51.9811,20.5111,Wikidata: Q3915816,Mszczonów,Poland,
Jewish cemetery in Sokółka,53.40862109,23.487942859,Wikidata: Q943974,Sokółka,Poland,
Jewish cemetery in Szprotawa,51.551944,15.545556,Wikidata: Q1587196,Szprotawa,Poland,
Jewish cemetery in Währing,48.232469444,16.3518,Wikidata: Q872769,Vienna,Austria,
Jewish cemetery of Besançon,47.255868,6.048499,Wikidata: Q613337,Besançon,France,
Jewish cemetery of Chernivtsi,48.29421,25.958417,Wikidata: Q251366,Chernivtsi,Ukraine,
Jewish Cemetery of Diemen,52.34361,4.97778,Wikidata: Q2311316,Diemen,Netherlands,
"Jewish cemetery, Sulzbach",49.516664069,11.740874779,Wikidata: Q1229055,Sulzbach-Rosenberg,Germany,
"Jewish Cemetery, Świdwin",53.75527778,15.76277778,Wikidata: Q934852,Świdwin,Poland,
Jeziorko woodland cemetery,53.233333333,22.194166666,Wikidata: Q327834,"Jeziorko, Podlaskie Voivodeship",Poland,
Jin Mao Tower,31.237222222,121.501388888,Wikidata: Q80813,Shanghai,China,
Jingtai Tomb,40.00227778,116.23619444,Wikidata: Q1689587,Qinglongqiao Subdistrict,China,
Jodenberg,51.0357,5.77337,Wikidata: Q17454840,Sittard-Geleen,Netherlands,
Joel W. Solomon Federal Building and United States Courthouse,35.045,-85.308333,Wikidata: Q6214078,Tennessee,United States,
Johannes-Nepomuk-Kirche (Obergurgl),46.8703,11.0264,Wikidata: Q1697112,Sölden,Austria,
Johannisfriedhof,52.0158,8.51528,Wikidata: Q1698914,Bielefeld,Germany,
Johannisfriedhof (Nürnberg),49.45858605,11.061211563,Wikidata: Q1698918,Nuremberg,Germany,
"Johannisfriedhof, Dresden",51.0366,13.8133,Wikidata: Q1698915,Dresden,Germany,
John and Ellen Bowman House,45.542394,-122.647919,Wikidata: Q6265380,Portland,United States,
John Daly House,43.621944444,-116.199166666,Wikidata: Q64788505,Boise,United States,
John Deere House and Shop,41.8389,-89.4794,Wikidata: Q14687681,Grand Detour Township,United States,
John E. Parry House,43.310556,-73.636111,Wikidata: Q6230871,New York,United States,
John Hancock Tower,42.349277777,-71.074777777,Wikidata: Q798416,Boston,United States,
John J. Swearingen House,27.897778,-81.836111,Wikidata: Q6241294,Florida,United States,
John P. Robarts Library,43.664444444,-79.399444444,Wikidata: Q2156146,Ontario,Canada,
John W. Blodgett Estate,42.957222,-85.623611,Wikidata: Q6262120,Michigan,United States,
Johnie's Coffee Shop,34.0633,-118.362,Wikidata: Q6266013,California,United States,
Johnson-Campbell House,39.965644,-82.968513,Wikidata: Q16892934,Columbus,United States,
Jonathan Bourne Public Library,41.7422,-70.5981,Wikidata: Q16892922,Bourne,United States,
Jonava Cemetery,55.099138,24.263872,Wikidata: Q1457360,Jonava Eldership,Lithuania,
Jones County High School,33.00722222,-83.53861111,Wikidata: Q29641859,Gray,United States,
Jonkerbos War Cemetery,51.8222,5.8303,Wikidata: Q2142603,Nijmegen,Netherlands,
Joodse begraafplaats in Groenlo,52.044889,6.616303,Wikidata: Q1965258,Oost Gelre,Netherlands,
Joseph Giraud House,39.52027778,-119.81361111,Wikidata: Q15229752,Washoe County,United States,
Joseph Marien Stadium,50.8178,4.32917,Wikidata: Q3495665,Forest,Belgium,
Jubilee Church,41.882398,12.585438,Wikidata: Q1226760,Roma Capitale,Italy,
Jubilee Synagogue,50.08472,14.43167,Wikidata: Q942102,Prague 1,Czech Republic,
Jüdischer Friedhof,49.8854,11.2169,Wikidata: Q1716065,Aufseß,Germany,
Jüdischer Friedhof,49.905265437,8.84410749,Wikidata: Q1716153,Dieburg,Germany,
Jüdischer Friedhof Eltville,50.034112948,8.115916438,Wikidata: Q1716169,Eltville am Rhein,Germany,
Jumeirah Beach Hotel,25.140833333,55.190277777,Wikidata: Q647585,Emirate of Dubai,United Arab Emirates,
Jungfrukullen,63.093061,14.829819,Wikidata: Q29380926,Östersund Municipality,Sweden,
Juventus Stadium,45.109594,7.641247,Wikidata: Q62149,,,
K4,48.235627,16.421412,Wikidata: Q29415302,Vienna,Austria,
Kaaitheater,50.858794,4.347587,Wikidata: Q33100355,City of Brussels,Belgium,
Kaaspakhuis met kantoor,52.010013,4.700778,Wikidata: Q133827084,Gouda,Netherlands,
Kagawa Prefectural Government Office East Building,34.3401,134.0432,Wikidata: Q113547282,Q11578771,Japan,
Kagraner Friedhof,48.2536,16.4499,Wikidata: Q1241475,Vienna,Austria,
Kaiser-Wilhelm-Gedächtniskirche,52.504722222,13.335277777,Wikidata: Q153951,Charlottenburg-Wilmersdorf,Germany,
Kaknästornet,59.335,18.126388888,Wikidata: Q1721899,Stockholm,Sweden,
Kalantarov House,41.6897,44.7998,Wikidata: Q42623026,Mtatsminda District,Georgia,
Kaleva Church,61.499135,23.7940329,Wikidata: Q2577991,Tampere,Finland,
Kalevankangas cemetery,61.493333,23.795,Wikidata: Q5402635,Tampere,Finland,
Kalitnikovskoye Cemetery,55.732753,37.689391,Wikidata: Q4209997,Tagansky District,Russia,
Kalk town hall,50.9393,7.009,Wikidata: Q127585643,Cologne,Germany,
Kallio Church,60.1842278,24.9493341,Wikidata: Q2981697,Helsinki,Finland,
Kalvaryja,53.908333333,27.503888888,Wikidata: Q2657160,Frunzyenski District,Belarus,
Kammertheater Stuttgart,48.77932,9.18638,Wikidata: Q28498697,Stuttgart,Germany,
Kansai International Airport,34.430555555,135.230277777,Wikidata: Q193682,Izumisano,Japan,
Kaplaneikirche Boden,47.283638,10.605637,Wikidata: Q889442,Pfafflar,Austria,
Karaburma residential housing tower,44.815472,20.490912,Wikidata: Q61678083,Belgrade,Serbia,
Karacaahmet Cemetery,41.0106,29.0261,Wikidata: Q578506,Üsküdar,Turkey,
Karaite Kenesa,50.45,30.511111111,Wikidata: Q787448,Yaroslaviv Val Street,Ukraine,
Karet Bivak Cemetery,-6.202688888,106.8141,Wikidata: Q399616,Jakarta,Indonesia,
Karlskirche,48.198280555,16.371880555,Wikidata: Q408847,Wieden,Austria,
Karlsplatz,48.201,16.369,Wikidata: Q335894,Innere Stadt,Austria,
Karrakatta Cemetery,-31.97,115.799166666,Wikidata: Q3193585,City of Nedlands,Australia,
Karshner Mound,39.4515,-82.72,Wikidata: Q6373412,Hocking County,United States,
Kasteel Laarhof,51.098797222,4.41725,Wikidata: Q108729877,Rumst,Belgium,
Kasteel Ravenhof,51.35389,4.38611,Wikidata: Q2097967,Stabroek,Belgium,
Kathreiner-Haus,52.493,13.3605,Wikidata: Q1736469,Tempelhof-Schöneberg,Germany,
Katowice railway station,50.258333333,19.0175,Wikidata: Q800992,Śródmieście,Poland,
Katyn war cemetery,54.774119,31.789697,Wikidata: Q2119632,Smolensk Oblast,Russia,
Kaufhaus Jonaß,52.5275,13.41555556,Wikidata: Q1504641,Pankow,Germany,
Kaufhaus Peek & Cloppenburg,52.5026,13.3394,Wikidata: Q120716618,Berlin,Germany,
Kay-Nah-Chi-Wah-Nung,48.6467,-94.0742,Wikidata: Q16211975,Rainy River District,Canada,
Kazachye Cemetery,59.920833333,30.3875,Wikidata: Q4208221,Saint Petersburg,Russia,
Kazan Cathedral,59.934227777,30.324594444,Wikidata: Q404571,Tsentralny District,Russia,
Kazanskoe cemetery,59.836111111,30.498055555,Wikidata: Q4207851,Rybatskoye,Russia,
Kazanskoe cemetery (Pushkin),59.694247222,30.388591666,Wikidata: Q4207852,Pushkin,Russia,
Kazansky railway station,55.7736109,37.65566991,Wikidata: Q1432585,Krasnoselsky District,Russia,
Kazimierz Górski National Stadium,52.239444,21.045556,Wikidata: Q179693,,,
Kazimierz Palace,52.24069444,21.02027778,Wikidata: Q1095476,Śródmieście,Poland,
Kekin House,55.793929,49.128478,Wikidata: Q4165305,Kazan,Russia,
Kembang Kuning War Cemetery,-7.285509,112.724236,Wikidata: Q2207115,Surabaya,Indonesia,
"Ken Iwata Mother and Child Museum, Imabari City",34.194785956,132.954179605,Wikidata: Q11377194,Imabari,Japan,
Kennedy-Warren Apartment Building,38.9317778,-77.0552551,Wikidata: Q1738794,"Washington, D.C.",United States,
Kensal Green Cemetery,51.5286,-0.2241,Wikidata: Q1574424,London Borough of Hammersmith and Fulham,United Kingdom,
Kensico Cemetery,41.0779,-73.7865,Wikidata: Q10798873,Valhalla,United States,
Kensington Palace,51.505277777,-0.188333333,Wikidata: Q207385,Royal Borough of Kensington and Chelsea,United Kingdom,
Kerameikos,37.978333333,23.718611111,Wikidata: Q630974,Athens Municipality,Greece,
Kerimäki Church,61.912777777,29.285,Wikidata: Q4117012,Savonlinna,Finland,
Kerkhof Peucut Cemetery,5.55,95.31666667,Wikidata: Q2509987,Aceh,Indonesia,
Kerpen courthouse,50.8757,6.69143,Wikidata: Q128654638,Kerpen,Germany,
Kerzengeschäft Retti,48.208914,16.367653,Wikidata: Q111494533,Innere Stadt,Austria,
Kettenbrückengasse,48.196811111,16.358938888,Wikidata: Q2465730,Margareten,Austria,
Key Tower,41.501111111,-81.693611111,Wikidata: Q684027,Downtown Cleveland,United States,
Khimki Cemetery,55.917638888,37.384519444,Wikidata: Q4497756,Molzhaninovsky District,Russia,
Khor Virap,39.878333333,44.576111111,Wikidata: Q1144626,,,
Khovanskoye Cemetery,55.611516666,37.447627777,Wikidata: Q4498622,Moscow,Russia,
Khusro Bagh,25.442304,81.821606,Wikidata: Q3815023,Prayagraj,India,
Kiel North Cemetery,54.345,10.1277,Wikidata: Q962417,Kiel,Germany,
Kimbell Art Museum,32.748611111,-97.365,Wikidata: Q1741629,Fort Worth,United States,
King Abdullah Financial District,24.7675909,46.643039,Wikidata: Q28714997,King Abdullah Financial District,Saudi Arabia,
King Baudouin Stadium,50.895705555,4.334083333,Wikidata: Q622671,,,
King Edward Hotel,32.299722,-90.190278,Wikidata: Q6411467,Jackson,United States,
King Power Mahanakhon,13.723611111,100.528333333,Wikidata: Q1640197,Bangkok,Thailand,
Kingdom Centre,24.711389,46.674444,Wikidata: Q656743,Riyadh,Saudi Arabia,
Kinoveevskoe cemetery,59.911388888,30.430555555,Wikidata: Q4220879,Saint Petersburg,Russia,
Kinsky Palace,50.08805556,14.42166667,Wikidata: Q27017,Prague 1,Czech Republic,
Kips Bay Towers,40.742777777,-73.975833333,Wikidata: Q6414703,New York,United States,
Kirby-Hill House,30.3701215,-94.31530275,Wikidata: Q55887807,Kountze,United States,
Kirche am Hohenzollernplatz,52.494144444,13.326994444,Wikidata: Q1742773,Charlottenburg-Wilmersdorf,Germany,
Kirche am Steinhof,48.210627,16.27879,Wikidata: Q441668,Hütteldorf,Austria,
Kirche in Sagritz,46.9605,12.9048,Wikidata: Q2082938,Großkirchheim,Austria,
Kirche in Stall,46.8891,13.0331,Wikidata: Q2083226,Stall,Austria,
Kirche Rangersdorf,46.8624,12.9639,Wikidata: Q2082908,Rangersdorf,Austria,
Kirche Sankt Jakob bei Straßburg,46.9032,14.2618,Wikidata: Q2083050,Strassburg,Austria,
Kirche Schönow (Berlin-Zehlendorf),52.4133,13.2596,Wikidata: Q11722066,Steglitz-Zehlendorf,Germany,
Kirche St. Salvator bei Friesach,46.9693,14.3569,Wikidata: Q2083160,Friesach,Austria,
Kirche und Gemeindezentrum,41.1886,-8.1456,Wikidata: Q120716510,Marco de Canaveses,Portugal,
Kiryat Shaul Cemetery,32.1292,34.8236,Wikidata: Q607817,Tel Aviv,Israel,
Kishi Memorial Gymnasium,35.66634,139.70129,Wikidata: Q1274916,Tokyo,Japan,
Kitakyushu Municipal Museum of Art,33.869861111,130.826527777,Wikidata: Q3297769,Kitakyushu,Japan,
Kitakyushu Public Library,33.881825,130.873047,Wikidata: Q11400956,Jōnai,Japan,
Kiyevskaya,55.743583,37.566488,Wikidata: Q205385,Dorogomilovo District,Russia,
Klagenfurt (Annabichl) Cemetery,46.6519,14.3172,Wikidata: Q27111,Klagenfurt am Wörthersee,Austria,
Kleanthis Vikelidis Stadium,40.600069,22.9695,Wikidata: Q1254010,Thessaloniki Municipality,Greece,
Kleinaspergle,48.8975,9.143056,Wikidata: Q784118,Asperg,Germany,
Kleinhans Music Hall,42.901944,-78.883611,Wikidata: Q6420299,Buffalo,United States,
Kline Biology Tower,41.3172,-72.9224,Wikidata: Q6421000,New Haven,United States,
Klooster Sint-Norbertushuis,51.094288888,4.499786111,Wikidata: Q96139672,Duffel,Belgium,
Knights of Columbus Building,41.3026,-72.9274,Wikidata: Q6422443,New Haven,United States,
Kobayashi Kokei House,37.110467,138.254819,Wikidata: Q11461453,Jōetsu-shi,Japan,
Kocatepe Mosque,39.916666666,32.860555555,Wikidata: Q853935,,,
Kochubey House,59.946944,30.355778,Wikidata: Q77418525,Saint Petersburg,Russia,
Kockica,45.790667,15.968833,Wikidata: Q854548,Trnje,Croatia,
Koga Park Café,36.1774,139.7003,Wikidata: Q117348221,Koga,Japan,
Kolkata Museum of Modern Art,22.5989,88.4669,Wikidata: Q16893599,New Town,India,
Kolovratský palác,50.090603629,14.406597734,Wikidata: Q12029863,Prague 1,Czech Republic,
Kolpashevsky Yar,58.30963,82.92111,Wikidata: Q4228665,Kolpashevo,Russia,
Kolumba,50.93855,6.95407,Wikidata: Q112033459,Altstadt-Nord,Germany,
Komische Oper Berlin,52.515833333,13.386944444,Wikidata: Q687694,Bezirk Mitte,Germany,
Komitas Chamber Music Hall,40.18527778,44.52305556,Wikidata: Q15239238,Kentron District,Armenia,
Komitas Pantheon,40.161681762,44.502099274,Wikidata: Q4344336,Yerevan,Armenia,
Kommunarka shooting ground,55.57874,37.45595,Wikidata: Q2068654,Novomoskovsky Administrative Okrug,Russia,
Komunariv Cemetery,44.600277777,33.513888888,Wikidata: Q4222825,Sevastopol,Ukraine,
Koncerthuset,55.65794722,12.58897778,Wikidata: Q1783715,Copenhagen Municipality,Denmark,
Konchalovskoye cemetery,55.073333333,36.604722222,Wikidata: Q4231930,Obninsk,Russia,
Kong Rans Høj,55.698089805,9.251635316,Wikidata: Q18628268,Vejle Municipality,Denmark,
Königsberg Synagogue,54.705683333,20.515552777,Wikidata: Q560845,Kaliningrad,Russia,
Königsgrab von Seddin,53.1352,11.9747,Wikidata: Q1446501,Groß Pankow,Germany,
Konstanz Minster,47.663333333,9.176388888,Wikidata: Q427812,Constance,Germany,
Konzerthaus,48.200875,16.377377,Wikidata: Q695126,Landstraße,Austria,
Konzerthaus Berlin,52.513611,13.392222,Wikidata: Q702548,Bezirk Mitte,Germany,
Koolhaas-Haus am Checkpoint Charlie,52.5072,13.3902,Wikidata: Q1783776,Friedrichshain-Kreuzberg,Germany,
Kootenai Creek Snowshoe Cabin,48.865846,-113.909312,Wikidata: Q6430803,Glacier County,United States,
Kopli cemetery,59.453516666,24.685036111,Wikidata: Q1533091,Tallinn City,Estonia,
Koski Tl Church,60.656230555,23.1377,Wikidata: Q11872732,Koski Tl,Finland,
Kotlyakovo Cemetery,55.621975,37.639022222,Wikidata: Q4236105,Moscow,Russia,
Kotva Department Store,50.08888889,14.42722222,Wikidata: Q11744412,Prague 1,Czech Republic,
Koumi-machi Kōgen Museum of Art,36.05927222,138.44008333,Wikidata: Q11462647,Koumi,Japan,
Kovalyovskoye cemetery,59.990555555,30.567222222,Wikidata: Q4225659,Vsevolozhsky District,Russia,
Kozel Castle,49.67055,13.52982,Wikidata: Q370663,Šťáhlavy,Czech Republic,
Kozma Street Jewish Cemetery,47.47284722,19.17945556,Wikidata: Q1120689,Budapest,Hungary,
KPN Tower,51.907222222,4.489166666,Wikidata: Q2443922,Rotterdam,Netherlands,
Krasnenkoe cemetery,59.862077,30.269975,Wikidata: Q4238187,"Kirovsky District, Saint Petersburg",Russia,
Krasnoe Cemetery,56.299758,43.992774,Wikidata: Q4238710,Nizhny Novgorod,Russia,
"Krasny Bor Forest, Karelia",61.649813,34.574276,Wikidata: Q4239674,Derevyannoye,Russia,
Kreeger Museum,38.921814,-77.089117,Wikidata: Q1787100,"Washington, D.C.",United States,
Kremlin,55.751666666,37.617777777,Wikidata: Q133274,,,
Kremlin Senate,55.75319611,37.618572,Wikidata: Q930376,Tverskoy District,Russia,
Kremlin Wall Necropolis,55.75378,37.619308,Wikidata: Q1130019,Tverskoy District,Russia,
Kreuzkirche (Berlin-Schmargendorf),52.4822,13.2908,Wikidata: Q1788327,Charlottenburg-Wilmersdorf,Germany,
Kriegsgräberstätte Pfaffenheck,50.2355,7.5135,Wikidata: Q1712652,Boppard,Germany,
Kriegsgräberstätte Reutti,48.36405,10.083085,Wikidata: Q2013112,Neu-Ulm,Germany,
Krnov Synagogue,50.0897472,17.7075564,Wikidata: Q3563544,Pod Bezručovým vrchem,Czech Republic,
Kroll Opera House,52.5186,13.3706,Wikidata: Q512614,Bezirk Mitte,Germany,
Kronprinzenpalais,52.5172,13.3969,Wikidata: Q530930,Bezirk Mitte,Germany,
Kultur- und Kongresszentrum Liederhalle,48.7792,9.16949,Wikidata: Q1735459,Stuttgart-Mitte,Germany,
Kulturpalast Dresden,51.051,13.7385,Wikidata: Q1791798,Dresden,Germany,
Kumamoto Prefectural Ancient Burial Mound Museum,32.99366667,130.66969444,Wikidata: Q4557656,Yamaga,Japan,
Kumamoto Station,32.789338888,130.688694444,Wikidata: Q969324,Tokyo,Japan,
Kumanokodo Nakahechi Museum of Art,33.813444,135.606167,Wikidata: Q11568880,Tanabe,Japan,
Kummerhy tomb,54.6421,9.76814,Wikidata: Q1652127,Süderbrarup,Germany,
Kungliga begravningsplatsen,59.356,18.046,Wikidata: Q1457348,Solna Municipality,Sweden,
Kungshögarna von Malmö-Oxie,55.554865,13.089853,Wikidata: Q10550332,Malmö Municipality,Sweden,
Kunsthal,51.910777777,4.473444444,Wikidata: Q1668856,Rotterdam,Netherlands,
Kunsthalle Bielefeld,52.0182,8.52611,Wikidata: Q321716,Bielefeld-Mitte,Germany,
Kunsthaus Bregenz,47.505001,9.747287,Wikidata: Q675326,Bregenz,Austria,
Kunstlinie Almere Flevoland,52.367138888,5.219027777,Wikidata: Q2131209,Almere,Netherlands,
Kuntsevo Cemetery,55.70719224,37.42012266,Wikidata: Q1514332,Mozhaysky District,Russia,
Kupfermeisterfriedhof,50.7658,6.23442,Wikidata: Q140011,Stolberg,Germany,
Kurapaty,53.9655,27.611333333,Wikidata: Q9708,Minsk District,Belarus,
Kurhaus Warnemünde,54.1792,12.0794,Wikidata: Q1739428,Rostock,Germany,
Kurländer Palais,51.0514,13.7451,Wikidata: Q1462191,Dresden,Germany,
Kuwait National Assembly Building,29.37027778,47.96416667,Wikidata: Q15156679,Kuwait City,Kuwait,
Kuzminskoye Cemetery,55.70489,37.80156,Wikidata: Q4245480,Vykhino-Zhulebino District,Russia,
Kvecių pilkapynas,55.91,21.21222222,Wikidata: Q16457671,Kretinga Municipality,Lithuania,
Kyiv Forest Cemetery,50.499444444,30.633611111,Wikidata: Q3400224,Desnianskyi District,Ukraine,
Kyiv Pechersk Lavra,50.432222222,30.562222222,Wikidata: Q242711,,,
Kyoto Concert Hall,35.05,135.76666667,Wikidata: Q6452137,Kyoto,Japan,
Kyoto Municipal Museum of Art,35.01283611,135.78356944,Wikidata: Q3330657,Kyoto,Japan,
Kyrylivsky Cemetery,50.477222222,30.468055555,Wikidata: Q4221430,Kyiv,Ukraine,
L Tower,43.646388888,-79.376388888,Wikidata: Q780392,Toronto,Canada,
L'Àgora,39.45361111,-0.35,Wikidata: Q2634180,Valencia,Spain,
L'Auditori,41.398236,2.185847,Wikidata: Q2713088,Fort Pienc,Spain,
La Almudena Cemetery,40.41935,-3.640588888,Wikidata: Q1053320,Madrid,Spain,
La Bombonera,-34.63565,-58.36465,Wikidata: Q499855,,,
La Chacarita Cemetery,-34.590833333,-58.459722222,Wikidata: Q831300,Buenos Aires,Argentina,
La Chapelle d'Armentières Communal Cemetery,50.673362,2.910454,Wikidata: Q2752646,La Chapelle-d'Armentières,France,
La Concha Resort,18.457029975,-66.074060345,Wikidata: Q6461934,San Juan,United States,
La Creche Communal Cemetery,50.7209,2.783603,Wikidata: Q2786762,Bailleul,France,
"La Florida Cemetery, Madrid",40.426525,-3.724463888,Wikidata: Q5391794,Madrid,Spain,
La Gorgue Communal Cemetery,50.634362,2.710561,Wikidata: Q530477,La Gorgue,France,
La Loma Cemetery,14.6434,120.988,Wikidata: Q6463476,Caloocan,Philippines,
La maison LVMH,48.877302497,2.267706763,Wikidata: Q103436867,Paris,France,
La Monumental,41.4,2.18111,Wikidata: Q337522,Fort Pienc,Spain,
La Morera,41.731737,1.776604,Wikidata: Q20106003,Manresa,Spain,
La Neuville cemetery,50.49583,3.04861,Wikidata: Q2270168,La Neuville,France,
La Pedrera,41.395277777,2.161666666,Wikidata: Q207870,,,
La Poterie,48.087494847,-1.644572354,Wikidata: Q3211840,Rennes,France,
La Pyramide Inversée,48.861416666,2.334111111,Wikidata: Q3177458,Paris,France,
La Rada Hotel,18.458640428,-66.07690929,Wikidata: Q119983158,San Juan,United States,
La Rotonda,41.410373,2.1372,Wikidata: Q15476271,Sant Gervasi-la Bonanova,Spain,
La Scala,45.467336,9.1888,Wikidata: Q5471,Milan,Italy,
La Seine Musicale,48.8238,2.23329,Wikidata: Q19944990,Boulogne-Billancourt,France,
La Seu Vella,41.617777777,0.626666666,Wikidata: Q2204013,Lleida,Spain,
La Treille cemetery,43.3118,5.51227,Wikidata: Q2972582,Marseille,France,
La Vela,40.501244444,-3.664519444,Wikidata: Q19788708,Madrid,Spain,
Laboe Naval Memorial,54.4122,10.2306,Wikidata: Q538382,Laboe,Germany,
Laboratorium voor Microbiologie (Wageningen),51.96611,5.68021,Wikidata: Q2786273,Wageningen,Netherlands,
Laborgebäude [Iowa University],41.6641,-91.5383,Wikidata: Q118636942,Iowa City,United States,
LaCrosse State Teachers College Training School Building,43.81339,-91.23199,Wikidata: Q6460701,La Crosse,United States,
Laeken Cemetery,50.879444444,4.353055555,Wikidata: Q2972538,City of Brussels,Belgium,
Lafayette Anticipations – Galeries Lafayette Corporate Foundation,48.859219166,2.3547975,Wikidata: Q17353174,Paris,France,
Lafayette Escadrille Memorial,48.8366,2.1718,Wikidata: Q3333144,Marnes-la-Coquette,France,
Laires Churchyard,50.539082,2.253193,Wikidata: Q2085403,Laires,France,
Lake Hotel,44.54986,-110.40011,Wikidata: Q2069466,Teton County,United States,
Lake Point Tower,41.891666666,-87.612222222,Wikidata: Q1801054,Chicago,United States,
Lake View Cemetery,41.5109,-81.5914,Wikidata: Q3372820,Cleveland,United States,
Lakhta Centre,59.98703,30.17814,Wikidata: Q4255374,,,
Lallaing Communal Cemetery,50.393449,3.169497,Wikidata: Q2109780,Lallaing,France,
Lambres Churchyard,50.614481,2.398035,Wikidata: Q2155036,朗布尔,France,
Lamel Hill (Anglo-Saxon tumulus),53.951,-1.06523,Wikidata: Q6481692,City of York,United Kingdom,
Lancaster House,51.503888888,-0.139166666,Wikidata: Q1146311,City of Westminster,United Kingdom,
Lancy-Bachet railway station,46.174332859,6.129362175,Wikidata: Q43890330,Lancy,Switzerland,
Lancy-Pont-Rouge railway station,46.185945299,6.124946982,Wikidata: Q1583893,Lancy,Switzerland,
Landakotskirkja,64.14744,-21.94855,Wikidata: Q794242,Reykjavík,Iceland,
Landsberger Arkaden,52.528079,13.457297,Wikidata: Q518248,Lichtenberg,Germany,
Landtag of North Rhine-Westphalia,51.218888888,6.763611111,Wikidata: Q1803999,Düsseldorf,Germany,
Lange Voorhout Palace,52.0834,4.31416,Wikidata: Q17068614,The Hague,Netherlands,
Langen Foundation,51.152383333,6.644611111,Wikidata: Q830675,Neuss,Germany,
Lápide de Marighella,-12.964805555,-38.490638888,Wikidata: Q55725997,Salvador,Brazil,
Lapido Building,-34.90638889,-56.19611111,Wikidata: Q1133967,Montevideo,Uruguay,
Larimer Memorial Library,29.6475,-81.630556,Wikidata: Q6489369,Florida,United States,
Larrabasterra,43.375833,-2.991389,Wikidata: Q3043755,Sopela,Spain,
Las Ventas,40.432083,-3.663278,Wikidata: Q756621,Madrid,Spain,
Late Minoan cemetery at Armeni,35.31805556,24.46277778,Wikidata: Q1573075,Rethymno Municipality,Greece,
Lateran Palace,41.886666666,12.505277777,Wikidata: Q848394,,,
Lausanne railway station,46.516784833,6.629095833,Wikidata: Q669678,Lausanne,Switzerland,
Laventie Communal Cemetery,50.63245,2.770155,Wikidata: Q2045656,Laventie,France,
Lazarev Cemetery,59.9233,30.3875,Wikidata: Q2972463,Saint Petersburg,Russia,
Lazarevskoe (Saint-Lazar) cemetery in Ryazan,54.621666666,39.727222222,Wikidata: Q2972460,Ryazan,Russia,
Łazienki Palace,52.21512,21.03582,Wikidata: Q345276,Śródmieście,Poland,
Le Building,48.867096106,2.34372579,Wikidata: Q109322970,Paris,France,
Le Consortium,47.3217,5.04139,Wikidata: Q3221735,Dijon,France,
Le Crétinier cemetery,50.712156,3.189752,Wikidata: Q2179864,Wattrelos,France,
Le Crotoy Communal Cemetery,50.22003,1.622471,Wikidata: Q2298276,Le Crotoy,France,
Le Falstaff,50.8477,4.34993,Wikidata: Q3516289,City of Brussels,Belgium,
Le Nemausus,43.827693,4.372981,Wikidata: Q3337995,Nîmes,France,
Le Paquebot,48.835556,2.280278,Wikidata: Q22922171,Paris,France,
Le Quesnoy Communal Cemetery,50.25549,3.634034,Wikidata: Q4335628,Le Quesnoy,France,
Le Volcan,49.4904,0.106945,Wikidata: Q3228210,Le Havre,France,
Le Zitelle,45.4267,12.3391,Wikidata: Q753370,Venice,Italy,
Leaning Tower of Pisa,43.72301,10.396624,Wikidata: Q39054,Pisa,Italy,
Ledbergs kulle,58.44055,15.44935,Wikidata: Q10556200,Linköping Municipality,Sweden,
Lederzeele churchyard,50.824378,2.302101,Wikidata: Q2788517,Lederzeele,France,
Ledringhem churchyard,50.854478,2.440278,Wikidata: Q2134190,Ledringhem,France,
Lee Creek Snowshoe Cabin,48.986362,-113.623897,Wikidata: Q14704662,Glacier County,United States,
Lee Ufan Museum,34.448889,133.988889,Wikidata: Q11522528,Naoshima,Japan,
Leeberg Niederhollabrunn,48.45624,16.29185,Wikidata: Q18410690,Niederhollabrunn,Austria,
Leeberg Pettendorf,48.39937,16.05952,Wikidata: Q23692081,Hausleiten,Austria,
Leers Communal Cemetery,50.6812,3.2494,Wikidata: Q2306534,Leers,France,
Leesburg High School,31.73166667,-84.1675,Wikidata: Q16966252,Leesburg,United States,
"Leeum, Samsung Museum of Art",37.537969,126.99949,Wikidata: Q487498,Seoul,South Korea,
Leeuwerenk,51.98444,5.68222,Wikidata: Q2248546,Wageningen,Netherlands,
Leeza Soho,39.865555555,116.324166666,Wikidata: Q37914917,Taipingqiao Subdistrict,China,
Lehmbruck Museum,51.430278,6.766111,Wikidata: Q315753,Duisburg-Mitte,Germany,
Leinster House,53.34055,-6.254021,Wikidata: Q247595,Dublin,Ireland,
Leipzig South Cemetery,51.3092,12.4125,Wikidata: Q314986,Probstheida,Germany,
Lejre Sneglehøj,55.631857787,11.814932046,Wikidata: Q27057554,Lejre Municipality,Denmark,
Lenin's Mausoleum,55.753611111,37.619722222,Wikidata: Q191414,,,
Lenox High School,42.356389,-73.286944,Wikidata: Q6523168,Massachusetts,United States,
Lens Eastern Communal Cemetery,50.4252,2.8429,Wikidata: Q1887962,Sallaumines,France,
Lensic Theater,35.6879,-105.941,Wikidata: Q6523247,Santa Fe,United States,
Lenzhaus,52.504983,13.342756,Wikidata: Q29952496,Bezirk Mitte,Germany,
Leonhardkirche (Graz),47.0786,15.4652,Wikidata: Q1819332,Graz,Austria,
Leonovskoye Cemetery,55.844166666,37.646666666,Wikidata: Q4258932,Moscow,Russia,
Leopoldstädter Tempel,48.2139,16.385,Wikidata: Q695454,Leopoldstadt,Austria,
Lerbäckshögen,55.7201,13.1849,Wikidata: Q6517128,Lund Municipality,Sweden,
Lerche House,55.67502,12.58381,Wikidata: Q12324318,Copenhagen Municipality,Denmark,
Les Champs Libres,48.105,-1.675,Wikidata: Q3231356,Rennes,France,
Les cinq Tombes,50.65097,5.19878,Wikidata: Q2690150,Geer,Belgium,
Les Moeres Communal Cemetery,51.015448,2.547413,Wikidata: Q2687245,Ghyvelde,France,
Les Mousseaux tumulus,47.11555556,-2.11486111,Wikidata: Q1258182,Pornic,France,
Letzigrund,47.382791,8.503801,Wikidata: Q207623,,,
Leubingen tumulus,51.1903,11.1697,Wikidata: Q1483247,Sömmerda,Germany,
Leulinghem Churchyard,50.735423,2.163082,Wikidata: Q2219648,Leulinghem,France,
Levallois-Perret Cemetery,48.9,2.289,Wikidata: Q2972531,Levallois-Perret,France,
Levashovo Memorial Cemetery,60.093888888,30.190555555,Wikidata: Q2429621,Levashovo,Russia,
Lever House,40.759722222,-73.972777777,Wikidata: Q1821821,New York,United States,
Levi F. Warren Jr. High School,42.343056,-71.235833,Wikidata: Q6535402,Newton,United States,
Lewis Mountain Lodge,38.437002,-78.478379,Wikidata: Q97448841,Page County,United States,
Lewiston Public Library,44.544,-70.1258,Wikidata: Q6537406,Maine,United States,
Lexington Cemetery,38.061,-84.509,Wikidata: Q4257680,Lexington,United States,
Lexington station,42.448612,-71.227846,Wikidata: Q20164557,Lexington,United States,
Lianozovo Cemetery,55.911622222,37.561669444,Wikidata: Q4260776,Moscow,Russia,
Libeskind Tower,45.47882,9.15687,Wikidata: Q3995204,Milan,Italy,
Libingan ng mga Bayani,14.519864,121.044272,Wikidata: Q1987325,Western Bicutan,Philippines,
Library building,62.237727,25.736167,Wikidata: Q28529650,Jyväskylä,Finland,
Library of Birmingham,52.4798,-1.9085,Wikidata: Q6542576,Birmingham,United Kingdom,
Lichtenberg metro station,52.510556,13.496389,Wikidata: Q3831986,Lichtenberg,Germany,
Lichtenstein Castle,48.406638888,9.25825,Wikidata: Q155693,,,
Liebfrauenbergkirche,47.2699,9.6438,Wikidata: Q1823908,Rankweil,Austria,
Lier Belgian Military Cemetery,51.12361,4.54917,Wikidata: Q2531341,Lier,Belgium,
Liercourt Churchyard,50.034487,1.908768,Wikidata: Q2630289,Liercourt,France,
Liesing Cemetery,48.131388888,16.293888888,Wikidata: Q1457363,Liesing,Austria,
"Lifshyts synagogue, Vinnytsia",49.233383333,28.467466666,Wikidata: Q9349134,Vinnytsia,Ukraine,
Lighthouse of Alexandria,31.214167,29.885,Wikidata: Q43244,,,
Ligny-en-Cambresis Communal Cemetery,50.099377,3.37245,Wikidata: Q2288092,Haucourt-en-Cambrésis,France,
Lillers Communal Cemetery,50.5694,2.4778,Wikidata: Q3240895,Lillers,France,
Limburg Cathedral,50.388888888,8.066666666,Wikidata: Q564957,Limburg an der Lahn,Germany,
Lincliff,38.295833,-85.6625,Wikidata: Q1825685,Glenview,United States,
Lincoln County Courthouse,33.9394,-91.8444,Wikidata: Q16894187,Star City,United States,
Lincoln Financial Field,39.90089,-75.16776,Wikidata: Q1052370,,,
Linderhof Palace,47.571618654,10.960754376,Wikidata: Q162052,,,
Linkeho dům,50.7239742,15.1688811,Wikidata: Q107467288,Jablonec nad Nisou,Czech Republic,
Linköping Cathedral,58.411111111,15.616666666,Wikidata: Q1236659,Linköping Municipality,Sweden,
Linnahall,59.446666666,24.752777777,Wikidata: Q1810907,Tallinn City,Estonia,
Linselles Communal Cemetery,50.743574,3.079517,Wikidata: Q2581872,Linselles,France,
Lipstick Building,40.757777777,-73.968888888,Wikidata: Q1827608,New York,United States,
Lisht,29.570277777,31.231111111,Wikidata: Q287779,Markaz al ‘Ayyāţ,Egypt,
Lisikhinsk Cemetery,52.260041,104.336149,Wikidata: Q4263112,Irkutsk Oblast,Russia,
Literatorskie mostki,59.904422222,30.36154,Wikidata: Q4263743,Frunzensky District,Russia,
Litomyšl Chateau,49.873437833,16.312648833,Wikidata: Q2164885,Záhradí,Czech Republic,
Little Rock Boys Club,34.74055556,-92.27,Wikidata: Q23035188,Little Rock,United States,
Livraria Lello,41.146906,-8.614791,Wikidata: Q3408689,"Cedofeita, Santo Ildefonso, Sé, Miragaia, São Nicolau e Vitória",Portugal,
Lloret de Mar Cemetery,41.701675,2.836183,Wikidata: Q1457368,Lloret de Mar,Spain,
Llotja de la Seda,39.474444444,-0.378333333,Wikidata: Q588009,,,
Lloyd's building,51.513055555,-0.0825,Wikidata: Q1814818,London,United Kingdom,
Lodha World One,19.0025407,72.8265301,Wikidata: Q507939,Mumbai,India,
Łódź Jewish Cemetery,51.796806,19.480219,Wikidata: Q115094,Bałuty-Doły,Poland,
Logroño town hall,42.466433333,-2.439263888,Wikidata: Q26257755,Logroño,Spain,
London King's Cross railway station,51.530972222,-0.123333333,Wikidata: Q219867,,,
London Paddington station,51.516666666,-0.177222222,Wikidata: Q214788,,,
London Stadium,51.538611111,-0.016388888,Wikidata: Q172190,,,
Longhorn Cavern Administration Building,30.684698,-98.350536,Wikidata: Q97573506,Burnet County,United States,
Longleat,51.18568,-2.27435,Wikidata: Q1726158,Horningsham,United Kingdom,
Longmire Administration Building,46.750159,-121.81168,Wikidata: Q97067309,Pierce County,United States,
Longwood,31.536667,-91.404722,Wikidata: Q6674508,Natchez,United States,
Loop C Comfort Station,37.636434,-112.166459,Wikidata: Q76710849,Garfield County,United States,
Loop D Comfort Station,37.634964,-112.167072,Wikidata: Q76714172,Garfield County,United States,
Loretto Academy,39.059722,-94.600278,Wikidata: Q6681009,Missouri,United States,
Lorraine American Cemetery and Memorial,49.121944,6.7175,Wikidata: Q728835,Saint-Avold,France,
Los Angeles Central Library,34.050277777,-118.255,Wikidata: Q27676389,Los Angeles County,United States,
Los Angeles City Hall,34.0536,-118.243,Wikidata: Q368489,Los Angeles,United States,
Los Angeles Memorial Coliseum,34.014167,-118.287778,Wikidata: Q849784,,,
Los Millares,36.96261102,-2.521640046,Wikidata: Q1579766,Santa Fe de Mondújar,Spain,
Loschwitz Cemetery,51.0461,13.8219,Wikidata: Q1870608,Dresden,Germany,
Loughcrew,53.769444444,-7.103055555,Wikidata: Q202563,County Meath,Ireland,
Louis Vuitton Foundation,48.87666667,2.26333333,Wikidata: Q3075489,Paris,France,
Louisa May Alcott School,39.3328,-76.6636,Wikidata: Q6688541,Maryland,United States,
Louveciennes Cemetery,48.8642,2.11,Wikidata: Q5120124,Louveciennes,France,
Louvre Abu Dhabi,24.533,54.40001,Wikidata: Q3176133,Abu Dhabi,United Arab Emirates,
Louvre Museum,48.861111111,2.335833333,Wikidata: Q19675,Saint-Germain-l'Auxerrois,France,
Louvre Palace,48.861028,2.335886,Wikidata: Q1075988,Paris,France,
Louvre-Lens,50.43055556,2.80333333,Wikidata: Q405543,Lens,France,
Löwenhaus,47.27521,11.39717,Wikidata: Q116619717,Innsbruck,Austria,
Lower Windy Creek Ranger Cabin No. 15,63.4647,-148.827,Wikidata: Q6693907,Denali Borough,United States,
Loyola Law School [Loyola Marymount University],34.0485,-118.2717,Wikidata: Q118637632,Los Angeles,United States,
Lubyanka Building,55.7602157,37.62859469,Wikidata: Q646334,Krasnoselsky District,Russia,
Luce Memorial Chapel,24.1787924,120.600518,Wikidata: Q6415390,Xitun District,Taiwan,
Lucent Danstheater,52.077068,4.318342,Wikidata: Q19884255,The Hague,Netherlands,
Lucerne Culture and Congress Centre,47.0506,8.312122,Wikidata: Q665311,Lucerne,Switzerland,
Lucius Clapp Memorial,42.124167,-71.101389,Wikidata: Q6697499,Stoughton,United States,
Ludshøj,56.077294181,12.214161047,Wikidata: Q12325021,Gribskov Municipality,Denmark,
Luella Garvey House,39.52055556,-119.81888889,Wikidata: Q15243072,Nevada,United States,
Luis Barragán House and Studio,19.41111111,-99.1925,Wikidata: Q1046414,Miguel Hidalgo,Mexico,
Luisenfriedhof I,52.5169,13.3159,Wikidata: Q1590571,Berlin,Germany,
Luisenfriedhof II,52.515686111,13.282761111,Wikidata: Q1876701,Charlottenburg-Wilmersdorf,Germany,
Luisenfriedhof III,52.524741666,13.277119444,Wikidata: Q1876711,Charlottenburg-Wilmersdorf,Germany,
Lukoil Arena,55.8178,37.4403,Wikidata: Q1190634,,,
Lukyanivske Military Cemetery,50.471,30.456,Wikidata: Q3400210,Kyiv,Ukraine,
LUMA Arles,43.673333333,4.636944444,Wikidata: Q47488973,Arles,France,
Lumber,58.276694,13.276629,Wikidata: Q10570673,Vara Municipality,Sweden,
Lund Cathedral,55.704166666,13.193611111,Wikidata: Q1236689,Lund Municipality,Sweden,
Lusail Stadium,25.420861111,51.490388888,Wikidata: Q1186333,,,
Lusehøj,55.243936886,10.044032964,Wikidata: Q18616031,Assens Municipality,Denmark,
Luther-Friedhof,52.420547222,13.356725,Wikidata: Q1495974,Berlin,Germany,
Lutherkirche,51.2012,6.77392,Wikidata: Q1877933,Bilk,Germany,
Lutherkirche (Erfurt),50.99092095,11.026753071,Wikidata: Q1877938,Erfurt,Germany,
Luxembourg American Cemetery and Memorial,49.611666666,6.185555555,Wikidata: Q1552790,Luxembourg,Luxembourg,
Lviv Theatre of Opera and Ballet,49.843988888,24.026177777,Wikidata: Q1246092,Lviv,Ukraine,
Lychakiv Cemetery,49.8325,24.056111111,Wikidata: Q1316721,Lviv,Ukraine,
Lyman Estate,42.383483,-71.228789,Wikidata: Q6708024,Waltham,United States,
Lynde churchyard,50.712747,2.418612,Wikidata: Q2519960,Lynde,France,
Lyon Cathedral,45.760833333,4.827222222,Wikidata: Q1521,Lyon,France,
Lyublinskoe cemetery,55.680905555,37.785780555,Wikidata: Q4271710,Moscow,Russia,
M. H. de Young Memorial Museum,37.771469,-122.468676,Wikidata: Q1470276,San Francisco,United States,
M+,22.300958,114.159645,Wikidata: Q10851500,West Kowloon Cultural District,China,
Macau Mosque and Cemetery,22.20277778,113.55430556,Wikidata: Q15243366,Nossa Senhora de Fátima,China,
Machy Churchyard,50.273217,1.800762,Wikidata: Q2587314,Machy,France,
Madani Ustad Maqam,11.30777,75.87969,Wikidata: Q113223697,Kunnamangalam Grama Panchayat,India,
Madeleine Cemetery,48.87361111,2.32277778,Wikidata: Q1152786,Paris,France,
Madison Square Garden,40.750555555,-73.993611111,Wikidata: Q186125,,,
Madonna delle Lacrime Sanctuary,37.07472222,15.28527778,Wikidata: Q2223786,Syracuse,Italy,
Madrasa of Amir Sunqur Sa'di,30.033055555,31.253888888,Wikidata: Q73173502,Cairo,Egypt,
Madrid-Puerta de Atocha-Almudena Grandes,40.405807,-3.6896883,Wikidata: Q5846989,Madrid,Spain,
Magdalenenberg,48.0443,8.4437,Wikidata: Q564800,Villingen,Germany,
Maglehøj,55.833109617,11.510991036,Wikidata: Q23754133,Odsherred Municipality,Denmark,
Mahlamba Ndlopfu,-25.73777778,28.22666667,Wikidata: Q3277765,Pretoria,South Africa,
Maidam,26.943611111,94.875,Wikidata: Q6735332,Assam,India,
main building of the University of Tartu,58.381111111,26.72,Wikidata: Q11896548,Tartu City,Estonia,
main cemetery Ludwigshafen am Rhein,49.4809,8.42019,Wikidata: Q1589463,Ludwigshafen,Germany,
Main Library,40.105,-88.2286,Wikidata: Q18153985,Urbana,United States,
Mainz Cathedral,49.998889,8.273889,Wikidata: Q666960,Altstadt,Germany,
Maisel's Indian Trading Post,35.084444,-106.652778,Wikidata: Q6736985,Albuquerque,United States,
Maisiejūnų pilkapiai,54.80277778,24.275,Wikidata: Q12664161,Kruonis Eldership,Lithuania,
Maison cantonale de La Bastide,44.8415,-0.552785,Wikidata: Q3279108,Bordeaux,France,
Maison de l'ordre des avocats,48.894902612,2.31131409,Wikidata: Q50532135,Paris,France,
Maison Hermès,35.67188889,139.76327778,Wikidata: Q12286421,Tokyo,Japan,
Maisons Jaoul,48.88,2.254,Wikidata: Q3280340,Neuilly-sur-Seine,France,
Máj Národní,50.0822,14.4197,Wikidata: Q2008713,Prague 1,Czech Republic,
Majestic Theatre,42.351389,-83.060278,Wikidata: Q6737711,Detroit,United States,
major cemetery of Milan,45.506709,9.114826,Wikidata: Q3676872,Milan,Italy,
Makli Necropolis,24.761111111,67.9,Wikidata: Q155043,Thatta,Pakistan,
Malik Dinar Mosque,12.4849,74.989,Wikidata: Q3595830,Kasaragod district,India,
Malmö Synagogue,55.599444444,13.010833333,Wikidata: Q2096330,Malmö Municipality,Sweden,
Malo-les-Bains Communal Cemetery,51.045111,2.40134,Wikidata: Q2145416,Dunkirk,France,
Malý Fürstenberský palác,50.0911,14.4062,Wikidata: Q12035134,Malá Strana,Czech Republic,
Mané-er-Hroëk tumulus,47.56283333,-2.93875,Wikidata: Q1891971,Locmariaquer,France,
Manhattan House,40.765277777,-73.962777777,Wikidata: Q18619402,New York,United States,
Manila Cathedral,14.59147,120.97356,Wikidata: Q773443,Intramuros,Philippines,
Manila North Cemetery,14.633,120.989,Wikidata: Q685133,Manila,Philippines,
Manneken Pis Café,50.844975,4.349633333,Wikidata: Q42418018,City of Brussels,Belgium,
Mannheim Main Cemetery,49.4908,8.49196,Wikidata: Q428622,Mannheim,Germany,
Manor House,42.57444444,-87.81527778,Wikidata: Q60750004,Kenosha,United States,
mansion of Margarita Chernova,47.219281,39.702275,Wikidata: Q16645450,Rostov-on-Don,Russia,
Mantua Cathedral,45.160707,10.79742,Wikidata: Q650678,Mantua,Italy,
Many Glacier Campground Camptender's Cabin,48.796816,-113.677707,Wikidata: Q6753338,Glacier County,United States,
Maplewood Cemetery,42.353611,-71.563611,Wikidata: Q1892097,Marlborough,United States,
Marble Palace,59.945176,30.326799,Wikidata: Q283120,Saint Petersburg,Russia,
Marchovelette Cemetery and Memorial,50.505,4.9175,Wikidata: Q2972652,Namur,Belgium,
Mare de Deu de Gràcia,42.1351,3.11981,Wikidata: Q18007597,L'Escala,Spain,
Margaretengürtel,48.1885,16.3431,Wikidata: Q2465739,Margareten,Austria,
"Maria im Gebirge, Sallapulka",48.7399,15.7365,Wikidata: Q1896464,Weitersfeld,Austria,
Maria Königin des Friedens,51.306396738,9.430625492,Wikidata: Q31190677,Kassel,Germany,
Maria Laach Abbey,50.402261,7.252098,Wikidata: Q334032,Maria Laach,Germany,
"Maria Rehkogel, Frauenberg",47.4265,15.3418,Wikidata: Q2542872,Sankt Marein im Mürztal,Austria,
Maria Waitschach,46.933889,14.532944,Wikidata: Q2540792,Guttaring,Austria,
Maria-Loreto-Kirche in St Andrä,46.7702,14.8228,Wikidata: Q2542869,Sankt Andrä,Austria,
Mariebjerg Cemetery,55.7603,12.5097,Wikidata: Q3432967,Gentofte Municipality,Denmark,
Marienfriedhof Hildesheim,52.1596,9.9571,Wikidata: Q1897688,Hildesheim,Germany,
"Marienkirche Maria Tax, Stallhofen",46.9241,13.22782,Wikidata: Q1897861,Obervellach,Austria,
Mariinsky Theatre,59.925555555,30.296111111,Wikidata: Q207028,,,
Mariinskyi Palace,50.448333333,30.5375,Wikidata: Q732489,,,
Mariinskyi Park,50.446944444,30.539722222,Wikidata: Q3394393,Pecherskyi District,Ukraine,
Marina 1,25.085,55.149,Wikidata: Q6763774,Emirate of Dubai,United Arab Emirates,
Marina 101,25.08898,55.14863,Wikidata: Q1165269,Dubai,United Arab Emirates,
Marina Bay Sands,1.2825,103.86,Wikidata: Q548679,,,
Marion County Housing Committee Demonstration House,44.928333,-123.043333,Wikidata: Q6765141,Oregon,United States,
Maritim Hotel Köln,50.93538,6.96125,Wikidata: Q111390120,Altstadt-Nord,Germany,
Mariupol Cemetery,47.222777777,38.831944444,Wikidata: Q4281600,Taganrog,Russia,
Markuskyrkan,59.29194444,18.11694444,Wikidata: Q1798826,Stockholm,Sweden,
Marles-sur-Canche Churchyard,50.457642,1.8268,Wikidata: Q2248812,Marles-sur-Canche,France,
Marmorpalais,52.412672222,13.06975,Wikidata: Q573662,Nördliche Vorstädte,Germany,
Marnix Ⅰ,50.83978,4.36568,Wikidata: Q109947786,City of Brussels,Belgium,
Marques de Riscal,42.590157126,-2.608762039,Wikidata: Q21114581,Spain,Spain,
Marqués de Riscal Hotel,42.51161,-2.61801,Wikidata: Q1630957,Elciego,Spain,
Marseille Cathedral,43.299444,5.364722,Wikidata: Q1419757,Marseille,France,
Marshall Field and Company Store,41.889256,-87.80445,Wikidata: Q6773574,Illinois,United States,
"Martenastate, grafheuvel (familiebegraafplaats Van Burmania) en dam met hek",53.24439,5.7838,Wikidata: Q17602852,Leeuwarderadeel,Netherlands,
Martin Luther King Jr. Magnet School,36.1617,-86.8006,Wikidata: Q6776079,Nashville,United States,
Martin Luther King Jr. Memorial Library,38.8986,-77.0247,Wikidata: Q2211847,"Washington, D.C.",United States,
Martin W. Carr School,42.38485,-71.10724,Wikidata: Q6776829,Somerville,United States,
Martinskirche,48.3044,14.2792,Wikidata: Q1905704,Linz,Austria,
Martyrs' Lane,40.357916666,49.827083333,Wikidata: Q2664885,Baku,Azerbaijan,
Mary W. Jackson NASA Headquarters,38.883,-77.0163,Wikidata: Q618673,"Washington, D.C.",United States,
"Mary, Queen of the World Cathedral",45.4991,-73.5683,Wikidata: Q1151330,Ville-Marie,Canada,
Mas de l'antic Jardí Botànic,41.36707,2.15385,Wikidata: Q96099652,Montjuïc,Spain,
Masjid Jamae,1.283194444,103.8455,Wikidata: Q2993428,Singapore,Singapore,
Masny Churchyard,50.34966,3.201775,Wikidata: Q2203041,Masny,France,
Masonic Temple,32.369444,-88.704444,Wikidata: Q6783740,Meridian,United States,
Massachusetts State House,42.357708333,-71.063563888,Wikidata: Q1150259,Boston,United States,
Mastercard International Global Headquarters,41.0257,-73.7166,Wikidata: Q6784928,Purchase,United States,
Matsumoto Performing Arts Centre,36.23094444,137.97458333,Wikidata: Q11278411,Nagano,Japan,
Matthew Whaley School,37.2761,-76.7044,Wikidata: Q6791405,Virginia,United States,
Matthias Church,47.501944444,19.034166666,Wikidata: Q493133,Budapest District I,Hungary,
Mattmar 39:1,63.304053,13.896882,Wikidata: Q29380793,Åre Municipality,Sweden,
Matzleinsdorf Protestant Cemetery,48.178333333,16.360277777,Wikidata: Q666587,Vienna,Austria,
mausoleo Schilizzi,40.80537,14.201954,Wikidata: Q3852972,Naples,Italy,
Mausoleum of Maussollos,37.037942,27.424097,Wikidata: Q45368,Bodrum,Turkey,
Mausoleum of Milan Rastislav Štefánik,48.67938,17.56373,Wikidata: Q7342227,Brezová pod Bradlom,Slovakia,
Mawangdui,28.208611,113.021667,Wikidata: Q1196056,Mawangdui Residential Community,China,
Max Planck Institute for Human Development,52.468671996,13.303639946,Wikidata: Q772059,Charlottenburg-Wilmersdorf,Germany,
Maximilianskirche,49.060277777,10.961111111,Wikidata: Q721727,Ellingen,Germany,
"Maximilianstraße 2, Loggia",48.139169942,11.578181002,Wikidata: Q2047197,Munich,Germany,
Maxwell Hall,43.038406914,-76.13625328,Wikidata: Q118276184,Syracuse,United States,
MAXXI,41.928467,12.468314,Wikidata: Q1881229,Roma Capitale,Italy,
Maya Kankō Hotel,34.72761111,135.21275,Wikidata: Q11498635,Osaka,Japan,
Mayagüez Municipal Cemetery,18.19135,-67.142269,Wikidata: Q5058664,Mayagüez,United States,
Mayfield Cemetery,41.513861,-81.582283,Wikidata: Q24964734,Cleveland Heights,United States,
Mayflower Manor Apartments,41.078373,-81.520357,Wikidata: Q6797233,Akron,United States,
Mazingarbe Communal Cemetery,50.4692,2.7123,Wikidata: Q2923020,Mazingarbe,France,
McFarlin Memorial Auditorium,32.8443,-96.7861,Wikidata: Q6801161,Dallas County,United States,
McLaren Technology Centre,51.345833333,-0.548333333,Wikidata: Q6802081,Woking,United Kingdom,
McMichael Canadian Art Collection,43.8408,-79.6252,Wikidata: Q3700321,Ontario,Canada,
"Mechanical Engineering Building, University of Toronto",43.659935,-79.394028,Wikidata: Q111598474,Toronto,Canada,
Medford Post Office,45.13629,-90.34344,Wikidata: Q16946553,Medford,United States,
Medical Arts Building,34.516389,-93.053889,Wikidata: Q6806262,Arkansas,United States,
Medinah Temple,41.8928,-87.6272,Wikidata: Q14687867,Chicago,United States,
Medvedkovo cemetery,55.86444445,37.63694445,Wikidata: Q4287449,Moscow,Russia,
Meharicourt Communal Cemetery,49.803177,2.728633,Wikidata: Q2126778,Méharicourt,France,
Mehmed Paša Sokolović Bridge,43.78248,19.28794,Wikidata: Q210055,,,
Mehrabad International Airport,35.689166666,51.313611111,Wikidata: Q513684,,,
Meidlinger Friedhof,48.173611111,16.339722222,Wikidata: Q1917671,Meidling,Austria,
Meier building,41.3832,2.167,Wikidata: Q115154947,El Raval,Spain,
Meir,27.409722222,30.711666666,Wikidata: Q690841,Asyut Governorate,Egypt,
Melaten-Friedhof,50.939443888,6.919166944,Wikidata: Q883970,Lindenthal,Germany,
Melk Abbey,48.22843,15.33123,Wikidata: Q660082,Melk,Austria,
Melnikov House,55.748055555,37.589444444,Wikidata: Q4165336,Krivoarbatsky Lane,Russia,
Melrose Abbey,55.599561648,-2.718688692,Wikidata: Q1919732,Scottish Borders,United Kingdom,
Memorial Necropole Ecumenica,-23.94845909,-46.34369016,Wikidata: Q1615173,Santos,Brazil,
Memory Of Heroes square,54.77947222,32.04568333,Wikidata: Q4421692,Smolensk,Russia,
Menara Mesiniaga,3.08257,101.59251,Wikidata: Q6816459,Subang Jaya,Malaysia,
Menil Collection,29.73734,-95.39851,Wikidata: Q1888308,Houston,United States,
Mennonite cemetery in Hamburg-Altona,53.57144,9.916244,Wikidata: Q1664659,Altona,Germany,
Mercat Central,39.473503,-0.378942,Wikidata: Q2197068,Valencia,Spain,
Mercat del Centre,41.3586,2.09939,Wikidata: Q11936537,Centre,Spain,
Mercure Yokosuka,35.281041,139.662287,Wikidata: Q11344051,Tokyo,Japan,
Mercury City Tower,55.750555555,37.539444444,Wikidata: Q59483,Moscow,Russia,
Merdeka 118,3.141666666,101.700722222,Wikidata: Q7969454,,,
Meret Oppenheim Hochhaus,47.546277777,7.587308333,Wikidata: Q31838381,Basel-Gundeldingen,Switzerland,
Merkur Spiel-Arena,51.261539,6.733083,Wikidata: Q155351,,,
Merry Cemetery,47.971388888,23.695555555,Wikidata: Q965491,Săpânța,Romania,
Merville Communal Cemetery,50.6455,2.6397,Wikidata: Q2150819,Merville,France,
Mesa Laboratory,39.9778,-105.275,Wikidata: Q6821069,Boulder,United States,
Messeturm,50.112222222,8.652777777,Wikidata: Q156198,Frankfurt-Innenstadt II,Germany,
Messina English Cemetery,38.17583333,15.54166667,Wikidata: Q3676913,Messina,Italy,
Messner Mountain Museum Corones,46.73729,11.95433,Wikidata: Q60533061,Mareo,Italy,
Metallurgical Cemetery,50.290597222,18.693502777,Wikidata: Q913155,Gliwice,Poland,
Meteren (Mont-des-Cats) Communal Cemetery,50.782487,2.670906,Wikidata: Q2230226,Méteren,France,
Meteren Communal Cemetery,50.74361,2.689639,Wikidata: Q2552117,Méteren,France,
MetLife Building,40.753333333,-73.976666666,Wikidata: Q464482,New York,United States,
MetLife Stadium,40.813611111,-74.074444444,Wikidata: Q10862290,,,
Metro Theater,40.796669,-73.969791,Wikidata: Q45110039,New York,United States,
Metropolitan Cathedral of Athens,37.975278,23.73,Wikidata: Q981372,Athens Municipality,Greece,
Metropolitan Center for High Technology,42.34,-83.061944,Wikidata: Q6825037,Michigan,United States,
Metropolitan Life North Building,40.7416,-73.9866,Wikidata: Q1925855,New York,United States,
"Metropolitan, Warsaw",52.2425,21.0125,Wikidata: Q11778109,Warsaw,Poland,
Metsakalmistu,59.469722222,24.870555555,Wikidata: Q2541547,Tallinn City,Estonia,
Mexico City Metropolitan Cathedral,19.4343942,-99.1330824,Wikidata: Q610961,Cuauhtémoc,Mexico,
MHPArena,48.792222,9.231944,Wikidata: Q152349,,,
Miami City Cemetery,25.793889,-80.190833,Wikidata: Q5123818,Miami,United States,
Michigan Bell and Western Electric Warehouse,42.4025,-83.1133,Wikidata: Q14716217,Detroit,United States,
Michigan Bell Building,43.430555555,-83.940277777,Wikidata: Q60763592,Saginaw,United States,
Midlands,38.2925,-85.662222,Wikidata: Q6842483,Kentucky,United States,
Mietshaus Stresemannstraße 105 & 107 & 109,52.50623,13.37975,Wikidata: Q61767613,Friedrichshain-Kreuzberg,Germany,
Miho Museum,34.91592222,136.01582222,Wikidata: Q1268542,Kōka-shi,Japan,
Mikimoto Ginza 2,35.6737,139.7659,Wikidata: Q125398479,Tokyo,Japan,
Mikri Doksipara Zoni tomb,41.518180555,26.237808333,Wikidata: Q12885570,Orestiada Municipality,Greece,
Mikveh Israel Cemetery,39.945769,-75.156153,Wikidata: Q2893494,Philadelphia,United States,
Milam Residence,30.173888888,-81.359444444,Wikidata: Q110722976,Ponte Vedra Beach,United States,
Milan Cathedral,45.463968,9.190578,Wikidata: Q18068,Milan,Italy,
Milano Centrale railway station,45.485658,9.203988,Wikidata: Q801193,,,
Mile High Center,39.7434,-104.9874,Wikidata: Q118287911,Denver,United States,
military shrine of Reschenpass,46.716581,10.537106,Wikidata: Q3944613,Mals,Italy,
Millam churchyard,50.855297,2.248091,Wikidata: Q4999964,Millam,France,
Millard House,34.155444,-118.161778,Wikidata: Q965011,Pasadena,United States,
Millenia Tower,1.29278,103.86,Wikidata: Q888058,Marina Centre,Singapore,
Millennium Stadium,51.478055555,-3.1825,Wikidata: Q204496,,,
Millennium UN Plaza,40.75055556,-73.96944444,Wikidata: Q6858964,New York,United States,
Milmoral,40.0839,-75.1464,Wikidata: Q6860182,Pennsylvania,United States,
Milner Pass Road Camp Mess Hall and House,40.413997,-105.819304,Wikidata: Q6860218,Grand County,United States,
Milstein Hall,42.451215647,-76.483521846,Wikidata: Q135725826,Ithaca,United States,
Milwaukee Art Museum,43.040073,-87.897058,Wikidata: Q325712,Milwaukee,United States,
Minaret in Lednice,48.814155,16.812601,Wikidata: Q1228860,Q56413925,Czech Republic,
Minerva Pavilion,52.350833333,4.869722222,Wikidata: Q66686079,Amsterdam,Netherlands,
Ming tombs,40.253333333,116.2175,Wikidata: Q41135,Shisanling,China,
Ming Zuling,33.0889,118.472,Wikidata: Q6864623,Xuyi County,China,
Mingorrubio Cemetery,40.536622222,-3.786505555,Wikidata: Q45195200,Fuencarral-El Pardo,Spain,
Minnesota Building,44.945422,-93.092136,Wikidata: Q6868177,Saint Paul,United States,
Minnesota State Capitol,44.954306,-93.102222,Wikidata: Q1789816,Saint Paul,United States,
Minsk Cathedral Mosque,53.91723,27.52628,Wikidata: Q83944615,Minsk,Belarus,
Minsk National Airport,53.8825,28.0325,Wikidata: Q777855,,,
Mira-Nila House,14.61146,121.05005,Wikidata: Q63958800,Bagong Lipunan ng Crame,Philippines,
Mirogoj Cemetery,45.835694444,15.984444444,Wikidata: Q1262136,Gornji Grad–Medveščak,Croatia,
Mitinskoe Cemetery,55.875,37.35,Wikidata: Q4296678,Krasnogorsky District,Russia,
Miusskaya Cemetery,55.79446681,37.59762976,Wikidata: Q4297040,Maryina Roshcha District,Russia,
Mjällby 5:1,56.085481,14.718798,Wikidata: Q29242479,Sölvesborg Municipality,Sweden,
Mo'alla,25.472219444,32.525,Wikidata: Q12193415,Esna,Egypt,
Mode Gakuen Cocoon Tower,35.691666666,139.696944444,Wikidata: Q1030463,Tokyo,Japan,
Modena Cathedral,44.646444,10.92525,Wikidata: Q753721,Modena,Italy,
Moderna Museet,59.32639,18.08361,Wikidata: Q1274511,Stockholm,Sweden,
Modiano Market,40.6349,22.9418,Wikidata: Q15711710,Thessaloniki Municipality,Greece,
Mohawk Building,45.518056,-122.674167,Wikidata: Q6893764,Oregon,United States,
Mohyla (Nymburk),50.186541111,15.044081111,Wikidata: Q14435122,Nymburk,Czech Republic,
Mohyla v Chotouni,50.066,14.9625,Wikidata: Q12038477,Chrášťany,Czech Republic,
Moji Telecommunication Museum,33.950278,130.966944,Wikidata: Q11654990,Kitakyushu,Japan,
Mole Antonelliana,45.06898,7.69324,Wikidata: Q201902,Turin,Italy,
Molenpad 10-16,52.366969444,4.883130555,Wikidata: Q135715737,Amsterdam,Netherlands,
Molineux Stadium,52.590277777,-2.130277777,Wikidata: Q380823,,,
Molla Ahmad Mosque,40.367591666,49.835588888,Wikidata: Q12842223,Old City of Baku,Azerbaijan,
Monastery of São Vicente de Fora,38.714722222,-9.127777777,Wikidata: Q1776168,São Vicente,Portugal,
Monastery of Siloe,42.918736949,11.320337856,Wikidata: Q107610913,Cinigiano,Italy,
Mondadori headquarters,45.474793,9.298861,Wikidata: Q55359180,Segrate,Italy,
Monestir de Sant Benet de Montserrat,41.60966,1.826991,Wikidata: Q11937325,Marganell,Spain,
Monserrate Palace,38.794278,-9.420706,Wikidata: Q3175595,"Sintra (Santa Maria e São Miguel, São Martinho e São Pedro de Penaferrim)",Portugal,
Mont Noir Military Cemetery,50.776687,2.736708,Wikidata: Q3261346,Saint-Jans-Cappel,France,
Montjuïc Cemetery,41.352127777,2.153627777,Wikidata: Q126453,Barcelona,Spain,
Montjuïc Communications Tower,41.36417,2.15056,Wikidata: Q202530,Montjuïc,Spain,
Montmartre Cemetery,48.887777777,2.330277777,Wikidata: Q746647,Paris,France,
Montparnasse Cemetery,48.83778,2.32833,Wikidata: Q272208,Paris,France,
Montparnasse Tower,48.84211,2.32198,Wikidata: Q323767,Quartier Necker,France,
Montreal Biosphère,45.51409167,-73.53149444,Wikidata: Q864789,Montreal,Canada,
Montreal Building,-23.540111111,-46.636666666,Wikidata: Q10270246,São Paulo,Brazil,
Montreal Central Station,45.4996,-73.5668,Wikidata: Q1148666,Ville-Marie,Canada,
Monumental Cemetery of Bonaria,39.210833,9.124722,Wikidata: Q3676929,Cagliari,Italy,
monumental cemetery of Brescia,45.5408,10.2021,Wikidata: Q3676930,Brescia,Italy,
monumental cemetery of Busto Arsizio,45.608887,8.8285386,Wikidata: Q3676889,Busto Arsizio,Italy,
monumental cemetery of Forlì,44.2333234,12.0569909,Wikidata: Q3676892,Forlì,Italy,
monumental cemetery of Legnano,45.585843,8.91757,Wikidata: Q3676891,Legnano,Italy,
Monumental Cemetery of Messina,38.1751401,15.5426314,Wikidata: Q3676893,Messina,Italy,
monumental cemetery of Milan,45.485768,9.179072,Wikidata: Q608405,Milan,Italy,
Monumental Cemetery of Staglieno,44.430011,8.950294,Wikidata: Q93544,Genoa,Italy,
Monumental cemetery of Trento,46.06305556,11.1175,Wikidata: Q3676896,Trento,Italy,
Monumental Cemetery of Verona,45.433191,11.005391,Wikidata: Q3676895,Verona,Italy,
monumental military cemetery of Arsiero,45.80072,11.35877,Wikidata: Q3676972,Arsiero,Italy,
Monumento al Corazón de Jesús,39.860622222,-4.034811111,Wikidata: Q31706509,Toledo,Spain,
Moose Creek Ranger Cabin No. 19,63.4831,-150.615,Wikidata: Q6908574,Denali Borough,United States,
Moose Entrance Kiosk,43.660347,-110.721411,Wikidata: Q6908575,Moose,United States,
Morbecque Churchyard,50.691635,2.515744,Wikidata: Q2720264,Morbecque,France,
Morden tube station,51.402222,-0.195,Wikidata: Q1947443,London Borough of Merton,United Kingdom,
Morrison Hotel,41.8816,-87.6301,Wikidata: Q6914041,Chicago,United States,
Mortagne-du-Nord Communal Cemetery,50.505589,3.455427,Wikidata: Q1937768,Mortagne-du-Nord,France,
Morton H. Meyerson Symphony Center,32.7898,-96.7986,Wikidata: Q670323,Dallas,United States,
Moschea di Roma,41.934722222,12.495,Wikidata: Q1789776,Rome,Italy,
Moscow Belorussky railway station,55.77637546,37.58175653,Wikidata: Q1367269,Tverskoy District,Russia,
Moscow Palace of Youth,55.72677778,37.57961111,Wikidata: Q4304114,Khamovniki District,Russia,
Moscowa,52.005042,5.919614,Wikidata: Q2232533,Arnhem,Netherlands,
Mosėdžio pilkapiai,56.165815,21.560333,Wikidata: Q16465007,Skuodas District Municipality,Lithuania,
Moses Mabhida Stadium,-29.829,31.0303,Wikidata: Q175289,,,
Moskovsky railway station,59.928717,30.362433,Wikidata: Q139318,Tsentralny District,Russia,
Mosque-Cathedral of Cordoba,37.878865429,-4.779341634,Wikidata: Q33200,,,
mosquée El Oumma,36.8065617,3.0416723,Wikidata: Q24561985,Bologhine,Algeria,
Mouchin cemetery,50.518947,3.291941,Wikidata: Q2640371,Mouchin,France,
Moulin Rouge,48.884167,2.332222,Wikidata: Q151030,,,
Mount Auburn Cemetery,39.259388888,-76.639694444,Wikidata: Q8509201,Baltimore,United States,
Mount Auburn Cemetery,42.370555555,-71.145833333,Wikidata: Q1950363,Watertown,United States,
Mount Baker Theatre,48.7522,-122.477,Wikidata: Q6919594,Bellingham,United States,
Mount Carmel Cemetery,41.8642,-87.9075,Wikidata: Q1519241,Hillside,United States,
Mount Hermon Cemetery,46.77851,-71.24657,Wikidata: Q23303442,Sainte-Foy–Sillery–Cap-Rouge,Canada,
Mount Herzl,31.774117,35.180567,Wikidata: Q206161,Jerusalem,Israel,
Mount Hood Masonic Temple,45.56186111,-122.67080556,Wikidata: Q6921253,Portland,United States,
Mount Hope Cemetery,43.1283,-77.6214,Wikidata: Q4460506,Rochester,United States,
Mount Jerome Cemetery,53.324694,-6.284166,Wikidata: Q917854,Dublin,Ireland,
Mount Moriah Cemetery,44.376,-103.725,Wikidata: Q451629,Deadwood,United States,
Mount of Olives Jewish Cemetery,31.77383889,35.24306944,Wikidata: Q12404547,Jerusalem,Israel,
Mount Olivet Cemetery,38.9114,-76.9794,Wikidata: Q6922573,"Washington, D.C.",United States,
Mount Olivet Cemetery,41.68888889,-87.69166667,Wikidata: Q2972458,Chicago,United States,
Mount Pleasant Cemetery,43.6958,-79.3847,Wikidata: Q2904018,Toronto,Canada,
Mount Royal Cemetery,45.509122222,-73.598005555,Wikidata: Q1457377,Outremont,Canada,
Mount Sinai Memorial Park Cemetery,34.15,-118.315,Wikidata: Q6923684,Los Angeles,United States,
Mount Vernon,38.707777777,-77.086111111,Wikidata: Q731635,Fairfax County,United States,
Moustoir tumulus,47.612,-3.0608,Wikidata: Q19603941,Carnac,France,
Mouvaux cemetery,50.709014,3.126923,Wikidata: Q2262394,Mouvaux,France,
Mozu Tombs,34.56388889,135.4875,Wikidata: Q4250584,Osaka,Japan,
Mr. J. William de Coursey O'Grady House,42.091388888,-87.711944444,Wikidata: Q104855404,Kenilworth,United States,
Mramorje,43.95043615,19.42748429,Wikidata: Q295408,Bajina Bašta Municipality,Serbia,
Mrs. A. F. Rossi House,43.596666666,-116.201944444,Wikidata: Q65078266,Boise,United States,
Mrs. Isaac D. Adler House,42.3008,-87.9553,Wikidata: Q16198500,Libertyville,United States,
"Mt.Fuji World Heritage Centre, Shizuoka",35.22369444,138.60883333,Wikidata: Q47249898,Fujinomiya,Japan,
Mudam,49.61708611,6.13989722,Wikidata: Q1955758,Kirchberg,Luxembourg,
Muir Woods National Monument Administration-Concession Building,37.893399,-122.572825,Wikidata: Q99522743,Marin County,United States,
Mülheim an der Ruhr Main Cemetery,51.412,6.91297,Wikidata: Q2713454,Mülheim an der Ruhr,Germany,
Multihalle,49.5044,8.47976,Wikidata: Q1687547,Mannheim,Germany,
Munich Forest Cemetery,48.102777777,11.493611111,Wikidata: Q253763,Munich,Germany,
Munich Olympic Stadium,48.173055555,11.546666666,Wikidata: Q131610,Munich,Germany,
Municipal Cemetery of Braço do Norte,-28.274772,-49.15222,Wikidata: Q1053346,Braço do Norte,Brazil,
Municipal House,50.08762,14.42824,Wikidata: Q2334312,Prague 1,Czech Republic,
Municipal Library Hanover,52.3668,9.74432,Wikidata: Q1430761,Südstadt-Bult,Germany,
municipal park cemetery of Essen,51.4508,7.0485,Wikidata: Q2052700,Essen,Germany,
Municipal Theater of São Paulo,-23.54527778,-46.63861111,Wikidata: Q2297627,Central Zone of São Paulo,Brazil,
Munkeruphus,56.10950278,12.36548611,Wikidata: Q6936739,Gribskov Municipality,Denmark,
Munson-Williams-Proctor Arts Institute,43.096944,-75.241389,Wikidata: Q2999262,Utica,United States,
Münster Central Cemetery,51.9586,7.60958,Wikidata: Q190488,Münster,Germany,
Munttoren,52.366944,4.893333,Wikidata: Q1429748,Amsterdam,Netherlands,
Mūrininkų pilkapiai,54.57263889,25.55272222,Wikidata: Q12666150,Rukainiai Eldership,Lithuania,
Musashi Imperial Graveyard,35.65023611,139.28004444,Wikidata: Q6940153,Tokyo,Japan,
Musée d’Art Moderne,48.86408,2.29713,Wikidata: Q1535247,Paris,France,
Musée du quai Branly,48.860833333,2.2975,Wikidata: Q167863,Paris,France,
Musée Picasso,48.859731,2.362439,Wikidata: Q743206,,,
Museo Civico di Storia Naturale di Milano,45.472777,9.202457,Wikidata: Q1533416,Milan,Italy,
Museo de Artes y Costumbres Populares de Sevilla,37.37216876,-5.987870188,Wikidata: Q28962357,Seville,Spain,
Museo del Prado,40.413888888,-3.692222222,Wikidata: Q160112,,,
Museo del Teatro Romano de Cartagena,37.598888888,-0.985388888,Wikidata: Q2361695,Cartagena,Spain,
Museo Nacional Centro de Arte Reina Sofía,40.408571429,-3.693996097,Wikidata: Q460889,,,
Museu Brasileiro da Escultura,-23.573272222,-46.676711111,Wikidata: Q2923400,São Paulo,Brazil,
Museu Casa Kubitschek,-19.8549112,-43.9805245,Wikidata: Q40357761,Belo Horizonte,Brazil,
Museu de Arte Contemporânea (Fundação de Serralves),41.15913333,-8.65945278,Wikidata: Q1954380,Lordelo do Ouro e Massarelos,Portugal,
Museum building Kam,51.841986,5.878239,Wikidata: Q2447629,Nijmegen,Netherlands,
Museum Frieder Burda,48.7579,8.23803,Wikidata: Q1479961,Baden-Baden,Germany,
Museum für Moderne Kunst,50.1121,8.685,Wikidata: Q456994,Frankfurt-Innenstadt I,Germany,
Museum of Contemporary Art San Diego (La Jolla branch),32.8446,-117.2782,Wikidata: Q125503629,La Jolla,United States,
"Museum of Contemporary Art, Los Angeles",34.053274,-118.250432,Wikidata: Q1134646,Los Angeles,United States,
"Museum of Fine Arts, Budapest",47.51587,19.07678,Wikidata: Q840886,,,
"Museum of Fine Arts, Houston",29.725605,-95.390539,Wikidata: Q1565911,Houston,United States,
Museum of Islamic Art,25.295018702,51.539265448,Wikidata: Q1148353,Doha,Qatar,
Museum of Modern Art in Caracas,10.4805353,-66.8728497,Wikidata: Q26308703,Caracas,Venezuela,
Museum of Popular Arts of Paraíba,-7.224166666,-35.878888888,Wikidata: Q10333773,Campina Grande,Brazil,
Museum of the History of Polish Jews,52.249444444,20.993055555,Wikidata: Q429069,Warsaw,Poland,
Mushketovo cemetery,47.989166666,37.869722222,Wikidata: Q4309105,Kalinin Raion,Ukraine,
Musica,62.238358,25.734453,Wikidata: Q28464265,Jyväskylä,Finland,
Musikverein,48.200488888,16.372738888,Wikidata: Q686720,Innere Stadt,Austria,
Muslim military cemetery of Barcia,43.53607389,-6.49032361,Wikidata: Q624272,Valdés,Spain,
Mykolaiv Necropolis,46.966971,32.033977,Wikidata: Q4316670,Central District,Ukraine,
Nacoochee Mound,34.6834,-83.709,Wikidata: Q4312576,White County,United States,
Nagoya Dome,35.185981,136.947314,Wikidata: Q929524,Nagoya,Japan,
Nakheel Tower,25.054444444,55.131388888,Wikidata: Q317871,Dubai,United Arab Emirates,
Nanih Waiya,32.921389,-88.948611,Wikidata: Q6963605,Winston County,United States,
Nantes Cathedral,47.21843,-1.55017,Wikidata: Q1423005,,,
Naours churchyard,50.036273,2.275225,Wikidata: Q4781594,Naours,France,
Napoli Afragola railway station,40.931389,14.331111,Wikidata: Q3970269,Afragola,Italy,
Naqsh-e Rustam,29.988888888,52.874722222,Wikidata: Q648705,Marvdasht County,Iran,
Nara Centennial Hall,34.68027778,135.81638889,Wikidata: Q6965228,Nara,Japan,
Nariwa Museum,34.780722,133.536667,Wikidata: Q11670668,Takahashi,Japan,
Nathan Smith House,43.582222222,-116.193333333,Wikidata: Q65074497,Boise,United States,
Nathaniel Bacon School,37.5303,-77.4047,Wikidata: Q6969492,Virginia,United States,
Nathaniel Thayer Estate,42.449722,-71.678611,Wikidata: Q6969892,Worcester County,United States,
National Art Museum of Azerbaijan,40.363056,49.831667,Wikidata: Q2559128,,,
National Building Museum,38.8975,-77.018056,Wikidata: Q624008,"Washington, D.C.",United States,
National Bunraku Theatre,34.6675,135.508611111,Wikidata: Q1138857,Osaka,Japan,
National Cemetery in Martin,49.06068,18.92527,Wikidata: Q1968397,Martin,Slovakia,
National Centre for the Performing Arts,18.9251,72.8206,Wikidata: Q17057162,Mumbai City district,India,
National Centre for the Performing Arts,39.90333,116.38361,Wikidata: Q860188,Xichang'anjie Subdistrict,China,
National Congress Palace,-15.799722222,-47.864166666,Wikidata: Q4155889,Brasília,Brazil,
National Gallery,51.508888888,-0.128333333,Wikidata: Q180788,,,
National Museum of Anthropology,19.426111111,-99.186111111,Wikidata: Q524249,,,
National Museum of Finland,60.1749794,24.93156068,Wikidata: Q1418136,Helsinki,Finland,
"National Museum of Modern Art, Kyoto",35.012389,135.781943,Wikidata: Q1055628,Kyoto,Japan,
National Museum of Roman Art,38.917306,-6.339861,Wikidata: Q3330685,Mérida,Spain,
National Museum of the Brazilian Republic,-15.797152,-47.878679,Wikidata: Q10333582,Brasília,Brazil,
National Palace,18.54311,-72.33886,Wikidata: Q509638,Port-au-Prince,Haiti,
National Palace of Culture,42.684722,23.318889,Wikidata: Q3269914,Triaditsa District,Bulgaria,
National Park Service Southwest Regional Office,35.667075405,-105.922907909,Wikidata: Q6974747,Santa Fe,United States,
National Stadium,22.702778,120.295,Wikidata: Q713442,Kaohsiung,Taiwan,
National Theatre in Belgrade,44.816666666,20.460555555,Wikidata: Q1847119,Belgrade,Serbia,
National Theatre Munich,48.139722222,11.578888888,Wikidata: Q707679,Munich,Germany,
Nationalmuseum,59.328611111,18.078055555,Wikidata: Q842858,,,
Nativity of Christ Cathedral,47.026055555,28.834527777,Wikidata: Q5813126,Chișinău,Moldova,
Nature Church,14.42588,120.99895,Wikidata: Q25048928,Las Piñas,Philippines,
Nature Spa Takarazuka,34.808333333,135.340833333,Wikidata: Q11323852,Osaka,Japan,
Naujosios Vilnios pilkapynas,54.69858333,25.38027778,Wikidata: Q20504153,Naujoji Vilnia eldership,Lithuania,
Naumburg Cathedral,51.154722222,11.803888888,Wikidata: Q5938,Naumburg,Germany,
Nautilus Hotel,25.794444016,-80.129142904,Wikidata: Q117536611,Miami Beach,United States,
Naval Cathedral in Kronstadt,59.991666666,29.777777777,Wikidata: Q2321997,Kronstadt,Russia,
Naval Cemetery (Vladivostok),43.0840806,131.927669,Wikidata: Q4303315,Pervomaisky district,Russia,
Naval Reserve Armory,47.62944444,-122.33666667,Wikidata: Q6981906,Seattle,United States,
Nave Island Chapel,55.899587,-6.333694,Wikidata: Q1656244,Argyll and Bute,United Kingdom,
Navenne military cemetery,47.61027,6.16535,Wikidata: Q2972658,Vesoul,France,
Navje,46.060834632,14.511920551,Wikidata: Q11184115,Ljubljana City Municipality,Slovenia,
Nebotičnik,46.053194444,14.503611111,Wikidata: Q4178650,Center,Slovenia,
Nécropole des Près-de-l'Eau,46.5636,4.92586,Wikidata: Q18380087,Lacrost,France,
Necropolis Banditaccia,41.999083,12.096765,Wikidata: Q859735,Cerveteri,Italy,
Necropolis of Anghelu Ruju,40.6325,8.32666667,Wikidata: Q539095,Alghero,Italy,
necropolis of Kerkouane,36.955969444,11.086291666,Wikidata: Q6985710,Nabeul Governorate,Tunisia,
Necropolis of Monterozzi,42.25008,11.767854,Wikidata: Q2564175,Tarquinia,Italy,
necropolis of Pantalica,37.13333333,14.98333333,Wikidata: Q931434,Province of Syracuse,Italy,
"Necropolis of stecci at Radimlja, the historic site",43.092559,17.923197,Wikidata: Q43951677,Stolac,Bosnia and Herzegovina,
Neely-Sieber House,40.7386,-84.1144,Wikidata: Q12063670,Ohio,United States,
Neguri,43.340278,-3.005556,Wikidata: Q952533,Getxo,Spain,
Neillsville Post Office,44.56101,-90.59603,Wikidata: Q6989590,Neillsville,United States,
Neiman-Marcus Department Store,37.7874,-122.4063,Wikidata: Q137254738,San Francisco,United States,
Nelson Mandela Bay Stadium,-33.937778,25.598889,Wikidata: Q181445,,,
Neolithic tumulus in Holten,52.27518,6.45536,Wikidata: Q17453882,Rijssen-Holten,Netherlands,
Neptunus,52.375177777,4.891586111,Wikidata: Q107096166,Amsterdam,Netherlands,
Nesvizh Castle,53.222877777,26.691736111,Wikidata: Q719422,Niasviž,Belarus,
Netherlands American Cemetery,50.8175,5.805,Wikidata: Q954571,Eijsden-Margraten,Netherlands,
Neue Pinakothek,48.149887,11.571114,Wikidata: Q170152,,,
Neue Staatsgalerie,48.78022778,9.186875,Wikidata: Q316242,Stuttgart-Mitte,Germany,
Neue Wache,52.5175,13.395556,Wikidata: Q152341,Bezirk Mitte,Germany,
Neuer Friedhof,49.5704,8.2484,Wikidata: Q1980126,Dirmstein,Germany,
Neuer Jüdischer Friedhof Eisenstadt,47.84855,16.51385,Wikidata: Q779004,Eisenstadt,Austria,
Neuer Katholischer Friedhof,51.062,13.7004,Wikidata: Q1980178,Dresden,Germany,
Neuer St. Nikolai Friedhof (Hannover),52.3903,9.71389,Wikidata: Q1980225,Nord,Germany,
Neuer Südfriedhof,48.099444444,11.62,Wikidata: Q1472727,Ramersdorf-Perlach,Germany,
Neues Schloss,47.69361111,9.27222222,Wikidata: Q876007,Meersburg,Germany,
Neufchatel-Hardelot New Communal Cemetery,50.613552,1.645019,Wikidata: Q4372407,Neufchâtel-Hardelot,France,
Neuilly-sur-Seine Old Communal Cemetery,48.881666666,2.264444444,Wikidata: Q437930,Neuilly-sur-Seine,France,
Neulußheim,49.291933,8.5302,Wikidata: Q16831719,Neulußheim,Germany,
Neuschwanstein Castle,47.557488542,10.749441807,Wikidata: Q4152,Schwangau,Germany,
Neustädter Friedhof,52.3781,9.72556,Wikidata: Q1981765,Mitte,Germany,
Neustifter Friedhof,48.247222222,16.304722222,Wikidata: Q1981721,Vienna,Austria,
Nevigeser Wallfahrtsdom,51.312777777,7.0875,Wikidata: Q1982229,Velbert,Germany,
Nevzorovo Cemetery,55.995119444,37.928238888,Wikidata: Q4315757,Pushkinsky Urban District,Russia,
New Amsterdam Theatre,40.756111111,-73.987777777,Wikidata: Q2004827,New York,United States,
"New Cathedral, Linz",48.30023,14.28604,Wikidata: Q257481,Linz,Austria,
New Cemetery,54.72388333,32.10156667,Wikidata: Q4323893,Smolensk,Russia,
"New Cemetery, Potsdam",52.3844,13.0712,Wikidata: Q1980134,Potsdam,Germany,
New Chambers,52.4036,13.0356,Wikidata: Q314818,Potsdam,Germany,
New Grodno Castle,53.67613,23.82538,Wikidata: Q268433,Hrodna,Belarus,
New Harmony's Atheneum,38.131811,-87.938545,Wikidata: Q17065002,New Harmony,United States,
New Jersey Bell Headquarters Building,40.7419,-74.1689,Wikidata: Q7009140,New Jersey,United States,
New Jewish Cemetery,50.0533,19.9519,Wikidata: Q63216,Kraków,Poland,
New Jewish Cemetery,50.079309493,14.473299149,Wikidata: Q932942,Prague,Czech Republic,
New Michael Palace,59.944064,30.322132,Wikidata: Q3361196,Saint Petersburg,Russia,
New Mosque,41.016875,28.972141,Wikidata: Q911720,,,
New Museum,40.722361111,-73.992916666,Wikidata: Q1156823,New York City,United States,
New Orleans,51.904722,4.487222,Wikidata: Q2522995,Rotterdam,Netherlands,
New Perry Hotel,32.45666667,-83.73333333,Wikidata: Q28124287,Perry,United States,
"New Public Cemetery, Budapest",47.471944444,19.189166666,Wikidata: Q330013,Budapest District X,Hungary,
New Synagogue Berlin,52.524722,13.394444,Wikidata: Q246474,Bezirk Mitte,Germany,
New Synagogue Brunswick,52.2608,10.5169,Wikidata: Q1979790,Brunswick,Germany,
New Town Hall,48.137777777,11.575833333,Wikidata: Q152979,Munich,Germany,
New Town Hall,52.367248866,9.73735528,Wikidata: Q573618,Mitte,Germany,
"New West End Synagogue, London",51.5111,-0.190417,Wikidata: Q7012389,City of Westminster,United Kingdom,
New World Center,25.792,-80.133,Wikidata: Q11884284,Florida,United States,
New York City Hall,40.712777777,-74.006111111,Wikidata: Q1065206,New York,United States,
New York Evening Post Building,40.70903,-74.0145,Wikidata: Q11681268,New York,United States,
New York Life Building,40.742777777,-73.985555555,Wikidata: Q1499859,New York,United States,
New York Marble Cemetery,40.725625,-73.990972,Wikidata: Q2879976,New York,United States,
New York Marriott Marquis,40.75838,-73.98556,Wikidata: Q7013741,New York,United States,
New York Public Library for the Performing Arts,40.773611111,-73.984444444,Wikidata: Q7013890,New York,United States,
New York Times Building,40.756111111,-73.99,Wikidata: Q192680,New York,United States,
Newark Broad Street Station,40.747222,-74.172222,Wikidata: Q7016633,Newark,United States,
Newhouse Communications Center I,43.039773856,-76.135156008,Wikidata: Q120398849,Syracuse,United States,
Newport News Public Library,36.980169,-76.434245,Wikidata: Q7018939,Newport News,United States,
Newton City Hall and War Memorial,42.3374,-71.2088,Wikidata: Q16895835,Newton,United States,
Newton County Courthouse,36.00805556,-93.18694444,Wikidata: Q23302850,Arkansas,United States,
Ngurah Rai International Airport,-8.748055555,115.1675,Wikidata: Q1061846,,,
Nhow Amsterdam RAI,52.338416666,4.890944444,Wikidata: Q64040941,Amsterdam,Netherlands,
Nidaros Cathedral,63.4269,10.3969,Wikidata: Q215023,Trondheim municipality,Norway,
Niedersachsenstadion,52.36,9.731111,Wikidata: Q152633,,,
Niemeyer building,-19.93272778,-43.93740833,Wikidata: Q10270249,Belo Horizonte,Brazil,
Nieppe Communal Cemetery,50.705997,2.841293,Wikidata: Q3341299,Nieppe,France,
Nieuw Eykenduynen,52.0676,4.26794,Wikidata: Q3191709,The Hague,Netherlands,
Nieuw-Apostolische Kerk,53.028797,5.666431,Wikidata: Q2053633,Súdwest-Fryslân,Netherlands,
Nieuwe Algemene Begraafplaats De Stuivenberg,52.034969,4.957581,Wikidata: Q2020674,Montfoort,Netherlands,
Nieuwe Zandweg Cemetery,52.060278,4.916389,Wikidata: Q2226843,Montfoort,Netherlands,
Nikolaikirchhof Görlitz,51.160136,14.98798,Wikidata: Q1991139,Görlitz,Germany,
Nikolo-Arkhangelskoe Cemetery,55.743977,37.893537,Wikidata: Q4320732,Balashikha Urban Okrug,Russia,
Nikolskoe Cemetery of Alexander Nevsky Lavra,59.921388888,30.391388888,Wikidata: Q2972475,Saint Petersburg,Russia,
Nippon Budōkan,35.693333,139.75,Wikidata: Q386246,,,
Niterói Contemporary Art Museum,-22.907777777,-43.126111111,Wikidata: Q1573239,Niterói,Brazil,
Nittele Tower,35.66441944,139.75991111,Wikidata: Q2913644,Tokyo,Japan,
No 1 Poultry,51.513333333,-0.090833333,Wikidata: Q1994490,London,United Kingdom,
Nollendorfplatz metro station,52.499166666,13.353888888,Wikidata: Q571039,Tempelhof-Schöneberg,Germany,
Noordelijk Olympisch Huisje,52.344722,4.856111,Wikidata: Q993056,Amsterdam,Netherlands,
Noorderbegraafplaats,52.99222,6.55111,Wikidata: Q2044685,Assen,Netherlands,
Noorderbegraafplaats,52.239508,5.179925,Wikidata: Q2683250,Hilversum,Netherlands,
Noorderbegraafplaats,53.23056,6.55056,Wikidata: Q2617742,Groningen,Netherlands,
Noraduz cemetery,40.3739,45.1812,Wikidata: Q2705445,Noratus,Armenia,
Nordfriedhof,50.943,11.589,Wikidata: Q1997961,Jena,Germany,
Nordfriedhof,50.1016,8.2188,Wikidata: Q1680374,Wiesbaden,Germany,
Nordfriedhof,51.3618,12.3963,Wikidata: Q1701557,Leipzig,Germany,
Nordfriedhof,51.0802,13.7772,Wikidata: Q1997964,Dresden,Germany,
Nordfriedhof,48.175200935,11.602942471,Wikidata: Q1030655,Munich,Germany,
Nordfriedhof,51.4927,11.9845,Wikidata: Q1997959,Halle (Saale),Germany,
Nordre gravlund,59.93850278,10.746175,Wikidata: Q5162183,Oslo Municipality,Norway,
Normal School for Colored Girls,38.923333,-77.0225,Wikidata: Q7051781,"Washington, D.C.",United States,
Normandie Hotel,18.464444,-66.0875,Wikidata: Q7053035,San Juan,United States,
Normandy American Cemetery and Memorial,49.36,-0.8575,Wikidata: Q2134416,Colleville-sur-Mer,France,
Norrent-Fontes Churchyard,50.572609,2.417208,Wikidata: Q2006447,Norrent-Fontes,France,
Norris Geyser Basin Museum,44.726499,-110.703623,Wikidata: Q7053299,Park County,United States,
North Blockhouse,46.91458,-121.64329,Wikidata: Q97852496,Pierce County,United States,
North Burial Ground,41.842777777,-71.408055555,Wikidata: Q532742,Providence,United States,
North Front Cemetery,36.149051,-5.344827,Wikidata: Q3631300,Gibraltar,United Kingdom,
North Maroc Intercommunal Cemetery,50.454888,2.744132,Wikidata: Q1865047,Grenay,France,
Norton Simon Museum,34.146225,-118.159162,Wikidata: Q1752085,Pasadena,United States,
Notre Dame de Belmont Cemetery,46.79069,-71.27526,Wikidata: Q2972451,Sainte-Foy–Sillery–Cap-Rouge,Canada,
Notre Dame des Neiges Cemetery,45.501819444,-73.606522222,Wikidata: Q507432,Côte-des-Neiges–Notre-Dame-de-Grâce,Canada,
Notre Dame du Haut,47.70451,6.62057,Wikidata: Q638250,Ronchamp,France,
Notre-Dame Basilica,45.504444444,-73.556111111,Wikidata: Q887686,Ville-Marie,Canada,
Notre-Dame Basilica-Cathedral,46.813851,-71.2066,Wikidata: Q2002465,La Cité-Limoilou,Canada,
Notre-Dame d'Amiens,49.89457,2.3021,Wikidata: Q106934,Amiens,France,
Notre-Dame de Chartres,48.447777777,1.487777777,Wikidata: Q180274,Chartres,France,
Notre-Dame de Paris,48.853,2.3498,Wikidata: Q2981,Quartier Notre-Dame,France,
Notre-Dame-de-Lorette,48.876388888,2.338888888,Wikidata: Q1710369,Paris,France,
Nouveau cimetière de Vesoul,47.6231,6.15583,Wikidata: Q3345061,Vesoul,France,
Nouvel Building,40.407341666,-3.695155555,Wikidata: Q42307425,Madrid,Spain,
Nova Hall,36.081306,140.11425,Wikidata: Q11325716,Azuma,Japan,
Nová správní budova Spolchemie,50.6595636,14.0295011,Wikidata: Q38234864,Ústí nad Labem-centrum,Czech Republic,
Novi Sad Synagogue,45.253133,19.84071,Wikidata: Q1243512,Novi Sad,Serbia,
Novo-Volkovskoe cemetery,59.8806,30.3613,Wikidata: Q4322900,Saint Petersburg,Russia,
Novodevichy Cemetery,55.724722222,37.554166666,Wikidata: Q208175,Khamovniki District,Russia,
"Novozapadnoe Cemetery, Penza",53.19859,44.95132,Wikidata: Q4323999,Penza,Russia,
Noyelles-Godault Communal Cemetery,50.422604,2.98854,Wikidata: Q1930176,Noyelles-Godault,France,
Noyelles-sur-Sambre Communal Cemetery,50.160352,3.801734,Wikidata: Q2615914,Noyelles-sur-Sambre,France,
Noyes Mansion,38.29773,-122.29308,Wikidata: Q133308483,Napa,United States,
NTT Docomo Yoyogi Building,35.684361111,139.70325,Wikidata: Q2090752,Tokyo,Japan,
Nunhead Cemetery,51.46423,-0.05304,Wikidata: Q1140594,London Borough of Southwark,United Kingdom,
Nuremberg Central Station,49.446388888,11.081944444,Wikidata: Q682583,Nuremberg,Germany,
Nymphenburg Palace,48.158056,11.503611,Wikidata: Q131631,Neuhausen-Nymphenburg,Germany,
Oak Hill Cemetery,38.91275,-77.055944444,Wikidata: Q2369971,"Washington, D.C.",United States,
Oak Ridge Cemetery,39.823611,-89.657778,Wikidata: Q696046,Springfield,United States,
Oak Square School,42.350083,-71.168722,Wikidata: Q7073727,Massachusetts,United States,
Oakdale Cemetery,34.243440343,-77.930796541,Wikidata: Q55627219,Wilmington,United States,
Oakland Cemetery,33.748722,-84.371333,Wikidata: Q2008469,Fulton County,United States,
Oakland Museum of California,37.798641,-122.263611,Wikidata: Q877714,Oakland,United States,
Oakridge Glen Oaks Cemetery,41.86277778,-87.89,Wikidata: Q3880359,Chicago,United States,
Obchodní dům Breda,49.9402,17.8989,Wikidata: Q12041874,Opava-Město,Czech Republic,
obdachlosen lager,51.555,-0.108333333,Wikidata: Q163995,,,
Ober Sankt Veiter Friedhof,48.177972222,16.261861111,Wikidata: Q1586044,Hietzing,Austria,
Óbuda Cemetery,47.5697,19.0225,Wikidata: Q1471595,Budapest District III,Hungary,
OCBC Centre,1.285,103.8491,Wikidata: Q2790093,Downtown Core,Singapore,
Ocean Heights,25.090914,55.149989,Wikidata: Q134124,Emirate of Dubai,United Arab Emirates,
Ochancourt Churchyard,50.103515,1.611292,Wikidata: Q3978596,Ochancourt,France,
Odd Fellows Mansion,55.6828,12.59,Wikidata: Q3432545,Copenhagen Municipality,Denmark,
Odomez cemetery,50.450722,3.527335,Wikidata: Q1901393,Odomez,France,
Oficina de Artes Manuel Cargaleiro,38.632508104,-9.105160727,Wikidata: Q111785254,"Seixal, Arrentela e Aldeia de Paio Pires",Portugal,
Ogden High School,41.213,-111.947,Wikidata: Q26867,Ogden,United States,
Ogunquit Playhouse,43.238889,-70.600556,Wikidata: Q7080288,Ogunquit,United States,
Ohel Leah Synagogue,22.281861111,114.148833333,Wikidata: Q583651,Central and Western District,China,
Ohlsdorf Cemetery,53.624722222,10.061666666,Wikidata: Q562211,Hamburg-Nord,Germany,
Oisemont Communal Cemetery,49.955936,1.768764,Wikidata: Q2243231,Oisemont,France,
Ōita Prefectural Art Museum,33.23947222,131.60138889,Wikidata: Q11432891,Oita,Japan,
Okanoyama Museum of Art Nishiwaki,35.002083,134.997917,Wikidata: Q11471937,Nishiwaki,Japan,
Økernhjemmet,59.93125889,10.80927,Wikidata: Q12011794,Oslo Municipality,Norway,
Oklahoma County Courthouse,35.468889,-97.520556,Wikidata: Q7082176,Oklahoma,United States,
Okopowa Street Jewish Cemetery,52.2475,20.974722222,Wikidata: Q1716786,Warsaw,Poland,
Olana State Historic Site,42.217778,-73.829444,Wikidata: Q2018138,Greenport,United States,
Old Administration Building,37.631525,-112.165101,Wikidata: Q7083362,Garfield County,United States,
Old Astoria City Hall,46.188361,-123.825361,Wikidata: Q4811100,Astoria,United States,
Old Baker County Courthouse,30.28,-82.122222,Wikidata: Q7083415,Florida,United States,
Old Cemetery,49.323,8.43027,Wikidata: Q22588,Speyer,Germany,
Old Chicago Main Post Office,41.8756,-87.6388,Wikidata: Q3881507,Illinois,United States,
Old City Hall,51.504722222,-0.078333333,Wikidata: Q1093950,London Borough of Southwark,United Kingdom,
Old Dallas Central Library,32.7806,-96.7942,Wikidata: Q7083825,Dallas Downtown Historic District,United States,
Old Dutch Church of Sleepy Hollow,41.090430555,-73.861902777,Wikidata: Q2896117,Mount Pleasant,United States,
"Old English Cemetery, Livorno",43.545871,10.31036,Wikidata: Q3618642,Livorno,Italy,
Old Faithful Inn,44.4597,-110.83144,Wikidata: Q3027805,Teton County,United States,
Old Faithful Lodge,44.45956,-110.82568,Wikidata: Q3351017,Teton County,United States,
Old General Cemetery Hengelo,52.269222222,6.789722222,Wikidata: Q2002729,Hengelo,Netherlands,
Old Jewish Cemetery,50.081707,14.450251,Wikidata: Q127697,Prague,Czech Republic,
"Old Jewish Cemetery, Prague",50.089722222,14.417222222,Wikidata: Q438026,Prague,Czech Republic,
"Old Jewish Cemetery, Sarajevo",43.8509,18.4074,Wikidata: Q1568852,Centar Municipality,Bosnia and Herzegovina,
Old Kennebunk High School,43.3853,-70.535,Wikidata: Q24040073,Kennebunk,United States,
Old Killingly High School,41.803611,-71.885556,Wikidata: Q7084327,Connecticut,United States,
Old Martin County Courthouse,27.19724,-80.25083,Wikidata: Q7084481,Stuart,United States,
Old Niendorf Cemetery,53.61611111,9.94972222,Wikidata: Q438118,Eimsbüttel,Germany,
Old Protestant Cemetery,22.19989722,113.54019722,Wikidata: Q3504601,Macau,China,
Old Royal Palace,37.97527778,23.73694444,Wikidata: Q7084890,Athens Municipality,Greece,
Old Scarborough High School,43.58861111,-70.34111111,Wikidata: Q24040146,Scarborough,United States,
Old Sloatsburg Cemetery,41.153611111,-74.195833333,Wikidata: Q1555415,Sloatsburg,United States,
Old Synagogue (Bonn),50.738318,7.1071008,Wikidata: Q21501286,Stadtbezirk Bonn,Germany,
Old Synagogue Dresden,51.0524,13.7468,Wikidata: Q325772,Dresden,Germany,
"Old Synagogue, Aachen",50.776666,6.092965,Wikidata: Q22694128,Aachen-Mitte,Germany,
"Old Town Hall, Munich",48.136803673,11.576995294,Wikidata: Q439458,Munich,Germany,
Old Trafford,53.463055555,-2.291388888,Wikidata: Q83457,,,
Olšany Cemetery,50.080555555,14.470555555,Wikidata: Q2661974,Prague 3,Czech Republic,
Olympiaschool (Amsterdam),52.343422,4.862239,Wikidata: Q17292199,Amsterdam,Netherlands,
Olympic Stadium in Amsterdam,52.343419,4.854192,Wikidata: Q503319,Amsterdam,Netherlands,
Olympic Theatre,45.549978,11.549227,Wikidata: Q902532,Vicenza,Italy,
Omar Makram mosque,30.043232,31.233927,Wikidata: Q25452804,Cairo,Egypt,
Omotesando Hills,35.66725,139.70874,Wikidata: Q1076070,Tokyo,Japan,
One Atlantic Center,33.7869,-84.3872,Wikidata: Q2023960,Atlanta,United States,
One Boston Place,42.3585,-71.0584,Wikidata: Q1636790,Massachusetts,United States,
One Charles Center,39.2908,-76.6156,Wikidata: Q7092521,Baltimore,United States,
One Detroit Center,42.33,-83.045,Wikidata: Q3124927,Detroit,United States,
One Madison,40.74064,-73.98807,Wikidata: Q7092848,New York,United States,
One Marina Boulevard,1.28226,103.852,Wikidata: Q7092886,Downtown Core,Singapore,
One New Change,51.5138,-0.0955,Wikidata: Q7093026,London,United Kingdom,
One North LaSalle,41.882319,-87.632247,Wikidata: Q2565075,Chicago,United States,
One Park Drive,51.50214,-0.00999,Wikidata: Q29378816,London Borough of Tower Hamlets,United Kingdom,
One Raffles Place,1.284258333,103.851063888,Wikidata: Q333305,Raffles Place,Singapore,
One Vanderbilt,40.753,-73.9785,Wikidata: Q18398409,Midtown Manhattan,United States,
One Woodward Avenue,42.328889,-83.045556,Wikidata: Q7093400,Michigan,United States,
One World Trade Center,40.713,-74.0135,Wikidata: Q11245,New York,United States,
One Worldwide Plaza,40.762222222,-73.986944444,Wikidata: Q1342690,New York,United States,
One57,40.7652,-73.9792,Wikidata: Q2023928,New York,United States,
ONIKURU,34.815583333,135.569333333,Wikidata: Q124710195,Osaka,Japan,
Onnaing Communal Cemetery,50.388921,3.609389,Wikidata: Q2031890,Onnaing,France,
Onomichi City Museum of Art,34.409917,133.1958,Wikidata: Q11465485,Onomichi,Japan,
ONYX theater,47.223888888,-1.629166666,Wikidata: Q16511540,Saint-Herblain,France,
Onze-Lieve-Vrouw van de Rozenkranskerk,51.179297222,4.390966666,Wikidata: Q108665551,Antwerp,Belgium,
Onze-Lieve-Vrouwekathedraal,51.220268,4.40025,Wikidata: Q5901,,,
Onze-Lieve-Vrouwkerk (Sint-Genesius-Rode),50.756347222,4.382083333,Wikidata: Q125657010,Sint-Genesius-Rode,Belgium,
Oost-Cappel Churchyard,50.924023,2.597913,Wikidata: Q2513181,Oost-Cappel,France,
Oosterbegraafplaats,52.15173,6.2312,Wikidata: Q4338047,Zutphen,Netherlands,
Oosterkerk,53.226539,6.572392,Wikidata: Q2720050,Groningen,Netherlands,
Opa-locka Bank,25.905833,-80.250278,Wikidata: Q7095500,Florida,United States,
Opa-locka station,25.9003,-80.2524,Wikidata: Q7095502,Opa-locka,United States,
Opéra Nouvel,45.767827777,4.836611111,Wikidata: Q9496,Lyon,France,
Opera Nova,53.1244,17.9975,Wikidata: Q11798512,Bydgoszcz,Poland,
Operations and Checkout Building,28.523889,-80.646111,Wikidata: Q7097807,Brevard County,United States,
Opus Hong Kong,22.2697,114.174,Wikidata: Q7099120,Hong Kong,China,
Oradour-sur-Glane cemetery,45.93180556,1.04027778,Wikidata: Q1092102,Oradour-sur-Glane,France,
Oratorio della Dottrina Cristiana,41.90261111,12.462,Wikidata: Q61659479,Rome,Italy,
Oregon State Forester's Office Building,44.931111,-123.006389,Wikidata: Q7101360,Salem,United States,
Oriental Pearl Tower,31.241669444,121.494716666,Wikidata: Q223207,,,
Orpheum Theatre,43.075,-89.388611,Wikidata: Q7103966,Madison,United States,
Ortaköy Mosque,41.047330729,29.026808738,Wikidata: Q176380,,,
Orthodox Cemetery in Warsaw,52.226739,20.934471,Wikidata: Q2448004,Warsaw,Poland,
Osaka Culturarium at Tempozan,34.6538,135.43,Wikidata: Q11249107,Kobe,Japan,
Osaka Prefectural Chikatsu Asuka Museum,34.50305556,135.64361111,Wikidata: Q4557237,Osaka,Japan,
Osamu Dazai Memorial Museum,40.902703,140.45549,Wikidata: Q1179272,Goshogawara,Japan,
Osborne House,50.75053,-1.27005,Wikidata: Q565155,East Cowes,United Kingdom,
Oscar Niemeyer International Cultural Centre,43.557443,-5.91771,Wikidata: Q971028,Avilés,Spain,
Oscar Niemeyer Museum,-25.409722,-49.267222,Wikidata: Q4991927,Curitiba,Brazil,
Oslo Opera House,59.906944444,10.753611111,Wikidata: Q43280,Oslo Municipality,Norway,
Ossuaire et croix de cimetière de Saint-Caradec-Trégomel,48.0372,-3.34806,Wikidata: Q3003653,Saint-Caradec-Trégomel,France,
Ostankino Technical Center,55.82305556,37.60638889,Wikidata: Q7219457,Moscow,Russia,
Ostankino Tower,55.819722222,37.611666666,Wikidata: Q181324,,,
Ostenfriedhof Dortmund,51.5098,7.49253,Wikidata: Q1255892,Dortmund,Germany,
Osterholzer Friedhof,53.0639,8.92111,Wikidata: Q1281961,Osterholz,Germany,
Østerport Station,55.692222,12.5875,Wikidata: Q635929,Copenhagen Municipality,Denmark,
Ostfilder cemetery,48.741111111,9.222222222,Wikidata: Q2035465,Stuttgart,Germany,
Ostfriedhof,50.9643,7.07733,Wikidata: Q387544,Dellbrück,Germany,
Ostfriedhof,48.119644958,11.590886403,Wikidata: Q2035479,Munich,Germany,
Östra kyrkogården,57.715277777,12.013888888,Wikidata: Q4354314,Gothenburg Municipality,Sweden,
Ostraya mogila,48.51580811,39.37070847,Wikidata: Q3531177,Luhansk Oblast,Ukraine,
Østre Porsgrunn Church,59.136278,9.647917,Wikidata: Q3701870,Porsgrunn,Norway,
Othée Tumulus,50.72329,5.45953,Wikidata: Q1913292,Awans,Belgium,
Ottakringer Friedhof,48.213361111,16.296416666,Wikidata: Q2037309,Ottakring,Austria,
Ottarshögen,60.141543,17.575494,Wikidata: Q1536026,Tierp Municipality,Sweden,
Ottawa station,45.4164,-75.6517,Wikidata: Q3095844,Ottawa,Canada,
Oud Eik en Duinen,52.066944,4.264444,Wikidata: Q2697186,The Hague,Netherlands,
Oudezeele churchyard,50.838685,2.510274,Wikidata: Q2583728,Oudezeele,France,
Oughter Ard,53.27465,-6.564379,Wikidata: Q1921015,County Kildare,Ireland,
Oulu Cathedral,65.01465109,25.47577012,Wikidata: Q201935,Oulu,Finland,
Our Lady of Mercy Church,-34.605388,-58.37206,Wikidata: Q5722074,Buenos Aires,Argentina,
Our Lady of Meritxell,42.554811,1.590862,Wikidata: Q1024946,Canillo,Andorra,
Our Lady of the Rosary church,46.004472222,11.242277777,Wikidata: Q68097399,Calceranica al Lago,Italy,
Ōura Church,32.734166666,129.870277777,Wikidata: Q430626,Nagasaki,Japan,
Övedskloster Castle,55.686388888,13.635833333,Wikidata: Q1418074,Sjöbo Municipality,Sweden,
Overtoom 39,52.36307,4.87715,Wikidata: Q17301245,Amsterdam,Netherlands,
Ovillers New Communal Cemetery,50.164599,3.555522,Wikidata: Q2286174,Solesmes,France,
Oxon Hill Manor,38.7964,-77.0053,Wikidata: Q14692337,Maryland,United States,
Paard van Troje,52.074722,4.3075,Wikidata: Q1704368,The Hague,Netherlands,
Pacific Tower,47.5928,-122.316,Wikidata: Q7122556,Seattle,United States,
Paderborn Cathedral,51.718889,8.755278,Wikidata: Q383958,Paderborn,Germany,
Padre Pio Pilgrimage Church,41.707122222,15.703025,Wikidata: Q842004,San Giovanni Rotondo,Italy,
Pagoda Forest at Shaolin Temple,34.505277777,112.938611111,Wikidata: Q1081096,Dengfeng,China,
Palác Adria,50.7669,15.0594,Wikidata: Q12043571,Kristiánov,Czech Republic,
Palace in Osiek,49.9492,19.2658,Wikidata: Q11815008,Osiek,Poland,
Palace of Assembly,30.761111111,76.803055555,Wikidata: Q7126217,Chandigarh,India,
Palace of Capodimonte,40.86700556,14.25053333,Wikidata: Q4115652,Naples,Italy,
Palace of Caserta,41.07,14.325833333,Wikidata: Q327983,Caserta,Italy,
Palace of Charles V,37.176944,-3.589444,Wikidata: Q2046808,Granada,Spain,
Palace of Culture and Science,52.231666666,21.006388888,Wikidata: Q167566,,,
Palace of Culture of Uralmash plant,56.891661,60.576404,Wikidata: Q108783249,Ordzonikidsevski district,Russia,
Palace of Fine arts,19.435277777,-99.141388888,Wikidata: Q1139081,Cuauhtémoc,Mexico,
Palace of Justice,50.836667,4.351667,Wikidata: Q850537,City of Brussels,Belgium,
Palace of Justice,-15.79722222,-47.86583333,Wikidata: Q6958575,Brasília,Brazil,
Palace of Laredo,40.487836,-3.363925,Wikidata: Q3462700,Alcalá de Henares,Spain,
Palace of Mafra,38.936922,-9.326395,Wikidata: Q599223,Mafra,Portugal,
Palace of Nations,46.226563888,6.140477777,Wikidata: Q594846,Geneva,Switzerland,
Palace of Queluz,38.750446,-9.258224,Wikidata: Q1073173,Queluz e Belas,Portugal,
Palace of Westminster,51.499444444,-0.124166666,Wikidata: Q62408,City of Westminster,United Kingdom,
Palace of Whitehall,51.504444444,-0.125555555,Wikidata: Q391620,City of Westminster,United Kingdom,
Palacete de Osma,40.433205,-3.690221,Wikidata: Q52246214,Madrid,Spain,
Palácio da Alvorada,-15.79277222,-47.822175,Wikidata: Q2330391,Brasília,Brazil,
Palácio das Mangabeiras (corrigir foto),-19.954722222,-43.91275,Wikidata: Q16888454,Belo Horizonte,Brazil,
Palacio de Cibeles,40.418611,-3.691667,Wikidata: Q1849031,Madrid,Spain,
Palacio de Correos de Mexico,19.43568611,-99.1404,Wikidata: Q978161,Mexico City,Mexico,
Palacio de Exposiciones y Congresos,36.63220962,-4.505204768,Wikidata: Q6057934,Torremolinos,Spain,
Palacio de la Magdalena,43.46916667,-3.76611111,Wikidata: Q2625319,Santander,Spain,
Palacio de La Moneda,-33.443018,-70.65387,Wikidata: Q1146881,Santiago commune,Chile,
Palacio de las Cortes,40.4164,-3.696542,Wikidata: Q9054619,Cortes,Spain,
Palacio de Xifré,40.413363888,-3.694197222,Wikidata: Q16615259,Cortes,Spain,
Palacio Díaz-Gana,-33.445725,-70.666006,Wikidata: Q6057632,Santiago Metropolitan Region,Chile,
Palácio do Jaburu,-15.796174,-47.832932,Wikidata: Q3917430,Plano Piloto,Brazil,
Palacio Episcopal de Astorga,42.4578,-6.056,Wikidata: Q507390,Astorga,Spain,
Palácio Monroe,-22.91245,-43.17545,Wikidata: Q3890513,Rio de Janeiro,Brazil,
Palacio Pascual de Riquelme,37.598872,-0.985363,Wikidata: Q93418835,Cartagena,Spain,
Palais Bourbon,48.862072,2.318681,Wikidata: Q936633,Paris,France,
Palais Brongniart,48.869169444,2.340827777,Wikidata: Q1854102,Paris,France,
Palais de Chaillot,48.86234,2.28807,Wikidata: Q13360213,Paris,France,
Palais de la Folle Chanson,50.817025,4.377658333,Wikidata: Q41687911,Ixelles,Belgium,
Palais des congrès de Paris,48.879162,2.283469,Wikidata: Q1781591,Paris,France,
Palais Gise,48.141187648,11.57252679,Wikidata: Q2046984,Munich,Germany,
Palais Lerchenfeld,48.13692157,11.568445592,Wikidata: Q2047072,Munich,Germany,
Palais Montcalm,46.812105,-71.213371,Wikidata: Q3360900,La Cité-Limoilou,Canada,
Palais Preysing,48.141481067,11.577228222,Wikidata: Q872048,Munich,Germany,
Palais-Royal,48.863333333,2.336944444,Wikidata: Q329948,Quartier du Palais-Royal,France,
Palau de la Generalitat,41.38277778,2.17666667,Wikidata: Q599118,Gothic Quarter,Spain,
Palau del Marqués de Dos Aigües,39.472638888,-0.374722222,Wikidata: Q1993940,La Xerea,Spain,
Palazzina Cinese,38.166552,13.330373,Wikidata: Q2047508,Palermo,Italy,
Palazzo Aldrovandi,44.497587,11.341793,Wikidata: Q7126975,Bologna,Italy,
Palazzo Barbaran da Porto,45.54861111,11.54555556,Wikidata: Q925271,Vicenza,Italy,
Palazzo Barolo,45.074833333,7.678555555,Wikidata: Q3889607,Turin,Italy,
Palazzo Bocconi,45.45075,9.187888888,Wikidata: Q99436819,Milan,Italy,
Palazzo Braschi,41.896921,12.472829,Wikidata: Q1090910,Rome,Italy,
Palazzo Brera,45.463577,9.182081,Wikidata: Q21748501,Milan,Italy,
Palazzo Chiericati,45.549167,11.549167,Wikidata: Q729773,Vicenza,Italy,
Palazzo Corner,45.43166667,12.33166667,Wikidata: Q2932205,Venice,Italy,
Palazzo dei Conservatori,41.89299722,12.48281111,Wikidata: Q64103,Rome,Italy,
Palazzo dei Diamanti,44.84162,11.621059,Wikidata: Q2047639,Ferrara,Italy,
Palazzo del Monte dei Paschi di Siena,43.4234,11.127,Wikidata: Q3633763,Colle di Val d'Elsa,Italy,
Palazzo del Nuoto,45.039641112,7.650266495,Wikidata: Q3891379,Turin,Italy,
palazzo del Podestà,44.494116,11.342971,Wikidata: Q2006730,Bologna,Italy,
Palazzo del Te,45.14805556,10.78636111,Wikidata: Q1261544,Mantua,Italy,
Palazzo della Cancelleria,41.896687,12.471521,Wikidata: Q2031943,Rome,Italy,
Palazzo delle Poste,46.066947,11.123736,Wikidata: Q3891537,Trento,Italy,
Palazzo delle Poste,37.31143,13.58603,Wikidata: Q25295797,Agrigento,Italy,
Palazzo Ducale,43.724235,12.635989,Wikidata: Q1267721,Urbino,Italy,
Palazzo Grassi,45.4337974,12.3279355,Wikidata: Q907964,Venice,Italy,
Palazzo Grimani di San Luca,45.43595833,12.33280556,Wikidata: Q922371,Venice,Italy,
Palazzo Lechi,45.443086,10.228127,Wikidata: Q3890329,Montirone,Italy,
Palazzo Mazzone,37.511472222,15.088194444,Wikidata: Q17427183,Catania,Italy,
Palazzo Medici Riccardi,43.775288,11.255986,Wikidata: Q911047,Florence,Italy,
Palazzo Mezzabarba,45.18482,9.15965,Wikidata: Q27989402,Pavia,Italy,
Palazzo Pianetti,43.521463,13.242626,Wikidata: Q3890649,Jesi,Italy,
Palazzo Rucellai,43.77127778,11.24959722,Wikidata: Q923702,Florence,Italy,
Palazzo Senatorio,41.89300278,12.48355,Wikidata: Q927092,Municipio I,Italy,
Palazzo Solaro del Borgo,45.0675006,7.6833111,Wikidata: Q16586337,Turin,Italy,
Palazzo Strozzi,43.771304,11.252393,Wikidata: Q521619,Florence,Italy,
Palazzo Vecchio,43.769444444,11.256111111,Wikidata: Q271928,Florence,Italy,
Paleis of Justice in Antwerp,51.20389,4.3875,Wikidata: Q1842648,Antwerp,Belgium,
Paleis op de Meir,51.21778,4.40861,Wikidata: Q775797,Antwerp,Belgium,
Palladium,40.7333,-73.9882,Wikidata: Q7127710,New York,United States,
Palmetto State Park Refectory,29.589608,-97.583872,Wikidata: Q98094493,Gonzales County,United States,
Palmiry Cemetery,52.333883,20.744712,Wikidata: Q559257,Palmiry,Poland,
Palmolive Building,41.899831,-87.623428,Wikidata: Q3387206,Chicago,United States,
Pampulha art museum,-19.851833333,-43.973722222,Wikidata: Q3890034,Belo Horizonte,Brazil,
Pankow III cemetery,52.571388888,13.387222222,Wikidata: Q1457388,Pankow,Germany,
Panmure Testimonial,56.529,-2.78947,Wikidata: Q7131352,Angus,United Kingdom,
Panteón de Belén,20.6878,-103.34535,Wikidata: Q3936203,Guadalajara,Mexico,
Panthéon,48.846198,2.3461054,Wikidata: Q188856,Paris,France,
Pantheon of Great Polish People,52.1586,21.0711,Wikidata: Q975202,Warsaw,Poland,
Paper Dome,23.9414,120.9271,Wikidata: Q7132618,Puli Township,Japan,
Paradise Inn,46.786844,-121.733908,Wikidata: Q3363274,Pierce County,United States,
Paradox Vancouver,49.28633333,-123.12326389,Wikidata: Q2155353,Vancouver,Canada,
Paramount Theatre,37.81,-122.268,Wikidata: Q14683611,Oakland,United States,
Parc Olympique Lyonnais,45.765224,4.982131,Wikidata: Q8507,,,
Parc1,37.526621,126.928003,Wikidata: Q1774820,Yeongdeungpo District,South Korea,
Parco della Musica,41.92916667,12.47472222,Wikidata: Q570949,Rome,Italy,
Paris La Défense Arena,48.89565,2.229554,Wikidata: Q2860806,Nanterre,France,
Paris Tribunal,48.89465,2.31066,Wikidata: Q2974817,Paris,France,
Paris-Gare-de-Lyon,48.844722222,2.373611111,Wikidata: Q747541,,,
Parish Cemetery,53.66863,23.84383,Wikidata: Q3917495,Hrodna,Belarus,
Parish church in Rechberg,48.321430555,14.710980555,Wikidata: Q1533619,Rechberg,Austria,
Parish church Kitzeck im Sausal,46.780755,15.453795,Wikidata: Q1293037,Kitzeck im Sausal,Austria,
Parish Church Oberdrauberg,46.7495,12.9693,Wikidata: Q1514804,Oberdrauburg,Austria,
Parish church of Launsdorf,46.7682,14.4522,Wikidata: Q1669252,St. Georgen am Längsee,Austria,
Parish Church of Our Lady of Pilar and Saint Lucy,-12.966011,-38.506717,Wikidata: Q55454982,Salvador,Brazil,
Parish Church of Sipbachzell,48.0975,14.1092,Wikidata: Q2082972,Sipbachzell,Austria,
Parish Church of St. Veit,47.1159,15.4114,Wikidata: Q2083202,Graz,Austria,
parish church Vösendorf,48.1222,16.3384,Wikidata: Q2083278,Vösendorf,Austria,
Park East Synagogue,40.766961,-73.963333,Wikidata: Q3916647,New York,United States,
Park Inn Pulkovskaya,59.842744,30.318656,Wikidata: Q4383599,Saint Petersburg,Russia,
Park Row Building,40.71117,-74.00777,Wikidata: Q1066662,New York,United States,
Parkfriedhof Lichterfelde,52.421388888,13.290833333,Wikidata: Q1486230,Berlin,Germany,
Parkfriedhof Marzahn,52.5485,13.5415,Wikidata: Q1607249,Marzahn-Hellersdorf,Germany,
Parkfriedhof Meiningen,50.5675,10.421666666,Wikidata: Q2052704,Meiningen,Germany,
Parkview,50.0496931,14.4351656,Wikidata: Q62616170,Nusle,Czech Republic,
Parkway Plaza Supermarket,43.756779,-79.313543,Wikidata: Q131370810,Toronto,Canada,
Parliament House,35.896111111,14.509722222,Wikidata: Q19882533,Valletta,Malta,
Parliament House of Sweden (Riksdagshuset),59.3275,18.0675,Wikidata: Q1101073,Stockholm,Sweden,
Parma Cathedral,44.80334,10.33092,Wikidata: Q1287889,Parma,Italy,
Parque de Bombas,18.013611,-66.614167,Wikidata: Q3366011,Ponce,United States,
Parroquia San Francisco de Asís,-34.906408,-56.209094,Wikidata: Q1285687,Montevideo,Uruguay,
Parthenon,37.971527,23.726601,Wikidata: Q10288,,,
Parthenon,36.1496,-86.8135,Wikidata: Q1467467,Nashville,United States,
Partisan cemetery in Mostar,43.341254,17.79636,Wikidata: Q85181,City of Mostar,Bosnia and Herzegovina,
Paterskerkhof,50.913911,5.830264,Wikidata: Q2098544,Beekdaelen,Netherlands,
Patrick Henry Hotel,37.2686,-79.9409,Wikidata: Q7146706,Virginia,United States,
Paul Mellon Arts Center,41.4574,-72.8097,Wikidata: Q7152453,Wallingford,United States,
Paula Modersohn-Becker Museum,53.0751,8.80596,Wikidata: Q318983,Mitte,Germany,
Paustian House,55.71277778,12.59138889,Wikidata: Q3603766,Copenhagen Municipality,Denmark,
Pavia Cathedral,45.18458333,9.15361111,Wikidata: Q602102,Pavia,Italy,
Pavilhão da Bienal,-23.588416666,-46.654555555,Wikidata: Q50823385,São Paulo,Brazil,
Pavilhão de Portugal,38.766559,-9.095099,Wikidata: Q1892495,Parque das Nações,Portugal,
Pavilion No. 20 Chemical Industry at the VDNKh,55.833055555,37.621944444,Wikidata: Q48948840,Ostankinsky District,Russia,
Pavilion No. 36 Produce Processing at the VDNKh,55.839444444,37.616388888,Wikidata: Q55658775,Ostankinsky District,Russia,
Pavillon im Westfalenpark,51.4953,7.4748,Wikidata: Q118424126,Dortmund Innenstadt-Ost,Germany,
Pawtucket City Hall,41.879167,-71.3825,Wikidata: Q7156341,Rhode Island,United States,
Pawtucket West High School,41.8653,-71.3886,Wikidata: Q7156358,Pawtucket,United States,
Pazzi Chapel,43.76737527,11.26281958,Wikidata: Q600355,Florence,Italy,
Peabody School,32.1908,-83.18,Wikidata: Q14686788,Eastman,United States,
Peace Palace,52.0866,4.2955,Wikidata: Q834448,,,
Peake Wood Cemetery,50.017879,2.722806,Wikidata: Q1965799,Fricourt,France,
Pear Lake Ski Hut,36.608174,-118.67101,Wikidata: Q7157965,Tulare County,United States,
Pearce–McAllister Cottage,39.746111,-104.960278,Wikidata: Q7157974,Denver County,United States,
Pearl River Tower,23.12666667,113.3175,Wikidata: Q249319,Guangzhou,China,
Pecquencourt Communal Cemetery,50.378422,3.210746,Wikidata: Q1923437,Pecquencourt,France,
Pedrocchi Café,45.40777778,11.87722222,Wikidata: Q2739545,Padua,Italy,
Peitav Synagogue,56.945833333,24.110555555,Wikidata: Q1846214,Riga,Latvia,
Pena Palace,38.787777777,-9.390555555,Wikidata: Q69513,"Sintra (Santa Maria e São Miguel, São Martinho e São Pedro de Penaferrim)",Portugal,
Pendé churchyard,50.157515,1.584454,Wikidata: Q4039877,Pendé,France,
Pennzoil Place,29.7603,-95.3657,Wikidata: Q3512622,Houston,United States,
Penobscot Building,42.3304,-83.0475,Wikidata: Q3355290,Detroit,United States,
People's National Bank Building,32.350972,-95.301889,Wikidata: Q60751591,Tyler,United States,
Percy-en-Auge Churchyard,49.0566,-0.0628,Wikidata: Q2190226,Mézidon Vallée d'Auge,France,
Père Lachaise Cemetery,48.861111111,2.394166666,Wikidata: Q311,Paris,France,
Perepechino Cemetery,56.008333333,37.386111111,Wikidata: Q4350727,Solnechnogorsky District,Russia,
Pergamon Museum,52.521,13.396,Wikidata: Q157298,Bezirk Mitte,Germany,
Perlovskoe cemetery,55.892611111,37.696313888,Wikidata: Q4351451,Moscow,Russia,
Perry Carnegie Library Building,41.838333,-94.105,Wikidata: Q7169732,Iowa,United States,
Pestana Casino Park,32.64387778,-16.91731667,Wikidata: Q10348902,Sé,Portugal,
Petäjävesi Old Church,62.2501367,25.1839449,Wikidata: Q435829,,,
Peter and Paul Cathedral,59.950277777,30.316666666,Wikidata: Q736587,Petrogradsky District,Russia,
Peter and Paul Church,52.4011,13.0597,Wikidata: Q1475597,Potsdam,Germany,
Peter B. Lewis Building,41.51,-81.608,Wikidata: Q118383040,Cleveland,United States,
Petersdorff Department Store,51.10849,17.03422,Wikidata: Q1737015,Wrocław,Poland,
Petersfriedhof,47.796666666,13.045555555,Wikidata: Q873904,Salzburg,Austria,
Peterskirche (Rankweil),47.2694,9.64225,Wikidata: Q1557918,Rankweil,Austria,
Petit Palais,48.866027777,2.314555555,Wikidata: Q820892,,,
Petit Trianon,48.81569,2.10972,Wikidata: Q8044,Versailles,France,
Petrašiūnai Cemetery,54.887777777,24.008611111,Wikidata: Q1457408,Kaunas,Lithuania,
Petronas Towers,3.157777777,101.711666666,Wikidata: Q83063,Kuala Lumpur,Malaysia,
Pewee Valley Confederate Cemetery,38.3034,-85.4762,Wikidata: Q1534200,Pewee Valley,United States,
Pfarrheim,49.24799,6.99239,Wikidata: Q104190885,Saarbrücken,Germany,
Pfarrkirche Aggsbach Markt,48.2945,15.4014,Wikidata: Q2777085,Aggsbach,Austria,
Pfarrkirche Blons,47.222923,9.833294,Wikidata: Q1649397,Blons,Austria,
Pfarrkirche Dobl,46.9476,15.3781,Wikidata: Q1896460,Dobl-Zwaring,Austria,
Pfarrkirche Globasnitz,46.5574,14.7019,Wikidata: Q1631367,Globasnitz,Austria,
Pfarrkirche Grafendorf bei Friesach,46.9419,14.4279,Wikidata: Q2082653,Friesach,Austria,
Pfarrkirche Großstübing,47.1924,15.2354,Wikidata: Q2083323,Deutschfeistritz,Austria,
Pfarrkirche Guntramsdorf,48.0473,16.3134,Wikidata: Q1679585,Guntramsdorf,Austria,
Pfarrkirche Hl. Drei Könige,47.4575,9.9595,Wikidata: Q1230921,Hittisau,Austria,
"Pfarrkirche hl. Florian, Gunzenberg",46.8769,14.3713,Wikidata: Q1657861,Mölbling,Austria,
"Pfarrkirche hl. Georg, Lamm",46.7642,14.7722,Wikidata: Q1509540,Sankt Andrä,Austria,
"Pfarrkirche hl. Jakobus d. Ä., Gallizien",46.5603,14.50622,Wikidata: Q1645331,Gallizien,Austria,
"Pfarrkirche hl. Jakobus der Ältere, Böheimkirchen",48.1975,15.7626,Wikidata: Q1679532,Böheimkirchen,Austria,
"Pfarrkirche hl. Leonhard, Zwickenberg, Oberdrauburg",46.7638,12.9806,Wikidata: Q2083318,Oberdrauburg,Austria,
"Pfarrkirche hl. Nikolaus, Sirnitz",46.8237,14.0578,Wikidata: Q2082974,Albeck,Austria,
"Pfarrkirche hl. Stefan, Friesach",46.9768,14.3779,Wikidata: Q2083171,Friesach,Austria,
"Pfarrkirche Hll. Petrus und Paulus, Steuerberg",46.7873,14.1149,Wikidata: Q2083241,Steuerberg,Austria,
Pfarrkirche in Pustritz,46.7466,14.7453,Wikidata: Q1634882,Griffen,Austria,
Pfarrkirche Kleinhain,48.2585,15.6482,Wikidata: Q1512211,Obritzberg-Rust,Austria,
Pfarrkirche Lölling,46.9208,14.5932,Wikidata: Q1261896,Hüttenberg,Austria,
Pfarrkirche Mariä Himmelfahrt (Ebbs),47.6301,12.2148,Wikidata: Q1899652,Ebbs,Austria,
Pfarrkirche Mariae Himmelfahrt,46.832454,13.493466,Wikidata: Q1448331,Seeboden am Millstätter See,Austria,
Pfarrkirche Neukirchen am Ostrong,48.2883,15.1623,Wikidata: Q1583827,Pöggstall,Austria,
Pfarrkirche Ötting,46.74384722,12.95683056,Wikidata: Q2083354,Oberdrauburg,Austria,
Pfarrkirche Rinkenberg,46.6238,14.7642,Wikidata: Q2082925,Bleiburg,Austria,
Pfarrkirche Sachsenburg,46.8282,13.3524,Wikidata: Q2082937,Sachsenburg,Austria,
Pfarrkirche Sankt Anton im Montafon,47.1149,9.8635,Wikidata: Q2082948,Sankt Anton im Montafon,Austria,
"Pfarrkirche Sankt Gandolf, Glanegg",46.7088,14.2014,Wikidata: Q1667934,Glanegg,Austria,
Pfarrkirche Sankt Jakob in Thal,47.0762,15.3619,Wikidata: Q1509705,Thal,Austria,
Pfarrkirche Sankt Peter bei Taggenbrunn,46.7756,14.4099,Wikidata: Q2083148,St. Georgen am Längsee,Austria,
Pfarrkirche Sankt Stefan,46.5694,13.8697,Wikidata: Q2083168,Finkenstein am Faaker See,Austria,
Pfarrkirche Sankt Stefan am Krappfeld,46.8674,14.446,Wikidata: Q2083170,Mölbling,Austria,
"Pfarrkirche Sankt Ulrich, Feldkirchen",46.7518,14.1102,Wikidata: Q2083198,Feldkirchen in Kärnten,Austria,
Pfarrkirche Seewalchen am Attersee,47.9534,13.5856,Wikidata: Q1494571,Seewalchen am Attersee,Austria,
Pfarrkirche Silbertal,47.0946,9.97686,Wikidata: Q2082970,Silbertal,Austria,
Pfarrkirche St Martin am Krappfeld,46.8124,14.4891,Wikidata: Q1602324,Kappel am Krappfeld,Austria,
Pfarrkirche St Martin in Klagenfurt,46.6242,14.2797,Wikidata: Q2083111,Klagenfurt am Wörthersee,Austria,
Pfarrkirche St Stefan im Lavanttal,46.8052,14.8487,Wikidata: Q2083174,Wolfsberg,Austria,
Pfarrkirche St. Bartholomäus,47.0919,9.90778,Wikidata: Q2082997,Bartholomäberg,Austria,
Pfarrkirche St. Corneli,47.2437,9.57385,Wikidata: Q436076,Feldkirch,Austria,
Pfarrkirche St. Gallus,47.0204,9.97403,Wikidata: Q2083019,Sankt Gallenkirch,Austria,
Pfarrkirche St. Georgen unter Straßburg,46.9024,14.378,Wikidata: Q2083036,Strassburg,Austria,
Pfarrkirche St. Leonhard im Lavanttal,46.962,14.8004,Wikidata: Q1492377,Bad St. Leonhard im Lavanttal,Austria,
Pfarrkirche St. Leonhard in Weißenstein,46.6844,13.7217,Wikidata: Q2755923,Weißenstein,Austria,
Pfarrkirche St. Oswald bei Plankenwarth,47.0867,15.2805,Wikidata: Q2083333,Sankt Oswald bei Plankenwarth,Austria,
"Pfarrkirche St. Radegundis, St. Radegund bei Graz",47.18,15.49,Wikidata: Q2083343,Sankt Radegund bei Graz,Austria,
Pfarrkirche Statzendorf,48.306,15.642,Wikidata: Q2083233,Statzendorf,Austria,
Pfarrkirche Teuchl,46.871222,13.22966,Wikidata: Q2083253,Reißeck,Austria,
Pfarrkirche Walterskirchen,48.652161111,16.670769444,Wikidata: Q1606466,Poysdorf,Austria,
Pfarrkirche Winklern,46.8701,12.8748,Wikidata: Q1644779,Winklern,Austria,
Pfarrkirche Zeltschach,46.9708,14.4428,Wikidata: Q1490558,Friesach,Austria,
Pfarrkirche Zienitzen,46.9674,14.3345,Wikidata: Q1646447,Friesach,Austria,
Pfingstberg,51.80579,11.78842,Wikidata: Q16320622,Nienburg,Germany,
Phantom Ranch,36.105,-112.095,Wikidata: Q7180583,Coconino County,United States,
Philharmonie Luxembourg,49.61849444,6.14208889,Wikidata: Q976457,Luxembourg,Luxembourg,
Philip Buehner House,45.512222,-122.605,Wikidata: Q7183290,Oregon,United States,
Philip Johnson House,52.5091,13.3893,Wikidata: Q2086010,Bezirk Mitte,Germany,
Phourni,35.24611111,25.15861111,Wikidata: Q1440052,Archanes-Asterousia Municipality,Greece,
Pierre Boulez Saal,52.515427,13.396511,Wikidata: Q28870831,Berlin,Germany,
pierresvives,43.624155555,3.823069444,Wikidata: Q24150797,Montpellier,France,
Pilgramgasse,48.1926,16.3545,Wikidata: Q873079,Margareten,Austria,
Pilgrimage Church of Saint John of Nepomuk,49.58,15.94194,Wikidata: Q752318,,,
Pillar of Eliseg,52.99213,-3.18923,Wikidata: Q3090852,Llantysilio,United Kingdom,
Piłsudski's Mound,50.06006,19.84724,Wikidata: Q1985405,Kraków,Poland,
Pinacoteca Giovanni e Marella Agnelli,45.03243,7.665732,Wikidata: Q975240,Turin,Italy,
Pine Street School,42.7089,-72.4472,Wikidata: Q16898408,Northfield,United States,
Ping An Finance Centre,22.536666666,114.050277777,Wikidata: Q1077308,Futian Subdistrict,China,
Piraeus Tower,37.944722222,23.643888888,Wikidata: Q62030232,Piraeus Municipality,Greece,
Piratini palace,-30.03376389,-51.23072778,Wikidata: Q732922,Porto Alegre,Brazil,
Piskaryovskoye Memorial Cemetery,59.996486,30.42213,Wikidata: Q2097034,Kalininsky District,Russia,
Plaça de les Oliveres,41.68515,2.28713,Wikidata: Q20679358,La Garriga,Spain,
Place Ville Marie,45.5015,-73.5684,Wikidata: Q1344856,Ville-Marie,Canada,
Planetarium in Minsk,53.904305,27.573529,Wikidata: Q4295229,Minsk,Belarus,
Plaza de toros de Granada,37.189072389,-3.607667835,Wikidata: Q6080315,Granada,Spain,
Plaza de toros de la Malagueta,36.72038466,-4.410797214,Wikidata: Q523311,Málaga,Spain,
Plaza de toros de las Arenas,41.376288,2.149284,Wikidata: Q548566,La Nova Esquerra de l'Eixample,Spain,
Plaza de Toros de Pamplona,42.815866,-1.639548,Wikidata: Q2033759,Pamplona,Spain,
Plaza de toros de Santander,43.45702222,-3.82609722,Wikidata: Q6080355,Santander,Spain,
Plaza de toros Real de San Carlos,-34.436527,-57.865189,Wikidata: Q7811209,Colonia Department,Uruguay,
Plaza Hotel,31.758611,-106.488333,Wikidata: Q7203610,El Paso County,United States,
Plein 26,52.080397222,4.314861111,Wikidata: Q47501410,The Hague,Netherlands,
Plentzia,43.401729,-2.946393,Wikidata: Q3034981,Plentzia,Spain,
Płock Cathedral,52.5410813,19.6898128,Wikidata: Q1434756,Płock,Poland,
Ploskovice Castle,50.559722,14.200833,Wikidata: Q1752882,Q56413344,Czech Republic,
Plummer-Motz School,43.72388889,-70.245,Wikidata: Q23035423,Falmouth,United States,
Poblenou Cemetery,41.395,2.20111111,Wikidata: Q5668717,Barcelona,Spain,
Poblet Monastery,41.380833333,1.0825,Wikidata: Q645157,,,
Poelzig House,51.35607,6.56353,Wikidata: Q15840687,Krefeld,Germany,
Poets' Corner,51.499166666,-0.127361111,Wikidata: Q1275898,London,United Kingdom,
Point 110 New Military Cemetery,49.984283,2.71933,Wikidata: Q2151194,Fricourt,France,
Point 110 Old Military Cemetery,49.986279,2.719215,Wikidata: Q2919823,Fricourt,France,
Pokrov Cemetery,56.968055555,24.14,Wikidata: Q2077659,Riga,Latvia,
Pokrovskoye cemetery,55.596432,37.635359,Wikidata: Q4369439,Moscow,Russia,
Pokrovskoye Cemetery,57.6,48.933333333,Wikidata: Q4369440,Sovetsk,Russia,
Polcevera Viaduct,44.425833333,8.888888888,Wikidata: Q3907993,,,
Polish Cemetery at Casamassima,40.98553611,16.91609167,Wikidata: Q3676882,Casamassima,Italy,
Polish Cemetery at Loreto,43.4428,13.6136,Wikidata: Q3676883,Loreto,Italy,
Polish Cemetery at Monte Cassino,41.493841666,13.805866666,Wikidata: Q764169,Cassino,Italy,
Polish Cemetery in Grainville-Langannerie,49.023055,-0.270741,Wikidata: Q4291154,Grainville-Langannerie,France,
Polish National Home,41.75916667,-72.67166667,Wikidata: Q48839263,Hartford,United States,
Polish National Home,42.144722,-72.609722,Wikidata: Q7209953,Hampden County,United States,
Polish War Cemetery in Mednoye,56.935833333,35.437222222,Wikidata: Q1497546,Mednoye,Russia,
Pommereuil Communal Cemetery,50.10568,3.598208,Wikidata: Q2668882,Pommereuil,France,
Ponce de León Hotel,29.892222,-81.315,Wikidata: Q290254,St. Augustine,United States,
Pont Neuf,48.8575,2.341666666,Wikidata: Q335277,,,
pont Saint-Bénézet,43.953888888,4.805,Wikidata: Q284444,,,
Pont-Noyelle Communal Cemetery,49.942364,2.443587,Wikidata: Q2522470,Pont-Noyelles,France,
Ponte Sant'Angelo,41.901803,12.46645,Wikidata: Q870476,,,
Pontifical basilica of the Holy House of Loreto,43.44093,13.61092,Wikidata: Q654996,Loreto,Italy,
Porokhovskoye Cemetery,59.9725,30.501111111,Wikidata: Q4373141,Saint Petersburg,Russia,
Portcullis House,51.501294444,-0.124908333,Wikidata: Q1757027,City of Westminster,United Kingdom,
Porter House,43.034586,-76.129806,Wikidata: Q7231627,New York,United States,
"Portuguese-Israelic graveyard, The Hague",52.08917,4.29583,Wikidata: Q2579155,The Hague,Netherlands,
Post Tower,50.715512,7.130037,Wikidata: Q167195,Stadtbezirk Bonn,Germany,
Postamt von Columbus,39.203,-85.923,Wikidata: Q124149594,Columbus,United States,
Postgebäude Residenzstraße 24,52.569558,13.360921,Wikidata: Q106676773,Berlin,Germany,
Potsdamer Platz-Bürogebäude,52.5076,13.3749,Wikidata: Q119719767,Bezirk Mitte,Germany,
Pötzleinsdorfer Friedhof,48.244055555,16.308888888,Wikidata: Q1454253,Vienna,Austria,
Powązki Cemetery,52.251944444,20.972777777,Wikidata: Q168886,Warsaw,Poland,
Powązki Military Cemetery,52.258333333,20.953055555,Wikidata: Q2790054,Warsaw,Poland,
Power Center for the Performing Arts,42.281078,-83.736018,Wikidata: Q66770162,Ann Arbor,United States,
Prada Aoyama,35.695599,139.8255742,Wikidata: Q56322351,Tokyo,Japan,
Pragfriedhof Stuttgart,48.795555555,9.185555555,Wikidata: Q2107507,Stuttgart,Germany,
Praha hlavní nádraží,50.083055555,14.435833333,Wikidata: Q751174,Q107739426,Czech Republic,
Prazeres Cemetery,38.714016,-9.169985,Wikidata: Q976850,Estrela,Portugal,
"Prédio na Avenida António Augusto de Aguiar, 100",38.73209,-9.15174,Wikidata: Q98962548,Avenidas Novas,Portugal,
Preobrazhenskoe Jewish Cemetery,59.857777777,30.453055555,Wikidata: Q4377345,Saint Petersburg,Russia,
Preobrazhenskoye Cemetery,55.79189,37.71979,Wikidata: Q2108769,Moscow,Russia,
Presbítero Matias Maestro,-12.041,-77.008,Wikidata: Q3776989,Lima,Peru,
Presidential Mansion,37.97261944,23.74083333,Wikidata: Q2629065,Athens Municipality,Greece,
Presidential Office Building,25.040009314,121.511950029,Wikidata: Q55601,Zhongzheng District,Japan,
Presidential Palace,60.168361,24.9563196,Wikidata: Q608346,Helsinki,Finland,
Presidential Palace,52.242777777,21.015833333,Wikidata: Q608932,Warsaw,Poland,
Presidential Palace of Lithuania,54.68316,25.285871,Wikidata: Q1577652,Vilnius,Lithuania,
"Presidential Palace, Damascus",33.5175,36.25166667,Wikidata: Q5868468,Damascus,Syria,
Primate's Palace,48.14374,17.109808,Wikidata: Q938516,Bratislava,Slovakia,
Prince Eugens Waldemarsudde,59.32,18.113055555,Wikidata: Q537,Stockholm,Sweden,
Prince George Hotel,40.744722,-73.986667,Wikidata: Q11700542,New York,United States,
Prince's Mansion,55.674722222,12.574722222,Wikidata: Q3432994,Copenhagen Municipality,Denmark,
"Princes Road Synagogue, Liverpool",53.3951,-2.965,Wikidata: Q7244477,Liverpool,United Kingdom,
Principe,44.416389,8.919167,Wikidata: Q3921992,Genoa,Italy,
Prinsenhof,52.37061,4.89511,Wikidata: Q17307814,Amsterdam,Netherlands,
Private Cemetery High Promenade,47.367302777,8.549744444,Wikidata: Q2111123,Canton of Zürich,Switzerland,
Procuradoria Geral da República,-15.807725,-47.85955278,Wikidata: Q10369343,Federal District,Brazil,
Progrés 19,41.3748,2.11927,Wikidata: Q11925114,L'Hospitalet de Llobregat,Spain,
Prospect Hill School,42.1342,-72.7461,Wikidata: Q15378626,Westfield,United States,
Protestant Cemetery Charlois,51.864333333,4.466430555,Wikidata: Q4907718,Rotterdam,Netherlands,
"Protestant Cemetery, Rome",41.876397222,12.479944444,Wikidata: Q1187723,Rome,Italy,
"Protestant Cemetery, Vilnius",54.684,25.269,Wikidata: Q5415651,Vilnius,Lithuania,
Protestant Great Church of Debrecen,47.53189444,21.62394722,Wikidata: Q897459,Debrecen,Hungary,
Protestant Reformed Cemetery in Warsaw,52.23944444,20.97305556,Wikidata: Q722316,Warsaw,Poland,
Providence Court,42.4475,-73.246389,Wikidata: Q7252412,Massachusetts,United States,
Pučkalaukio pilkapynas,54.85694444,25.45055556,Wikidata: Q12670545,Nemenčinė Eldership,Lithuania,
Puerto Rico Atheneum Building,18.466260217,-66.109032242,Wikidata: Q120735130,San Juan,United States,
Pulkovo 1973 terminal,59.79787,30.26812,Wikidata: Q124422387,"Moskovsky District, Saint Petersburg",Russia,
Pushkin Museum of Fine Arts,55.74702868,37.60602901,Wikidata: Q4872,,,
Puskás Aréna,47.503083333,19.098194444,Wikidata: Q39069592,,,
Putney Vale Cemetery,51.440277777,-0.243888888,Wikidata: Q2114941,Putney Vale,United Kingdom,
Pyatnitskoye Cemetery,54.526111111,36.258055555,Wikidata: Q4385975,Kaluga,Russia,
Pyhän Henrikin katedraali,60.159194,24.95432,Wikidata: Q31204,Helsinki,Finland,
Pyramid of Djoser,29.871111111,31.216666666,Wikidata: Q192418,,,
Q1 Tower,-28.006111111,153.429444444,Wikidata: Q125846,,,
Qol Şärif Mosque,55.7983,49.1052,Wikidata: Q121198,Kazan,Russia,
quadrilatère du Manio,47.603888888,-3.056388888,Wikidata: Q15930186,Carnac,France,
Quba Mosque,24.439166666,39.617222222,Wikidata: Q276569,Medina,Saudi Arabia,
Queen of Heaven Cemetery,41.862222222,-87.9025,Wikidata: Q3927520,Hillside,United States,
Quend Communal Cemetery,50.31859,1.638578,Wikidata: Q2145092,Quend,France,
Quesnoy-le-Montant Communal Cemetery,50.108297,1.70021,Wikidata: Q2919802,Quesnoy-le-Montant,France,
Quinta da Regaleira,38.79635278,-9.39603056,Wikidata: Q2630165,"Sintra (Santa Maria e São Miguel, São Martinho e São Pedro de Penaferrim)",Portugal,
Quirinal Palace,41.9,12.4875,Wikidata: Q223079,Rome,Italy,
Qurnet Murai,25.726388888,32.603611111,Wikidata: Q1754795,Luxor Governorate,Egypt,
R.K. Kerkhof Zwolle,52.518889,6.105,Wikidata: Q2190526,Zwolle,Netherlands,
Raadi cemetery,58.39444444,26.72777778,Wikidata: Q7278380,Tartu City,Estonia,
Rabenhauptschool,53.208903,6.568303,Wikidata: Q124419019,Groningen,Netherlands,
Racine County Courthouse,42.72527778,-87.78444444,Wikidata: Q30623287,Racine,United States,
Radio City Music Hall,40.759722,-73.979167,Wikidata: Q753437,New York,United States,
Raffles City,1.293611111,103.853055555,Wikidata: Q5359041,Downtown Core,Singapore,
Raffles City Hangzhou,30.250777777,120.2085,Wikidata: Q11102554,Hangzhou,China,
Rahlstedt Cemetery,53.5925,10.155,Wikidata: Q2127412,Wandsbek,Germany,
Rahumäe Cemetery,59.391944444,24.705,Wikidata: Q3771645,Tallinn City,Estonia,
Rainis Cemetery,56.98555556,24.14388889,Wikidata: Q4222826,Riga,Latvia,
Raismes cemetery,50.394795,3.480783,Wikidata: Q2753789,Raismes,France,
Rakowicki Cemetery,50.075555555,19.953888888,Wikidata: Q1457419,Kraków,Poland,
Raleigh Hotel,25.79372,-80.12902,Wikidata: Q16900941,Miami Beach,United States,
Ram Mandir,26.7956,82.1943,Wikidata: Q96401169,,,
Ramath Orah,40.8037,-73.9661,Wikidata: Q7289108,New York,United States,
Rambla Just Oliveras 37,41.3619,2.10074,Wikidata: Q11925106,L'Hospitalet de Llobregat,Spain,
Ramón Sánchez Pizjuán Stadium,37.383878,-5.970467,Wikidata: Q275429,,,
Randolph W. Bromery Center for the Arts,42.3863,-72.5254,Wikidata: Q5450046,Amherst,United States,
Rangers' Club,37.747269,-119.586783,Wikidata: Q7292787,Mariposa County,United States,
Ransom County Courthouse,46.442222,-97.684444,Wikidata: Q7293478,Lisbon,United States,
"Rappoporta Street, Lviv",49.8422,24.0325,Wikidata: Q12092694,Shevchenko Raion,Ukraine,
Rashtrapati Bhavan,28.614342,77.199804,Wikidata: Q677555,New Delhi district,India,
Rasos Cemetery,54.668333333,25.304444444,Wikidata: Q340065,Vilnius,Lithuania,
Rathaus,35.7385,139.327,Wikidata: Q125966383,Tokyo,Japan,
Rathaus,48.3687,10.8987,Wikidata: Q695117,Augsburg,Germany,
Rathaus,28.3191,-81.5405,Wikidata: Q119819436,Celebration,United States,
Rathaus Bensberg,50.965016202,7.163398634,Wikidata: Q61896510,Bergisch Gladbach,Germany,
Rathaus Bocholt,51.8369,6.61186,Wikidata: Q889032,Bocholt,Germany,
Ravenstein Gallery,50.844844,4.358383,Wikidata: Q18609487,City of Brussels,Belgium,
Rayevskoye cementry,55.872375,37.660125,Wikidata: Q4388168,Babushkinsky District,Russia,
Reception Hall of Louvre-Lens,50.4308,2.80427,Wikidata: Q16508215,Lens,France,
Recoleta Cemetery,-34.588055555,-58.393055555,Wikidata: Q831322,Buenos Aires,Argentina,
Rectoria,42.201785,2.191665,Wikidata: Q65205876,Ripoll,Spain,
Red Banner Textile Factory,59.96027,30.28394,Wikidata: Q2506798,Petrogradsky District,Russia,
Redipuglia war memorial,45.851666666,13.489722222,Wikidata: Q498934,Fogliano Redipuglia,Italy,
Redtop,42.400278,-71.179444,Wikidata: Q7306310,Belmont,United States,
Reed–Wells House,45.531259,-122.643412,Wikidata: Q7306787,Multnomah County,United States,
Reformed Protestant cemetery,46.544,24.57,Wikidata: Q1246745,Târgu Mureș,Romania,
Reformierter Friedhof,52.2592,10.5078,Wikidata: Q1457475,Brunswick,Germany,
Regolini-Galassi tomb,41.991944444,12.099444444,Wikidata: Q1877295,Cerveteri,Italy,
Reichspostzentralamt,52.468976,13.376004,Wikidata: Q30377472,Tempelhof-Schöneberg,Germany,
Reichstag,52.518611111,13.376111111,Wikidata: Q151897,Bezirk Mitte,Germany,
Reims Cathedral,49.253888888,4.034166666,Wikidata: Q206823,Reims,France,
Reinhard Ernst Museum,50.07849,8.24593,Wikidata: Q117834995,Wiesbaden,Germany,
Reinheimer Fürstengrab,49.133825,7.180841,Wikidata: Q2122342,Gersheim,Germany,
Remuh Cemetery,50.0525,19.946944444,Wikidata: Q115001,Kraków,Poland,
Renaissance Paris Arc de Triomphe Hotel,48.877128431,2.29706967,Wikidata: Q111390925,Paris,France,
Renescure churchyard,50.72736,2.370098,Wikidata: Q1917436,Renescure,France,
Renmin Building,31.2323,121.469,Wikidata: Q15928305,Huangpu District,China,
Rennes Eastern Cemetery,48.1028,-1.6472,Wikidata: Q2972573,Rennes,France,
Reno Main Post Office,39.5247,-119.811,Wikidata: Q14705264,Reno,United States,
Rescue Hook & Ladder Company No. 1 Firehouse,40.802778,-73.646667,Wikidata: Q7314982,New York,United States,
Résidence de la Cambre,50.81731389,4.37803333,Wikidata: Q3457730,Ixelles,Belgium,
Residenze Libeskind,45.476156442,9.153396392,Wikidata: Q48807772,Milan,Italy,
Reumont Churchyard,50.083422,3.480572,Wikidata: Q1969039,Reumont,France,
Reuters Data Centre,51.5071,-0.0034,Wikidata: Q119855829,London Borough of Tower Hamlets,United Kingdom,
Reverie Cove,44.39027778,-68.21555556,Wikidata: Q20679823,Maine,United States,
Revolutionary Martyrs’ Cemetery,39.0783,125.827898,Wikidata: Q910631,Pyongyang,North Korea,
Rexpoëde cemetery,50.942966,2.534763,Wikidata: Q1978786,Rexpoëde,France,
Reynolds Building,36.0988,-80.2444,Wikidata: Q7319632,Winston-Salem,United States,
Reynolds Metals Company International Headquarters,37.6014,-77.52,Wikidata: Q7319654,Virginia,United States,
RheinEnergie Stadion,50.933611,6.875,Wikidata: Q151893,,,
Rheinsberg Palace,53.0986,12.8894,Wikidata: Q317840,Rheinsberg,Germany,
Rhenish Mission Church,-21.9832,16.9131,Wikidata: Q1266950,Otjozondjupa Region,Namibia,
Rhode Island Medical Society Building,41.8294,-71.4167,Wikidata: Q14709457,Providence,United States,
Rhode Island State House,41.8309,-71.41496,Wikidata: Q2281281,Providence,United States,
Rialto Bridge,45.438008,12.335639,Wikidata: Q52505,,,
Richard and Geraldine Hodgson House,41.145,-73.526667,Wikidata: Q7330163,Connecticut,United States,
Richard B. Fisher Center for the Performing Arts,42.0313,-73.9027,Wikidata: Q7323850,Annandale-on-Hudson,United States,
Richardson Building,49.8961,-97.1378,Wikidata: Q3431400,Manitoba,Canada,
Richmond station,51.463188888,-0.300619444,Wikidata: Q801366,London Borough of Richmond upon Thames,United Kingdom,
Richsquare Friends Meetinghouse and Cemetery,39.85274,-85.34123,Wikidata: Q2151245,Franklin Township,United States,
Riensberger Friedhof,53.0942,8.85722,Wikidata: Q2152268,Schwachhausen,Germany,
Rietveld Schröder House,52.085333,5.147597,Wikidata: Q914231,,,
Rifredi Cemetery,43.80255,11.23139722,Wikidata: Q3676936,Florence,Italy,
Rijeka Synagogue,45.32699,14.44202,Wikidata: Q7333952,Rijeka,Croatia,
Rillaton Barrow,50.5211,-4.45566,Wikidata: Q2153128,Linkinhorne,United Kingdom,
Risbaf Factory,32.639166666,51.667916666,Wikidata: Q5962286,District 6,Iran,
Ritz Plaza Hotel,25.7921,-80.1297,Wikidata: Q7336919,Miami Beach,United States,
Riverplace Tower,30.319403,-81.656541,Wikidata: Q7338278,Jacksonville,United States,
Riverside Church,40.81178,-73.96307,Wikidata: Q1156586,New York,United States,
Riverview Hall,45.551388888,-94.148333333,Wikidata: Q54637615,St. Cloud,United States,
Robert and Esther Armstrong House,41.98480556,-91.61741667,Wikidata: Q30626676,Cedar Rapids,United States,
Robert C. Weaver Federal Building,38.883611111,-77.022777777,Wikidata: Q7342666,"Washington, D.C.",United States,
Robert F. Kennedy Department of Justice Building,38.8932,-77.025,Wikidata: Q7344191,"Washington, D.C.",United States,
Robert Lee Hardy House,33.6267,-91.7906,Wikidata: Q16841189,Monticello,United States,
Roche Tower,47.55831,7.607645,Wikidata: Q15712780,Basel,Switzerland,
Rochester Cathedral,51.38892,0.503517,Wikidata: Q2635720,Medway,United Kingdom,
Rock and Roll Hall of Fame,41.508611111,-81.695555555,Wikidata: Q179191,Cleveland,United States,
Rock Creek Cemetery,38.947778,-77.013056,Wikidata: Q7354368,"Washington, D.C.",United States,
Rock-cut tombs of San Liberatore,42.235099,14.100504,Wikidata: Q3992632,Serramonacesca,Italy,
Rockefeller Center,40.758611111,-73.979194444,Wikidata: Q11277,New York,United States,
Rockefeller Guest House,40.75622,-73.96842,Wikidata: Q106667732,New York,United States,
Rodez Cathedral,44.350833333,2.573888888,Wikidata: Q2942292,Rodez,France,
Rödön 27:1,63.236079,14.45596,Wikidata: Q29380612,Krokom Municipality,Sweden,
Rödön 33:1,63.227189,14.471433,Wikidata: Q29380619,Krokom Municipality,Sweden,
Rödön 33:2,63.226986,14.471345,Wikidata: Q29380621,Krokom Municipality,Sweden,
Rödön 33:3,63.226304,14.471592,Wikidata: Q29380623,Krokom Municipality,Sweden,
Roeulx Communal Cemetery,50.311738,3.332918,Wikidata: Q1963274,Rœulx,France,
Roeux British Cemetery,50.292945,2.889611,Wikidata: Q2716580,Rœux,France,
Roger Gaudry Building,45.502785,-73.614879,Wikidata: Q69895960,Côte-des-Neiges–Notre-Dame-de-Grâce,Canada,
Rogers Centre,43.641388888,-79.389166666,Wikidata: Q76318,Toronto,Canada,
Rogozhskoye Cemetery,55.741005,37.702047,Wikidata: Q1512433,Nizhegorodsky District,Russia,
Rohm and Haas Corporate Headquarters,39.950278,-75.151389,Wikidata: Q7359784,Pennsylvania,United States,
Roka Sensui-sō,34.99,135.895277777,Wikidata: Q48747656,Kyoto,Japan,
Rolex Learning Center,46.51833333,6.56833333,Wikidata: Q3030047,Ouest Lausannois District,Switzerland,
"Röm.-kath. Pfarrkirche zum Heiligen Nikolaus in Westendorf, Tyrol",47.4318,12.2149,Wikidata: Q2083291,Westendorf,Austria,
Roma Termini railway station,41.900648,12.501755,Wikidata: Q754485,Rome,Italy,
Roman catholic cemetery Montfoort,52.045425,4.954011,Wikidata: Q2590543,Montfoort,Netherlands,
Roman Catholic cemetery Oudewater,52.020164,4.876492,Wikidata: Q2024975,Oudewater,Netherlands,
Romanian Athenaeum,44.4413,26.0973,Wikidata: Q755457,Bucharest,Romania,
Romeo und Julia,48.830688,9.184279,Wikidata: Q28858459,Stuttgart,Germany,
Ronald Reagan Washington National Airport,38.8540082,-77.0419615,Wikidata: Q676576,,,
Ronchin cemetery,50.599201,3.088822,Wikidata: Q2271177,Ronchin,France,
Roncq cemetery,50.755421,3.116734,Wikidata: Q2707859,Roncq,France,
Roodt-sur-Syre Forest Cemetery,49.668027777,6.294841666,Wikidata: Q2972616,Betzdorf,Luxembourg,
Rookery British Cemetery,50.235037,2.884606,Wikidata: Q3940935,Héninel,France,
Rookwood Necropolis,-33.873333333,151.0511111,Wikidata: Q1999252,Auburn City Council,Australia,
Rooms-katholieke begraafplaats Sint Martinuskerk,53.040175,5.669792,Wikidata: Q2195894,Súdwest-Fryslân,Netherlands,
Roosevelt Field,40.738333333,-73.613055555,Wikidata: Q528994,Hempstead,United States,
Rørtang Sneglehøj,56.018354825,12.572307358,Wikidata: Q28000737,Helsingør Municipality,Denmark,
Roscoff Communal Cemetery,48.7264,-3.98833,Wikidata: Q2972604,Roscoff,France,
Rose Hills Memorial Park,34.0053,-118.0558,Wikidata: Q4398719,Whittier,United States,
Rosehill Cemetery,41.986389,-87.675278,Wikidata: Q7368200,Chicago,United States,
Rosenbad,59.328472222,18.065833333,Wikidata: Q744615,Stockholm,Sweden,
Rosenthal Center for Contemporary Art,39.1029,-84.5122,Wikidata: Q127608708,Cincinnati,United States,
Rosersberg Palace,59.57416667,17.84444444,Wikidata: Q1934091,Sigtuna Municipality,Sweden,
Rosignano Marittimo cemetery,43.39982,10.47126,Wikidata: Q3676937,Rosignano Marittimo,Italy,
Roskilde Cathedral,55.642669444,12.080308333,Wikidata: Q209705,Roskilde Municipality,Denmark,
Rossiya Hotel,55.751388888,37.628888888,Wikidata: Q1430318,Moscow,Russia,
Rotes Rathaus,52.518611111,13.408333333,Wikidata: Q155210,,,
Rothko Chapel,29.73763708,-95.3961685,Wikidata: Q2956755,Houston,United States,
Rotonda de las Personas Ilustres,19.406667,-99.204444,Wikidata: Q601406,Mexico City,Mexico,
Rotonda della Besana,45.459756,9.205145,Wikidata: Q752332,Milan,Italy,
Rotunda of Mosta,35.910080555,14.4259,Wikidata: Q153816,Mosta,Malta,
Round Hill,37.6789,-84.4161,Wikidata: Q14691182,Madison County,United States,
Rova of Antananarivo,-18.923611111,47.532222222,Wikidata: Q1290337,Antananarivo,Madagascar,
Row House in Sumiyoshi,34.610522,135.492289,Wikidata: Q4503738,Osaka,Japan,
Royal Albert Hall,51.50105,-0.17748,Wikidata: Q193639,,,
Royal Burial Ground,51.474,-0.598583333,Wikidata: Q6677705,Berkshire,United Kingdom,
Royal Castle in Warsaw,52.247777777,21.014166666,Wikidata: Q756098,,,
Royal Castle of Laeken,50.886389,4.359722,Wikidata: Q1542585,City of Brussels,Belgium,
Royal Chapel of Granada,37.175986111,-3.599036111,Wikidata: Q429192,Granada,Spain,
Royal E. Robbins School,42.368889,-71.239167,Wikidata: Q7374128,Waltham,United States,
Royal Étrier belge,50.8026708,4.3767178,Wikidata: Q21882757,City of Brussels,Belgium,
Royal Exchange,51.513611111,-0.087222222,Wikidata: Q1241240,London,United Kingdom,
Royal Museum for Central Africa,50.830889,4.518497,Wikidata: Q779703,Tervuren,Belgium,
Royal Opera House,51.513055555,-0.122777777,Wikidata: Q55018,,,
Royal Palace of Amsterdam,52.373166666,4.891361111,Wikidata: Q1056152,,,
Royal Palace of Aranjuez,40.036363888,-3.608180555,Wikidata: Q530129,Aranjuez,Spain,
Royal Palace of Brussels,50.841667,4.362222,Wikidata: Q635307,City of Brussels,Belgium,
Royal Palace of El Pardo,40.521288,-3.77506,Wikidata: Q1368571,Madrid,Spain,
Royal Palace of La Granja de San Ildefonso,40.8975,-4.00458333,Wikidata: Q1540732,Real Sitio de San Ildefonso,Spain,
Royal Palace of Madrid,40.417955,-3.714312,Wikidata: Q171517,Madrid,Spain,
Royal Palace of Milan,45.463054,9.191153,Wikidata: Q51105,Milan,Italy,
Royal Palace of Turin,45.07283,7.686333,Wikidata: Q19824,Turin,Italy,
"Royal Palace, Oslo",59.916911111,10.727566666,Wikidata: Q863932,Oslo Municipality,Norway,
Royal Pavilion & Garden,50.822363888,-0.137716666,Wikidata: Q62364,,,
Royal Saint-Hubert Galleries,50.84778,4.355,Wikidata: Q1491935,City of Brussels,Belgium,
Royal Swedish Academy of Sciences,59.366388888,18.051666666,Wikidata: Q191583,,,
Royal Theatre of La Monnaie,50.849591,4.354247,Wikidata: Q551479,City of Brussels,Belgium,
Royal Tombs of Selca e Poshtme,40.99047533,20.51868439,Wikidata: Q1796350,Bashkia e Pogradecit,Albania,
Royal Tombs of the Joseon Dynasty,37.19722222,128.45277778,Wikidata: Q495276,Gyeonggi Province,South Korea,
Rubenshuis,51.217222222,4.409444444,Wikidata: Q775644,Antwerp,Belgium,
Rubrouck churchyard,50.838969,2.354697,Wikidata: Q3278876,Rubrouck,France,
Rumbach Street synagogue,47.49792,19.05889,Wikidata: Q569083,Budapest District VII,Hungary,
Rundel Memorial Library,43.153611,-77.618333,Wikidata: Q7379766,New York,United States,
Rüngsdorf Cemetery,50.6805,7.17145,Wikidata: Q1296360,Bad Godesberg,Germany,
Russian Museum,59.938592,30.332221,Wikidata: Q211043,,,
Russian Orthodox Cemetery in Nice,43.678333333,7.216111111,Wikidata: Q2464410,Nice,France,
Russischer Friedhof auf dem Neroberg,50.098546,8.236253,Wikidata: Q2972680,Wiesbaden,Germany,
Ruyaulcourt Military Cemetery,50.089382,3.019054,Wikidata: Q2198314,Ruyaulcourt,France,
Ryūō Station,35.668772,138.519744,Wikidata: Q7385664,Kai,Japan,
Ryvangen Memorial Park,55.72661,12.56588,Wikidata: Q3359393,Gentofte Municipality,Denmark,
S. H. Kress and Co. Building,34.73138889,-86.58527778,Wikidata: Q28126149,Huntsville,United States,
S.A.I. Catedral Metropolitana de la Encarnación,37.17599,-3.59904,Wikidata: Q5419362,Granada,Spain,
Saarlouis Alter Friedhof,49.3098,6.75704,Wikidata: Q437920,Saarlouis,Germany,
Saban Theatre,34.064722,-118.375,Wikidata: Q7395868,Beverly Hills,United States,
Saburtalo Pantheon,41.715833333,44.734444444,Wikidata: Q80146,Tbilisi,Georgia,
Sacré-Cœur,48.88665,2.34295,Wikidata: Q28785,,,
Sacred Prophetic Chamber,24.467574327,39.611388828,Wikidata: Q12186187,Medina,Saudi Arabia,
Saddlehorn Caretaker's Garage,39.1014,-108.733844,Wikidata: Q97290548,Mesa County,United States,
Saddlehorn Caretaker's House and Garage,39.101605,-108.733748,Wikidata: Q7397763,Mesa County,United States,
Saddlehorn Caretaker's Residence,39.101605,-108.733748055,Wikidata: Q97290556,Mesa County,United States,
Saddlehorn Comfort Station,39.105117,-108.732462,Wikidata: Q7397764,Mesa County,United States,
Safareig de la Canaleta,41.629519,2.164099,Wikidata: Q28711555,Caldes de Montbui,Spain,
Sagaholm,57.746388888,14.172222222,Wikidata: Q1559140,Jönköping Municipality,Sweden,
Sagtikos Manor,40.702778,-73.276667,Wikidata: Q7399375,New York,United States,
Sai Wan War Cemetery,22.25939,114.23444,Wikidata: Q2148037,Sai Wan,China,
Sailly-sur-la-Lys Churchyard,50.65922,2.767856,Wikidata: Q2266811,Sailly-sur-la-Lys,France,
Sains-du-Nord Communal Cemetery,50.095138,4.01383,Wikidata: Q2598918,Sains-du-Nord,France,
Sainsbury Centre,52.6203,1.2347,Wikidata: Q7400532,Norwich,United Kingdom,
Sainsbury Wing,51.5086,-0.129822,Wikidata: Q52984670,City of Westminster,United Kingdom,
Saint Andreas in Wachsenberg,46.7597,14.0962,Wikidata: Q1672011,Steuerberg,Austria,
Saint Andrew's cemetery,48.148107,17.122768,Wikidata: Q4069052,Old Town of Bratislava,Slovakia,
"Saint George church, Senno",57.76173,27.95312,Wikidata: Q4366786,Pechorsky District,Russia,
Saint George's Cathedral,49.838611111,24.013055555,Wikidata: Q1774485,Lviv,Ukraine,
Saint Germain-en-Laye Old Communal Cemetery,48.9003,2.08222,Wikidata: Q2972488,Saint-Germain-en-Laye,France,
Saint Giles Church,47.2177,15.4018,Wikidata: Q1505577,Semriach,Austria,
Saint Gregory Palamas Church,40.630833333,22.943888888,Wikidata: Q25804928,Thessaloniki Municipality,Greece,
Saint Ignatius Cathedral,31.193056,121.431389,Wikidata: Q49633,Xuhui District,China,
Saint Isaac's Cathedral,59.934047,30.30595,Wikidata: Q215423,Admiralteysky District,Russia,
Saint John the Baptist church in Klaus an der Pyhrnbahn,47.8236,14.1522,Wikidata: Q819903,Klaus an der Pyhrnbahn,Austria,
Saint Joseph and Our Lady of Lourdes Church,40.84046,14.30672,Wikidata: Q16540235,Naples,Italy,
"Saint Lawrence Church (Reichenau, Kärnten)",46.8569,13.9269,Wikidata: Q2083087,Reichenau,Austria,
Saint Martin Church,46.686081,14.852722,Wikidata: Q2222292,Sankt Paul im Lavanttal,Austria,
Saint Michael's Castle,59.940416666,30.337638888,Wikidata: Q2000542,Sadovaya Street,Russia,
Saint Michael's Church,51.92748,4.46287,Wikidata: Q104429676,Rotterdam,Netherlands,
Saint Michael's Golden-Domed Monastery,50.455555555,30.522777777,Wikidata: Q1142386,,,
Saint Petersburg Mosque,59.955166666,30.323888888,Wikidata: Q281900,Petrogradsky District,Russia,
Saint Pierre Cemetery,43.2891,5.4169,Wikidata: Q2972480,La Timone,France,
Saint Roch Cemetery,45.195001215,5.740488508,Wikidata: Q2972477,Grenoble,France,
Saint Stephen church,45.683222,9.203433,Wikidata: Q120647133,Giussano,Italy,
Saint Stephen Church,46.6915,14.6346,Wikidata: Q977264,Völkermarkt,Austria,
Saint Thomas Aquinas Church,52.5104,13.3131,Wikidata: Q1667258,Charlottenburg-Wilmersdorf,Germany,
Saint Virgilius in Rattenberg,47.4392,11.8944,Wikidata: Q1703634,Rattenberg,Austria,
Saint-Claude cemetery,47.2622,6.01835,Wikidata: Q2972552,Besançon,France,
Saint-Ferjeux cemetery,47.2339,5.9877,Wikidata: Q2972555,Besançon,France,
"Saint-François-Xavier, Paris",48.850555555,2.313333333,Wikidata: Q526293,Paris,France,
Saint-Jean-de-Montmartre,48.884105555,2.337883333,Wikidata: Q1581356,Paris,France,
Saint-Josse-ten-Noode Cemetery,50.85722,4.40361,Wikidata: Q522700,Saint-Josse-ten-Noode,Belgium,
Saint-Malo Cathedral,48.64944444,-2.02555556,Wikidata: Q2385003,Saint-Malo,France,
Saint-Ouen Cemetery,48.9075,2.3475,Wikidata: Q372937,Saint-Ouen-sur-Seine,France,
Saint-Sylvestre-Cappel cemetery,50.77683,2.556341,Wikidata: Q2296542,Saint-Sylvestre-Cappel,France,
Saint-Véran Cemetery,43.949098,4.823379,Wikidata: Q2972476,Avignon,France,
Saint-Vincent Cemetery,48.888963888,2.339222222,Wikidata: Q1092090,Paris,France,
Saint-Vincent-de-Paul church,48.878889,2.351667,Wikidata: Q1710383,Quartier Saint-Vincent-de-Paul,France,
Sainte Chapelle,48.855369,2.345028,Wikidata: Q193193,Saint-Germain-l'Auxerrois,France,
Sainte-Clotilde Church,48.858333333,2.319166666,Wikidata: Q1514062,Paris,France,
Sainte-Geneviève-des-Bois Russian Cemetery,48.6312,2.3457,Wikidata: Q631270,Sainte-Geneviève-des-Bois,France,
Saints Innocents Cemetery,48.860556,2.347778,Wikidata: Q1092104,Paris,France,
Saitama Stadium 2002,35.903142,139.717492,Wikidata: Q482446,,,
Sakai City Semboku Suemura Archaeological Museum,34.492083,135.510944,Wikidata: Q11428215,Osaka,Japan,
Salerno harbor station,40.674529723,14.752002168,Wikidata: Q3971406,Salerno,Italy,
Salisbury Cathedral,51.064722,-1.7975,Wikidata: Q390150,Salisbury,United Kingdom,
Salt Lake Temple,40.770469,-111.891958,Wikidata: Q1122206,Salt Lake City,United States,
Salzburg Cathedral,47.797777777,13.046944444,Wikidata: Q258908,,,
Salzburger Kommunalfriedhof,47.777527777,13.047002777,Wikidata: Q2215970,Salzburg,Austria,
Sam and Ruth VanSickle Ford House,41.753333333,-88.359166666,Wikidata: Q48842111,Aurora,United States,
Samara Choral Synagogue,53.183977,50.102489,Wikidata: Q4406390,Samara,Russia,
Samara municipal cemetery,53.191583333,50.160644444,Wikidata: Q4145467,Samara,Russia,
Saméon churchyard,50.477032,3.334475,Wikidata: Q2203311,Saméon,France,
Sammallahdenmäki,61.11767375,21.7751687,Wikidata: Q239748,Rauma,Finland,
"San Biagio, Montepulciano",43.09077,11.77461,Wikidata: Q1883452,Montepulciano,Italy,
San Crisogono,41.8891,12.473732,Wikidata: Q1631638,Rome,Italy,
San Diego Stadium,32.783055555,-117.119444444,Wikidata: Q956072,San Diego,United States,
San Fedele Parish Church with cimetry and rectory,46.18439,8.73189,Wikidata: Q3669953,Terre di Pedemonte,Switzerland,
San Filippo Neri church,45.315545,9.503842,Wikidata: Q25242959,Lodi,Italy,
San Francesco della Vigna,45.4381,12.3486,Wikidata: Q946542,Venice,Italy,
San Francesco di Paola,40.8353,14.2475,Wikidata: Q241410,Naples,Italy,
San Francisco Federal Building,37.779166666,-122.411944444,Wikidata: Q7414007,San Francisco,United States,
San Giacomo degli Spagnoli,40.84065,14.24992,Wikidata: Q955081,Naples,Italy,
San Giorgio,44.408611,8.928611,Wikidata: Q3947212,Genoa,Italy,
San Giorgio alla Costa,43.7653,11.25494,Wikidata: Q3585340,Florence,Italy,
San Giorgio dei Greci,45.4354,12.3448,Wikidata: Q1784082,Venice,Italy,
"San Giovanni Battista, Highway A11",43.83166944,11.15694444,Wikidata: Q3668767,Campi Bisenzio,Italy,
"San Giovanni Grisostomo, Venice",45.439139,12.337139,Wikidata: Q915746,Venice,Italy,
San Isidro Cemetery,40.400788888,-3.727872222,Wikidata: Q5760351,Madrid,Spain,
San José City Hall,37.3378,-121.886,Wikidata: Q1109555,San Jose,United States,
San José City Hall Tower,37.338055555,-121.885277777,Wikidata: Q133834599,San Jose,United States,
San Justo Cemetery,40.403888888,-3.726111111,Wikidata: Q5760365,Madrid,Spain,
San Luigi dei Francesi,41.899583333,12.474666666,Wikidata: Q638283,Rome,Italy,
San Martino a Gangalandi cemetery,43.768442,11.100249,Wikidata: Q3676938,Lastra a Signa,Italy,
San Maurizio al Monastero Maggiore,45.46566,9.17892,Wikidata: Q1255890,Milan,Italy,
San Michele Arcangelo e Santa Rita Church,45.436696,9.223583,Wikidata: Q18785418,Milan,Italy,
San Michele in Isola,45.4487,12.3469,Wikidata: Q1449262,Venice,Italy,
San Nicola di Bari,37.81808,12.80109,Wikidata: Q55185953,Salemi,Italy,
San Piero a Grado cemetery,43.682901,10.348039,Wikidata: Q3676944,Pisa,Italy,
San Pietro di Castello,45.43458,12.35972,Wikidata: Q945981,Venice,Italy,
San Rocco,44.455111,8.980253,Wikidata: Q121815379,Genoa,Italy,
San Salvatore al Vescovo,43.773037829,11.254059811,Wikidata: Q3671987,Florence,Italy,
San Sebastiano,45.432,12.32,Wikidata: Q588559,Venice,Italy,
San Zaccaria,45.434722222,12.343333333,Wikidata: Q794876,Venice,Italy,
Sanctuary of Torreciudad,42.17009914,0.23481131,Wikidata: Q1125177,Secastilla,Spain,
Sandarmokh,62.887958,34.679591,Wikidata: Q2664713,Povenetskoye urban settlement,Russia,
Sanders Keep Military Cemetery,50.132131,3.087954,Wikidata: Q2789465,Graincourt-lès-Havrincourt,France,
Sándor Palace,47.4978,19.0382,Wikidata: Q927806,Budapest District I,Hungary,
Sandra Day O'Connor United States Courthouse,33.447777777,-112.080555555,Wikidata: Q7416587,Arizona,United States,
Sandringham House,52.829722222,0.513888888,Wikidata: Q935116,,,
Sanduny,55.76386755,37.62057273,Wikidata: Q1988060,Meshchansky District,Russia,
Sankt Oswald in Bad Kleinkirchheim,46.837680561,13.761797219,Wikidata: Q1266172,Bad Kleinkirchheim,Austria,
Sankt Ursula (Hürth),50.8773,6.90657,Wikidata: Q59618,Hürth,Germany,
Sanssouci Palace,52.403257,13.038626,Wikidata: Q151330,Potsdam,Germany,
Sant Cristòfol,42.0554,2.536832,Wikidata: Q21604431,Les Planes d'Hostoles,Spain,
Sant Just Desvern town hall,41.385944,2.075556,Wikidata: Q19627249,Sant Just Desvern,Spain,
Sant'Andrea della Valle,41.895977,12.474692,Wikidata: Q1631593,Rome,Italy,
Sant'Andrea vecchia,40.24888889,9.1825,Wikidata: Q3654780,Orani,Italy,
Sant'Apollinare alle Terme Neroniane-Alessandrine,41.900974,12.473388,Wikidata: Q2301521,Rome,Italy,
Sant'Eusebio,41.896272222,12.503719444,Wikidata: Q1785642,Rome,Italy,
"Santa Croce, Padua",45.393024,11.871191,Wikidata: Q3673013,Padua,Italy,
Santa Francesca Romana,41.89122807,12.488542029,Wikidata: Q1091640,Rome,Italy,
Santa Ifigenia Cemetery,20.0358945,-75.8407259,Wikidata: Q1053301,Santiago de Cuba,Cuba,
Santa Luzia Sanctuary,41.701447222,-8.834725,Wikidata: Q10368316,Viana do Castelo (Santa Maria Maior e Monserrate) e Meadela,Portugal,
Santa Maria Assunta,44.40222222,8.93511111,Wikidata: Q810076,Genoa,Italy,
"Santa Maria dei Miracoli, Venice",45.43943,12.3392,Wikidata: Q533680,Venice,Italy,
Santa Maria del Popolo,41.911358,12.476033,Wikidata: Q869513,Rome,Italy,
Santa Maria dell'Anima,41.899713078,12.472154884,Wikidata: Q2140145,Rome,Italy,
Santa Maria della Croce Sanctuary,45.37529,9.69755,Wikidata: Q3950073,Crema,Italy,
Santa Maria della Pace,41.89986,12.47167,Wikidata: Q1514683,Rome,Italy,
Santa Maria della Passione Church,45.46527778,9.20361111,Wikidata: Q1256328,Milan,Italy,
"Santa Maria della Quercia, Rome",41.894554,12.471993,Wikidata: Q3673906,Rome,Italy,
Santa Maria della Salute,45.43057,12.33473,Wikidata: Q52531,Venice,Italy,
Santa Maria della Vittoria,41.904656354,12.494335768,Wikidata: Q863593,,,
Santa Maria delle Carceri,43.87941667,11.09844444,Wikidata: Q1714149,Prato,Italy,
Santa Maria delle Grazie,45.465833333,9.171111111,Wikidata: Q244952,Milan,Italy,
Santa Maria di Loreto,41.89597,12.48371,Wikidata: Q461997,Rome,Italy,
Santa Maria Formosa,45.43702,12.34101,Wikidata: Q1813687,Venice,Italy,
Santa Maria in Traspontina,41.90268,12.4622,Wikidata: Q2095295,Rome,Italy,
Santa Maria in Trastevere,41.889444,12.469722,Wikidata: Q1137391,Roma Capitale,Italy,
Santa María Magdalena de Pazzis Cemetery,18.469722222,-66.120277777,Wikidata: Q2035547,San Juan,United States,
Santa Maria presso San Celso Church,45.454396,9.187669,Wikidata: Q734515,Milan,Italy,
Santa Maria presso San Satiro,45.462608,9.188035,Wikidata: Q589462,Milan,Italy,
Santa Rosa Rural Cemetery,38.455471,-122.704625,Wikidata: Q2223223,Santa Rosa,United States,
Santi Apostoli,45.440502777,12.336630555,Wikidata: Q2717786,Venice,Italy,
Santi Placido ed Eustachio Parish church of with ossuary and cemetery,46.28599,8.66635,Wikidata: Q3668390,Maggia,Switzerland,
Santiago General Cemetery,-33.414927777,-70.649222222,Wikidata: Q1053309,Recoleta,Chile,
Santissima Annunziata,43.7769,11.26128,Wikidata: Q2287001,Florence,Italy,
Santo Sepolcro,39.215972222,9.114277777,Wikidata: Q3672033,Cagliari,Italy,
Santo Spirito,43.76722222,11.24777778,Wikidata: Q1519975,Florence,Italy,
Santo Spirito in Sassia,41.901388888,12.461111111,Wikidata: Q1428488,Rome,Italy,
São Bento Palace,38.7125,-9.153611111,Wikidata: Q1464499,Estrela,Portugal,
São Paulo Cathedral,-23.551247,-46.634374,Wikidata: Q1050668,Sé District,Brazil,
Saqqara,29.85,31.233333333,Wikidata: Q192134,Markaz al Badrashayn,Egypt,
Sarajevo Synagogue,43.856411985,18.425108925,Wikidata: Q1268899,Stari Grad,Bosnia and Herzegovina,
Saultain Communal Cemetery,50.337108,3.572143,Wikidata: Q2042268,Saultain,France,
Sava Centar,44.8085,20.4303,Wikidata: Q1278216,New Belgrade,Serbia,
Saxon Palace,52.241111,21.011389,Wikidata: Q1393493,Warsaw,Poland,
Säynätsalo Town Hall,62.14025,25.769166666,Wikidata: Q2456080,Jyväskylä,Finland,
Schaerbeek Cemetery,50.869117227,4.425471971,Wikidata: Q263432,Evere,Belgium,
Scheepvaarthuis,52.374361,4.904108,Wikidata: Q2078885,Amsterdam,Netherlands,
Schimmelkirche,47.9871,13.6158,Wikidata: Q2235979,Lenzing an der Ager,Austria,
Schip van Blaauw,51.966,5.6802,Wikidata: Q2837223,Wageningen,Netherlands,
Schirdingovský palác,50.0819,14.4181,Wikidata: Q7842384,New Town,Czech Republic,
Schloss Haimhausen,48.313,11.5458,Wikidata: Q1564325,Haimhausen,Germany,
Schloss Hohenheim,48.71195,9.21418,Wikidata: Q1514135,Stuttgart,Germany,
Schmelzer cemetery,48.20168772,16.3354817,Wikidata: Q2245989,Vienna,Austria,
Schönbrunn,48.186,16.319,Wikidata: Q2465770,Hietzing,Austria,
Schönbrunn Palace,48.18479,16.31227,Wikidata: Q131330,Hietzing,Austria,
School of Arts and Crafts of Toledo,39.857438888,-4.031216666,Wikidata: Q5839056,Toledo,Spain,
Schoorl General Cemetery,52.705986111,4.697805555,Wikidata: Q1943940,Bergen,Netherlands,
Schosshalden cemetery,46.95262,7.47546,Wikidata: Q2249115,Bern,Switzerland,
Schubertpark (Währing),48.226388888,16.339444444,Wikidata: Q2595983,Währing,Austria,
Schwerin Castle,53.624166666,11.418888888,Wikidata: Q573656,,,
Schwetzingen Palace,49.383526939,8.565925958,Wikidata: Q702551,Schwetzingen,Germany,
Scotia Plaza,43.6492,-79.3794,Wikidata: Q1327514,Toronto,Canada,
Scottish National Gallery,55.950902,-3.195686,Wikidata: Q942713,,,
Scottish Rite Dormitory,30.2925,-97.739444,Wikidata: Q7437958,Austin,United States,
Scottish Rite Masonic Center,35.691667,-105.935833,Wikidata: Q7437964,New Mexico,United States,
Sculptured House,39.700556,-105.276667,Wikidata: Q2293996,Jefferson County,United States,
Seagram Building,40.758444444,-73.972138888,Wikidata: Q737484,New York,United States,
Seamen's Church Institute of Newport,41.487222,-71.316944,Wikidata: Q7440706,Newport,United States,
"Sears, Roebuck & Company Mail Order Building",34.023333,-118.220833,Wikidata: Q7441777,California,United States,
Seat of the European Central Bank,50.109438888,8.7025,Wikidata: Q321040,Frankfurt-Bornheim/Ostend,Germany,
Seattle Central Library,47.6061,-122.333,Wikidata: Q2531939,Seattle,United States,
Seattle Tower,47.608056,-122.334167,Wikidata: Q7442196,Seattle,United States,
Sebourg Communal Cemetery,50.3453,3.6449,Wikidata: Q2505324,Sebourg,France,
Sec-Bois Communal Cemetery,50.70724,2.605963,Wikidata: Q2099208,Vieux-Berquin,France,
Secession Building,48.200395,16.365934,Wikidata: Q265129,Innere Stadt,Austria,
Second Bank of the United States,39.948611111,-75.148333333,Wikidata: Q2263849,Philadelphia,United States,
Second Church in Boston,42.347083333,-71.105,Wikidata: Q7443193,Boston,United States,
Second Stage Theater building,40.758194444,-73.989638888,Wikidata: Q131755590,New York,United States,
Secretariat Building,30.761111111,76.800555555,Wikidata: Q7444209,Chandigarh,India,
Sedlec Ossuary,49.961955555,15.288291666,Wikidata: Q513821,,,
Şehzade Mosque,41.013794444,28.957175,Wikidata: Q644677,,,
"Selfridges Building, Birmingham",52.4778,-1.89226,Wikidata: Q7448350,Birmingham,United Kingdom,
Selhurst Park,51.398333333,-0.085555555,Wikidata: Q1066373,,,
Selimiye Mosque,41.678056,26.559444,Wikidata: Q184534,,,
Selridge British Cemetery,50.119861,3.521254,Wikidata: Q2221597,Montay,France,
Selwerderhof,53.240328,6.549258,Wikidata: Q2875200,Groningen,Netherlands,
Semenovskoe cemetery,55.7789,37.7178,Wikidata: Q4416001,Moscow,Russia,
Seminary of Málaga,36.733583333,-4.412194444,Wikidata: Q9075927,Málaga,Spain,
Semperoper,51.054444444,13.735277777,Wikidata: Q127097,,,
Sennefriedhof,51.9753,8.5275,Wikidata: Q2271172,Bielefeld,Germany,
Seoul National Cemetery,37.499,126.972,Wikidata: Q488897,Dongjak District,South Korea,
Serafimovskoe Cemetery,59.9919,30.2662,Wikidata: Q4416669,Saint Petersburg,Russia,
"Serbisch-orthodoxe Kirche St. Sava, Landstraße",48.1986,16.3797,Wikidata: Q2272124,Landstraße,Austria,
Şeref Tepesi,40.7811,43.8356,Wikidata: Q4499147,Gyumri,Armenia,
"Sergeyev House on Lenin Prospekt, 14 in Vyborg",60.710833333,28.745555555,Wikidata: Q60374262,Vyborg,Russia,
Serpent Mounds,44.2111,-78.1569,Wikidata: Q7455094,Peterborough County,Canada,
Serpentine Gallery Pavilion 2011,51.50479,-0.174983,Wikidata: Q117048872,City of Westminster,United Kingdom,
Sestroretsk cemetery,60.11,29.966111111,Wikidata: Q4417978,Sestroretsk,Russia,
Settles Hotel,32.25282876,-101.47520062,Wikidata: Q7456951,Big Spring,United States,
Severnoe Cemetery (Saint Petersburg),60.074444444,30.210277777,Wikidata: Q4412185,Pargolovo,Russia,
Shack Mountain,38.0922,-78.5012,Wikidata: Q7460155,Virginia,United States,
Shadow Mountain Lookout,40.230367,-105.814851,Wikidata: Q7460563,Grand County,United States,
Shah Mosque,32.654805555,51.677777777,Wikidata: Q643098,,,
Shah-i-Zinda,39.66262,66.987878,Wikidata: Q671935,Samarkand,Uzbekistan,
Shanghai Symphony Hall,31.213366,121.447005,Wikidata: Q63396848,Hunanlu Subdistrict,China,
Shanghai Tower,31.2355,121.501,Wikidata: Q18547,Shanghai,China,
Shanghai World Financial Center,31.236666666,121.502777777,Wikidata: Q80852,Pudong,China,
Shangyin Opera House,31.216427777,121.450730555,Wikidata: Q136206167,Tianpinglu Subdistrict,China,
Sharp Centre for Design,43.65301306,-79.391123138,Wikidata: Q111798791,Toronto,Canada,
Sheats Goldstein Residence,34.0936,-118.435,Wikidata: Q2178401,Beverly Crest,United States,
Shedhalle,48.199988888,15.631638888,Wikidata: Q120904070,St. Pölten,Austria,
Sheikh Lotfollah Mosque,32.657454,51.678535,Wikidata: Q856356,,,
Shelburne Hotel,39.3558,-74.4342,Wikidata: Q7493327,New Jersey,United States,
Sheldon Museum of Art,40.817547,-96.704469,Wikidata: Q7493533,Lincoln,United States,
Shikoku Mura Gallery,34.345625,134.108958,Wikidata: Q17211689,Takamatsu,Japan,
Shingleside,43.262778,-77.615556,Wikidata: Q7497472,New York,United States,
Shinshū Ōtani-ha Hakodate Betsu-in Temple,41.763014,140.71375,Wikidata: Q285602,Hakodate,Japan,
Shiodome City Center,35.6653507,139.76098,Wikidata: Q1134566,Tokyo,Japan,
Shirokorechenskoe Cemetery,56.813888888,60.527777777,Wikidata: Q2972516,Yekaterinburg,Russia,
Shitta-Bey Mosque,6.457709,3.3867,Wikidata: Q48791511,Lagos State,Nigeria,
Shizuoka Press and Broadcasting Center,35.66872222,139.75891667,Wikidata: Q20040491,Tokyo,Japan,
Shockoe Hill Cemetery,37.5514,-77.4322,Wikidata: Q3959678,Richmond,United States,
"Shotwell Hall, West Liberty State College",40.1631,-80.6028,Wikidata: Q7502616,West Virginia,United States,
Shrine Auditorium and Expo Hall,34.023333333,-118.281666666,Wikidata: Q731437,Los Angeles,United States,
Shrine Cemetery,50.14252,2.696166,Wikidata: Q2789546,Bucquoy,France,
Shrine of the Virgin of the Rosary of Pompei,40.75,14.500555555,Wikidata: Q980745,Pompei,Italy,
Shukhov Tower,55.717222222,37.611388888,Wikidata: Q662367,Shukhova Street,Russia,
Shuljavskiy Cemetery,50.444444444,30.434722222,Wikidata: Q4527646,Solomianka Raion,Ukraine,
Shwedagon Pagoda,16.79833333,96.14944444,Wikidata: Q464535,,,
Šibenik Cathedral,43.735555555,15.889166666,Wikidata: Q391973,Šibenik,Croatia,
Sicily–Rome American Cemetery and Memorial,41.4653,12.658383333,Wikidata: Q3676901,Nettuno,Italy,
SiemensForum München,48.1453,11.5758,Wikidata: Q1403403,Maxvorstadt,Germany,
Sierraville School,39.584444444,-120.368611111,Wikidata: Q75336847,Sierra County,United States,
Sieveringer Friedhof,48.248611111,16.320555555,Wikidata: Q2284576,Döbling,Austria,
Silwan necropolis,31.7733417,35.2368194,Wikidata: Q20050747,Jerusalem,Israel,
Simmeringer Friedhof,48.170705555,16.423241666,Wikidata: Q2287236,Vienna,Austria,
Simonscher Friedhof,50.2732,10.9618,Wikidata: Q1512763,Coburg,Germany,
Simose Art Museum,34.241275,132.227025,Wikidata: Q132176507,Ōtake-shi,Japan,
Simsbury Bank and Trust Company Building,41.875278,-72.801667,Wikidata: Q7521251,Connecticut,United States,
Singapore Indoor Stadium,1.300555555,103.874444444,Wikidata: Q618988,Kallang,Singapore,
Singer Building (Tehran),35.691611111,51.424055555,Wikidata: Q42707292,District 12,Iran,
Singer House,59.935833333,30.325555555,Wikidata: Q737377,Tsentralny District,Russia,
Sint-Jan Evangelistkerk,51.176494444,4.377911111,Wikidata: Q108667292,Antwerp,Belgium,
Sint-Jozefkapel (Tielrode),51.110635,4.174435,Wikidata: Q2131557,Temse,Belgium,
Sint-Jozefkerk,51.253841666,4.460161111,Wikidata: Q56084866,Antwerp,Belgium,
Sint-Rochuskerk (Saint-Roch),50.731233333,4.243911111,Wikidata: Q124359320,Halle,Belgium,
Site containing at least seven burial mounds in Vijlenerbos,50.7657,5.982,Wikidata: Q17455828,Vaals,Netherlands,
Sittard War Cemetery,50.9891,5.8543,Wikidata: Q2922473,Sittard-Geleen,Netherlands,
six sépultures circulaires sous tertre tumulaire,47.634583,-2.957083,Wikidata: Q22992078,Le Bono,France,
Sixth ENI Office Building,45.422384,9.258486,Wikidata: Q77009188,San Donato Milanese,Italy,
Skelhøj,55.41270146,8.870961538,Wikidata: Q7534453,Vejen Municipality,Denmark,
Skogskyrkogården,59.275555555,18.099444444,Wikidata: Q213988,Stockholm,Sweden,
Skopje Train Station,41.9912,21.4459,Wikidata: Q3097759,Centar Municipality,North Macedonia,
Slávičie údolie cemetery,48.156262,17.068139,Wikidata: Q1164326,Karlova Ves,Slovakia,
Slavín,48.153888888,17.099722222,Wikidata: Q1553111,Bratislava,Slovakia,
Slavonski Brod Synagogue,45.155426,18.01263,Wikidata: Q7539504,Slavonski Brod,Croatia,
Sleep Train Pavilion,37.9597,-121.946,Wikidata: Q7539731,Concord,United States,
Sleepy Hollow Cemetery,41.096944444,-73.860277777,Wikidata: Q360779,Sleepy Hollow,United States,
Sleepy Hollow Cemetery,42.4633,-71.3444,Wikidata: Q2972565,Concord,United States,
Smith Tower,47.601925,-122.331730555,Wikidata: Q1196348,Seattle,United States,
Smolensk Armenian cemetery,59.948333333,30.253611111,Wikidata: Q4424992,Saint Petersburg,Russia,
Smolenskoye Orthodox Cemetery,59.94333333,30.24861111,Wikidata: Q2444377,Vasileostrovsky District,Russia,
Smolensky Lutheran Cemetery,59.951111111,30.254166666,Wikidata: Q2972631,Vasileostrovsky District,Russia,
Smolny Institute,59.946388888,30.396388888,Wikidata: Q728971,Smolny Passage,Russia,
Snubbekorset,55.67588,12.30084,Wikidata: Q12336224,Høje-Taastrup Municipality,Denmark,
Soccer City Stadium,-26.234806,27.982378,Wikidata: Q163521,,,
Social Science Research Center Berlin,52.5066,13.3651,Wikidata: Q104529940,Bezirk Mitte,Germany,
Socx Churchyard,50.936204,2.422682,Wikidata: Q1819538,Socx,France,
Söderala 33:1,61.285466,16.981443,Wikidata: Q29359450,Söderhamn Municipality,Sweden,
Söderhamn 1:1,61.298017,17.045497,Wikidata: Q29359875,Söderhamn Municipality,Sweden,
Söderhamn 1:2,61.297937,17.04531,Wikidata: Q29359876,Söderhamn Municipality,Sweden,
Soestdijk Palace,52.19333,5.27944,Wikidata: Q234048,Baarn,Netherlands,
Soffiano Cemetery,43.76246389,11.21493333,Wikidata: Q3676950,Florence,Italy,
SoFi Stadium,33.9504,-118.338,Wikidata: Q19520501,,,
Soldatenfriedhof Böddeken,51.584,8.67,Wikidata: Q2298577,Büren,Germany,
Soldatenfriedhof Dahn,49.1458,7.78708,Wikidata: Q1157498,Dahn,Germany,
Soldatenfriedhof Mauthausen,48.247430555,14.546338888,Wikidata: Q2298591,Mauthausen,Austria,
Soldier Field,41.8625,-87.616666666,Wikidata: Q1132413,,,
Solitude Palace,48.786944444,9.084166666,Wikidata: Q561962,Stuttgart-West,Germany,
Solomianka cemetery,50.428333333,30.471111111,Wikidata: Q3406822,Solomianka Raion,Ukraine,
Solow Building,40.7639,-73.9748,Wikidata: Q632019,New York,United States,
Somain Communal Cemetery,50.365514,3.280472,Wikidata: Q2495617,Somain,France,
Somerset House,51.511111111,-0.117777777,Wikidata: Q1344889,City of Westminster,United Kingdom,
Somerville City Hall,42.3872,-71.09819,Wikidata: Q7559965,Somerville,United States,
Sopelana,43.380278,-2.978889,Wikidata: Q3045479,Sopela,Spain,
Soros,38.117969,23.978326,Wikidata: Q17276497,Marathonas Municipality,Greece,
Sorring Låddenhøj,56.181350594,9.790325012,Wikidata: Q23746333,Silkeborg Municipality,Denmark,
Sorvali Cemetery,60.7317802,28.6995935,Wikidata: Q4429000,Vyborg,Russia,
Soues churchyard,49.955346,2.055847,Wikidata: Q4308155,Soues,France,
South Blockhouse,46.914322,-121.643277,Wikidata: Q97852658,Pierce County,United States,
South Campground Comfort Station,37.203596,-112.983217,Wikidata: Q63604428,Washington County,United States,
South Cemetery Wiesbaden,50.060388888,8.268055555,Wikidata: Q2164411,Wiesbaden,Germany,
South Park Street Cemetery,22.546568,88.36039,Wikidata: Q2972549,"Ward No. 63, Kolkata Municipal Corporation",India,
South Providence Library-Providence Community Library,41.801944,-71.414167,Wikidata: Q7568275,Rhode Island,United States,
South Wimbledon tube station,51.415275,-0.192079,Wikidata: Q1974760,London Borough of Merton,United Kingdom,
Southern Han Mausoleums Museum,23.05073,113.37789,Wikidata: Q232014,Xiaoguwei Subdistrict,China,
Soviet Cemetery Weimar,50.9749,11.3316,Wikidata: Q2305043,Weimar,Germany,
Soviet Military Cemetery,52.2025,20.986666666,Wikidata: Q1572695,Warsaw,Poland,
Soviet military cemetery in Augustów,53.851864,22.989712,Wikidata: Q647751,Augustów,Poland,
Soviet military cemetery in Bielsko-Biała,49.8291,19.0656,Wikidata: Q649359,Bielsko-Biała,Poland,
Soviet military cemetery in Suwałki,54.1391,22.9325,Wikidata: Q891571,Suwałki,Poland,
Soviet military cemetery in Żywiec,49.694238888,19.226583333,Wikidata: Q3890418,Żywiec,Poland,
Soviet officers cemetery in Wrocław,51.065555555,17.003611111,Wikidata: Q4222840,Wrocław,Poland,
Soviet prisoners of war and soldiers cemetery in Zambrów,52.972263888,22.258030555,Wikidata: Q4222842,Zambrów,Poland,
Soviet War Memorial,52.516603,13.371931,Wikidata: Q32660126,Berlin,Germany,
Soviet War Memorial,52.486111,13.471667,Wikidata: Q48441,Berlin,Germany,
Soviet war memorial in Woltersdorf,52.450777777,13.752555555,Wikidata: Q1921512,Woltersdorf,Germany,
Soviet War Memorial Schönholzer Heide,52.581666666,13.3725,Wikidata: Q49745,Pankow,Germany,
Sovske cemetery,50.4075,30.473889,Wikidata: Q4426634,Kyiv,Ukraine,
Sowjetische Kriegsgräberstätte Simmerath-Rurberg,50.6094,6.36538,Wikidata: Q2305024,Simmerath,Germany,
Sowjetischer Ehrenfriedhof Baruth/Mark,52.0666275,13.50713158,Wikidata: Q2545350,Baruth/Mark,Germany,
Sowjetischer Ehrenfriedhof Reitwein,52.5006,14.5783,Wikidata: Q2305023,Reitwein,Germany,
Sowjetischer Friedhof in Belvedere,50.9501,11.3481,Wikidata: Q1580492,Weimar,Germany,
Sowjetischer Garnisonfriedhof,51.078333333,13.773333333,Wikidata: Q2305110,Dresden,Germany,
Sowjetischer Garnisonsfriedhof Eberswalde,52.8356,13.7925,Wikidata: Q1650730,Eberswalde,Germany,
Space Needle,47.6204,-122.3491,Wikidata: Q5317,Seattle,United States,
Sparks Hall,42.819722,-103,Wikidata: Q43371246,Chadron,United States,
Spencer House,43.032925,-76.126669,Wikidata: Q7576086,New York,United States,
Speyer Cathedral,49.317222,8.4425,Wikidata: Q22720,Speyer,Germany,
Spitalkirche Heilig Geist,47.5663,10.70036,Wikidata: Q41217721,Füssen,Germany,
Spring Grove Cemetery,39.164558333,-84.522672222,Wikidata: Q2313810,Cincinnati,United States,
SQY Ouest,48.783887,2.040601,Wikidata: Q113841017,Montigny-le-Bretonneux,France,
Srebrenica Genocide Memorial,44.158056,19.301667,Wikidata: Q6127500,Potočari,Bosnia and Herzegovina,
St Andrew's Cathedral,55.855672455,-4.252836473,Wikidata: Q2002811,Glasgow City,United Kingdom,
St Botolph Building,51.514822222,-0.077116666,Wikidata: Q20639499,London,United Kingdom,
"St Gabriel's Church, Blackburn",53.774479,-2.476983,Wikidata: Q78596928,Blackburn with Darwen,United Kingdom,
St Machar's Cathedral,57.169804225,-2.102425863,Wikidata: Q2380110,Aberdeen City,United Kingdom,
St Maria and Clemens Church,50.750669,7.114978,Wikidata: Q322935,Beuel,Germany,
St Mark's Campanile,45.434027777,12.339027777,Wikidata: Q754194,Venice,Italy,
St Mark's Clocktower,45.434722222,12.338888888,Wikidata: Q966625,Venice,Italy,
St Martin-in-the-Fields,51.508888888,-0.126944444,Wikidata: Q1335201,City of Westminster,United Kingdom,
St Pancras railway station,51.53,-0.125277777,Wikidata: Q720102,London Borough of Camden,United Kingdom,
St Patrick's Cathedral,-37.8101,144.976,Wikidata: Q1138670,City of Melbourne,Australia,
St Paul's Cathedral,51.513777777,-0.098305555,Wikidata: Q173882,London,United Kingdom,
St Peter's Seminary,55.970299811,-4.640545872,Wikidata: Q1454854,Argyll and Bute,United Kingdom,
St. Albans Post Office,38.3864,-81.8358,Wikidata: Q7586749,West Virginia,United States,
St. Albert,49.2482,6.992,Wikidata: Q2316901,Saarbrücken,Germany,
St. Andreas Church,50.941869,6.954911,Wikidata: Q564898,Altstadt-Nord,Germany,
St. Andrews Patrol Cabin,46.8361,-121.903,Wikidata: Q7586942,Pierce County,United States,
St. Anne's Church,52.246189468,21.014217961,Wikidata: Q1798910,Warsaw,Poland,
St. Ansgar's Cathedral,55.686111111,12.5925,Wikidata: Q1238512,Copenhagen Municipality,Denmark,
St. Augustinus,49.071411,10.888982,Wikidata: Q11080109,Ellingen,Germany,
St. Bartholomew parish church with parish house and cemetery,46.22945,8.71505,Wikidata: Q3669477,Maggia,Switzerland,
St. Basil's Cathedral,55.7525,37.623055555,Wikidata: Q129846,,,
St. Bonaventure Church,41.8960242,-98.0515033,Wikidata: Q7587320,Boone County,United States,
St. Clare's Church,40.547,-74.15,Wikidata: Q7587600,New York,United States,
St. Cyriakus,51.724356,11.136042,Wikidata: Q551367,Quedlinburg,Germany,
St. Fronleichnam,50.8880802,7.065965,Wikidata: Q62587785,Porz,Germany,
St. Gertrud,50.9519,6.95181,Wikidata: Q2318650,Neustadt-Nord,Germany,
St. Hallvard's Church and Monastery,59.9127,10.7691,Wikidata: Q2596230,Oslo Municipality,Norway,
St. Hans hög,55.435575,13.127604,Wikidata: Q18332810,Trelleborg Municipality,Sweden,
St. Hedwig's Cathedral,52.515833333,13.394722222,Wikidata: Q170123,Bezirk Mitte,Germany,
St. Ignatius,50.1189,8.67167,Wikidata: Q1657371,Frankfurt,Germany,
St. Jakob-Park,47.541389,7.62,Wikidata: Q190010,Basel,Switzerland,
St. Johannes Baptist,51.8491,8.27776,Wikidata: Q2319309,Rheda-Wiedenbrück,Germany,
St. Johannes der Täufer,50.9242188,6.9210348,Wikidata: Q62587808,Lindenthal,Germany,
St. John Cemetery,40.715,-73.8669,Wikidata: Q3945111,New York,United States,
St. John Useknovensky cemetery,50.008333333,36.25,Wikidata: Q4202546,Kharkiv,Ukraine,
St. John's AF & AM Lodge,32.34730267,-95.30380455,Wikidata: Q7588572,Smith County,United States,
St. John's Cemetery,52.26,8.05358,Wikidata: Q1698920,Osnabrück,Germany,
"St. John's Church, Philadelphia",39.962778,-75.1425,Wikidata: Q7588623,Philadelphia,United States,
St. Josef,51.0805,6.605,Wikidata: Q2319597,Grevenbroich,Germany,
St. Joseph,50.8863309,7.0019849,Wikidata: Q62587821,Rodenkirchen,Germany,
"St. Kolumba, Cologne",50.9383,6.95408,Wikidata: Q2319949,Altstadt-Nord,Germany,
St. Konrad und Elisabeth (Freiburg),48.0087,7.84958,Wikidata: Q2319969,Freiburg im Breisgau,Germany,
St. Laurent-Blangy Communal Cemetery,50.3055,2.8078,Wikidata: Q1855539,Saint-Laurent-Blangy,France,
St. Ludwig,49.3161,6.7515,Wikidata: Q1559426,Saarlouis,Germany,
St. Mariä Heimsuchung,50.714543,7.015516,Wikidata: Q41534329,Alfter,Germany,
St. Mariä Himmelfahrt,51.2307,6.81128,Wikidata: Q2320983,Düsseldorf,Germany,
St. Maria im Kapitol,50.934638888,6.958611111,Wikidata: Q598352,Altstadt-Süd,Germany,
St. Maria Königin (Düsseldorf),51.2843,6.7942,Wikidata: Q1523159,Lichtenbroich,Germany,
St. Martin-au-Laert Churchyard,50.754798,2.235605,Wikidata: Q1882794,Saint-Martin-lez-Tatinghem,France,
St. Marx Cemetery,48.182777777,16.401666666,Wikidata: Q695321,Vienna,Austria,
St. Mary's Royal Church,50.859166666,4.368888888,Wikidata: Q3586107,Schaerbeek,Belgium,
St. Matthäus,51.1387,6.89926,Wikidata: Q2321428,Garath,Germany,
St. Michael's Church,52.1529,9.9435,Wikidata: Q158324,Hildesheim,Germany,
"St. Michael's Church, Munich",48.13884,11.57038,Wikidata: Q265745,Altstadt-Lehel,Germany,
St. Mihiel American Cemetery and Memorial,48.956983333,5.853066666,Wikidata: Q647265,Thiaucourt-Regniéville,France,
St. Nechtan's Chapel and Burial Ground,55.62787,-6.2204459,Wikidata: Q1638496,Argyll and Bute,United Kingdom,
"St. Nicholas Church, Hamburg",53.5475,9.990555555,Wikidata: Q425622,Hamburg-Mitte,Germany,
St. Nicholas Greek Orthodox Church,40.71013,-74.01322,Wikidata: Q18157,New York,United States,
"St. Nicholas Roman Catholic Church, Kyiv",50.4269,30.5176,Wikidata: Q1907145,Kyiv,Ukraine,
St. Nicholas' Church,52.3963,13.0608,Wikidata: Q573737,Potsdam,Germany,
St. Olav's Cathedral,59.918156,10.744135,Wikidata: Q1552134,Oslo Municipality,Norway,
St. Oswald in Eberstein,46.8186,14.587,Wikidata: Q1120591,Eberstein,Austria,
St. Patrick's Cathedral,40.758611111,-73.976388888,Wikidata: Q624556,New York,United States,
St. Paul,51.8391,6.64234,Wikidata: Q2322323,Bocholt,Germany,
"St. Paul's Cathedral, Dunedin",-45.873611111,170.502538888,Wikidata: Q2972691,Dunedin City,New Zealand,
"St. Paul's Church, Frankfurt am Main",50.111111111,8.680833333,Wikidata: Q198106,Frankfurt-Innenstadt I,Germany,
St. Peter's and St. Paul's Cathedral,59.438055555,24.748611111,Wikidata: Q2322737,Tallinn City,Estonia,
St. Peter's Basilica,41.902222222,12.453416666,Wikidata: Q12512,Vatican City,Vatican City,
St. Peter's Cathedral,52.277569,8.044722,Wikidata: Q471633,Osnabrück,Germany,
St. Pierre Cathedral,46.201111111,6.148611111,Wikidata: Q666516,Geneva,Switzerland,
St. Pierre Cemetery,49.911544,2.327942,Wikidata: Q2735013,Amiens,France,
St. Pölten dome,48.205077777,15.627197222,Wikidata: Q94875,St. Pölten,Austria,
St. Rochus Cemetery,49.4475,11.060277777,Wikidata: Q1569173,Nuremberg,Germany,
St. Sava's Serbian Orthodox Seminary,42.3336,-87.9508,Wikidata: Q1562832,Lake County,United States,
St. Sebastian's Cemetery,47.804544444,13.046983333,Wikidata: Q1635749,Salzburg,Austria,
"St. Stephan, Brühl",50.830038,6.920179,Wikidata: Q106501077,Brühl,Germany,
St. Stephen's Basilica,47.500833,19.053889,Wikidata: Q338665,Budapest District V,Hungary,
St. Theresia,50.9640259,7.0229831,Wikidata: Q62588245,Buchheim,Germany,
"St. Thomas im Walde, Unterpremstätten",46.9669,15.4002,Wikidata: Q1495994,Premstätten,Austria,
St. Valery-sur-Somme Communal Cemetery,50.186889,1.630056,Wikidata: Q1852938,Saint-Valery-sur-Somme,France,
St. Vitus Cathedral,50.090833333,14.400555555,Wikidata: Q5949,Prague 1,Czech Republic,
St.-Jürgen-Friedhof,54.3137,10.1302,Wikidata: Q1029658,Kiel,Germany,
St.-Lukas-Kirche,53.0624,8.76461,Wikidata: Q1688428,Huchting,Germany,
St.-Pauli-Friedhof,51.0874,13.7413,Wikidata: Q1672233,Dresden,Germany,
Stade de France,48.924444444,2.36,Wikidata: Q13205,,,
Stade de la Beaujoire,47.2561,-1.52466,Wikidata: Q1053455,,,
Stade Vélodrome,43.269241,5.394907,Wikidata: Q202150,,,
Stadio Artemio Franchi,43.780822,11.282258,Wikidata: Q270474,,,
Stadio comunale,41.2707828,16.414481,Wikidata: Q3967921,Trani,Italy,
Stadio Friuli,46.081603,13.200136,Wikidata: Q640031,,,
Stadio Luigi Ferraris,44.416431,8.952428,Wikidata: Q271568,,,
Stadio Olimpico,41.933888888,12.454722222,Wikidata: Q159884,,,
Stadio Renato Dall'Ara,44.4922,11.3098,Wikidata: Q757182,,,
Stadio Renzo Barbera,38.152767,13.342275,Wikidata: Q28500,,,
Stadio San Nicola,41.084736,16.840072,Wikidata: Q328698,Bari,Italy,
Stadion Energa Gdańsk,54.39,18.640278,Wikidata: Q182385,,,
Stadion Poljud,43.519444,16.431667,Wikidata: Q841384,,,
Stadionweg 44,52.347443,4.880514,Wikidata: Q17292354,Amsterdam,Netherlands,
Stadium Municipal,43.583296,1.434055,Wikidata: Q738044,,,
Stadlauer Friedhof,48.220277777,16.456944444,Wikidata: Q1495770,Donaustadt,Austria,
Stadtcasino Basel,47.554444444,7.589444444,Wikidata: Q2327045,Basel,Switzerland,
Stadtfriedhof Ricklingen,52.3322,9.71083,Wikidata: Q985067,Ricklingen,Germany,
Städtischer Friedhof Pankow IX,52.608602777,13.42865,Wikidata: Q1457390,Pankow,Germany,
Stadttheater Klagenfurt,46.6269,14.3052,Wikidata: Q872374,Klagenfurt am Wörthersee,Austria,
Stadttor,51.215544444,6.761222222,Wikidata: Q881790,Düsseldorf,Germany,
"Stadtvilla an der Rauchstraße, Haus 1",52.5096,13.3465,Wikidata: Q119843323,Bezirk Mitte,Germany,
"Stadtvilla an der Rauchstraße, Haus 8",52.509,13.3477,Wikidata: Q119843207,Bezirk Mitte,Germany,
Stahl House,34.1004,-118.37,Wikidata: Q2328939,West Hollywood,United States,
Standard Bank Centre,-26.206594,28.039383,Wikidata: Q7598177,City of Johannesburg Metropolitan Municipality,South Africa,
Stanislav-Adziogol Lighthouse,46.492333333,32.232611111,Wikidata: Q380270,Oleksandrivka,Ukraine,
Staple churchyard,50.748913,2.455701,Wikidata: Q2711533,Staple,France,
Stata Center,42.36154,-71.09056,Wikidata: Q3312712,Cambridge,United States,
State Art Museum of Uzbekistan,41.302758333,69.277844444,Wikidata: Q4146885,Tashkent,Uzbekistan,
State Historical Museum,55.755,37.618055555,Wikidata: Q1140429,,,
State Kremlin Palace,55.751388888,37.615555555,Wikidata: Q2033910,Tverskoy District,Russia,
State Library Victoria,-37.8098,144.965,Wikidata: Q1200052,City of Melbourne,Australia,
State Office Building,43.071944,-89.381667,Wikidata: Q7603447,Madison,United States,
Statistisches Landesamt,51.2446,6.7783,Wikidata: Q128602753,District 1,Germany,
Statue of Liberty,40.689209166,-74.044425277,Wikidata: Q9202,New York City,United States,
Ste. Marie-Cappel Churchyard,50.78398,2.508527,Wikidata: Q2739022,Sainte-Marie-Cappel,France,
Steel Visitor Center,42.896918,-122.134306,Wikidata: Q36049254,Klamath County,United States,
Steenwerck Communal Cemetery,50.7008,2.7721,Wikidata: Q2029155,Steenwerck,France,
Stephanuskirche (Wolfsburg),52.3943,10.7542,Wikidata: Q11722211,Wolfsburg,Germany,
Stevens Building,29.424167,-98.489167,Wikidata: Q7615461,Texas,United States,
Stiefel Theatre for the Performing Arts,38.83847,-97.60876,Wikidata: Q23035365,Salina,United States,
Stillman F. Kelley House,42.38525,-71.123471,Wikidata: Q125494991,Cambridge,United States,
Stirzenhofstraße 21,50.694154,7.164264,Wikidata: Q17639699,Bad Godesberg,Germany,
Stockholm City Hall,59.3275,18.054722,Wikidata: Q648483,Stockholm,Sweden,
Stockholm Mosque,59.315789,18.074736,Wikidata: Q1193675,Stockholm,Sweden,
Stockholm Olympic Stadium,59.345278,18.078889,Wikidata: Q727078,,,
Stockholm Palace,59.326666666,18.071666666,Wikidata: Q750444,Stockholm,Sweden,
Stockholm Synagogue,59.331891666,18.074208333,Wikidata: Q619484,Stockholm,Sweden,
Stockton-Montmorency,39.7922,-75.6278,Wikidata: Q17305560,New Castle County,United States,
Stoclet Palace,50.83514,4.41625,Wikidata: Q239028,,,
Stolzenfels Castle,50.3032,7.59242,Wikidata: Q833779,Koblenz,Germany,
Storsjö 74:1,62.85081,12.79622,Wikidata: Q10508474,Berg Municipality,Sweden,
Strawberry Arena,59.3725,18,Wikidata: Q1138684,,,
Strazeele cemetery,50.728695,2.624649,Wikidata: Q2237146,Strazeele,France,
Strong's Block,42.326389,-71.231389,Wikidata: Q7624432,Newton,United States,
Strossova vila,50.7723971,15.0770013,Wikidata: Q33310707,Kristiánov,Czech Republic,
Strusshamn Church,60.4012,5.1893,Wikidata: Q18555513,Askøy Municipality,Norway,
Stubbs–Ballah House,42.036541,-97.420864,Wikidata: Q30624093,Norfolk,United States,
Students' Hall,40.808889,-73.964444,Wikidata: Q7627931,New York,United States,
Studio house,52.36076,4.62818,Wikidata: Q17201978,Heemstede,Netherlands,
Stummhaus,51.2203,6.77671,Wikidata: Q1400490,Düsseldorf,Germany,
Stureparken,59.3425,18.077222222,Wikidata: Q1698824,Stockholm,Sweden,
Stuttgart Forest Cemetery,48.752,9.145138888,Wikidata: Q2541525,Stuttgart,Germany,
Subotica Synagogue,46.101666666,19.661388888,Wikidata: Q1039834,Subotica,Serbia,
Suburban Station,39.95425,-75.167,Wikidata: Q1531481,Philadelphia,United States,
Sūdėnų pilkapynas,56.09163611,21.21869167,Wikidata: Q12674451,Kretinga Municipality,Lithuania,
Südfriedhof,54.3121,10.1151,Wikidata: Q1288001,Kiel,Germany,
Südwestfriedhof,48.1614,16.2989,Wikidata: Q1444316,Hetzendorf,Austria,
Südwestkirchhof Stahnsdorf,52.3889,13.1806,Wikidata: Q882748,Stahnsdorf,Germany,
Sugarloaf Mound,38.5749,-90.231,Wikidata: Q14688110,St. Louis,United States,
Šukių piliakalnis,54.599,22.92777778,Wikidata: Q12680155,Šeimena Eldership,Lithuania,
Süleymaniye Mosque,41.016111111,28.963888888,Wikidata: Q178643,,,
Sultan Ahmed Mosque,41.0053851,28.9768247,Wikidata: Q80541,,,
Sultan Bayezid II Complex,41.685861111,26.544105555,Wikidata: Q6055477,Edirne Province,Turkey,
Sumida Hokusai Museum,35.6951,139.7981,Wikidata: Q17220332,Tokyo,Japan,
Summit Trench Cemetery,50.212911,2.863445,Wikidata: Q2757915,Croisilles,France,
Sun Yard,47.407274,9.464803,Wikidata: Q19362455,Trogen,Switzerland,
"Sunken Road Cemetery,  Villers-Plouich",50.081056,3.125184,Wikidata: Q1917118,Villers-Plouich,France,
Sunne 1:1,63.130994,14.431044,Wikidata: Q29381530,Östersund Municipality,Sweden,
Sunrise Comfort Station,46.914746,-121.642703,Wikidata: Q7641074,Pierce County,United States,
Sunrise Visitor Center,46.914452,-121.643494,Wikidata: Q36978405,Pierce County,United States,
Sunshine 60,35.729583333,139.717777777,Wikidata: Q602942,Tokyo,Japan,
"Superintendent's Residence, Great Sand Dunes National Monument",37.724985,-105.518936,Wikidata: Q7643459,Alamosa County,United States,
Superjednostka,50.26351389,19.02052778,Wikidata: Q2367681,Katowice,Poland,
Supremo Tribunal Federal building,-15.802169,-47.861852,Wikidata: Q10270275,Brasília,Brazil,
Surcamps Churchyard,50.069903,2.074377,Wikidata: Q2186469,Surcamps,France,
Suresnes American Cemetery and Memorial,48.871811111,2.218013888,Wikidata: Q2972491,Suresnes,France,
Svartsjö Palace,59.36277778,17.72777778,Wikidata: Q337996,Ekerö Municipality,Sweden,
Sverigehuset,59.3325,18.07,Wikidata: Q9209565,Stockholm,Sweden,
Swissôtel The Stamford,1.2932771,103.8535076,Wikidata: Q1343055,Downtown Core,Singapore,
Sylvan Lake Lodge,43.844838505,-103.5664821,Wikidata: Q106714926,Custer County,United States,
Symphony Center,41.878888888,-87.625,Wikidata: Q2154167,Chicago,United States,
Synagoge,48.8594,16.0472,Wikidata: Q12057953,Znojmo,Czech Republic,
Synagogue Beuel,50.7387,7.12112,Wikidata: Q1456935,Beuel,Germany,
Synagogue in Čáslav,49.9127,15.3928,Wikidata: Q12057934,Nové Město,Czech Republic,
Synagogue in Opava,49.9392,17.8969,Wikidata: Q3505015,Opava,Czech Republic,
Synagogue in Zrenjanin,45.378611111,20.393611111,Wikidata: Q89267485,Zrenjanin,Serbia,
Synagogue of Besançon,47.24133333,6.02144444,Wikidata: Q1141086,Besançon,France,
Synagogue of Châlons-en-Champagne,48.95477778,4.36194444,Wikidata: Q2375419,Châlons-en-Champagne,France,
Synagogue of Turin,45.060267,7.6821416,Wikidata: Q3508094,Turin,Italy,
Szałas,50.060000135,18.723208458,Wikidata: Q135684634,Żory,Poland,
Széchenyi thermal bath,47.518333333,19.082222222,Wikidata: Q194783,Zugló,Hungary,
Szeged Synagogue,46.253901,20.142649,Wikidata: Q834288,Szeged,Hungary,
T-Building,62.237613,25.735219,Wikidata: Q28464278,Jyväskylä,Finland,
T&P Station,32.74604606,-97.32965996,Wikidata: Q7667715,Fort Worth,United States,
Ta' Tabibu farmhouse,35.948352777,14.391802777,Wikidata: Q20949733,St. Paul's Bay,Malta,
Taber Hill,43.759,-79.235,Wikidata: Q180100,Toronto,Canada,
Tábornická škola v Lipnici nad Sázavou,49.617878611,15.392406888,Wikidata: Q131913253,Lipnice nad Sázavou,Czech Republic,
Taganrog Old Cemetery,47.207018,38.9018383,Wikidata: Q2972494,Taganrog,Russia,
Taichung Condominium Tower,24.155,120.645555555,Wikidata: Q85878966,Taichung,Taiwan,
Taichung Metropolitan Opera House,24.1628,120.641,Wikidata: Q555338,Taichung,Taiwan,
Taipei 101,25.033611111,121.564722222,Wikidata: Q83101,Xicun Village,Taiwan,
Taj Mahal,27.175,78.041944444,Wikidata: Q9141,Agra,India,
Takamatsuzuka Tomb,34.46222222,135.80647222,Wikidata: Q1039675,Nara,Japan,
Tallberget,59.89141306,10.82458,Wikidata: Q12005124,Oslo Municipality,Norway,
Tama Cemetery,35.685277777,139.509722222,Wikidata: Q982473,Tokyo,Japan,
Taman Prasasti Museum,-6.172192095,106.81897352,Wikidata: Q4264481,Jakarta,Indonesia,
Tampere Cathedral,61.50250611,23.76979899,Wikidata: Q1236638,Tampere,Finland,
Tank Cemetery,50.256842,2.879779,Wikidata: Q3515209,Guémappe,France,
Taplow burial,51.5311,-0.6951,Wikidata: Q7684716,Taplow,United Kingdom,
Tarczyński Arena Wrocław,51.141111111,16.943611111,Wikidata: Q188706,,,
Tauride Palace,59.947777777,30.375833333,Wikidata: Q676093,Saint Petersburg,Russia,
Taylor County Courthouse,32.556944,-84.2375,Wikidata: Q7689923,Butler,United States,
Taylor School,41.534722,-90.586111,Wikidata: Q7690124,Iowa,United States,
Taza Pir Mosque,40.372097,49.828671,Wikidata: Q2096562,Yasamal raion,Azerbaijan,
Tbilisi Opera and Ballet Theatre,41.701078,44.796285,Wikidata: Q2596393,Tbilisi,Georgia,
TC Energy Center,29.7605,-95.3666,Wikidata: Q806669,Houston,United States,
Team Disney Orlando,28.36539,-81.52133,Wikidata: Q3516699,Central Florida Tourism Oversight District,United States,
Teampull na Trionaid,57.520315,-7.3200627,Wikidata: Q2684244,Outer Hebrides,United Kingdom,
Teaticket School,41.569167,-70.605556,Wikidata: Q7691874,Falmouth,United States,
Teatro Arriaga,43.259484881,-2.92491985,Wikidata: Q3750900,Bilbao,Spain,
Teatro di San Carlo,40.837388229,14.2496871,Wikidata: Q628491,,,
Teatro Falla,36.53369878,-6.302386253,Wikidata: Q5594070,Cádiz,Spain,
Teatro Farnese,44.804918055,10.326008055,Wikidata: Q1507811,Parma,Italy,
Teatro La Fenice,45.4337,12.3339,Wikidata: Q223942,,,
Teatro Lirico di Cagliari,39.2258,9.12329,Wikidata: Q1453465,Cagliari,Italy,
Teatro Maria Della Costa,-23.5547,-46.64933,Wikidata: Q7691928,São Paulo,Brazil,
Teatro Massimo Bellini,37.504167,15.09,Wikidata: Q1429352,Catania,Italy,
Tehran Museum of Contemporary Art,35.711388888,51.390555555,Wikidata: Q1756399,District 6,Iran,
Tel Aviv City Hall,32.0819,34.7806,Wikidata: Q2904108,Tel Aviv,Israel,
Telecentre building,41.7145,44.7789,Wikidata: Q136334577,Saburtalo District,Georgia,
Telecommunications office,52.4958,13.357808,Wikidata: Q61768673,Tempelhof-Schöneberg,Germany,
Telekom Tower,3.115833,101.666111,Wikidata: Q118214,Kuala Lumpur,Malaysia,
Telephone exchange Dejvice,50.098927777,14.388625,Wikidata: Q28426153,Prague 6,Czech Republic,
Teleport Tower,52.385555555,4.843333333,Wikidata: Q106780947,Amsterdam,Netherlands,
Telfair County Courthouse and Jail,32.06694444,-82.89666667,Wikidata: Q17049968,McRae-Helena,United States,
Tempietto,41.88875,12.46641667,Wikidata: Q12960184,Rome,Italy,
Tempio Malatestiano,44.059952,12.570276,Wikidata: Q1268593,Rimini,Italy,
Temple of Athena Nike,37.9715,23.7249,Wikidata: Q384813,,,
Temple of Ephesian Artemis,37.949722,27.363889,Wikidata: Q43018,,,
Temple of Israel,34.2355,-77.9444,Wikidata: Q7698730,North Carolina,United States,
Tenney Building,43.075,-89.381666666,Wikidata: Q54952980,Madison,United States,
Ter Navolging (Tiel),51.8904,5.42688,Wikidata: Q1858776,Tiel,Netherlands,
"Ter Navolging Cemetery, Scheveningen",52.102522,4.277337,Wikidata: Q2874803,The Hague,Netherlands,
Terdeghem churchyard,50.798664,2.539252,Wikidata: Q2188392,Terdeghem,France,
Terminal Annex,34.06,-118.235278,Wikidata: Q2466390,Los Angeles,United States,
Terminal Commerce Building,39.959722,-75.155,Wikidata: Q7702652,Pennsylvania,United States,
Terminal Rodoviário de Londrina,-23.30935833,-51.15018333,Wikidata: Q6586991,Londrina,Brazil,
Terminal Sales Building,45.520544,-122.683486,Wikidata: Q7702687,Portland,United States,
Terrain with 9 tumuli,52.26891,6.48677,Wikidata: Q17454169,Hof van Twente,Netherlands,
terrain with four tumuli and an urn field Aan de Watermolen,51.24281,5.91367,Wikidata: Q17455799,Leudal,Netherlands,
Terrain with tumulus #45952,51.98641,5.73581,Wikidata: Q17454346,Renkum,Netherlands,
Terrain with tumulus #45956,51.99839,5.7363,Wikidata: Q17454351,Renkum,Netherlands,
Terrain with two tumuli,51.98413,5.73617,Wikidata: Q17454345,Renkum,Netherlands,
Terre Haute Post Office and Federal Building,39.467222,-87.4075,Wikidata: Q7703355,Indiana,United States,
Terrein met drie grafheuvels,53.05134,6.65069,Wikidata: Q17452818,Aa en Hunze,Netherlands,
Terrein met een grafheuvel,53.076825,6.692119,Wikidata: Q17454814,Tynaarlo,Netherlands,
Terrein met een grafheuvel,53.13865,6.58351,Wikidata: Q17453656,Tynaarlo,Netherlands,
Terrein met grafheuvel,53.06071,6.69662,Wikidata: Q17452790,Aa en Hunze,Netherlands,
Terrein met grafheuvel,52.30437,5.67691,Wikidata: Q17454845,Harderwijk,Netherlands,
Terrein met twee grafheuvels,53.10144,6.65469,Wikidata: Q17453661,Tynaarlo,Netherlands,
Terrein met twee grafheuvels,53.1079,6.65051,Wikidata: Q17453923,Tynaarlo,Netherlands,
Terrein met zes en vermoedelijk acht grafheuvels,53.02911,6.71087,Wikidata: Q17452802,Aa en Hunze,Netherlands,
Terrein waarin 2 grafheuvels,51.38996,5.36266,Wikidata: Q17454661,Eersel,Netherlands,
Terrein waarin 2 grafheuvels,52.3049,5.81968,Wikidata: Q17453806,Nunspeet,Netherlands,
Terrein waarin 2 grafheuvels,52.22825,5.87179,Wikidata: Q17453304,Apeldoorn,Netherlands,
Terrein waarin 23 grafheuvels,52.25264,5.68897,Wikidata: Q17453797,Ermelo,Netherlands,
Terrein waarin 3 grafheuvels,52.25498,5.66816,Wikidata: Q17454242,Putten,Netherlands,
Terrein waarin 3 grafheuvels,52.21559,5.8726,Wikidata: Q17453309,Apeldoorn,Netherlands,
Terrein waarin 4 grafheuvels,52.40962,6.04656,Wikidata: Q17453705,Heerde,Netherlands,
Terrein waarin 5 grafheuvels,52.4166,6.84886,Wikidata: Q17454604,Tubbergen,Netherlands,
Terrein waarin 5 grafheuvels en een urnenveld,52.2213,5.88231,Wikidata: Q17453306,Apeldoorn,Netherlands,
Terrein waarin 6 grafheuvels,52.18248,5.22892,Wikidata: Q17453411,Baarn,Netherlands,
Terrein waarin 8 grafheuvels,52.24601,5.62725,Wikidata: Q17454243,Putten,Netherlands,
Terrein waarin drie grafheuvels,51.72865,5.56322,Wikidata: Q17453702,Bernheze,Netherlands,
Terrein waarin drie grafheuvels,52.20951,5.6497,Wikidata: Q17453164,Barneveld,Netherlands,
Terrein waarin drie grafheuvels,51.98803,5.7753,Wikidata: Q17454354,Renkum,Netherlands,
Terrein waarin drie grafheuvels,52.36162,5.92682,Wikidata: Q17453585,Epe,Netherlands,
Terrein waarin een galgenberg (zeer waarschijnlijk oorspronkelijk grafheuvel),52.1419,5.3706,Wikidata: Q17453744,Amersfoort,Netherlands,
Terrein waarin elf grafheuvels,52.0098,5.85387,Wikidata: Q17453186,Arnhem,Netherlands,
Terrein waarin grafheuvel # 45115,52.21586,5.665,Wikidata: Q17453176,Barneveld,Netherlands,
Terrein waarin grafheuvel #45168,52.2213,5.88231,Wikidata: Q17453307,Apeldoorn,Netherlands,
Terrein waarin grafheuvel #45169,52.22002,5.88477,Wikidata: Q17453308,Apeldoorn,Netherlands,
Terrein waarin grafheuvel #45171,52.21975,5.89568,Wikidata: Q17453310,Apeldoorn,Netherlands,
Terrein waarin grafheuvel #45193,52.11036,6.00027,Wikidata: Q17453344,Apeldoorn,Netherlands,
Terrein waarin grafheuvel #45336,52.3646,5.94839,Wikidata: Q17453572,Epe,Netherlands,
Terrein waarin grafheuvel #45352,52.3683,5.99359,Wikidata: Q17453591,Epe,Netherlands,
Terrein waarin grafheuvel #45742,52.23766,6.99765,Wikidata: Q17454130,Losser,Netherlands,
Terrein waarin grafheuvel #45833,52.27384,5.60228,Wikidata: Q17454225,Putten,Netherlands,
Terrein waarin grafheuvel #45852,52.24914,5.67655,Wikidata: Q17454246,Putten,Netherlands,
Terrein waarin grafheuvel #46071,52.41521,6.85134,Wikidata: Q17454608,Tubbergen,Netherlands,
Terrein waarin grafheuvel en urnenveld,51.49325,5.01688,Wikidata: Q17453691,Goirle,Netherlands,
Terrein waarin grafheuvels en urnenveld,51.38397,5.37647,Wikidata: Q17453654,Eersel,Netherlands,
Terrein waarin resten van een grafheuvel,52.1148,6.64599,Wikidata: Q17603389,Berkelland,Netherlands,
Terrein waarin twee grafheuvels,52.34064,5.78588,Wikidata: Q17454207,Nunspeet,Netherlands,
Terrein waarin twee grafheuvels,52.36476,5.96967,Wikidata: Q17453575,Epe,Netherlands,
Terrein waarin twee grafheuvels,52.27034,5.74804,Wikidata: Q17454206,Ermelo,Netherlands,
Terrein waarin twee grafheuvels,52.10717,5.65475,Wikidata: Q17453663,Ede,Netherlands,
Terrein waarin twee grafheuvels,52.14796,5.3106,Wikidata: Q17454534,Soest,Netherlands,
Terrein waarin twee grafheuvels en urnenveld,52.45867,6.84318,Wikidata: Q17454623,Tubbergen,Netherlands,
Terrein waarin vier grafheuvels,51.70696,5.59449,Wikidata: Q17454219,Bernheze,Netherlands,
Terrein waarin vier grafheuvels,52.22734,5.69812,Wikidata: Q17453169,Barneveld,Netherlands,
Terrein waarin vier grafheuvels waarvan één gedeeltelijk,52.36278,5.96293,Wikidata: Q17453574,Epe,Netherlands,
Terrein waarin vijf grafheuvels,52.22207,5.68548,Wikidata: Q17453168,Barneveld,Netherlands,
Terrein waarin zes grafheuvels,52.22187,5.714,Wikidata: Q17453170,Barneveld,Netherlands,
Terrein waarin zes grafheuvels,51.504716,5.024068,Wikidata: Q17453690,Goirle,Netherlands,
Terrein waarin zes grafheuvels,52.825,6.10281,Wikidata: Q17454587,Steenwijkerland,Netherlands,
Terrein waarin zeven grafheuvels,51.99286,5.81294,Wikidata: Q17454359,Renkum,Netherlands,
Terrein waarin zeven grafheuvels,52.37329,5.99416,Wikidata: Q17453571,Epe,Netherlands,
Teruel Cathedral,40.3439,-1.10722,Wikidata: Q513893,Teruel,Spain,
Teshima Art Museum,34.4897,134.091,Wikidata: Q2379884,Takamatsu,Japan,
Texas State Cemetery,30.26524999,-97.72644399,Wikidata: Q2342386,Austin,United States,
Thaba Bosiu,-29.353611111,27.670833333,Wikidata: Q2408243,Lesotho,Lesotho,
The Alyscamps,43.671388888,4.636944444,Wikidata: Q450348,Arles,France,
The Bass Museum of Art,25.797561,-80.130107,Wikidata: Q4867942,Miami Beach,United States,
The Boardman,42.692222,-73.105556,Wikidata: Q7718926,Massachusetts,United States,
The building of the ninth Dentistry (Minsk),53.900774,27.582416,Wikidata: Q106155417,Zacharava-Pulichava,Belarus,
The Cairo,38.9113,-77.0375,Wikidata: Q7720948,"Washington, D.C.",United States,
The Charles Hotel,48.1427,11.5625,Wikidata: Q2410189,Maxvorstadt,Germany,
The Crystal Palace,51.422294444,-0.075788888,Wikidata: Q202902,,,
The Dakota,40.7767,-73.9764,Wikidata: Q829806,New York,United States,
The Evergreens Cemetery,40.683889,-73.901194,Wikidata: Q5058720,New York,United States,
The George Washington Hotel,39.1857,-78.163,Wikidata: Q14713299,Virginia,United States,
The Glasshouse,54.9677,-1.602,Wikidata: Q2414046,Newcastle upon Tyne,United Kingdom,
The Hacienda,36.0105,-121.243,Wikidata: Q7738608,Monterey County,United States,
The King's Grave,55.6825,14.233888888,Wikidata: Q1540741,Simrishamn Municipality,Sweden,
The London Mosque,51.4511,-0.2075,Wikidata: Q1399178,London Borough of Wandsworth,United Kingdom,
The Lowry,53.4707,-2.2964,Wikidata: Q3521692,Salford,United Kingdom,
The Majestic,40.776111111,-73.976388888,Wikidata: Q1335888,New York,United States,
"The Museum of Modern Art, Gunma",36.298722,139.078639,Wikidata: Q11609688,Takasaki,Japan,
The News Building,51.5054,-0.0876,Wikidata: Q18787781,London Borough of Southwark,United Kingdom,
The O2 Arena,51.502944444,0.003194444,Wikidata: Q5364202,,,
The Palazzo,36.1244,-115.168,Wikidata: Q1514587,Paradise,United States,
The Pentagon,38.870833333,-77.055,Wikidata: Q11208,Arlington County,United States,
The Rock,52.337557,4.87002,Wikidata: Q18640123,Amsterdam,Netherlands,
The Sackler Wing,40.780911,-73.963361,Wikidata: Q116981455,New York City,United States,
The Sahara,25.94630978,-80.120528196,Wikidata: Q136396730,Sunny Isles Beach,United States,
The San Marino,25.814220799,-80.122591815,Wikidata: Q136439958,Miami Beach,United States,
The Socialists' Memorial,52.5149213,13.5112267,Wikidata: Q1497554,Lichtenberg,Germany,
The Spectrum Building (formerly The Renault Distribution Centre),51.5671,-1.82433,Wikidata: Q17549130,West Swindon,United Kingdom,
The Tides,25.783084086,-80.130391311,Wikidata: Q7769217,Miami Beach,United States,
The Ware Center of Millersville University,40.038750804,-76.308270795,Wikidata: Q30634451,Lancaster,United States,
The Woodlands,39.946944,-75.203056,Wikidata: Q7775731,Philadelphia,United States,
Theater St. Gallen,47.426944444,9.380555555,Wikidata: Q2415961,St. Gallen,Switzerland,
Théâtre national de la Colline,48.8644,2.39739,Wikidata: Q108608140,Paris,France,
Theban Necropolis,25.720833333,32.61,Wikidata: Q29223,New Valley Governorate,Egypt,
Theme Building,33.9441,-118.402,Wikidata: Q3523620,California,United States,
Thiant Communal Cemetery,50.303777,3.458078,Wikidata: Q2177460,Thiant,France,
Thiel Gallery,59.32222222,18.14861111,Wikidata: Q252259,Stockholm,Sweden,
Thiennes Churchyard,50.650665,2.465158,Wikidata: Q2224766,Thiennes,France,
Thilloy Road Cemetery,50.079043,2.859722,Wikidata: Q2098703,Beaulencourt,France,
Thivencelle Churchyard,50.439595,3.634564,Wikidata: Q1887118,Thivencelle,France,
Thomas A. Hendricks Library,38.7125,-85.45777778,Wikidata: Q24062120,Hanover,United States,
Thomas C. Miller Public School,39.4889,-80.1416,Wikidata: Q16901616,Fairmont,United States,
Thomas Durham School,39.944722,-75.169444,Wikidata: Q7789123,Pennsylvania,United States,
Thomas Fisher Rare Book Library,43.664055,-79.398933,Wikidata: Q7789602,Toronto,Canada,
Thomas Jefferson High School,37.5719,-77.4864,Wikidata: Q7791264,Richmond,United States,
Thomas M. Baldwin House,44.300833,-120.847722,Wikidata: Q7792028,Prineville,United States,
Thomas Mann House,34.059009,-118.499303,Wikidata: Q27899343,Pacific Palisades,United States,
Thomas V. Porter House,30.331111,-81.661111,Wikidata: Q7794648,Florida,United States,
Thomass-Eck,48.1374,11.5747,Wikidata: Q1366417,Munich,Germany,
Thracian tomb Ostrusha,42.6901,25.3512,Wikidata: Q7797104,Shipka,Bulgaria,
Threefoot Building,32.3644,-88.7006,Wikidata: Q14693395,Meridian,United States,
Thunder Lake Patrol Cabin,40.222394,-105.644841,Wikidata: Q7798987,Boulder County,United States,
Thurston Hall (Cornell University),42.443985352,-76.4836634,Wikidata: Q114896051,Ithaca,United States,
Thyras Mound,55.757141401,9.420072823,Wikidata: Q23734746,Vejle Municipality,Denmark,
Tiberias Football Stadium,32.7679,35.5141,Wikidata: Q18918013,Tiberias,Israel,
Tigris Lane Cemetery,50.255877,2.845187,Wikidata: Q3528370,Wancourt,France,
Tikhvin Cemetery,59.922777777,30.386111111,Wikidata: Q2272835,Saint Petersburg,Russia,
Timber Creek Campground Comfort Station No. 245,40.379093,-105.852558,Wikidata: Q89033382,Grand County,United States,
Timber Creek Campground Comfort Station No. 246,40.379046,-105.851788,Wikidata: Q89033425,Grand County,United States,
Timber Creek Campground Comfort Station No. 247,40.37772,-105.852657,Wikidata: Q89033444,Grand County,United States,
Timber Creek Road Camp Barn,40.264585,-105.836477,Wikidata: Q7804644,Grand County,United States,
Timberline Cabin,40.441667,-105.743611,Wikidata: Q7804708,Grand County,United States,
Timberline Lodge,45.331223,-121.711253,Wikidata: Q1574090,Clackamas County,United States,
TIME'S I + II,35.0087,135.7703,Wikidata: Q131389013,Kyoto,Japan,
Tiradentes Palace,-22.90387009,-43.173877,Wikidata: Q2048490,Centro,Brazil,
Tivoli Concert Hall,55.672638888,12.568666666,Wikidata: Q115380780,Copenhagen Municipality,Denmark,
Toki Messe,37.9262,139.06,Wikidata: Q705614,Niigata,Japan,
Tokyo Bunka Kaikan,35.71416667,139.77527778,Wikidata: Q3892342,Tokyo,Japan,
Tokyo Dome Hotel,35.703694,139.7535,Wikidata: Q3530524,Tokyo,Japan,
Tokyo Fashion Town Building,35.630887805,139.790579,Wikidata: Q67179812,Tokyo,Japan,
Tokyo Station,35.680833333,139.766944444,Wikidata: Q283196,,,
Toledo Cathedral,39.857083333,-4.023888888,Wikidata: Q1123180,,,
Toledo Museum of Art,41.658333333,-83.559444444,Wikidata: Q1743116,Toledo,United States,
Tolentini,45.4374,12.3221,Wikidata: Q2219891,Venice,Italy,
Tomb in Očkov,48.660277777,17.758055555,Wikidata: Q12771877,Očkov,Slovakia,
Tomb of King Kongmin,37.9817,126.473,Wikidata: Q709266,Kaesong,North Korea,
Tomb of King Wanggon,37.9847,126.506,Wikidata: Q7818624,Kaepung-guyok,North Korea,
Tomb of Puhaddin,32.39666667,119.44861111,Wikidata: Q3391115,Yangzhou,China,
Tomb of the Jibei King,36.4452,116.63931,Wikidata: Q1574075,Changqing District,China,
Tombe de l'Empereur,50.63816,5.08519,Wikidata: Q1899395,Hannut,Belgium,
Tombe of Yve,50.60592,5.14188,Wikidata: Q2161403,Braives,Belgium,
Tombeau de Théodoric,48.959213,4.624165,Wikidata: Q18785803,Poix,France,
Tombs of the Kings,34.77611111,32.40472222,Wikidata: Q1796353,Paphos Municipality,Cyprus,
Tombs of the Sanhedrin,31.7994,35.2189,Wikidata: Q3531182,Jerusalem,Israel,
Tooting Bec,51.43584083,-0.15968594,Wikidata: Q1424421,Wandsworth,United Kingdom,
Tooting Broadway tube station,51.42759898,-0.16800078,Wikidata: Q685100,Wandsworth,United Kingdom,
Tophet of Carthage,36.8415,10.3231,Wikidata: Q3108571,Carthage,Tunisia,
Topkapı Palace,41.013,28.984,Wikidata: Q170495,,,
Torre Corzana,41.3852856,2.0511033,Wikidata: Q80951408,Sant Feliu de Llobregat,Spain,
Torre de Collserola,41.417222222,2.114166666,Wikidata: Q1147977,Sarrià-Sant Gervasi,Spain,
Torre de la Fàbrica Gutterman,41.536702777,2.418422222,Wikidata: Q28711535,Argentona,Spain,
Torre de la Rosaleda,42.5591,-6.60965,Wikidata: Q3532455,Ponferrada,Spain,
Torre de les Aigües,41.5625,2.01666,Wikidata: Q18696977,Terrassa,Spain,
"Torre de Valencia, Madrid",40.421352777,-3.679494444,Wikidata: Q11704647,Ibiza,Spain,
Torre Europa,40.451666666,-3.691666666,Wikidata: Q2421828,Cuatro Caminos,Spain,
Torre Glòries,41.403489,2.189519,Wikidata: Q336246,El Parc i la Llacuna del Poblenou,Spain,
Torre Interbank,-12.089466954,-77.022767071,Wikidata: Q5818145,Lima,Peru,
Torre Moeve,40.475555555,-3.687777777,Wikidata: Q519568,Madrid,Spain,
Torre Picasso,40.450277777,-3.6925,Wikidata: Q1364394,Cuatro Caminos,Spain,
Torre Puig,41.357292175,2.122281074,Wikidata: Q16641572,L'Hospitalet de Llobregat,Spain,
Torre Realia BCN,41.35555,2.12511,Wikidata: Q1189521,L'Hospitalet de Llobregat,Spain,
Torre Velasca,45.46,9.190555555,Wikidata: Q1156274,Milan,Italy,
Torres Atrio,4.615565,-74.072263,Wikidata: Q19207166,Bogotá,Colombia,
Tottenham Hotspur Stadium,51.604444444,-0.066388888,Wikidata: Q55074091,,,
Toughsheet Community Stadium,53.580555555,-2.535555555,Wikidata: Q242772,,,
Toulouse-Blagnac,43.635,1.367780555,Wikidata: Q372615,,,
Tour bleue,50.412008333,4.453641666,Wikidata: Q3533027,沙勒罗瓦,Belgium,
Tour CIBC,45.4985,-73.5709,Wikidata: Q3533035,Ville-Marie,Canada,
Tour de la Bourse,45.5006,-73.5618,Wikidata: Q1702873,Montreal,Canada,
Tour de Lille,50.6386,3.07639,Wikidata: Q3533359,Lille,France,
Tour Granite,48.8918,2.22959,Wikidata: Q666483,Nanterre,France,
Tour Hekla,48.8889,2.23528,Wikidata: Q17640070,Puteaux,France,
Tour Horizons,48.8279,2.23384,Wikidata: Q2371224,Boulogne-Billancourt,France,
Tour La Marseillaise,43.313139,5.366889,Wikidata: Q58208336,Marseille,France,
Tour Telus,45.5024,-73.5676,Wikidata: Q3533198,Ville-Marie,Canada,
Tourcoing (Pont-Neuville) Communal Cemetery,50.739956,3.175808,Wikidata: Q2654997,Tourcoing,France,
Towada Art Center,40.614039,141.20941,Wikidata: Q11404944,Towada,Japan,
Tower 25,35.1686,33.3605,Wikidata: Q7829624,Nicosia,Cyprus,
Tower of Siza,50.846472,5.701806,Wikidata: Q115412393,Maastricht,Netherlands,
Town hall of Béthune,50.5318,2.63772,Wikidata: Q3146138,Béthune,France,
"Town Hall, Vilnius",54.678,25.287,Wikidata: Q1257109,Vilnius,Lithuania,
Toyota City Museum,35.081583333,137.151666666,Wikidata: Q125906525,Nagoya,Japan,
Trade and Exhibition Complex,59.957613,30.320104,Wikidata: Q104887772,Saint Petersburg,Russia,
Trade Fairs and Congress Center of Málaga,36.704769444,-4.459441666,Wikidata: Q6057990,Málaga,Spain,
Trafalgar Cemetery,36.134713888,-5.352194444,Wikidata: Q1009226,Gibraltar,United Kingdom,
Tramway Gas Station,33.8584,-116.558,Wikidata: Q7833251,Palm Springs,United States,
Transamerica Pyramid,37.795135,-122.402748,Wikidata: Q216865,San Francisco,United States,
Transfiguration Cathedral,59.943044,30.352547,Wikidata: Q644102,Saint Petersburg,Russia,
Tranzitní telefonní ústředna,50.218554,15.828075,Wikidata: Q52518232,Věkoše,Czech Republic,
Tree Point Light,54.8028,-130.934,Wikidata: Q3662067,Prince of Wales–Hyder Census Area,United States,
Trellick Tower,51.523777777,-0.2055,Wikidata: Q1571416,Royal Borough of Kensington and Chelsea,United Kingdom,
Trento Cathedral,46.0669,11.1215,Wikidata: Q621060,Trento,Italy,
Trescault Communal Cemetery,50.0916,3.0949,Wikidata: Q3947139,Trescault,France,
Trespiano Cemetery,43.82906944,11.28665833,Wikidata: Q3676951,Florence,Italy,
Tretyakov Gallery,55.741389,37.620864,Wikidata: Q183334,,,
Triangle Building,-23.548861111,-46.634666666,Wikidata: Q4462747,São Paulo,Brazil,
Trier Main Cemetery,49.7686,6.65383,Wikidata: Q1589467,Trier,Germany,
Trindade metro station,41.1524,-8.60948,Wikidata: Q162481,"Cedofeita, Santo Ildefonso, Sé, Miragaia, São Nicolau e Vitória",Portugal,
Trinità dei Monti,41.90625,12.48358,Wikidata: Q1229008,Rome,Italy,
Trinity Cathedral,59.9165,30.306,Wikidata: Q762242,Saint Petersburg,Russia,
Trinity Church,40.70801,-74.01221,Wikidata: Q866896,New York,United States,
Trinity Court,51.5256,-0.116,Wikidata: Q56277035,London Borough of Camden,United Kingdom,
Tripoli Shrine Temple,43.039167,-87.951389,Wikidata: Q1254048,Milwaukee,United States,
Troyekurovskoye cemetery,55.700205555,37.40895,Wikidata: Q1457437,Moscow,Russia,
Trump International Hotel and Tower,41.8891,-87.626672222,Wikidata: Q546221,Chicago,United States,
Trump Tower,40.7625,-73.974166666,Wikidata: Q868772,,,
Trumpeldor cemetery,32.075631,34.770033,Wikidata: Q2597530,Tel Aviv,Israel,
Truro Cathedral,50.264167,-5.051111,Wikidata: Q637460,Truro,United Kingdom,
Tsaritsyno Park + palace,55.6168339,37.682817,Wikidata: Q147994,Orekhovo-Borisovo Severnoye District,Russia,
Tsentrosoyuz building,55.767611111,37.641125,Wikidata: Q2454624,Krasnoselsky District,Russia,
Tuchenn Pol,47.718531,-3.478283,Wikidata: Q28040011,Ploemeur,France,
Tughluq Timur Mausoleum,44.24019444,80.53316667,Wikidata: Q1455687,Ili Kazakh Autonomous Prefecture,China,
Tuileries Palace,48.862222222,2.331111111,Wikidata: Q234364,,,
Tumiac tumulus,47.54102778,-2.87208333,Wikidata: Q3542056,Arzon,France,
Tumuli de Bussy-le-Château,49.035277777,4.324444444,Wikidata: Q18746221,Bussy-le-Château,France,
Tumuli du Soleil,50.636176,5.033763,Wikidata: Q2667030,Wasseiges,Belgium,
Tumuli Huismeer,51.4058,5.35105,Wikidata: Q17454663,Eersel,Netherlands,
Tumuli in Ermelo,52.28562,5.60771,Wikidata: Q17453770,Ermelo,Netherlands,
Tumuli in Hemdingen,53.7752,9.856,Wikidata: Q1373488,Hemdingen,Germany,
Tumuli of Bois des Tombes,50.67915,5.24109,Wikidata: Q2581353,Waremme,Belgium,
Tumuli of Libersart,50.6552,4.72158,Wikidata: Q2001444,Walhain,Belgium,
Tumuli of Mirteaux,50.6382,4.99673,Wikidata: Q4439643,Hannut,Belgium,
Tumuli of Noirmont,50.602223,4.64329,Wikidata: Q2643327,Chastre,Belgium,
Tumuli of Seron,50.59379,5.00842,Wikidata: Q645533,Fernelmont,Belgium,
Tumuli of Tusson,45.9333,0.08306,Wikidata: Q3542034,Tusson,France,
tumuli Wolfheze near A50,52.0002,5.80551,Wikidata: Q17454357,Renkum,Netherlands,
Tumulii de Kerelcun,48.39029,-3.82097,Wikidata: Q22996308,La Feuillée,France,
Túmulo de Los Tiesos,40.68777778,-4.55527778,Wikidata: Q6154669,Mediana de Voltoya,Spain,
Tumulo del Principe etrusco,43.73416667,10.39111111,Wikidata: Q4000423,Pisa,Italy,
Tumulo di Camucia,43.259869,11.974117,Wikidata: Q3305266,Cortona,Italy,
tumulus #46021,51.22895,6.06354,Wikidata: Q17454559,Roermond,Netherlands,
tumulus #46022,51.22931,6.06446,Wikidata: Q17454560,Roermond,Netherlands,
Tumulus aux Six Frères,50.55867,4.86556,Wikidata: Q2230537,Éghezée,Belgium,
Tumulus Bill,49.758404,6.03129,Wikidata: Q20575146,Helperknapp,Luxembourg,
tumulus d'Er Grah,47.572306,-2.950694,Wikidata: Q1347902,Locmariaquer,France,
Tumulus d'Etal-Berder,47.582595,-2.891731,Wikidata: Q22992030,Larmor-Baden,France,
Tumulus de Baudement,48.577766,3.784299,Wikidata: Q19546026,Baudement,France,
Tumulus de Champ-Châlons,46.2337,-0.807408,Wikidata: Q3542057,Benon,France,
Tumulus de Château Bû,47.765057,-1.985017,Wikidata: Q1090350,Saint-Just,France,
Tumulus de Colombiers-sur-Seulles,49.2967,-0.4947,Wikidata: Q2459710,Colombiers-sur-Seulles,France,
Tumulus de Kermain,48.10864,-3.45484,Wikidata: Q22992026,Langonnet,France,
Tumulus de la Hogue,49.09569444,-0.36236111,Wikidata: Q1798858,Fontenay-le-Marmion,France,
Tumulus de la Hoguette,49.0964,-0.35444,Wikidata: Q16008672,Fontenay-le-Marmion,France,
tumulus de la Motte à Poljeau,45.7023,-0.1723,Wikidata: Q22954561,Les Métairies,France,
Tumulus de la Plate Tombe,50.68815,5.25756,Wikidata: Q14509089,Waremme,Belgium,
tumulus de Mussig,48.2386,7.5034,Wikidata: Q14628631,Mussig,France,
Tumulus de Nillizien,48.063056,-2.968306,Wikidata: Q22992100,Pontivy,France,
Tumulus de Portzmeur,48.611264,-3.668736,Wikidata: Q22990592,Plouégat-Guérand,France,
tumulus de Rubrat Huella,48.5088,-4.6784,Wikidata: Q22990942,Plourin,France,
Tumulus de Run-er-Sinzen,47.65263,-3.1784,Wikidata: Q22991862,Erdeven,France,
tumulus de Saint Fiacre,48.00056,-3.09583,Wikidata: Q3542055,Melrand,France,
Tumulus de Tormancy,47.6358,3.97156,Wikidata: Q3542054,Massangis,France,
Tumulus deep in Vijlenerbos,50.75845,5.97898,Wikidata: Q17455827,Vaals,Netherlands,
tumulus du Mané-Lud,47.57388889,-2.95111111,Wikidata: Q1323726,Locmariaquer,France,
Tumulus du Montioux,46.247168,0.062538,Wikidata: Q15638587,Sainte-Soline,France,
Tumulus Großmugl,48.48833,16.22312,Wikidata: Q18023079,Großmugl,Austria,
Tumulus MM,39.653889,31.998056,Wikidata: Q25511426,Ankara Province,Turkey,
Tumulus of Aineffe,50.62294,5.26101,Wikidata: Q2260941,Faimes,Belgium,
Tumulus of Avernas,50.7013,5.07125,Wikidata: Q2409909,Hannut,Belgium,
Tumulus of Betz,50.74128,5.10154,Wikidata: Q4852433,Landen,Belgium,
Tumulus of Blehen,50.66862,5.13022,Wikidata: Q2283365,Hannut,Belgium,
Tumulus of Bougon,46.374,-0.0675,Wikidata: Q1310277,Bougon,France,
Tumulus of Genoelselderen,50.80348,5.52802,Wikidata: Q2236903,Riemst,Belgium,
Tumulus of Glimes,50.67676,4.83276,Wikidata: Q2247766,Incourt,Belgium,
tumulus of Gutschoven,50.77012,5.33237,Wikidata: Q2156054,Heers,Belgium,
Tumulus of Havelange,50.39051,5.28808,Wikidata: Q2223625,Clavier,Belgium,
Tumulus of Herderen,50.80676,5.5545,Wikidata: Q2172118,Riemst,Belgium,
Tumulus of Herderen,50.80559,5.5691,Wikidata: Q2326311,Riemst,Belgium,
Tumulus of Herstappe,50.72368,5.4161,Wikidata: Q4641804,Herstappe,Belgium,
Tumulus of Hochtumsknopf,50.23163,6.05816,Wikidata: Q1820643,Burg-Reuland,Belgium,
Tumulus of Hodeige,50.70041,5.36442,Wikidata: Q2088193,Oreye,Belgium,
tumulus of Kernonen,48.5886111,-4.051944444,Wikidata: Q3542051,Plouvorn,France,
Tumulus of Koninksem,50.76888,5.44443,Wikidata: Q1997166,Tongeren,Belgium,
Tumulus of Koninksem,50.76961,5.43902,Wikidata: Q2447307,Tongeren,Belgium,
Tumulus of Lamine,50.68946,5.33611,Wikidata: Q3370859,Remicourt,Belgium,
Tumulus of Marcinelle,50.38826,4.42728,Wikidata: Q2455642,沙勒罗瓦,Belgium,
Tumulus of Middelwinden,50.76154,5.04359,Wikidata: Q2689699,Landen,Belgium,
Tumulus of Noville,50.667,5.38096,Wikidata: Q4520168,Remicourt,Belgium,
Tumulus of Oleye,50.7158,5.28212,Wikidata: Q2171278,Waremme,Belgium,
Tumulus of Otrange,50.73752,5.36809,Wikidata: Q4878796,Oreye,Belgium,
Tumulus of Oultremont,50.58384,5.21961,Wikidata: Q14509090,Villers-le-Bouillet,Belgium,
Tumulus of Ramelot,50.46034,5.34334,Wikidata: Q14509091,Tinlot,Belgium,
Tumulus of Saives,50.65856,5.23911,Wikidata: Q3098259,Faimes,Belgium,
Tumulus of Schinkelsknopf,50.255608333,6.110852777,Wikidata: Q2222361,Sankt Vith,Belgium,
Tumulus of Trou de Billemont,50.57089,3.46152,Wikidata: Q2458578,Antoing,Belgium,
Tumulus of Vaux,50.62097,5.23017,Wikidata: Q2085821,Villers-le-Bouillet,Belgium,
Tumulus of Vechmaal,50.75704,5.3518,Wikidata: Q2004450,Heers,Belgium,
Tumulus of Vissoul,50.59766,5.13077,Wikidata: Q2595945,Burdinne,Belgium,
tumulus of Waesmont,50.73161,5.04863,Wikidata: Q2691955,Landen,Belgium,
Tumulus of Xhendremael,50.69735,5.47812,Wikidata: Q2235189,Ans,Belgium,
Tumulus of Yernawe,50.59442,5.34083,Wikidata: Q5092917,Saint-Georges-sur-Meuse,Belgium,
Tumulus op der Schanz,49.745611,6.325833,Wikidata: Q13105301,Altrier,Luxembourg,
"Tumulus, quadrilatère et menhir de Manio",47.602,-3.058,Wikidata: Q24931935,Carnac,France,
Tuna el-Gebel,27.738333333,30.704444444,Wikidata: Q734370,Minya Governorate,Egypt,
Tuntex Sky Tower,22.611666666,120.3,Wikidata: Q337631,,,
Turin Cathedral,45.07332,7.685435,Wikidata: Q958699,Turin,Italy,
Turkish State Cemetery,39.936944444,32.807222222,Wikidata: Q2617627,Yenimahalle district,Turkey,
Türkmenbaşy Mosque,38.017777777,58.252777777,Wikidata: Q558159,Ashgabat,Turkmenistan,
Turku Synagogue,60.4557464,22.26653918,Wikidata: Q2601015,Turku,Finland,
Turning Torso,55.613333333,12.976388888,Wikidata: Q206435,Malmö Municipality,Sweden,
TV Asahi headquarters,35.6597,139.730922222,Wikidata: Q96091681,Tokyo,Japan,
TWA Flight Center,40.645828,-73.777539,Wikidata: Q29257,New York,United States,
"Twee grafheuvels, alsmede zones",51.99486,5.8555,Wikidata: Q17441259,Renkum,Netherlands,
Twee Tommen,50.71601,5.16581,Wikidata: Q2373696,Gingelom,Belgium,
Twickenham Stadium,51.456111111,-0.341666666,Wikidata: Q209725,,,
two tumuli northwest of Bilderberglaan near Wolfheze,51.996625,5.808488888,Wikidata: Q17441254,Renkum,Netherlands,
Tyne Cot Cemetery,50.8875,2.998889,Wikidata: Q2369533,Zonnebeke,Belgium,
U Street Station,38.9169902,-77.0260055,Wikidata: Q7876239,"Washington, D.C.",United States,
U.S. Bank Center,43.038356,-87.902084,Wikidata: Q3487098,Milwaukee,United States,
U.S. Bank Tower,34.050961,-118.254353,Wikidata: Q57900,Los Angeles,United States,
U.S. Post Office,38.2989,-122.287,Wikidata: Q18157276,Napa,United States,
U.S. Post Office-Springville Main,40.162222,-111.609722,Wikidata: Q7863290,Utah,United States,
Ubora Towers,25.180556,55.271028,Wikidata: Q2472804,Emirate of Dubai,United Arab Emirates,
Uchimura Kanzo Memorial Stone Church,36.356306,138.587111,Wikidata: Q11584735,Nagakura,Japan,
UCLA Broad Art Center,34.07588522,-118.44118633,Wikidata: Q105771067,Westside,United States,
Uelzen harbour tumulus,53.006,10.5596,Wikidata: Q1540799,Uelzen,Germany,
Uffizi Gallery,43.768333333,11.255277777,Wikidata: Q51252,,,
Ullsteinhaus,52.4533,13.3853,Wikidata: Q143984,Tempelhof-Schöneberg,Germany,
Umeå City Church,63.823611111,20.267777777,Wikidata: Q4348256,Umeå Municipality,Sweden,
Union Bank Plaza,34.053,-118.257,Wikidata: Q4004762,Downtown Los Angeles,United States,
Uniqa Nouvel Tower,48.2129,16.3799,Wikidata: Q2494947,Vienna,Austria,
Unité d'Habitation of Berlin,52.510277777,13.243888888,Wikidata: Q1132023,Charlottenburg-Wilmersdorf,Germany,
United Center,41.880555555,-87.674166666,Wikidata: Q639975,,,
United Lutheran Church,47.91861111,-97.03027778,Wikidata: Q7888238,Grand Forks,United States,
United Nations Memorial Cemetery,35.12845,129.09623,Wikidata: Q15465499,Busan,South Korea,
United Nations Secretariat Building,40.749,-73.968,Wikidata: Q7888512,New York,United States,
United Office Building,43.087222,-79.0625,Wikidata: Q7889005,Niagara Falls,United States,
United States Capitol,38.889722222,-77.009166666,Wikidata: Q54109,"Washington, D.C.",United States,
United States Post Office,43.220556,-78.388611,Wikidata: Q7891000,New York,United States,
United States Post Office,36.3291,-119.293,Wikidata: Q7875915,Visalia,United States,
United States Post Office,42.0492,-70.1889,Wikidata: Q16238508,Provincetown,United States,
United States Post Office,42.622222,-73.8325,Wikidata: Q1363699,Bethlehem,United States,
United States Post Office,33.4047,-90.898,Wikidata: Q21196644,Leland,United States,
United States Post Office,42.559722,-77.694444,Wikidata: Q7890934,New York,United States,
United States Post Office,41.717778,-74.393333,Wikidata: Q7890943,New York,United States,
United States Post Office,41.116389,-74.151944,Wikidata: Q2466422,Suffern,United States,
United States Post Office,42.900556,-73.350833,Wikidata: Q2466373,Hoosick Falls,United States,
United States Post Office,41.014722,-73.874444,Wikidata: Q2466355,Dobbs Ferry,United States,
United States Post Office,40.93,-73.7514,Wikidata: Q14707564,Larchmont,United States,
United States Post Office,34.1,-118.330556,Wikidata: Q2466371,Los Angeles,United States,
United States Post Office,41.791667,-73.936389,Wikidata: Q2466387,Hyde Park,United States,
United States Post Office,43.4075,-73.26,Wikidata: Q2466367,Granville,United States,
United States Post Office,40.83,-73.9089,Wikidata: Q14707567,The Bronx,United States,
United States Post Office,36.21972222,-81.68611111,Wikidata: Q20715010,Boone,United States,
United States Post Office,40.707222,-73.628611,Wikidata: Q7890967,New York,United States,
United States Post Office,42.335556,-77.318889,Wikidata: Q7890909,New York,United States,
United States Post Office,42.0019,-76.5406,Wikidata: Q14707574,Waverly,United States,
United States Post Office,42.2503,-73.7892,Wikidata: Q14707560,Hudson,United States,
United States Post Office,43.0836,-76.8711,Wikidata: Q14707554,Clyde,United States,
United States Post Office,44.5953,-75.1697,Wikidata: Q14707551,Canton,United States,
United States Post Office,41.289444,-73.922778,Wikidata: Q7891027,New York,United States,
United States Post Office,41.503333,-74.005833,Wikidata: Q7891008,New York,United States,
United States Post Office,38.8856,-77.0956,Wikidata: Q14713407,Arlington County,United States,
United States Post Office,43.1003,-74.7728,Wikidata: Q14707558,Dolgeville,United States,
United States Post Office,41.705833,-73.927778,Wikidata: Q2466407,Poughkeepsie,United States,
United States Post Office,41.926389,-73.913333,Wikidata: Q2466417,Rhinebeck,United States,
United States Post Office,42.547222,-70.883889,Wikidata: Q7890915,Massachusetts,United States,
United States Post Office,40.765278,-73.011667,Wikidata: Q7891025,New York,United States,
United States Post Office,41.375,-74.6925,Wikidata: Q7891033,New York,United States,
United States Post Office,40.650556,-73.956667,Wikidata: Q7890947,New York,United States,
United States Post Office,43.423611,-73.713056,Wikidata: Q144425,Lake George,United States,
United States Post Office and Courthouse,32.366389,-88.699722,Wikidata: Q7891095,Meridian,United States,
United States Post Office and Courthouse–Aberdeen,45.462778,-98.486389,Wikidata: Q7891110,South Dakota,United States,
United States Post Office and Courthouse–Baton Rouge,30.449444,-91.178889,Wikidata: Q7891113,Louisiana,United States,
United States Post Office and Federal Building,37.691667,-97.338333,Wikidata: Q7891125,Wichita,United States,
United States Post Office Knickerbocker Station,40.714028,-73.991889,Wikidata: Q7891148,New York,United States,
United States Post Office–Lancaster Main,44.490556,-71.570278,Wikidata: Q7891147,New Hampshire,United States,
United States Post Office–Lewiston Main,44.0875,-70.223333,Wikidata: Q7891149,Maine,United States,
United States Post Office–Lexington Main,42.446944,-71.225556,Wikidata: Q7891153,Lexington,United States,
United States Post Office–Somerville Main,42.37978,-71.09362,Wikidata: Q7891173,Somerville,United States,
United States Post Office–Weymouth Landing,42.2181,-70.9672,Wikidata: Q14715896,Weymouth,United States,
University Apartments,41.795555555,-87.591111111,Wikidata: Q17027982,Chicago,United States,
University Hall,42.374444,-71.118056,Wikidata: Q7894712,Cambridge,United States,
University of Tartu Old Observatory,58.3788,26.720111111,Wikidata: Q2346055,Tartu City,Estonia,
University Religious Center,34.023403986,-118.284817417,Wikidata: Q134302378,Los Angeles,United States,
Unterbarmer Friedhof,51.2564,7.17417,Wikidata: Q974347,Wuppertal,Germany,
UOB Plaza One,1.28555,103.85,Wikidata: Q21036744,Raffles Place,Singapore,
Upper Granite Canyon Patrol Cabin,43.613658,-110.89786,Wikidata: Q7898665,Teton County,United States,
Uppsala Old Cemetery,59.854166666,17.622777777,Wikidata: Q4353116,Uppsala Municipality,Sweden,
Uptown Theatre,39.987222,-75.156389,Wikidata: Q7899456,Philadelphia,United States,
urban cemetery of Monza,45.574389,9.301628,Wikidata: Q3676934,Monza,Italy,
Urban Glass House,40.725768,-74.009676,Wikidata: Q22952159,New York,United States,
Urduliz,43.378889,-2.958333,Wikidata: Q3045452,Urduliz,Spain,
Uris Hall,42.447190293,-76.482232706,Wikidata: Q58434288,Ithaca,United States,
Urnenfriedhof Gerichtstraße,52.54555,13.3654,Wikidata: Q2500925,Bezirk Mitte,Germany,
US Post Office-Old Hickory,36.263889,-86.649722,Wikidata: Q115806184,Nashville,United States,
US Post Office-Somersworth Main,43.2592,-70.8717,Wikidata: Q18157059,Somersworth,United States,
US Post Office–Camas Main,45.58657107,-122.404029493,Wikidata: Q118220450,Camas,United States,
UTEC campus,-12.134931194,-77.021722,Wikidata: Q99769226,Barranco District,Peru,
Utrecht (Soestbergen) General Cemetery,52.077581,5.129467,Wikidata: Q1943852,Utrecht,Netherlands,
Utzon Center,57.0496,9.9265,Wikidata: Q1434077,Aalborg Municipality,Denmark,
Utzon's House in Hellebæk,56.0619,12.5607,Wikidata: Q7903509,Helsingør Municipality,Denmark,
Vaduz Cathedral,47.1362,9.5227,Wikidata: Q156427,Vaduz,Liechtenstein,
Vagankovo Cemetery,55.768055555,37.548333333,Wikidata: Q281859,Presnensky District,Russia,
Valenciennes (St Roch) Communal Cemetery,50.36712,3.538898,Wikidata: Q2193718,Valenciennes,France,
Valhalla Memorial Park Cemetery,34.190277777,-118.360833333,Wikidata: Q4007954,Los Angeles,United States,
Valhøj,55.6747,12.4581,Wikidata: Q12343682,Rødovre Municipality,Denmark,
Valley Cemetery,42.983211,-71.460117,Wikidata: Q514834,Manchester,United States,
Valley of the Golden Mummies,28.326811111,28.826111111,Wikidata: Q7912356,Giza Governorate,Egypt,
Valley of the Kings,25.74025,32.602358,Wikidata: Q133423,Luxor,Egypt,
Valley of the Kings,29.017821,91.679769,Wikidata: Q750107,Qonggyai County,China,
Valmy Cemetery,48.8303,2.39895,Wikidata: Q2972483,Paris,France,
Valsgärde,59.92611111,17.62638889,Wikidata: Q2096449,Uppsala Municipality,Sweden,
Van Gogh Museum,52.358416,4.881076,Wikidata: Q224124,,,
Vancouver House,49.27505556,-123.13088889,Wikidata: Q55636956,Vancouver,Canada,
Vår Frelsers gravlund,59.920994444,10.745069444,Wikidata: Q1069938,Oslo Municipality,Norway,
Varaždin City Cemetery,46.30887,16.323452,Wikidata: Q1457435,Varaždin,Croatia,
Varengeville-Sur-Mer Churchyard,49.9166,0.98186,Wikidata: Q2972634,Varengeville-sur-Mer,France,
Varnum School,42.651111,-71.299444,Wikidata: Q7916062,Massachusetts,United States,
Vasco da Gama Bridge,38.762194444,-9.043305555,Wikidata: Q233737,,,
Vasile Alecsandri National Theatre Iași,47.1632209,27.5848455,Wikidata: Q5983528,Iași,Romania,
Vatican Necropolis,41.902301,12.453293,Wikidata: Q2119637,Vatican City,Vatican City,
Vaux-le-Vicomte,48.565832,2.714154,Wikidata: Q739976,Moisenay,France,
Veitskirche,47.2818,15.5139,Wikidata: Q2512169,Passail,Austria,
Vendegies Cross Roads British Cemetery,50.257236,3.516848,Wikidata: Q1908376,Bermerain,France,
Vendeville cemetery,50.577188,3.080565,Wikidata: Q1867625,Vendeville,France,
Vercelli Synagogue,45.32576,8.42579,Wikidata: Q74729,Vercelli,Italy,
Vermont State House,44.2625,-72.580555555,Wikidata: Q723549,Montpelier,United States,
Verona 203A,40.342146,-3.676448,Wikidata: Q26701989,Butarque,Spain,
Vertigneul Churchyard,50.196318,3.547583,Wikidata: Q2754471,Romeries,France,
"Vestagebouw, Arnhem",51.98455,5.906231,Wikidata: Q11718612,Arnhem,Netherlands,
Vestre Cemetery,55.65874,12.52943,Wikidata: Q3305530,Copenhagen Municipality,Denmark,
Vestre gravlund,59.931666666,10.697222222,Wikidata: Q1413698,Frogner,Norway,
Vicoigne cemetery,50.407379,3.47275,Wikidata: Q1866882,Raismes,France,
Vicq Communal Cemetery,50.4099,3.6038,Wikidata: Q3280174,Vicq,France,
Victims of Totalitarianism Cemetery in Kharkiv,50.08055556,36.26277778,Wikidata: Q1457486,Kharkiv,Ukraine,
Victoria Eugenia Theater,43.32259832,-1.980967399,Wikidata: Q3114044,San Sebastián,Spain,
Vienna Central Cemetery,48.15072,16.43808,Wikidata: Q240744,Kaiserebersdorf,Austria,
Vienna City Hall,48.2108,16.3574,Wikidata: Q686468,Innere Stadt,Austria,
Vienna State Opera house,48.203333333,16.369166666,Wikidata: Q209937,,,
Viesly Communal Cemetery,50.151098,3.471204,Wikidata: Q2111047,Viesly,France,
Vignacourt Communal Cemetery,50.006341,2.190036,Wikidata: Q2242236,Vignacourt,France,
Vila Emila Simona,50.881705833,15.182616944,Wikidata: Q111082015,Q56417241,Czech Republic,
Villa Almerico Capra (La Rotonda),45.531524,11.560268,Wikidata: Q505574,Vicenza,Italy,
Villa Cele-María,36.721927777,-4.400508333,Wikidata: Q45227805,Málaga,Spain,
Villa d'Adda-Borromeo,45.526618,9.519893,Wikidata: Q16621606,Cassano d'Adda,Italy,
Villa d'Este,41.9625,12.796111111,Wikidata: Q746063,Tivoli,Italy,
Villa Farnese,42.328632,12.23701,Wikidata: Q597957,Caprarola,Italy,
Villa Giulia,41.918697,12.477595,Wikidata: Q964499,Flaminio,Italy,
Villa Godi,45.746141,11.534439,Wikidata: Q2084394,Lugo di Vicenza,Italy,
Villa Göth,59.84398056,17.62979444,Wikidata: Q10715473,Uppsala Municipality,Sweden,
Vil·la Hispanoàrab,41.411899,2.137031,Wikidata: Q113731933,Sant Gervasi-la Bonanova,Spain,
Villa Holme,59.5533,10.4423,Wikidata: Q36524470,Asker,Norway,
Villa Lante,42.425833333,12.154722222,Wikidata: Q2165810,Viterbo,Italy,
Villa Le Quart-d'Heure,50.52253,1.58156,Wikidata: Q3558634,Le Touquet-Paris-Plage,France,
Villa Mairea,61.5974518,21.8745078,Wikidata: Q2706241,Pori,Finland,
Villa Montfeld,36.756388888,3.040277777,Wikidata: Q107027838,mousoumba,Algeria,
Villa Olanda,52.10082,4.28441,Wikidata: Q17453482,The Hague,Netherlands,
Villa Salatiga,51.84152,5.88561,Wikidata: Q17600074,Nijmegen,Netherlands,
Villa Skagestad,59.964972222,10.792138888,Wikidata: Q12009823,Oslo Municipality,Norway,
Villa Tugendhat,49.207222222,16.615833333,Wikidata: Q457453,Brno-sever,Czech Republic,
Villa van Buuren,50.81007,4.353803,Wikidata: Q1686386,Uccle,Belgium,
Villa Wittal,49.1970258,16.5696581,Wikidata: Q33254577,Q113123187,Czech Republic,
Villers-au-Tertre Communal Cemetery,50.302916,3.182312,Wikidata: Q2193016,Villers-au-Tertre,France,
Villers-Carbonnel Communal Cemetery,49.876616,2.894198,Wikidata: Q2300103,Villers-Carbonnel,France,
Villetta Cemetery,44.78987,10.313902,Wikidata: Q3676924,Parma,Italy,
Vilnius Cathedral,54.685888888,25.287877777,Wikidata: Q1281237,Vilnius,Lithuania,
Vingshögarna,56.576301,13.10344,Wikidata: Q29372257,Laholm Municipality,Sweden,
Vinohrady Cemetery,50.0763,14.4811,Wikidata: Q7058609,Prague,Czech Republic,
Virgin Hotels Chicago,41.8861,-87.626,Wikidata: Q3350186,Chicago,United States,
Virginia Episcopal School,37.4526,-79.1907,Wikidata: Q7934263,Lynchburg,United States,
Virginia Hall,32.84277778,-96.78638889,Wikidata: Q55637154,University Park,United States,
Vision Tower,25.187986,55.264847,Wikidata: Q1614219,Dubai,United Arab Emirates,
Vitebsky railway station,59.919966666,30.328888888,Wikidata: Q1238406,Saint Petersburg,Russia,
Vitra Design Museum,47.602777777,7.618055555,Wikidata: Q700747,Weil am Rhein,Germany,
Vitra Fire Station,47.60036,7.61463,Wikidata: Q25455138,Weil am Rhein,Germany,
VivoCity,1.26389,103.822,Wikidata: Q7937930,Maritime Square (subzone),Singapore,
Vix grave,47.902518,4.543375,Wikidata: Q1483632,Vix,France,
Vjesnik Building,45.793742,15.9595561,Wikidata: Q12644792,Trnje,Croatia,
Vladykino cemetery,55.845627777,37.591094444,Wikidata: Q4113376,Moscow,Russia,
Vodnikov hospital,48.701016,44.499083,Wikidata: Q110026432,"Voroshilovskiy District, Volgograd",Russia,
Volierendach im Tierpark Hellabrunn,48.0981,11.555,Wikidata: Q118424837,Untergiesing-Harlaching,Germany,
Volkovo Cemetery,59.901624,30.362605,Wikidata: Q1848616,Frunzensky District,Russia,
Volkovo Cemetery,55.9225,37.691666666,Wikidata: Q4123475,Mytishchi,Russia,
Volksbank-Center am Potsdamer Platz,52.5054,13.3736,Wikidata: Q130315060,Berlin,Germany,
Volkshuis,51.169032744,4.145390073,Wikidata: Q122188068,Sint-Niklaas,Belgium,
Von-Alten-Garten,52.3644,9.71167,Wikidata: Q2533070,Linden-Limmer,Germany,
Vongshøj,55.088031851,8.921546985,Wikidata: Q1658360,Tønder Municipality,Denmark,
Vontz Center for Molecular Studies,39.1363,-84.5063,Wikidata: Q118636344,Cincinnati,United States,
Vooruit office and printing house,51.047197293,3.727021106,Wikidata: Q1994473,Ghent,Belgium,
Vorstengraf De Hamert,51.51537,6.17271,Wikidata: Q2531222,Bergen,Netherlands,
Vorstengraf Oss,51.73302,5.56689,Wikidata: Q2207902,Oss,Netherlands,
Vorstengraf Zevenbergen,51.73379,5.57563,Wikidata: Q17453141,Oss,Netherlands,
Vostryakovo Cemetery,55.661786111,37.442458333,Wikidata: Q1457453,Troparyovo-Nikulino District,Russia,
Votive Church,48.21545,16.3591,Wikidata: Q254476,Alsergrund,Austria,
Voznesenskoye Cemetery,57.312222222,47.886111111,Wikidata: Q4114904,Yaransk,Russia,
Vrangendael Cemetery,50.995811,5.879875,Wikidata: Q2016989,Sittard-Geleen,Netherlands,
Vsehsvyatskoe Cemetery,54.179444444,37.611666666,Wikidata: Q2972567,Tula,Russia,
"Vsesvyatskoye cemetery, Krasnodar",45.044747222,38.971086111,Wikidata: Q4127577,Krasnodar,Russia,
Vvedenskoye Cemetery,55.768055555,37.710277777,Wikidata: Q1517387,Lefortovo District,Russia,
Vyborgskoe Catholic cemetery,59.966061,30.370079,Wikidata: Q4128558,Kalininsky District,Russia,
Vyšehrad cemetery,50.065,14.417777777,Wikidata: Q118967,Prague,Czech Republic,
W. H. Adamson High School,32.74757654,-96.82223897,Wikidata: Q7945611,Dallas County,United States,
W. R. Grace Building,40.7547,-73.9825,Wikidata: Q685377,New York,United States,
W. W. Orr Building,33.7677,-84.3856,Wikidata: Q7946052,Georgia,United States,
W.F. Hitchcock House,40.790833333,-96.684166666,Wikidata: Q65071365,Lincoln,United States,
Wadi-us-Salaam,32.005,44.315,Wikidata: Q1909993,Najaf,Iraq,
Walderseestraße 3,52.3893,9.75363,Wikidata: Q81826776,Vahrenwald-List,Germany,
Waldfriedhof Dahlem,52.456,13.264,Wikidata: Q875626,Steglitz-Zehlendorf,Germany,
Waldfriedhof Düsseldorf-Gerresheim,51.2308,6.86914,Wikidata: Q1479324,Düsseldorf,Germany,
Waldfriedhof Grünau,52.407277777,13.590527777,Wikidata: Q1530182,Treptow-Köpenick,Germany,
Waldfriedhof Volksdorf,53.667257,10.158553,Wikidata: Q1266022,Wandsbek,Germany,
Waldfriedhof Weißer Hirsch,51.0635,13.8323,Wikidata: Q2541529,Dresden,Germany,
Waldfriedhof Zlín,49.199008333,17.663097222,Wikidata: Q2541531,Zlín,Czech Republic,
Waldstadion,50.068611,8.645278,Wikidata: Q157273,,,
Wallfahrtskirche Frauenstein,47.8492,14.1858,Wikidata: Q1644857,Molln,Austria,
Wallfahrtskirche Mauer bei Melk,48.2295,15.423,Wikidata: Q1453793,Dunkelsteinerwald,Austria,
Walnut Canyon Visitor Center,35.171635,-111.509475,Wikidata: Q66314604,Coconino County,United States,
Walsh County Courthouse,48.418333,-97.404167,Wikidata: Q7963820,North Dakota,United States,
Wancourt British Cemetery,50.244816,2.878226,Wikidata: Q304198,Wancourt,France,
Wanda Mound,50.070277777,20.068055555,Wikidata: Q421819,Kraków,Poland,
Wanskuck Library-Providence Community Library,41.851111,-71.434722,Wikidata: Q7968095,Rhode Island,United States,
Wappingers Falls Village Hall,41.596944444,-73.918055555,Wikidata: Q1229508,Wappingers Falls,United States,
Ward County Courthouse,48.233056,-101.2875,Wikidata: Q7968993,North Dakota,United States,
"Warenhuis, in oorsprong gebouwd voor Vroom & Dreesmann in expressionistische stijl",52.07804,4.31386,Wikidata: Q17456625,The Hague,Netherlands,
Warhem cemetery,50.976367,2.488106,Wikidata: Q1924706,Warhem,France,
Warren McGuirk Alumni Stadium,42.3773,-72.536,Wikidata: Q6588293,Massachusetts,United States,
Washington Armory,40.167286,-80.246489,Wikidata: Q7971660,Washington,United States,
Washington County Courthouse,39.81777778,-97.05055556,Wikidata: Q48842243,Washington,United States,
Washington National Airport Terminal and South Hangar Line,38.84793,-77.04386,Wikidata: Q18159154,Arlington County,United States,
Washington National Cathedral,38.930611111,-77.070555555,Wikidata: Q668710,"Washington, D.C.",United States,
Washington Navy Yard,38.873888888,-76.995,Wikidata: Q1637241,"Washington, D.C.",United States,
Washington Plaza,40.440555555,-79.986388888,Wikidata: Q524673,Pittsburgh,United States,
Washington Union Station,38.89731,-77.00626,Wikidata: Q3570,"Washington, D.C.",United States,
Wat Benchamabophit,13.766111111,100.514169444,Wikidata: Q2165719,Dusit,Thailand,
Watchman Lookout Station,42.942953,-122.172419,Wikidata: Q7973172,Klamath County,United States,
Water Tower,31.321343,-97.469549,Wikidata: Q98094879,Coryell County,United States,
Water Tower Radio Kootwijk,52.174722,5.825556,Wikidata: Q3219747,Apeldoorn,Netherlands,
Waterline Square,40.773055555,-73.991666666,Wikidata: Q29469318,,United States,
Watertower Noordwijk,52.24207,4.43677,Wikidata: Q4737456,Noordwijk,Netherlands,
Watertown Stadium,44.904444,-97.139167,Wikidata: Q7974511,South Dakota,United States,
Waverley Cemetery,-33.9090398,151.2669656,Wikidata: Q2972578,Municipality of Waverley,Australia,
Wawel Cathedral,50.054638888,19.935416666,Wikidata: Q638519,Kraków,Poland,
Wayne L. Morse United States Courthouse,44.0511,-123.087,Wikidata: Q7976402,Oregon,United States,
Weill Institute for Cell and Molecular Biology,42.446870791,-76.477279693,Wikidata: Q7980202,Ithaca,United States,
Weimarer Fürstengruft,50.972586111,11.325644444,Wikidata: Q315764,Weimar,Germany,
Weinberg,54.768675,9.387717,Wikidata: Q25089440,Flensburg,Germany,
Weinbergfriedhof,51.9331,8.87525,Wikidata: Q2555853,Detmold,Germany,
Weisman Art Museum,44.972777777,-93.238055555,Wikidata: Q1431431,Minneapolis,United States,
Weißensee Cemetery,52.544722222,13.458333333,Wikidata: Q675174,Pankow,Germany,
Weizmann House,31.906453,34.818564,Wikidata: Q2903120,Rehovot,Israel,
Wellington Cemetery,50.209735,3.345207,Wikidata: Q3423358,Rieux-en-Cambrésis,France,
Wellman Apartments,43.618888888,-116.194444444,Wikidata: Q65091892,Boise,United States,
Wells Fargo Center,39.7446,-104.985,Wikidata: Q1631887,Denver,United States,
Wells Fargo Plaza,31.760092,-106.485983,Wikidata: Q7981662,El Paso,United States,
Weltstadthaus,50.9356,6.95299,Wikidata: Q2558678,Altstadt-Nord,Germany,
Wembley Stadium,51.555555555,-0.279444444,Wikidata: Q128468,,,
Wennigser Friedhof,52.2725,9.57556,Wikidata: Q1471738,Wennigsen,Germany,
Wervicq-Sud cemetery,50.771577,3.03962,Wikidata: Q2300382,Wervicq-Sud,France,
West Kennet Long Barrow,51.4086,-1.85104,Wikidata: Q541312,Avebury,United Kingdom,
West Norwood Cemetery,51.432977,-0.098117,Wikidata: Q1290155,London Borough of Lambeth,United Kingdom,
West Point Cemetery,41.398888888,-73.967222222,Wikidata: Q2687434,Orange County,United States,
West Virginia State Capitol,38.3361,-81.6119,Wikidata: Q2920261,Charleston,United States,
West-Cappel Churchyard Cemetery,50.927586,2.508369,Wikidata: Q2612234,West-Cappel,France,
Westendstrasse 1,50.110555555,8.6625,Wikidata: Q657979,Frankfurt,Germany,
Westerbegraafplaats,52.459978,4.601556,Wikidata: Q2195859,Velsen,Netherlands,
Western Xia Imperial Tombs,38.435035,105.987167,Wikidata: Q1069411,Yinchuan,China,
Westerveld,52.445556,4.631667,Wikidata: Q2303738,Velsen,Netherlands,
Westfalenstadion,51.4925,7.451667,Wikidata: Q150928,,,
Westfriedhof,48.169620702,11.526656671,Wikidata: Q1586434,Munich,Germany,
Westfriedhof,52.1282,11.5862,Wikidata: Q2565194,Magdeburg,Germany,
Westfriedhof,50.9718,6.87864,Wikidata: Q2565200,Vogelsang,Germany,
Westgaarde,52.36,4.774167,Wikidata: Q2017234,Amsterdam,Netherlands,
Westgate Tower,30.274134,-97.74273447,Wikidata: Q48797047,Travis County,United States,
Westminster Hall and Burying Ground,39.29,-76.6239,Wikidata: Q129795,Baltimore,United States,
Westpac Canterbury Centre,-43.533244444,172.638075,Wikidata: Q17036267,Christchurch,New Zealand,
Westvleteren Belgian Military Cemetery,50.92639,2.72056,Wikidata: Q2185004,Vleteren,Belgium,
Westwood Village Memorial Park Cemetery,34.058346,-118.441134,Wikidata: Q1358639,Los Angeles,United States,
Wharton-Scott House,32.737778,-97.342222,Wikidata: Q7990696,Fort Worth,United States,
White Hart Lane,51.603333333,-0.065833333,Wikidata: Q186425,,,
White House,55.754675,37.572968,Wikidata: Q844124,Presnensky District,Russia,
White House,38.897777777,-77.036666666,Wikidata: Q35525,"Washington, D.C.",United States,
White Pines State Park Lodge and Cabins,42.0475,-89.433889,Wikidata: Q7995209,Illinois,United States,
White River Mess Hall and Dormitory,46.9022,-121.554,Wikidata: Q7995294,Pierce County,United States,
Whitemarsh Hall,40.0936,-75.1982,Wikidata: Q7996164,Pennsylvania,United States,
Whitney Museum of American Art,40.7396,-74.0089,Wikidata: Q639791,New York,United States,
Wicres churchyard,50.570805,2.86795,Wikidata: Q2293094,Wicres,France,
Wielsbeke Communal Cemetery,50.90525,3.379083,Wikidata: Q2967806,Wielsbeke,Belgium,
Wien Hauptbahnhof,48.185,16.377777777,Wikidata: Q697300,,,
"Wierhuizen Protestant Cemetery, De Marne",53.40091,6.42573,Wikidata: Q2014914,De Marne,Netherlands,
Wieskirche,47.6806,10.900445,Wikidata: Q156675,施泰因加登,Germany,
Wiesner building,42.360861111,-71.087722222,Wikidata: Q7999383,Cambridge,United States,
Wilaya Building,33.5903,-7.619,Wikidata: Q93361271,Casablanca,Morocco,
Wild Basin House,40.208056,-105.565556,Wikidata: Q8000518,Boulder County,United States,
Wilkinson House,36.348,-86.8528,Wikidata: Q22073290,Joelton,United States,
Willems cemetery,50.628828,3.247238,Wikidata: Q2049414,Willems,France,
William A. Nelden House,40.766944,-111.856389,Wikidata: Q8004015,Salt Lake City,United States,
William Dunbar House,43.625555555,-116.205555555,Wikidata: Q64788569,Boise,United States,
William H. Martin House,34.5042,-93.0631,Wikidata: Q14681491,Arkansas,United States,
William Jennings Bryan House,35.6125,-82.550556,Wikidata: Q8013551,North Carolina,United States,
William Kenzo Nakamura United States Courthouse,47.6072,-122.331,Wikidata: Q12072933,Seattle,United States,
William L. Slayton House,38.936547374,-77.067213232,Wikidata: Q8014211,"Washington, D.C.",United States,
William-Oliver Building,33.7547,-84.3899,Wikidata: Q8003807,Atlanta,United States,
Willis Building,51.5129,-0.0815,Wikidata: Q3109593,London,United Kingdom,
Willis Building,52.0556,1.1507,Wikidata: Q1134093,Ipswich,United Kingdom,
Willis Tower,41.878611,-87.635833,Wikidata: Q29294,Chicago,United States,
Willow Park Patrol Cabin,40.433318,-105.73407,Wikidata: Q8022342,Larimer County,United States,
Wilmersdorf Cemetery,52.485166666,13.311,Wikidata: Q1457448,Charlottenburg-Wilmersdorf,Germany,
Wilmersdorfer Waldfriedhof Stahnsdorf,52.3947,13.1794,Wikidata: Q2582386,Stahnsdorf,Germany,
Wimille Communal Cemetery,50.769026,1.628806,Wikidata: Q3468778,Wimille,France,
Windsor Castle,51.4838,-0.60483,Wikidata: Q42646,Windsor and Maidenhead,United Kingdom,
Winnezeele Churchyard,50.841401,2.550131,Wikidata: Q2184222,Winnezeele,France,
Winter Palace,59.940277777,30.313888888,Wikidata: Q182147,Dvortsovy Municipal Okrug,Russia,
Winthirfriedhof,48.155,11.53,Wikidata: Q1296166,Neuhausen-Nymphenburg,Germany,
Witte Huis,51.918611,4.491667,Wikidata: Q2510082,Rotterdam,Netherlands,
Witte Kerkje,52.669147,4.706153,Wikidata: Q2197577,Bergen,Netherlands,
Wittenbergplatz metro station,52.501944444,13.343055555,Wikidata: Q692727,Tempelhof-Schöneberg,Germany,
Wittes Churchyard,50.669603,2.393106,Wikidata: Q1843455,Wittes,France,
Wittwieverbarg,54.1146,10.5865,Wikidata: Q2586910,Eutin,Germany,
Wohnbau Böhm,52.499,13.3273,Wikidata: Q134233884,Berlin,Germany,
Wolfgottesacker,47.540191666,7.608230555,Wikidata: Q1499910,Canton of Basel-Stadt,Switzerland,
Wolvercote Cemetery,51.791311111,-1.273211111,Wikidata: Q82162,Oxford,United Kingdom,
Woman's Christian Temperance Union Administration Building,42.0511,-87.6783,Wikidata: Q16903634,Evanston,United States,
Woodlawn Cemetery,40.889167,-73.873333,Wikidata: Q2000666,The Bronx,United States,
Woodlawn Memorial Cemetery,34.0175,-118.475,Wikidata: Q3935937,Santa Monica,United States,
Woods Hill,36.6819,-76.9594,Wikidata: Q16903680,Franklin,United States,
Worker's Accident Insurance Company for Moravia and Silesia in Brno,49.1976402,16.6147759,Wikidata: Q38229079,Zábrdovice,Czech Republic,
World Port Center,51.904722222,4.484722222,Wikidata: Q828343,Rotterdam,Netherlands,
World War I Cemetery nr 1 in Ożenna,49.418888888,21.4575,Wikidata: Q2654384,Ożenna,Poland,
World War I Cemetery nr 10 in Wola Cieklińska,49.626944444,21.389444444,Wikidata: Q4273870,Wola Cieklińska,Poland,
World War I Cemetery nr 105 in Biecz,49.72674,21.24142,Wikidata: Q5420546,Biecz,Poland,
World War I Cemetery nr 106 in Biecz,49.73088,21.24703,Wikidata: Q5420820,Biecz,Poland,
World War I Cemetery nr 108 in Biecz,49.73158,21.25483,Wikidata: Q5420541,Biecz,Poland,
World War I Cemetery nr 11 in Wola Cieklińska,49.625816666,21.375666666,Wikidata: Q4274046,Wola Cieklińska,Poland,
World War I Cemetery nr 12 in Cieklin-Józefów,49.645277777,21.412777777,Wikidata: Q4352092,Cieklin,Poland,
World War I Cemetery nr 13 in Cieklin,49.650833333,21.378611111,Wikidata: Q4408992,Cieklin,Poland,
World War I Cemetery nr 14 in Cieklin,49.6489,21.3745,Wikidata: Q4352088,Cieklin,Poland,
World War I Cemetery nr 15 in Harklowa,49.710277777,21.342083333,Wikidata: Q4473317,"Harklowa, Podkarpackie Voivodeship",Poland,
World War I Cemetery nr 16 in Osobnica,49.70111084,21.40652847,Wikidata: Q4502700,Osobnica,Poland,
World War I Cemetery nr 198 in Błonie,49.958247,20.902593,Wikidata: Q136951,"Błonie, Lesser Poland Voivodeship",Poland,
World War I Cemetery nr 217 in Januszkowice,49.843333333,21.446666666,Wikidata: Q5307415,"Januszkowice, Podkarpackie Voivodeship",Poland,
World War I Cemetery nr 223 in Brzostek,49.645277777,21.412777777,Wikidata: Q4409441,Brzostek,Poland,
World War I Cemetery nr 387 in Kraków,50.0525,19.952222222,Wikidata: Q137121,Kraków,Poland,
World War I Cemetery nr 388 in Rakowice,50.074361111,19.947416666,Wikidata: Q137132,Kraków,Poland,
World War I Cemetery nr 4 in Grab,49.426944444,21.444444444,Wikidata: Q2913179,"Grab, Podkarpackie Voivodeship",Poland,
World War I Cemetery nr 43 in Radocyna,49.446111111,21.370722222,Wikidata: Q4352090,Radocyna,Poland,
World War I Cemetery nr 45 in Lipna,49.474488888,21.3431,Wikidata: Q3274214,"Lipna, Lesser Poland Voivodeship",Poland,
World War I Cemetery nr 47 in Konieczna,49.456861111,21.310972222,Wikidata: Q3734908,Konieczna,Poland,
World War I Cemetery nr 5 in Grab,49.439444444,21.439166666,Wikidata: Q2686840,"Grab, Podkarpackie Voivodeship",Poland,
World War I Cemetery nr 51 at Rotunda,49.474680555,21.2354,Wikidata: Q4901625,Regietów,Poland,
World War I Cemetery nr 53 in Czarne,49.481686111,21.362338888,Wikidata: Q2813143,"Czarne, Lesser Poland Voivodeship",Poland,
World War I Cemetery nr 54 in Krzywa,49.515111111,21.312388888,Wikidata: Q3274235,"Krzywa, Lesser Poland Voivodeship",Poland,
World War I Cemetery nr 55 in Gładyszów,49.581944444,21.239722222,Wikidata: Q3329976,Gładyszów,Poland,
World War I Cemetery nr 57 in Uście Gorlickie,49.524166666,21.136944444,Wikidata: Q3537933,Gmina Ropa,Poland,
World War I Cemetery nr 58 in Przysłup,49.5527,21.2193,Wikidata: Q3537520,"Przysłup, Lesser Poland Voivodeship",Poland,
World War I Cemetery nr 59 in Przysłup,49.5457,21.2188,Wikidata: Q3538521,"Przysłup, Lesser Poland Voivodeship",Poland,
World War I Cemetery nr 6 in Krempna,49.51,21.493055555,Wikidata: Q2686860,Krempna,Poland,
World War I Cemetery nr 60 in Przełęcz Małastowska,49.543888888,21.243888888,Wikidata: Q3537530,Pętna,Poland,
World War I Cemetery nr 61 in Gładyszów,49.519861,21.280556,Wikidata: Q3386946,Gładyszów,Poland,
World War I Cemetery nr 62 in Banica,49.530169444,21.308988888,Wikidata: Q2813149,Banica,Poland,
World War I Cemetery nr 70 in Owczary,49.5883,21.1964,Wikidata: Q3208424,Owczary,Poland,
World War I Cemetery nr 8 in Nowy Żmigród,49.6075,21.531667,Wikidata: Q4122458,Nowy Żmigród,Poland,
World War I Cemetery nr 81 in Męcina Wielka,49.626555555,21.255027777,Wikidata: Q3207583,Męcina Wielka,Poland,
World War I Cemetery nr 82 in Męcina Wielka,49.624444444,21.269166666,Wikidata: Q3207572,Męcina Wielka,Poland,
World War I Cemetery nr 93 in Stróżówka,49.674177777,21.139061111,Wikidata: Q5157486,Stróżówka,Poland,
World War I Cemetery nr 95 in Stróżówka,49.681388888,21.136944444,Wikidata: Q5361625,Stróżówka,Poland,
Worms Cathedral,49.630277777,8.359722222,Wikidata: Q701996,Worms,Germany,
Wotruba Church,48.14764,16.25344,Wikidata: Q684334,Mauer,Austria,
Writers House,53.906128055,27.574828888,Wikidata: Q88546038,"Partizansky District, Krasnoyarsk Krai",Belarus,
Wrocław water tower,51.08523056,17.01756389,Wikidata: Q1786037,Wrocław,Poland,
WRVA Building,37.5328,-77.4223,Wikidata: Q7955376,Virginia,United States,
Wulsdorfer Friedhof,53.51361,8.59781,Wikidata: Q1709677,Wulsdorf,Germany,
Wulverdinghe churchyard,50.832119,2.254004,Wikidata: Q5137795,Wulverdinghe,France,
Wurzburg Cathedral,49.793378,9.932397,Wikidata: Q252166,Würzburg,Germany,
Würzburg Residence,49.792797617,9.938889043,Wikidata: Q156316,Würzburg,Germany,
Wynne Post Office,35.2242,-90.7892,Wikidata: Q18706202,Wynne,United States,
Xiaohe Cemetery,40.3364,88.6725,Wikidata: Q179220,Ruoqiang County,China,
Y Farm Military Cemetery,50.639658,2.864938,Wikidata: Q3571197,Bois-Grenier,France,
Yale Art and Architecture Building,41.3123,-72.924,Wikidata: Q4176574,New Haven,United States,
Yamanashi Broadcasting and Press Centre,35.668333,138.570833,Wikidata: Q11469632,Yamanashi,Japan,
Yaña Bistä cemetery,55.759444444,49.114444444,Wikidata: Q4452529,Privolzhsky District,Russia,
Yanaka Cemetery,35.725277777,139.770555555,Wikidata: Q864387,Tokyo,Japan,
Yaoko Kawagoe Museum,35.928556,139.489056,Wikidata: Q11344966,Tokyo,Japan,
Yarkand Khanate Royal Cemetery,38.41555556,77.255,Wikidata: Q650586,Yarkant County,China,
Yarkon Cemetery,32.1156,34.87,Wikidata: Q2897414,Gush Dan,Israel,
Yasukuni Shrine,35.693958333,139.742691666,Wikidata: Q242803,,,
Yatsushiro Municipal Museum,32.50825,130.596556,Wikidata: Q17222013,Yatsushiro,Japan,
Yegoshikha Cemetery,58.012578,56.269828,Wikidata: Q2972580,Sverdlovsky District,Russia,
Yenidze,51.059019,13.726853,Wikidata: Q512953,Dresden,Germany,
Yerablur,40.159975,44.454213888,Wikidata: Q2660786,Yerevan,Armenia,
Yıldız Hamidi Mosque,41.04941111,29.00993611,Wikidata: Q1573438,Beşiktaş,Turkey,
YMCA Philadelphia,39.954722,-75.164722,Wikidata: Q8045953,Pennsylvania,United States,
Yokohama Landmark Tower,35.454722222,139.631666666,Wikidata: Q587108,Yokohama,Japan,
Yokohama Museum of Art,35.4571,139.631,Wikidata: Q861588,Yokohama,Japan,
Yokosuka Arts Theatre,35.2811,139.663,Wikidata: Q892352,Tokyo,Japan,
Yokosuka Museum of Art,35.259442,139.737936,Wikidata: Q11543551,Tokyo,Japan,
York University,43.7739,-79.5,Wikidata: Q4132759,Toronto,Canada,
Yosemite National Park Post Office,37.748254,-119.586341,Wikidata: Q97577069,Mariposa County,United States,
Young Men's and Young Women's Hebrew Association Building,39.2972,-76.6208,Wikidata: Q8058302,Maryland,United States,
Yoyogi National Gymnasium,35.6675,139.700278,Wikidata: Q1069457,Tokyo,Japan,
Yusupov Palace,44.4325,34.0894,Wikidata: Q4535415,Koreiz,Ukraine,
Yusupov Palace on Moika,59.929389,30.298922,Wikidata: Q2991838,Moyka River Embankment,Russia,
Yves du Manoir Stadium,48.93145,2.24961,Wikidata: Q754502,,,
YWCA Building,40.6948,-89.5882,Wikidata: Q8046072,Peoria,United States,
Zagreb Orthodox Cathedral,45.81265,15.9739,Wikidata: Q1275381,Zagreb,Croatia,
Zagreb Synagogue,45.8118,15.9781,Wikidata: Q6333102,Zagreb,Croatia,
Zahir-od-dowleh cemetery,35.811989,51.433511,Wikidata: Q3574608,Shemiranat County,Iran,
Žale Central Cemetery,46.070781083,14.531855141,Wikidata: Q338245,Ljubljana City Municipality,Slovenia,
Zandkasteel,52.313611111,4.952222222,Wikidata: Q2559646,Amsterdam,Netherlands,
Žatecká 10,50.0885294,14.4178092,Wikidata: Q69421453,Prague 1,Czech Republic,
Zecca of Venice,45.433333333,12.339166666,Wikidata: Q169575,San Marco,Italy,
Zehlendorf Forest Cemetery,52.424166666,13.211111111,Wikidata: Q1314657,Steglitz-Zehlendorf,Germany,
Zehrensdorf Indian Military Cemetery,52.1728,13.5025,Wikidata: Q184707,Zossen,Germany,
Zeitenlik,40.654441666,22.933713888,Wikidata: Q3052315,Ampelokipoi-Menemeni Municipality,Greece,
Zemun Cemetery,44.8485,20.4075,Wikidata: Q2972576,Belgrade,Serbia,
Zénith de Lille,50.6336,3.07763,Wikidata: Q20055541,Lille,France,
Zénith de Saint-Étienne Métropole,45.4546,4.39262,Wikidata: Q3576488,Saint-Étienne,France,
Zentralfriedhof,51.7876,11.1665,Wikidata: Q190479,Quedlinburg,Germany,
Zentralfriedhof Bochum,51.4786,7.25325,Wikidata: Q190481,Bochum-Mitte,Germany,
Zentralfriedhof Friedrichsfelde,52.515555555,13.510555555,Wikidata: Q190494,Lichtenberg,Germany,
Zentralfriedhof Graz,47.0449,15.4249,Wikidata: Q190484,Graz,Austria,
Zentralstellwerk Basel SBB,47.5436,7.5995,Wikidata: Q124149581,Basel,Switzerland,
Zes grafheuvels en een grafkelder op de Algemene begraafplaats Vorden,52.11132,6.33016,Wikidata: Q17456271,Bronckhorst,Netherlands,
Zhalan Cemetery,39.93016,116.3399,Wikidata: Q4578286,Xicheng District,China,
Zhao Mausoleum,34.63168,108.48335,Wikidata: Q197502,Liquan County,China,
Ziegler House,55.67667,12.57645,Wikidata: Q28225880,Copenhagen Municipality,Denmark,
Zifeng Tower,32.062472222,118.778055555,Wikidata: Q382121,,,
Zincirlikuyu Cemetery,41.0738,29.0079,Wikidata: Q29635,Şişli,Turkey,
Zion's Church,53.220432,8.922454,Wikidata: Q8072471,Worpswede,Germany,
Zirl parish church,47.2714,11.2428,Wikidata: Q2083307,Zirl,Austria,
Žižkov Television Tower,50.080833333,14.451388888,Wikidata: Q1413217,Žižkov,Czech Republic,
Žižkova mohyla,49.60291,15.736839,Wikidata: Q16963217,Q56412316,Czech Republic,
Złota 44,52.23111111,21.0025,Wikidata: Q249053,Śródmieście,Poland,
Zorgvlied,52.335556,4.900278,Wikidata: Q2394981,Amsterdam,Netherlands,
Zōshigaya Cemetery,35.72222222,139.71944444,Wikidata: Q1457455,Tokyo,Japan,
Zudausques Churchyard,50.74933,2.149744,Wikidata: Q2160139,Zudausques,France,
Zuiderbegraafplaats,53.20605,6.571711,Wikidata: Q2792904,Groningen,Netherlands,
Zuytpeene churchyard,50.793744,2.430435,Wikidata: Q2160194,Zuytpeene,France,
"Zvezdnaya street 15 k2, Saint Petersburg",59.8343,30.36856,Wikidata: Q124654580,Gagarinskoe,Russia,
Zwarte Berg,51.40541,5.26102,Wikidata: Q2409112,Bladel,Netherlands,
Zwinger,51.053055555,13.733888888,Wikidata: Q155107,Dresden,Germany,
Адміністрацыйны будынак ЦНДІТК,53.88547,27.58333,Wikidata: Q98075254,Minsk,Belarus,
Алтуфьевское кладбище,55.907625,37.594363888,Wikidata: Q4062997,Moscow,Russia,
Братское кладбище Никольского единоверческого монастыря,55.790833333,37.7175,Wikidata: Q4095990,Moscow,Russia,
Вешняковское кладбище,55.72367501,37.79773334,Wikidata: Q4110297,Moscow,Russia,
Воинское мемориальное кладбище (Ярославль),57.63194444,39.83083333,Wikidata: Q4122453,Yaroslavl,Russia,
Воронежская синагога,51.6582,39.1968,Wikidata: Q111287126,Voronezh,Russia,
Гольяновское кладбище,55.830438888,37.812408333,Wikidata: Q4142848,Moscow,Russia,
Детский сад,59.926082,30.334579,Wikidata: Q131418447,Saint Petersburg,Russia,
Дом сувязі,52.424215,31.012664,Wikidata: Q104759301,Gomel,Belarus,
Здание Иркутского областного краеведческого музея,52.275773,104.278092,Wikidata: Q123484611,Irkutsk,Russia,
Здание школы 345,59.869893,30.445448,Wikidata: Q131933120,Saint Petersburg,Russia,
Иорданское кладбище,50.471388888,30.488055555,Wikidata: Q4202827,Kyiv,Ukraine,
Капотнинское кладбище,55.638663888,37.790527777,Wikidata: Q4213162,Moscow,Russia,
Корпус № 5 Ленинградского электротехнического института,59.972339,30.323744,Wikidata: Q131767269,Petrogradsky District,Russia,
Мироносицкое кладбище,57.822983,28.312946,Wikidata: Q4296168,Pskov,Russia,
Пуща-Водицкое кладбище,50.555277777,30.338333333,Wikidata: Q4384870,Obolon Raion,Ukraine,
Северное кладбище,58.066333333,56.144194444,Wikidata: Q4412183,Dzerzhinsky City District,Russia,
Спасское кладбище (Тула),54.222121,37.607565,Wikidata: Q4430971,Tula,Russia,
Старообрядное кладбище,50.465277777,30.498055555,Wikidata: Q4503331,Kyiv,Ukraine,
Турыст,53.87588,27.62792,Wikidata: Q85832251,Minsk,Belarus,
Центральные бани,55.75984087,37.62269276,Wikidata: Q70413421,Meshchansky District,Russia,
中山王墓,38.32775,114.1972,Wikidata: Q1500653,Pingshan County,China,
湖景公墓,47.633888888,-122.315277777,Wikidata: Q872253,Seattle,United States,
瑞典斯德哥爾摩北墓園,59.356666666,18.019166666,Wikidata: Q252312,Solna Municipality,Sweden,
耶稣堂 (圣塞瓦斯蒂安),43.3078,-1.971,Wikidata: Q9006868,San Sebastián,Spain,
阿尔贝市政厅,50.002778,2.652778,Wikidata: Q28041494,Albert,France,